strategy,symbol,timeframe,period,oversold,overbought,return_pct,sharpe,max_dd_pct,win_rate,profit_factor,trade_count,avg_bars_held,calmar,fast,slow,signal,std,smooth_k,smooth_d,mult,rsi_period,rsi_oversold,rsi_overbought,adx_period,adx_threshold,vol_period,vol_mult
rsi_reversion,BTC-USDT,1d,7.0,20.0,60.0,-99.63,-12.961,-99.63,19.1,0.04,136,3.8,-1.0,,,,,,,,,,,,,,
rsi_reversion,BTC-USDT,1d,7.0,20.0,65.0,-99.5,-13.828,-99.5,18.7,0.04,139,3.2,-1.0,,,,,,,,,,,,,,
rsi_reversion,BTC-USDT,1d,7.0,20.0,70.0,-99.0,-13.537,-99.0,15.8,0.03,120,2.9,-1.0,,,,,,,,,,,,,,
rsi_reversion,BTC-USDT,1d,7.0,20.0,75.0,-98.24,-14.418,-98.24,12.9,0.02,101,2.8,-1.0,,,,,,,,,,,,,,
rsi_reversion,BTC-USDT,1d,7.0,20.0,80.0,-96.67,-12.982,-96.71,16.3,0.03,92,2.6,-1.0,,,,,,,,,,,,,,
rsi_reversion,BTC-USDT,1d,7.0,25.0,60.0,-99.79,-13.27,-99.79,17.8,0.04,152,3.7,-1.0,,,,,,,,,,,,,,
rsi_reversion,BTC-USDT,1d,7.0,25.0,65.0,-99.71,-14.165,-99.71,17.4,0.04,155,3.2,-1.0,,,,,,,,,,,,,,
rsi_reversion,BTC-USDT,1d,7.0,25.0,70.0,-99.43,-13.927,-99.43,14.7,0.03,136,2.9,-1.0,,,,,,,,,,,,,,
rsi_reversion,BTC-USDT,1d,7.0,25.0,75.0,-98.99,-14.802,-98.99,12.0,0.03,117,2.8,-1.0,,,,,,,,,,,,,,
rsi_reversion,BTC-USDT,1d,7.0,25.0,80.0,-98.1,-13.539,-98.12,14.8,0.04,108,2.7,-1.0,,,,,,,,,,,,,,
rsi_reversion,BTC-USDT,1d,7.0,30.0,60.0,-99.85,-13.244,-99.85,18.7,0.05,166,3.8,-1.0,,,,,,,,,,,,,,
rsi_reversion,BTC-USDT,1d,7.0,30.0,65.0,-99.8,-14.127,-99.8,18.3,0.05,169,3.3,-1.0,,,,,,,,,,,,,,
rsi_reversion,BTC-USDT,1d,7.0,30.0,70.0,-99.61,-13.895,-99.61,16.0,0.04,150,3.1,-1.0,,,,,,,,,,,,,,
rsi_reversion,BTC-USDT,1d,7.0,30.0,75.0,-99.3,-14.693,-99.3,13.7,0.03,131,3.0,-1.0,,,,,,,,,,,,,,
rsi_reversion,BTC-USDT,1d,7.0,30.0,80.0,-98.68,-13.546,-98.7,16.4,0.05,122,2.9,-1.0,,,,,,,,,,,,,,
rsi_reversion,BTC-USDT,1d,7.0,35.0,60.0,-99.88,-13.069,-99.88,18.5,0.05,173,3.9,-1.0,,,,,,,,,,,,,,
rsi_reversion,BTC-USDT,1d,7.0,35.0,65.0,-99.84,-13.879,-99.84,18.2,0.05,176,3.5,-1.0,,,,,,,,,,,,,,
rsi_reversion,BTC-USDT,1d,7.0,35.0,70.0,-99.69,-13.638,-99.69,15.9,0.04,157,3.3,-1.0,,,,,,,,,,,,,,
rsi_reversion,BTC-USDT,1d,7.0,35.0,75.0,-99.44,-14.335,-99.44,13.8,0.03,138,3.3,-1.0,,,,,,,,,,,,,,
rsi_reversion,BTC-USDT,1d,7.0,35.0,80.0,-98.95,-13.254,-98.95,16.3,0.05,129,3.1,-1.0,,,,,,,,,,,,,,
rsi_reversion,BTC-USDT,1d,9.0,20.0,60.0,-99.45,-12.971,-99.45,12.1,0.03,107,4.4,-1.0,,,,,,,,,,,,,,
rsi_reversion,BTC-USDT,1d,9.0,20.0,65.0,-99.19,-14.604,-99.19,8.4,0.01,95,4.0,-1.0,,,,,,,,,,,,,,
rsi_reversion,BTC-USDT,1d,9.0,20.0,70.0,-98.55,-16.169,-98.56,9.8,0.02,82,3.7,-1.0,,,,,,,,,,,,,,
rsi_reversion,BTC-USDT,1d,9.0,20.0,75.0,-97.75,-16.885,-97.77,8.2,0.02,73,3.2,-1.0,,,,,,,,,,,,,,
rsi_reversion,BTC-USDT,1d,9.0,20.0,80.0,-93.96,-15.339,-93.96,10.3,0.02,58,2.9,-1.0,,,,,,,,,,,,,,
rsi_reversion,BTC-USDT,1d,9.0,25.0,60.0,-99.6,-12.471,-99.6,14.2,0.03,120,4.3,-1.0,,,,,,,,,,,,,,
rsi_reversion,BTC-USDT,1d,9.0,25.0,65.0,-99.41,-13.821,-99.41,11.1,0.02,108,4.0,-1.0,,,,,,,,,,,,,,
rsi_reversion,BTC-USDT,1d,9.0,25.0,70.0,-98.95,-14.995,-98.96,12.6,0.02,95,3.7,-1.0,,,,,,,,,,,,,,
rsi_reversion,BTC-USDT,1d,9.0,25.0,75.0,-98.37,-15.433,-98.38,11.6,0.02,86,3.3,-1.0,,,,,,,,,,,,,,
rsi_reversion,BTC-USDT,1d,9.0,25.0,80.0,-95.63,-13.967,-95.63,14.1,0.03,71,3.0,-1.0,,,,,,,,,,,,,,
rsi_reversion,BTC-USDT,1d,9.0,30.0,60.0,-99.75,-12.825,-99.75,16.9,0.03,136,4.2,-1.0,,,,,,,,,,,,,,
rsi_reversion,BTC-USDT,1d,9.0,30.0,65.0,-99.64,-14.192,-99.64,14.5,0.02,124,3.9,-1.0,,,,,,,,,,,,,,
rsi_reversion,BTC-USDT,1d,9.0,30.0,70.0,-99.35,-15.42,-99.36,16.2,0.02,111,3.6,-1.0,,,,,,,,,,,,,,
rsi_reversion,BTC-USDT,1d,9.0,30.0,75.0,-98.99,-15.917,-99.0,15.7,0.02,102,3.3,-1.0,,,,,,,,,,,,,,
rsi_reversion,BTC-USDT,1d,9.0,30.0,80.0,-97.3,-14.716,-97.3,18.4,0.03,87,3.1,-1.0,,,,,,,,,,,,,,
rsi_reversion,BTC-USDT,1d,9.0,35.0,60.0,-99.86,-13.022,-99.86,15.0,0.04,147,4.3,-1.0,,,,,,,,,,,,,,
rsi_reversion,BTC-USDT,1d,9.0,35.0,65.0,-99.8,-14.297,-99.8,12.6,0.03,135,4.1,-1.0,,,,,,,,,,,,,,
rsi_reversion,BTC-USDT,1d,9.0,35.0,70.0,-99.64,-15.403,-99.64,13.9,0.04,122,3.9,-1.0,,,,,,,,,,,,,,
rsi_reversion,BTC-USDT,1d,9.0,35.0,75.0,-99.44,-15.828,-99.45,13.3,0.04,113,3.5,-1.0,,,,,,,,,,,,,,
rsi_reversion,BTC-USDT,1d,9.0,35.0,80.0,-98.51,-14.759,-98.51,15.3,0.05,98,3.4,-1.0,,,,,,,,,,,,,,
rsi_reversion,BTC-USDT,1d,11.0,20.0,60.0,-99.13,-13.238,-99.13,12.1,0.03,91,4.7,-1.0,,,,,,,,,,,,,,
rsi_reversion,BTC-USDT,1d,11.0,20.0,65.0,-98.39,-14.283,-98.4,9.1,0.03,77,4.3,-1.0,,,,,,,,,,,,,,
rsi_reversion,BTC-USDT,1d,11.0,20.0,70.0,-97.84,-15.926,-97.86,8.6,0.02,70,3.9,-1.0,,,,,,,,,,,,,,
rsi_reversion,BTC-USDT,1d,11.0,20.0,75.0,-95.44,-16.899,-95.47,9.6,0.01,52,3.8,-1.0,,,,,,,,,,,,,,
rsi_reversion,BTC-USDT,1d,11.0,20.0,80.0,-89.41,-20.044,-89.41,5.0,0.01,40,3.4,-1.0,,,,,,,,,,,,,,
rsi_reversion,BTC-USDT,1d,11.0,25.0,60.0,-99.41,-12.623,-99.41,12.6,0.03,103,4.6,-1.0,,,,,,,,,,,,,,
rsi_reversion,BTC-USDT,1d,11.0,25.0,65.0,-98.9,-13.387,-98.9,10.1,0.03,89,4.2,-1.0,,,,,,,,,,,,,,
rsi_reversion,BTC-USDT,1d,11.0,25.0,70.0,-98.53,-14.592,-98.54,9.8,0.02,82,3.8,-1.0,,,,,,,,,,,,,,
rsi_reversion,BTC-USDT,1d,11.0,25.0,75.0,-96.9,-14.982,-96.91,10.9,0.01,64,3.7,-1.0,,,,,,,,,,,,,,
rsi_reversion,BTC-USDT,1d,11.0,25.0,80.0,-92.79,-16.269,-92.79,7.7,0.02,52,3.4,-1.0,,,,,,,,,,,,,,
rsi_reversion,BTC-USDT,1d,11.0,30.0,60.0,-99.59,-13.143,-99.59,11.5,0.03,113,4.7,-1.0,,,,,,,,,,,,,,
rsi_reversion,BTC-USDT,1d,11.0,30.0,65.0,-99.25,-14.006,-99.25,9.1,0.02,99,4.3,-1.0,,,,,,,,,,,,,,
rsi_reversion,BTC-USDT,1d,11.0,30.0,70.0,-98.99,-15.312,-99.0,8.7,0.02,92,4.0,-1.0,,,,,,,,,,,,,,
rsi_reversion,BTC-USDT,1d,11.0,30.0,75.0,-97.88,-15.818,-97.89,9.5,0.01,74,4.0,-1.0,,,,,,,,,,,,,,
rsi_reversion,BTC-USDT,1d,11.0,30.0,80.0,-95.06,-17.667,-95.06,6.5,0.01,62,3.8,-1.0,,,,,,,,,,,,,,
rsi_reversion,BTC-USDT,1d,11.0,35.0,60.0,-99.78,-13.172,-99.78,13.7,0.03,131,4.5,-1.0,,,,,,,,,,,,,,
rsi_reversion,BTC-USDT,1d,11.0,35.0,65.0,-99.59,-13.962,-99.59,12.0,0.03,117,4.1,-1.0,,,,,,,,,,,,,,
rsi_reversion,BTC-USDT,1d,11.0,35.0,70.0,-99.44,-15.129,-99.45,11.8,0.02,110,3.9,-1.0,,,,,,,,,,,,,,
rsi_reversion,BTC-USDT,1d,11.0,35.0,75.0,-98.83,-15.5,-98.84,13.0,0.02,92,3.8,-1.0,,,,,,,,,,,,,,
rsi_reversion,BTC-USDT,1d,11.0,35.0,80.0,-97.28,-17.046,-97.28,11.2,0.02,80,3.6,-1.0,,,,,,,,,,,,,,
rsi_reversion,BTC-USDT,1d,13.0,20.0,60.0,-98.87,-10.72,-98.87,13.9,0.03,72,5.6,-1.0,,,,,,,,,,,,,,
rsi_reversion,BTC-USDT,1d,13.0,20.0,65.0,-97.92,-12.701,-97.92,10.4,0.02,67,4.7,-1.0,,,,,,,,,,,,,,
rsi_reversion,BTC-USDT,1d,13.0,20.0,70.0,-96.08,-15.118,-96.08,6.2,0.0,48,5.0,-1.0,,,,,,,,,,,,,,
rsi_reversion,BTC-USDT,1d,13.0,20.0,75.0,-93.15,-14.012,-93.15,10.9,0.01,46,3.9,-1.0,,,,,,,,,,,,,,
rsi_reversion,BTC-USDT,1d,13.0,20.0,80.0,-86.06,-17.562,-86.06,9.1,0.01,33,3.6,-1.0,,,,,,,,,,,,,,
rsi_reversion,BTC-USDT,1d,13.0,25.0,60.0,-99.32,-11.101,-99.32,12.2,0.03,82,5.3,-1.0,,,,,,,,,,,,,,
rsi_reversion,BTC-USDT,1d,13.0,25.0,65.0,-98.75,-13.104,-98.75,9.1,0.02,77,4.4,-1.0,,,,,,,,,,,,,,
rsi_reversion,BTC-USDT,1d,13.0,25.0,70.0,-97.64,-15.346,-97.64,5.2,0.0,58,4.7,-1.0,,,,,,,,,,,,,,
rsi_reversion,BTC-USDT,1d,13.0,25.0,75.0,-95.87,-14.494,-95.87,8.9,0.01,56,3.8,-1.0,,,,,,,,,,,,,,
rsi_reversion,BTC-USDT,1d,13.0,25.0,80.0,-91.6,-17.718,-91.6,7.0,0.01,43,3.5,-1.0,,,,,,,,,,,,,,
rsi_reversion,BTC-USDT,1d,13.0,30.0,60.0,-99.34,-10.816,-99.34,14.9,0.04,87,5.5,-1.0,,,,,,,,,,,,,,
rsi_reversion,BTC-USDT,1d,13.0,30.0,65.0,-98.8,-12.72,-98.8,12.2,0.02,82,4.7,-1.0,,,,,,,,,,,,,,
rsi_reversion,BTC-USDT,1d,13.0,30.0,70.0,-97.73,-14.656,-97.73,9.5,0.01,63,5.0,-1.0,,,,,,,,,,,,,,
rsi_reversion,BTC-USDT,1d,13.0,30.0,75.0,-96.03,-13.886,-96.03,13.1,0.02,61,4.2,-1.0,,,,,,,,,,,,,,
rsi_reversion,BTC-USDT,1d,13.0,30.0,80.0,-91.93,-16.616,-91.93,12.5,0.02,48,4.1,-1.0,,,,,,,,,,,,,,
rsi_reversion,BTC-USDT,1d,13.0,35.0,60.0,-99.56,-10.642,-99.56,13.9,0.03,101,5.3,-1.0,,,,,,,,,,,,,,
rsi_reversion,BTC-USDT,1d,13.0,35.0,65.0,-99.2,-12.387,-99.2,11.5,0.02,96,4.6,-1.0,,,,,,,,,,,,,,
rsi_reversion,BTC-USDT,1d,13.0,35.0,70.0,-98.49,-13.908,-98.49,9.1,0.01,77,4.8,-1.0,,,,,,,,,,,,,,
rsi_reversion,BTC-USDT,1d,13.0,35.0,75.0,-97.36,-13.3,-97.36,12.0,0.02,75,4.1,-1.0,,,,,,,,,,,,,,
rsi_reversion,BTC-USDT,1d,13.0,35.0,80.0,-94.64,-15.3,-94.64,11.3,0.01,62,4.0,-1.0,,,,,,,,,,,,,,
rsi_reversion,BTC-USDT,1d,15.0,20.0,60.0,-98.92,-11.142,-98.93,11.6,0.01,69,5.6,-1.0,,,,,,,,,,,,,,
rsi_reversion,BTC-USDT,1d,15.0,20.0,65.0,-97.63,-11.029,-97.63,15.1,0.02,53,5.5,-1.0,,,,,,,,,,,,,,
rsi_reversion,BTC-USDT,1d,15.0,20.0,70.0,-96.87,-10.822,-96.88,7.3,0.01,41,5.3,-1.0,,,,,,,,,,,,,,
rsi_reversion,BTC-USDT,1d,15.0,20.0,75.0,-91.86,-15.786,-91.86,7.1,0.0,42,3.7,-1.0,,,,,,,,,,,,,,
rsi_reversion,BTC-USDT,1d,15.0,20.0,80.0,-80.4,-19.086,-80.4,14.8,0.02,27,3.6,-1.0,,,,,,,,,,,,,,
rsi_reversion,BTC-USDT,1d,15.0,25.0,60.0,-99.03,-10.77,-99.03,14.3,0.02,70,6.0,-1.0,,,,,,,,,,,,,,
rsi_reversion,BTC-USDT,1d,15.0,25.0,65.0,-97.87,-10.618,-97.87,18.5,0.03,54,6.0,-1.0,,,,,,,,,,,,,,
rsi_reversion,BTC-USDT,1d,15.0,25.0,70.0,-97.18,-10.434,-97.19,11.9,0.02,42,5.9,-1.0,,,,,,,,,,,,,,
rsi_reversion,BTC-USDT,1d,15.0,25.0,75.0,-92.67,-14.001,-92.67,11.6,0.02,43,4.4,-1.0,,,,,,,,,,,,,,
rsi_reversion,BTC-USDT,1d,15.0,25.0,80.0,-82.35,-15.067,-82.35,21.4,0.04,28,4.6,-1.0,,,,,,,,,,,,,,
rsi_reversion,BTC-USDT,1d,15.0,30.0,60.0,-99.14,-10.744,-99.14,14.1,0.02,78,5.8,-1.0,,,,,,,,,,,,,,
rsi_reversion,BTC-USDT,1d,15.0,30.0,65.0,-98.1,-10.527,-98.1,17.7,0.03,62,5.7,-1.0,,,,,,,,,,,,,,
rsi_reversion,BTC-USDT,1d,15.0,30.0,70.0,-97.49,-10.181,-97.5,12.0,0.02,50,5.6,-1.0,,,,,,,,,,,,,,
rsi_reversion,BTC-USDT,1d,15.0,30.0,75.0,-93.48,-14.346,-93.48,11.8,0.02,51,4.3,-1.0,,,,,,,,,,,,,,
rsi_reversion,BTC-USDT,1d,15.0,30.0,80.0,-84.29,-15.883,-84.29,19.4,0.04,36,4.4,-1.0,,,,,,,,,,,,,,
rsi_reversion,BTC-USDT,1d,15.0,35.0,60.0,-99.46,-10.568,-99.46,16.3,0.04,92,5.7,-1.0,,,,,,,,,,,,,,
rsi_reversion,BTC-USDT,1d,15.0,35.0,65.0,-98.82,-10.32,-98.82,19.7,0.05,76,5.6,-1.0,,,,,,,,,,,,,,
rsi_reversion,BTC-USDT,1d,15.0,35.0,70.0,-98.43,-9.914,-98.44,15.6,0.04,64,5.5,-1.0,,,,,,,,,,,,,,
rsi_reversion,BTC-USDT,1d,15.0,35.0,75.0,-95.93,-13.491,-95.93,15.4,0.05,65,4.5,-1.0,,,,,,,,,,,,,,
rsi_reversion,BTC-USDT,1d,15.0,35.0,80.0,-90.2,-14.257,-90.2,22.0,0.07,50,4.6,-1.0,,,,,,,,,,,,,,
rsi_reversion,BTC-USDT,1d,17.0,20.0,60.0,-98.38,-10.43,-98.38,13.6,0.02,59,6.2,-1.0,,,,,,,,,,,,,,
rsi_reversion,BTC-USDT,1d,17.0,20.0,65.0,-96.48,-11.045,-96.48,17.6,0.02,51,5.3,-1.0,,,,,,,,,,,,,,
rsi_reversion,BTC-USDT,1d,17.0,20.0,70.0,-93.74,-12.343,-93.74,3.4,0.0,29,6.8,-1.0,,,,,,,,,,,,,,
rsi_reversion,BTC-USDT,1d,17.0,20.0,75.0,-91.08,-11.977,-91.08,10.7,0.01,28,5.0,-1.0,,,,,,,,,,,,,,
rsi_reversion,BTC-USDT,1d,17.0,20.0,80.0,-81.3,-19.284,-81.3,0.0,0.0,23,3.9,-1.0,,,,,,,,,,,,,,
rsi_reversion,BTC-USDT,1d,17.0,25.0,60.0,-98.64,-10.495,-98.64,12.7,0.02,63,6.0,-1.0,,,,,,,,,,,,,,
rsi_reversion,BTC-USDT,1d,17.0,25.0,65.0,-97.04,-11.129,-97.04,16.4,0.02,55,5.2,-1.0,,,,,,,,,,,,,,
rsi_reversion,BTC-USDT,1d,17.0,25.0,70.0,-94.74,-12.213,-94.74,3.0,0.0,33,6.5,-1.0,,,,,,,,,,,,,,
rsi_reversion,BTC-USDT,1d,17.0,25.0,75.0,-92.5,-11.919,-92.5,9.4,0.01,32,4.8,-1.0,,,,,,,,,,,,,,
rsi_reversion,BTC-USDT,1d,17.0,25.0,80.0,-84.28,-18.642,-84.28,0.0,0.0,27,3.9,-1.0,,,,,,,,,,,,,,
rsi_reversion,BTC-USDT,1d,17.0,30.0,60.0,-98.85,-10.842,-98.85,13.2,0.02,68,6.2,-1.0,,,,,,,,,,,,,,
rsi_reversion,BTC-USDT,1d,17.0,30.0,65.0,-97.52,-11.642,-97.52,16.7,0.02,60,5.4,-1.0,,,,,,,,,,,,,,
rsi_reversion,BTC-USDT,1d,17.0,30.0,70.0,-95.58,-12.599,-95.58,5.3,0.0,38,6.7,-1.0,,,,,,,,,,,,,,
rsi_reversion,BTC-USDT,1d,17.0,30.0,75.0,-93.71,-12.45,-93.71,10.8,0.01,37,5.3,-1.0,,,,,,,,,,,,,,
rsi_reversion,BTC-USDT,1d,17.0,30.0,80.0,-86.8,-21.629,-86.8,3.1,0.0,32,4.6,-1.0,,,,,,,,,,,,,,
rsi_reversion,BTC-USDT,1d,17.0,35.0,60.0,-99.14,-9.967,-99.14,19.5,0.06,82,5.9,-1.0,,,,,,,,,,,,,,
rsi_reversion,BTC-USDT,1d,17.0,35.0,65.0,-98.13,-10.498,-98.13,23.0,0.06,74,5.2,-1.0,,,,,,,,,,,,,,
rsi_reversion,BTC-USDT,1d,17.0,35.0,70.0,-96.68,-10.751,-96.68,17.3,0.06,52,6.0,-1.0,,,,,,,,,,,,,,
rsi_reversion,BTC-USDT,1d,17.0,35.0,75.0,-95.27,-10.597,-95.27,21.6,0.07,51,5.0,-1.0,,,,,,,,,,,,,,
rsi_reversion,BTC-USDT,1d,17.0,35.0,80.0,-90.09,-14.914,-90.09,17.4,0.08,46,4.5,-1.0,,,,,,,,,,,,,,
rsi_reversion,BTC-USDT,1d,19.0,20.0,60.0,-97.59,-10.49,-97.6,15.7,0.02,51,7.0,-1.0,,,,,,,,,,,,,,
rsi_reversion,BTC-USDT,1d,19.0,20.0,65.0,-94.63,-11.633,-94.66,15.8,0.03,38,6.4,-1.0,,,,,,,,,,,,,,
rsi_reversion,BTC-USDT,1d,19.0,20.0,70.0,-92.11,-12.505,-92.12,17.2,0.02,29,6.3,-1.0,,,,,,,,,,,,,,
rsi_reversion,BTC-USDT,1d,19.0,20.0,75.0,-86.25,-13.426,-86.27,12.5,0.01,24,5.0,-1.0,,,,,,,,,,,,,,
rsi_reversion,BTC-USDT,1d,19.0,20.0,80.0,-79.6,-16.167,-79.63,11.1,0.01,18,4.2,-1.0,,,,,,,,,,,,,,
rsi_reversion,BTC-USDT,1d,19.0,25.0,60.0,-97.91,-10.683,-97.91,13.0,0.02,54,7.0,-1.0,,,,,,,,,,,,,,
rsi_reversion,BTC-USDT,1d,19.0,25.0,65.0,-95.33,-11.878,-95.33,12.2,0.03,41,6.4,-1.0,,,,,,,,,,,,,,
rsi_reversion,BTC-USDT,1d,19.0,25.0,70.0,-93.14,-12.723,-93.14,12.5,0.01,32,6.3,-1.0,,,,,,,,,,,,,,
rsi_reversion,BTC-USDT,1d,19.0,25.0,75.0,-88.05,-13.768,-88.05,7.4,0.01,27,5.1,-1.0,,,,,,,,,,,,,,
rsi_reversion,BTC-USDT,1d,19.0,25.0,80.0,-82.26,-16.563,-82.26,4.8,0.01,21,4.5,-1.0,,,,,,,,,,,,,,
rsi_reversion,BTC-USDT,1d,19.0,30.0,60.0,-98.42,-10.92,-98.42,14.5,0.02,62,6.7,-1.0,,,,,,,,,,,,,,
rsi_reversion,BTC-USDT,1d,19.0,30.0,65.0,-96.48,-12.158,-96.48,14.3,0.03,49,6.1,-1.0,,,,,,,,,,,,,,
rsi_reversion,BTC-USDT,1d,19.0,30.0,70.0,-94.83,-12.889,-94.83,15.0,0.02,40,6.0,-1.0,,,,,,,,,,,,,,
rsi_reversion,BTC-USDT,1d,19.0,30.0,75.0,-90.99,-14.129,-90.99,11.4,0.02,35,5.0,-1.0,,,,,,,,,,,,,,
rsi_reversion,BTC-USDT,1d,19.0,30.0,80.0,-86.63,-16.945,-86.63,10.3,0.02,29,4.6,-1.0,,,,,,,,,,,,,,
rsi_reversion,BTC-USDT,1d,19.0,35.0,60.0,-99.02,-10.708,-99.02,17.6,0.02,74,6.3,-1.0,,,,,,,,,,,,,,
rsi_reversion,BTC-USDT,1d,19.0,35.0,65.0,-97.81,-11.708,-97.81,18.0,0.03,61,5.7,-1.0,,,,,,,,,,,,,,
rsi_reversion,BTC-USDT,1d,19.0,35.0,70.0,-96.78,-12.19,-96.78,19.2,0.02,52,5.5,-1.0,,,,,,,,,,,,,,
rsi_reversion,BTC-USDT,1d,19.0,35.0,75.0,-94.39,-13.072,-94.39,17.0,0.01,47,4.8,-1.0,,,,,,,,,,,,,,
rsi_reversion,BTC-USDT,1d,19.0,35.0,80.0,-91.67,-14.763,-91.67,17.1,0.01,41,4.4,-1.0,,,,,,,,,,,,,,
rsi_reversion,BTC-USDT,1d,21.0,20.0,60.0,-95.04,-10.041,-95.04,19.5,0.02,41,8.0,-1.0,,,,,,,,,,,,,,
rsi_reversion,BTC-USDT,1d,21.0,20.0,65.0,-93.73,-10.325,-93.73,13.2,0.01,38,6.1,-1.0,,,,,,,,,,,,,,
rsi_reversion,BTC-USDT,1d,21.0,20.0,70.0,-86.71,-10.047,-86.91,13.3,0.02,30,5.0,-1.0,,,,,,,,,,,,,,
rsi_reversion,BTC-USDT,1d,21.0,20.0,75.0,-79.35,-12.495,-79.35,9.5,0.01,21,4.5,-1.0,,,,,,,,,,,,,,
rsi_reversion,BTC-USDT,1d,21.0,20.0,80.0,-68.92,-17.496,-68.92,0.0,0.0,13,4.5,-1.0,,,,,,,,,,,,,,
rsi_reversion,BTC-USDT,1d,21.0,25.0,60.0,-95.83,-10.297,-95.83,20.9,0.02,43,8.1,-1.0,,,,,,,,,,,,,,
rsi_reversion,BTC-USDT,1d,21.0,25.0,65.0,-94.72,-10.6,-94.72,15.0,0.01,40,6.4,-1.0,,,,,,,,,,,,,,
rsi_reversion,BTC-USDT,1d,21.0,25.0,70.0,-88.81,-10.424,-88.81,15.6,0.02,32,5.5,-1.0,,,,,,,,,,,,,,
rsi_reversion,BTC-USDT,1d,21.0,25.0,75.0,-82.61,-12.907,-82.61,13.0,0.01,23,5.1,-1.0,,,,,,,,,,,,,,
rsi_reversion,BTC-USDT,1d,21.0,25.0,80.0,-73.83,-17.638,-73.83,6.7,0.0,15,5.5,-1.0,,,,,,,,,,,,,,
rsi_reversion,BTC-USDT,1d,21.0,30.0,60.0,-97.48,-11.148,-97.48,15.1,0.02,53,7.4,-1.0,,,,,,,,,,,,,,
rsi_reversion,BTC-USDT,1d,21.0,30.0,65.0,-96.81,-11.55,-96.81,10.0,0.01,50,5.9,-1.0,,,,,,,,,,,,,,
rsi_reversion,BTC-USDT,1d,21.0,30.0,70.0,-93.24,-11.785,-93.24,9.5,0.02,42,5.1,-1.0,,,,,,,,,,,,,,
rsi_reversion,BTC-USDT,1d,21.0,30.0,75.0,-89.49,-14.712,-89.49,6.1,0.01,33,4.8,-1.0,,,,,,,,,,,,,,
rsi_reversion,BTC-USDT,1d,21.0,30.0,80.0,-84.19,-20.17,-84.19,0.0,0.0,25,5.0,-1.0,,,,,,,,,,,,,,
rsi_reversion,BTC-USDT,1d,21.0,35.0,60.0,-97.92,-11.454,-97.92,17.0,0.02,53,8.2,-1.0,,,,,,,,,,,,,,
rsi_reversion,BTC-USDT,1d,21.0,35.0,65.0,-97.37,-11.863,-97.37,12.0,0.01,50,6.8,-1.0,,,,,,,,,,,,,,
rsi_reversion,BTC-USDT,1d,21.0,35.0,70.0,-94.43,-12.126,-94.43,11.9,0.02,42,6.2,-1.0,,,,,,,,,,,,,,
rsi_reversion,BTC-USDT,1d,21.0,35.0,75.0,-91.34,-14.996,-91.34,9.1,0.01,33,6.2,-1.0,,,,,,,,,,,,,,
rsi_reversion,BTC-USDT,1d,21.0,35.0,80.0,-86.97,-19.937,-86.97,4.0,0.0,25,6.7,-1.0,,,,,,,,,,,,,,
macd_crossover,BTC-USDT,1d,,,,1572.97,19.27,-2.02,86.6,31.84,142,1.0,778.17,6.0,20.0,5.0,,,,,,,,,,,
macd_crossover,BTC-USDT,1d,,,,1073.85,19.436,-1.85,86.4,33.41,118,1.0,579.52,6.0,20.0,7.0,,,,,,,,,,,
macd_crossover,BTC-USDT,1d,,,,888.22,18.24,-1.19,88.9,45.22,108,1.0,744.39,6.0,20.0,9.0,,,,,,,,,,,
macd_crossover,BTC-USDT,1d,,,,710.82,18.941,-1.05,86.5,39.72,104,1.0,680.1,6.0,20.0,11.0,,,,,,,,,,,
macd_crossover,BTC-USDT,1d,,,,1505.32,20.492,-1.38,87.5,46.15,136,1.0,1087.3,6.0,23.0,5.0,,,,,,,,,,,
macd_crossover,BTC-USDT,1d,,,,977.54,19.34,-1.38,87.7,35.18,114,1.0,706.08,6.0,23.0,7.0,,,,,,,,,,,
macd_crossover,BTC-USDT,1d,,,,849.93,17.807,-1.19,86.1,31.98,108,1.0,712.3,6.0,23.0,9.0,,,,,,,,,,,
macd_crossover,BTC-USDT,1d,,,,840.76,19.619,-0.85,88.9,60.96,108,1.0,993.23,6.0,23.0,11.0,,,,,,,,,,,
macd_crossover,BTC-USDT,1d,,,,1480.5,19.87,-2.04,87.1,29.78,132,1.0,726.31,6.0,26.0,5.0,,,,,,,,,,,
macd_crossover,BTC-USDT,1d,,,,1144.76,20.435,-1.05,92.1,81.99,114,1.0,1095.28,6.0,26.0,7.0,,,,,,,,,,,
macd_crossover,BTC-USDT,1d,,,,890.92,19.163,-1.19,86.6,38.85,112,1.0,746.65,6.0,26.0,9.0,,,,,,,,,,,
macd_crossover,BTC-USDT,1d,,,,934.5,20.29,-1.01,88.9,67.21,108,1.0,926.89,6.0,26.0,11.0,,,,,,,,,,,
macd_crossover,BTC-USDT,1d,,,,1800.22,21.23,-1.85,89.4,42.03,132,1.0,971.52,6.0,29.0,5.0,,,,,,,,,,,
macd_crossover,BTC-USDT,1d,,,,1154.0,19.384,-1.05,91.4,61.09,116,1.0,1104.12,6.0,29.0,7.0,,,,,,,,,,,
macd_crossover,BTC-USDT,1d,,,,817.96,19.021,-1.19,87.3,44.7,110,1.0,685.5,6.0,29.0,9.0,,,,,,,,,,,
macd_crossover,BTC-USDT,1d,,,,845.32,19.817,-1.19,87.7,49.15,106,1.0,708.43,6.0,29.0,11.0,,,,,,,,,,,
macd_crossover,BTC-USDT,1d,,,,1717.12,21.662,-1.38,89.8,63.09,128,1.0,1240.28,6.0,32.0,5.0,,,,,,,,,,,
macd_crossover,BTC-USDT,1d,,,,1288.21,19.92,-1.05,91.5,56.81,118,1.0,1232.53,6.0,32.0,7.0,,,,,,,,,,,
macd_crossover,BTC-USDT,1d,,,,1072.6,20.503,-1.19,89.7,53.43,116,1.0,898.91,6.0,32.0,9.0,,,,,,,,,,,
macd_crossover,BTC-USDT,1d,,,,685.35,18.71,-1.19,87.0,37.67,100,1.0,574.37,6.0,32.0,11.0,,,,,,,,,,,
macd_crossover,BTC-USDT,1d,,,,1638.25,21.515,-1.38,90.5,57.42,126,1.0,1183.31,6.0,35.0,5.0,,,,,,,,,,,
macd_crossover,BTC-USDT,1d,,,,1159.82,19.498,-1.05,91.4,59.99,116,1.0,1109.69,6.0,35.0,7.0,,,,,,,,,,,
macd_crossover,BTC-USDT,1d,,,,911.99,20.104,-1.19,89.1,54.14,110,1.0,764.31,6.0,35.0,9.0,,,,,,,,,,,
macd_crossover,BTC-USDT,1d,,,,669.61,19.127,-1.19,88.1,37.4,101,1.0,561.18,6.0,35.0,11.0,,,,,,,,,,,
macd_crossover,BTC-USDT,1d,,,,1123.31,19.499,-1.85,86.4,33.82,118,1.0,606.22,8.0,20.0,5.0,,,,,,,,,,,
macd_crossover,BTC-USDT,1d,,,,829.41,18.685,-1.05,90.4,62.82,104,1.0,793.56,8.0,20.0,7.0,,,,,,,,,,,
macd_crossover,BTC-USDT,1d,,,,619.07,18.596,-0.85,86.0,44.37,100,1.0,731.33,8.0,20.0,9.0,,,,,,,,,,,
macd_crossover,BTC-USDT,1d,,,,809.31,19.685,-1.06,86.3,44.14,102,1.0,764.08,8.0,20.0,11.0,,,,,,,,,,,
macd_crossover,BTC-USDT,1d,,,,1063.24,20.129,-1.38,89.7,46.83,116,1.0,767.99,8.0,23.0,5.0,,,,,,,,,,,
macd_crossover,BTC-USDT,1d,,,,651.37,17.806,-1.19,84.6,26.78,104,1.0,545.89,8.0,23.0,7.0,,,,,,,,,,,
macd_crossover,BTC-USDT,1d,,,,865.62,20.005,-0.66,88.7,69.48,106,1.0,1309.67,8.0,23.0,9.0,,,,,,,,,,,
macd_crossover,BTC-USDT,1d,,,,591.33,17.842,-1.06,84.4,32.12,96,1.0,558.28,8.0,23.0,11.0,,,,,,,,,,,
macd_crossover,BTC-USDT,1d,,,,1045.38,20.598,-1.38,91.1,61.0,112,1.0,755.08,8.0,26.0,5.0,,,,,,,,,,,
macd_crossover,BTC-USDT,1d,,,,795.79,17.992,-1.19,84.8,34.55,112,1.0,666.93,8.0,26.0,7.0,,,,,,,,,,,
macd_crossover,BTC-USDT,1d,,,,714.06,18.93,-1.06,86.3,44.74,102,1.0,674.15,8.0,26.0,9.0,,,,,,,,,,,
macd_crossover,BTC-USDT,1d,,,,532.24,17.241,-1.65,81.5,23.14,92,1.0,321.7,8.0,26.0,11.0,,,,,,,,,,,
macd_crossover,BTC-USDT,1d,,,,1279.66,20.146,-1.05,93.2,79.54,118,1.0,1224.35,8.0,29.0,5.0,,,,,,,,,,,
macd_crossover,BTC-USDT,1d,,,,843.84,19.425,-1.19,88.2,53.9,110,1.0,707.19,8.0,29.0,7.0,,,,,,,,,,,
macd_crossover,BTC-USDT,1d,,,,644.51,18.109,-1.06,84.0,32.82,100,1.0,608.49,8.0,29.0,9.0,,,,,,,,,,,
macd_crossover,BTC-USDT,1d,,,,503.14,17.459,-1.4,81.3,26.1,91,1.0,358.96,8.0,29.0,11.0,,,,,,,,,,,
macd_crossover,BTC-USDT,1d,,,,1362.68,20.151,-1.05,93.3,71.65,120,1.0,1303.78,8.0,32.0,5.0,,,,,,,,,,,
macd_crossover,BTC-USDT,1d,,,,931.63,19.727,-1.19,88.4,50.61,112,1.0,780.77,8.0,32.0,7.0,,,,,,,,,,,
macd_crossover,BTC-USDT,1d,,,,627.15,18.874,-1.06,86.3,43.56,95,1.0,592.1,8.0,32.0,9.0,,,,,,,,,,,
macd_crossover,BTC-USDT,1d,,,,454.21,17.516,-1.41,82.8,25.05,87,1.0,322.36,8.0,32.0,11.0,,,,,,,,,,,
macd_crossover,BTC-USDT,1d,,,,1247.29,19.547,-1.05,92.5,63.88,120,1.0,1193.38,8.0,35.0,5.0,,,,,,,,,,,
macd_crossover,BTC-USDT,1d,,,,817.1,19.65,-1.19,87.7,46.48,106,1.0,684.78,8.0,35.0,7.0,,,,,,,,,,,
macd_crossover,BTC-USDT,1d,,,,594.74,18.736,-1.65,85.3,27.91,95,1.0,359.47,8.0,35.0,9.0,,,,,,,,,,,
macd_crossover,BTC-USDT,1d,,,,478.26,18.817,-1.41,85.5,30.36,83,1.0,339.43,8.0,35.0,11.0,,,,,,,,,,,
macd_crossover,BTC-USDT,1d,,,,856.5,18.901,-1.19,89.1,47.39,110,1.0,717.81,10.0,20.0,5.0,,,,,,,,,,,
macd_crossover,BTC-USDT,1d,,,,637.65,18.878,-0.85,86.0,43.77,100,1.0,753.29,10.0,20.0,7.0,,,,,,,,,,,
macd_crossover,BTC-USDT,1d,,,,754.13,19.021,-1.06,86.3,40.63,102,1.0,711.98,10.0,20.0,9.0,,,,,,,,,,,
macd_crossover,BTC-USDT,1d,,,,482.15,16.965,-1.65,81.8,24.63,88,1.0,291.43,10.0,20.0,11.0,,,,,,,,,,,
macd_crossover,BTC-USDT,1d,,,,870.08,18.067,-1.19,88.2,38.81,110,1.0,729.19,10.0,23.0,5.0,,,,,,,,,,,
macd_crossover,BTC-USDT,1d,,,,864.9,19.992,-0.66,88.7,69.46,106,1.0,1308.57,10.0,23.0,7.0,,,,,,,,,,,
macd_crossover,BTC-USDT,1d,,,,567.88,17.502,-1.47,83.0,29.48,94,1.0,386.06,10.0,23.0,9.0,,,,,,,,,,,
macd_crossover,BTC-USDT,1d,,,,470.18,17.522,-1.4,84.7,31.9,85,1.0,335.45,10.0,23.0,11.0,,,,,,,,,,,
macd_crossover,BTC-USDT,1d,,,,1056.73,18.589,-1.05,87.7,40.25,114,1.0,1011.05,10.0,26.0,5.0,,,,,,,,,,,
macd_crossover,BTC-USDT,1d,,,,745.3,18.663,-1.06,85.8,43.7,106,1.0,703.64,10.0,26.0,7.0,,,,,,,,,,,
macd_crossover,BTC-USDT,1d,,,,526.89,17.096,-1.65,80.4,21.69,92,1.0,318.47,10.0,26.0,9.0,,,,,,,,,,,
macd_crossover,BTC-USDT,1d,,,,427.95,17.166,-1.41,83.9,31.42,87,1.0,303.73,10.0,26.0,11.0,,,,,,,,,,,
macd_crossover,BTC-USDT,1d,,,,1164.55,19.116,-0.85,89.0,60.51,118,1.0,1375.73,10.0,29.0,5.0,,,,,,,,,,,
macd_crossover,BTC-USDT,1d,,,,653.63,18.083,-1.06,84.3,33.01,102,1.0,617.1,10.0,29.0,7.0,,,,,,,,,,,
macd_crossover,BTC-USDT,1d,,,,464.68,16.769,-1.41,80.2,21.28,91,1.0,329.79,10.0,29.0,9.0,,,,,,,,,,,
macd_crossover,BTC-USDT,1d,,,,372.84,16.351,-2.61,82.4,17.93,85,1.0,142.95,10.0,29.0,11.0,,,,,,,,,,,
macd_crossover,BTC-USDT,1d,,,,1059.22,21.102,-0.66,92.2,99.07,116,1.0,1602.57,10.0,32.0,5.0,,,,,,,,,,,
macd_crossover,BTC-USDT,1d,,,,691.64,19.413,-1.06,87.6,47.25,97,1.0,652.99,10.0,32.0,7.0,,,,,,,,,,,
macd_crossover,BTC-USDT,1d,,,,417.22,17.255,-1.41,81.9,22.93,83,1.0,296.11,10.0,32.0,9.0,,,,,,,,,,,
macd_crossover,BTC-USDT,1d,,,,403.45,17.612,-2.09,82.3,17.44,79,1.0,192.9,10.0,32.0,11.0,,,,,,,,,,,
macd_crossover,BTC-USDT,1d,,,,1013.2,20.63,-1.01,90.4,76.61,114,1.0,1004.95,10.0,35.0,5.0,,,,,,,,,,,
macd_crossover,BTC-USDT,1d,,,,596.5,18.299,-1.21,85.9,29.2,99,1.0,493.02,10.0,35.0,7.0,,,,,,,,,,,
macd_crossover,BTC-USDT,1d,,,,463.5,18.38,-1.41,84.3,27.7,83,1.0,328.95,10.0,35.0,9.0,,,,,,,,,,,
macd_crossover,BTC-USDT,1d,,,,312.86,16.279,-3.32,83.6,14.48,73,1.0,94.12,10.0,35.0,11.0,,,,,,,,,,,
macd_crossover,BTC-USDT,1d,,,,832.25,17.718,-1.19,86.1,31.72,108,1.0,697.48,12.0,20.0,5.0,,,,,,,,,,,
macd_crossover,BTC-USDT,1d,,,,835.81,19.315,-1.47,85.8,39.47,106,1.0,568.19,12.0,20.0,7.0,,,,,,,,,,,
macd_crossover,BTC-USDT,1d,,,,512.98,17.413,-1.65,83.0,26.6,88,1.0,310.06,12.0,20.0,9.0,,,,,,,,,,,
macd_crossover,BTC-USDT,1d,,,,333.4,14.759,-1.79,78.3,15.37,83,1.0,186.09,12.0,20.0,11.0,,,,,,,,,,,
macd_crossover,BTC-USDT,1d,,,,857.24,19.064,-1.19,87.5,46.35,112,1.0,718.43,12.0,23.0,5.0,,,,,,,,,,,
macd_crossover,BTC-USDT,1d,,,,675.69,18.951,-1.06,86.7,40.84,98,1.0,637.93,12.0,23.0,7.0,,,,,,,,,,,
macd_crossover,BTC-USDT,1d,,,,487.09,17.485,-1.4,83.9,31.4,87,1.0,347.51,12.0,23.0,9.0,,,,,,,,,,,
macd_crossover,BTC-USDT,1d,,,,351.82,16.303,-1.88,82.4,18.27,85,1.0,186.79,12.0,23.0,11.0,,,,,,,,,,,
macd_crossover,BTC-USDT,1d,,,,1099.83,20.863,-1.19,90.5,68.03,116,1.0,921.73,12.0,26.0,5.0,,,,,,,,,,,
macd_crossover,BTC-USDT,1d,,,,578.53,18.031,-1.06,84.0,34.19,94,1.0,546.2,12.0,26.0,7.0,,,,,,,,,,,
macd_crossover,BTC-USDT,1d,,,,416.24,16.767,-1.41,82.8,26.27,87,1.0,295.41,12.0,26.0,9.0,,,,,,,,,,,
macd_crossover,BTC-USDT,1d,,,,390.23,16.434,-3.32,84.7,16.11,85,1.0,117.4,12.0,26.0,11.0,,,,,,,,,,,
macd_crossover,BTC-USDT,1d,,,,926.4,20.149,-1.19,87.3,47.18,110,1.0,776.38,12.0,29.0,5.0,,,,,,,,,,,
macd_crossover,BTC-USDT,1d,,,,524.54,17.754,-1.65,82.4,25.28,91,1.0,317.05,12.0,29.0,7.0,,,,,,,,,,,
macd_crossover,BTC-USDT,1d,,,,379.7,16.105,-2.61,80.7,17.22,83,1.0,145.58,12.0,29.0,9.0,,,,,,,,,,,
macd_crossover,BTC-USDT,1d,,,,291.94,15.566,-3.32,80.8,13.58,73,1.0,87.83,12.0,29.0,11.0,,,,,,,,,,,
macd_crossover,BTC-USDT,1d,,,,761.1,20.218,-0.53,90.2,69.59,102,1.0,1426.29,12.0,32.0,5.0,,,,,,,,,,,
macd_crossover,BTC-USDT,1d,,,,445.88,17.049,-1.41,80.5,21.88,87,1.0,316.45,12.0,32.0,7.0,,,,,,,,,,,
macd_crossover,BTC-USDT,1d,,,,429.66,17.441,-2.09,81.9,15.78,83,1.0,205.43,12.0,32.0,9.0,,,,,,,,,,,
macd_crossover,BTC-USDT,1d,,,,300.18,15.814,-2.01,81.3,16.79,75,1.0,149.2,12.0,32.0,11.0,,,,,,,,,,,
macd_crossover,BTC-USDT,1d,,,,734.63,20.394,-0.92,89.9,55.94,99,1.0,800.34,12.0,35.0,5.0,,,,,,,,,,,
macd_crossover,BTC-USDT,1d,,,,466.9,17.42,-1.41,81.6,20.55,87,1.0,331.37,12.0,35.0,7.0,,,,,,,,,,,
macd_crossover,BTC-USDT,1d,,,,335.57,16.512,-2.09,80.5,16.12,77,1.0,160.45,12.0,35.0,9.0,,,,,,,,,,,
macd_crossover,BTC-USDT,1d,,,,221.62,13.9,-4.23,79.1,10.67,67,1.0,52.42,12.0,35.0,11.0,,,,,,,,,,,
macd_crossover,BTC-USDT,1d,,,,860.96,19.099,-1.19,87.5,46.43,112,1.0,721.54,14.0,20.0,5.0,,,,,,,,,,,
macd_crossover,BTC-USDT,1d,,,,602.55,17.843,-1.06,83.3,31.9,96,1.0,568.88,14.0,20.0,7.0,,,,,,,,,,,
macd_crossover,BTC-USDT,1d,,,,436.65,16.781,-1.41,82.4,23.75,85,1.0,309.9,14.0,20.0,9.0,,,,,,,,,,,
macd_crossover,BTC-USDT,1d,,,,296.04,14.84,-3.32,81.5,13.46,81,1.0,89.06,14.0,20.0,11.0,,,,,,,,,,,
macd_crossover,BTC-USDT,1d,,,,1014.11,20.438,-1.19,89.3,58.65,112,1.0,849.89,14.0,23.0,5.0,,,,,,,,,,,
macd_crossover,BTC-USDT,1d,,,,526.62,17.089,-1.65,80.4,21.64,92,1.0,318.3,14.0,23.0,7.0,,,,,,,,,,,
macd_crossover,BTC-USDT,1d,,,,420.81,17.127,-1.88,83.5,25.01,85,1.0,223.42,14.0,23.0,9.0,,,,,,,,,,,
macd_crossover,BTC-USDT,1d,,,,270.71,15.173,-3.32,82.2,13.55,73,1.0,81.44,14.0,23.0,11.0,,,,,,,,,,,
macd_crossover,BTC-USDT,1d,,,,778.37,19.546,-1.19,87.3,47.6,102,1.0,652.32,14.0,26.0,5.0,,,,,,,,,,,
macd_crossover,BTC-USDT,1d,,,,451.21,16.757,-1.41,80.9,22.2,89,1.0,320.23,14.0,26.0,7.0,,,,,,,,,,,
macd_crossover,BTC-USDT,1d,,,,428.85,17.548,-1.61,84.7,22.17,85,1.0,266.23,14.0,26.0,9.0,,,,,,,,,,,
macd_crossover,BTC-USDT,1d,,,,275.81,15.676,-2.09,78.9,13.84,71,1.0,131.88,14.0,26.0,11.0,,,,,,,,,,,
macd_crossover,BTC-USDT,1d,,,,652.73,19.0,-1.19,88.9,45.39,99,1.0,547.03,14.0,29.0,5.0,,,,,,,,,,,
macd_crossover,BTC-USDT,1d,,,,429.56,17.583,-1.41,81.9,25.02,83,1.0,304.87,14.0,29.0,7.0,,,,,,,,,,,
macd_crossover,BTC-USDT,1d,,,,333.62,16.192,-3.32,83.1,14.07,77,1.0,100.37,14.0,29.0,9.0,,,,,,,,,,,
macd_crossover,BTC-USDT,1d,,,,238.6,14.546,-4.23,79.7,10.77,69,1.0,56.43,14.0,29.0,11.0,,,,,,,,,,,
macd_crossover,BTC-USDT,1d,,,,668.87,19.917,-1.21,88.7,48.64,97,1.0,552.83,14.0,32.0,5.0,,,,,,,,,,,
macd_crossover,BTC-USDT,1d,,,,471.99,17.546,-1.61,82.4,17.63,85,1.0,293.01,14.0,32.0,7.0,,,,,,,,,,,
macd_crossover,BTC-USDT,1d,,,,307.11,15.722,-3.32,82.2,14.78,73,1.0,92.39,14.0,32.0,9.0,,,,,,,,,,,
macd_crossover,BTC-USDT,1d,,,,248.83,15.271,-4.23,80.6,14.46,67,1.0,58.85,14.0,32.0,11.0,,,,,,,,,,,
macd_crossover,BTC-USDT,1d,,,,520.09,17.132,-1.65,80.0,19.13,95,1.0,314.36,14.0,35.0,5.0,,,,,,,,,,,
macd_crossover,BTC-USDT,1d,,,,440.18,17.102,-2.09,80.7,14.97,83,1.0,210.46,14.0,35.0,7.0,,,,,,,,,,,
macd_crossover,BTC-USDT,1d,,,,273.05,15.997,-3.32,85.5,15.45,69,1.0,82.15,14.0,35.0,9.0,,,,,,,,,,,
macd_crossover,BTC-USDT,1d,,,,203.5,15.639,-1.65,79.7,18.66,59,1.0,123.4,14.0,35.0,11.0,,,,,,,,,,,
bb_reversion,BTC-USDT,1d,15.0,,,-99.88,-21.121,-99.88,0.0,0.0,112,2.5,-1.0,,,,1.5,,,,,,,,,,
bb_reversion,BTC-USDT,1d,15.0,,,-98.14,-30.15,-98.14,0.0,0.0,57,1.9,-1.0,,,,2.0,,,,,,,,,,
bb_reversion,BTC-USDT,1d,15.0,,,-82.48,-29.786,-82.48,0.0,0.0,26,1.2,-1.0,,,,2.5,,,,,,,,,,
bb_reversion,BTC-USDT,1d,15.0,,,-28.56,-60.573,-28.56,0.0,0.0,5,1.0,-1.0,,,,3.0,,,,,,,,,,
bb_reversion,BTC-USDT,1d,17.0,,,-99.9,-19.486,-99.9,0.9,0.0,111,2.7,-1.0,,,,1.5,,,,,,,,,,
bb_reversion,BTC-USDT,1d,17.0,,,-98.39,-27.784,-98.39,0.0,0.0,61,2.0,-1.0,,,,2.0,,,,,,,,,,
bb_reversion,BTC-USDT,1d,17.0,,,-87.1,-39.944,-87.1,0.0,0.0,27,1.4,-1.0,,,,2.5,,,,,,,,,,
bb_reversion,BTC-USDT,1d,17.0,,,-32.25,-45.223,-32.25,0.0,0.0,6,1.2,-1.0,,,,3.0,,,,,,,,,,
bb_reversion,BTC-USDT,1d,19.0,,,-99.84,-20.08,-99.84,0.0,0.0,103,2.9,-1.0,,,,1.5,,,,,,,,,,
bb_reversion,BTC-USDT,1d,19.0,,,-98.45,-27.304,-98.45,0.0,0.0,65,1.9,-1.0,,,,2.0,,,,,,,,,,
bb_reversion,BTC-USDT,1d,19.0,,,-85.05,-41.0,-85.05,0.0,0.0,23,1.4,-1.0,,,,2.5,,,,,,,,,,
bb_reversion,BTC-USDT,1d,19.0,,,-36.87,-42.729,-36.87,0.0,0.0,5,1.6,-1.0,,,,3.0,,,,,,,,,,
bb_reversion,BTC-USDT,1d,21.0,,,-99.76,-20.45,-99.76,0.0,0.0,97,3.1,-1.0,,,,1.5,,,,,,,,,,
bb_reversion,BTC-USDT,1d,21.0,,,-98.06,-27.371,-98.06,0.0,0.0,60,2.0,-1.0,,,,2.0,,,,,,,,,,
bb_reversion,BTC-USDT,1d,21.0,,,-84.96,-43.538,-84.96,0.0,0.0,24,1.4,-1.0,,,,2.5,,,,,,,,,,
bb_reversion,BTC-USDT,1d,21.0,,,-53.46,-48.936,-53.46,0.0,0.0,9,1.3,-1.0,,,,3.0,,,,,,,,,,
bb_reversion,BTC-USDT,1d,23.0,,,-99.7,-19.032,-99.7,1.0,0.0,102,2.9,-1.0,,,,1.5,,,,,,,,,,
bb_reversion,BTC-USDT,1d,23.0,,,-97.49,-22.637,-97.5,1.8,0.0,55,2.1,-1.0,,,,2.0,,,,,,,,,,
bb_reversion,BTC-USDT,1d,23.0,,,-84.92,-33.857,-84.94,4.0,0.0,25,1.5,-1.0,,,,2.5,,,,,,,,,,
bb_reversion,BTC-USDT,1d,23.0,,,-52.52,-42.055,-52.52,0.0,0.0,9,1.3,-1.0,,,,3.0,,,,,,,,,,
bb_reversion,BTC-USDT,1d,25.0,,,-99.67,-18.039,-99.67,0.0,0.0,94,3.4,-1.0,,,,1.5,,,,,,,,,,
bb_reversion,BTC-USDT,1d,25.0,,,-97.48,-21.709,-97.48,0.0,0.0,54,2.3,-1.0,,,,2.0,,,,,,,,,,
bb_reversion,BTC-USDT,1d,25.0,,,-86.32,-37.228,-86.32,0.0,0.0,26,1.7,-1.0,,,,2.5,,,,,,,,,,
bb_reversion,BTC-USDT,1d,25.0,,,-44.1,-71.538,-44.1,0.0,0.0,6,1.5,-1.0,,,,3.0,,,,,,,,,,
ema_crossover,BTC-USDT,1d,,,,1641.55,7.945,-5.62,60.7,11.48,61,17.9,291.89,5.0,25.0,,,,,,,,,,,,
ema_crossover,BTC-USDT,1d,,,,1445.21,8.693,-7.14,56.9,12.31,51,21.4,202.48,5.0,30.0,,,,,,,,,,,,
ema_crossover,BTC-USDT,1d,,,,1081.64,8.275,-5.27,53.3,12.07,45,24.3,205.06,5.0,35.0,,,,,,,,,,,,
ema_crossover,BTC-USDT,1d,,,,722.85,7.317,-7.24,48.9,8.17,45,24.3,99.84,5.0,40.0,,,,,,,,,,,,
ema_crossover,BTC-USDT,1d,,,,611.28,6.702,-20.7,47.9,6.0,48,22.8,29.53,5.0,45.0,,,,,,,,,,,,
ema_crossover,BTC-USDT,1d,,,,806.04,7.669,-20.01,59.1,8.84,44,24.8,40.28,5.0,50.0,,,,,,,,,,,,
ema_crossover,BTC-USDT,1d,,,,1000.49,7.915,-7.21,55.3,9.14,47,23.3,138.74,8.0,25.0,,,,,,,,,,,,
ema_crossover,BTC-USDT,1d,,,,719.16,7.267,-15.97,53.5,6.73,43,25.4,45.04,8.0,30.0,,,,,,,,,,,,
ema_crossover,BTC-USDT,1d,,,,714.96,7.701,-16.01,56.4,7.13,39,28.0,44.66,8.0,35.0,,,,,,,,,,,,
ema_crossover,BTC-USDT,1d,,,,692.38,8.027,-16.01,59.0,7.37,39,28.0,43.25,8.0,40.0,,,,,,,,,,,,
ema_crossover,BTC-USDT,1d,,,,605.72,7.915,-16.18,44.1,7.57,34,32.1,37.45,8.0,45.0,,,,,,,,,,,,
ema_crossover,BTC-USDT,1d,,,,640.97,8.519,-10.73,50.0,9.43,32,34.2,59.72,8.0,50.0,,,,,,,,,,,,
ema_crossover,BTC-USDT,1d,,,,657.26,6.91,-19.26,48.8,5.62,43,25.4,34.12,11.0,25.0,,,,,,,,,,,,
ema_crossover,BTC-USDT,1d,,,,548.29,7.134,-18.23,48.7,5.48,39,28.0,30.08,11.0,30.0,,,,,,,,,,,,
ema_crossover,BTC-USDT,1d,,,,504.21,7.165,-20.42,51.3,5.1,39,28.0,24.69,11.0,35.0,,,,,,,,,,,,
ema_crossover,BTC-USDT,1d,,,,715.81,9.035,-12.35,51.6,11.19,31,35.3,57.96,11.0,40.0,,,,,,,,,,,,
ema_crossover,BTC-USDT,1d,,,,538.15,7.967,-21.38,43.8,7.16,32,34.2,25.18,11.0,45.0,,,,,,,,,,,,
ema_crossover,BTC-USDT,1d,,,,378.35,7.845,-20.5,42.9,5.13,28,39.0,18.46,11.0,50.0,,,,,,,,,,,,
ema_crossover,BTC-USDT,1d,,,,591.16,7.164,-18.39,48.7,5.51,39,28.0,32.14,14.0,25.0,,,,,,,,,,,,
ema_crossover,BTC-USDT,1d,,,,426.66,6.643,-22.22,46.2,4.16,39,28.0,19.21,14.0,30.0,,,,,,,,,,,,
ema_crossover,BTC-USDT,1d,,,,543.07,8.177,-21.13,41.9,7.01,31,35.3,25.7,14.0,35.0,,,,,,,,,,,,
ema_crossover,BTC-USDT,1d,,,,460.43,7.775,-22.39,43.3,5.98,30,36.4,20.56,14.0,40.0,,,,,,,,,,,,
ema_crossover,BTC-USDT,1d,,,,360.76,7.925,-22.55,46.2,4.66,26,42.0,16.0,14.0,45.0,,,,,,,,,,,,
ema_crossover,BTC-USDT,1d,,,,324.11,7.432,-22.42,46.2,4.51,26,42.0,14.46,14.0,50.0,,,,,,,,,,,,
ema_crossover,BTC-USDT,1d,,,,371.29,6.226,-22.71,41.0,3.67,39,28.0,16.35,17.0,25.0,,,,,,,,,,,,
ema_crossover,BTC-USDT,1d,,,,423.38,7.288,-31.01,45.2,4.72,31,35.3,13.65,17.0,30.0,,,,,,,,,,,,
ema_crossover,BTC-USDT,1d,,,,392.08,7.705,-28.96,44.4,4.84,27,40.5,13.54,17.0,35.0,,,,,,,,,,,,
ema_crossover,BTC-USDT,1d,,,,388.1,7.985,-28.19,46.2,4.79,26,42.0,13.77,17.0,40.0,,,,,,,,,,,,
ema_crossover,BTC-USDT,1d,,,,265.86,6.874,-30.62,46.2,3.65,26,42.0,8.68,17.0,45.0,,,,,,,,,,,,
ema_crossover,BTC-USDT,1d,,,,259.13,6.753,-25.36,42.3,3.92,26,42.0,10.22,17.0,50.0,,,,,,,,,,,,
ema_crossover,BTC-USDT,1d,,,,381.39,6.793,-30.78,42.4,4.26,33,33.1,12.39,20.0,25.0,,,,,,,,,,,,
ema_crossover,BTC-USDT,1d,,,,371.78,7.304,-28.96,41.4,4.59,29,37.7,12.84,20.0,30.0,,,,,,,,,,,,
ema_crossover,BTC-USDT,1d,,,,301.1,7.195,-28.19,46.2,3.87,26,42.0,10.68,20.0,35.0,,,,,,,,,,,,
ema_crossover,BTC-USDT,1d,,,,226.58,6.298,-32.16,46.2,3.13,26,42.0,7.05,20.0,40.0,,,,,,,,,,,,
ema_crossover,BTC-USDT,1d,,,,185.06,5.693,-33.3,42.3,2.86,26,42.0,5.56,20.0,45.0,,,,,,,,,,,,
ema_crossover,BTC-USDT,1d,,,,255.05,5.366,-36.3,41.7,4.1,24,45.5,7.03,20.0,50.0,,,,,,,,,,,,
stoch_rsi,BTC-USDT,1d,7.0,15.0,75.0,89.06,7.31,-6.75,68.8,2.87,93,1.0,13.19,,,,,3.0,3.0,,,,,,,,
stoch_rsi,BTC-USDT,1d,7.0,15.0,80.0,80.25,6.975,-6.75,67.0,2.73,88,1.0,11.88,,,,,3.0,3.0,,,,,,,,
stoch_rsi,BTC-USDT,1d,7.0,15.0,85.0,69.13,6.561,-6.75,66.7,2.58,81,1.0,10.23,,,,,3.0,3.0,,,,,,,,
stoch_rsi,BTC-USDT,1d,7.0,20.0,75.0,131.01,8.513,-4.47,69.2,3.36,104,1.0,29.34,,,,,3.0,3.0,,,,,,,,
stoch_rsi,BTC-USDT,1d,7.0,20.0,80.0,120.25,8.246,-4.47,67.7,3.22,99,1.0,26.93,,,,,3.0,3.0,,,,,,,,
stoch_rsi,BTC-USDT,1d,7.0,20.0,85.0,106.66,7.938,-4.47,67.4,3.09,92,1.0,23.88,,,,,3.0,3.0,,,,,,,,
stoch_rsi,BTC-USDT,1d,7.0,25.0,75.0,152.02,9.079,-4.47,70.4,3.6,108,1.0,34.04,,,,,3.0,3.0,,,,,,,,
stoch_rsi,BTC-USDT,1d,7.0,25.0,80.0,140.27,8.833,-4.47,68.9,3.47,103,1.0,31.41,,,,,3.0,3.0,,,,,,,,
stoch_rsi,BTC-USDT,1d,7.0,25.0,85.0,125.45,8.56,-4.47,68.8,3.34,96,1.0,28.09,,,,,3.0,3.0,,,,,,,,
stoch_rsi,BTC-USDT,1d,9.0,15.0,75.0,107.71,5.805,-11.85,67.3,2.28,113,1.0,9.09,,,,,3.0,3.0,,,,,,,,
stoch_rsi,BTC-USDT,1d,9.0,15.0,80.0,86.15,5.447,-11.54,68.3,2.16,104,1.0,7.46,,,,,3.0,3.0,,,,,,,,
stoch_rsi,BTC-USDT,1d,9.0,15.0,85.0,66.88,4.969,-11.54,68.5,2.03,92,1.0,5.8,,,,,3.0,3.0,,,,,,,,
stoch_rsi,BTC-USDT,1d,9.0,20.0,75.0,143.66,6.647,-11.85,68.1,2.55,119,1.0,12.12,,,,,3.0,3.0,,,,,,,,
stoch_rsi,BTC-USDT,1d,9.0,20.0,80.0,118.37,6.384,-11.54,69.1,2.45,110,1.0,10.26,,,,,3.0,3.0,,,,,,,,
stoch_rsi,BTC-USDT,1d,9.0,20.0,85.0,95.76,6.025,-11.54,69.4,2.34,98,1.0,8.3,,,,,3.0,3.0,,,,,,,,
stoch_rsi,BTC-USDT,1d,9.0,25.0,75.0,227.07,7.353,-11.54,67.9,3.0,131,1.0,19.68,,,,,3.0,3.0,,,,,,,,
stoch_rsi,BTC-USDT,1d,9.0,25.0,80.0,193.12,7.182,-11.54,68.9,2.93,122,1.0,16.73,,,,,3.0,3.0,,,,,,,,
stoch_rsi,BTC-USDT,1d,9.0,25.0,85.0,162.78,6.968,-11.54,69.1,2.86,110,1.0,14.1,,,,,3.0,3.0,,,,,,,,
stoch_rsi,BTC-USDT,1d,11.0,15.0,75.0,282.38,10.901,-3.57,73.9,6.21,111,1.0,79.02,,,,,3.0,3.0,,,,,,,,
stoch_rsi,BTC-USDT,1d,11.0,15.0,80.0,205.76,10.015,-3.57,73.3,5.41,101,1.0,57.58,,,,,3.0,3.0,,,,,,,,
stoch_rsi,BTC-USDT,1d,11.0,15.0,85.0,171.65,9.901,-3.57,74.4,5.55,90,1.0,48.04,,,,,3.0,3.0,,,,,,,,
stoch_rsi,BTC-USDT,1d,11.0,20.0,75.0,296.96,10.73,-3.57,73.3,5.87,116,1.0,83.11,,,,,3.0,3.0,,,,,,,,
stoch_rsi,BTC-USDT,1d,11.0,20.0,80.0,217.43,9.873,-3.57,72.6,5.14,106,1.0,60.85,,,,,3.0,3.0,,,,,,,,
stoch_rsi,BTC-USDT,1d,11.0,20.0,85.0,182.01,9.751,-3.57,73.7,5.22,95,1.0,50.94,,,,,3.0,3.0,,,,,,,,
stoch_rsi,BTC-USDT,1d,11.0,25.0,75.0,389.05,11.629,-3.57,75.2,6.6,125,1.0,108.88,,,,,3.0,3.0,,,,,,,,
stoch_rsi,BTC-USDT,1d,11.0,25.0,80.0,291.06,10.888,-3.57,74.8,5.87,115,1.0,81.46,,,,,3.0,3.0,,,,,,,,
stoch_rsi,BTC-USDT,1d,11.0,25.0,85.0,247.43,10.868,-3.57,76.0,6.06,104,1.0,69.25,,,,,3.0,3.0,,,,,,,,
stoch_rsi,BTC-USDT,1d,13.0,15.0,75.0,156.61,9.935,-6.08,71.0,4.25,100,1.0,25.77,,,,,3.0,3.0,,,,,,,,
stoch_rsi,BTC-USDT,1d,13.0,15.0,80.0,123.82,9.708,-6.08,71.0,3.88,93,1.0,20.37,,,,,3.0,3.0,,,,,,,,
stoch_rsi,BTC-USDT,1d,13.0,15.0,85.0,116.2,9.545,-6.08,70.8,3.79,89,1.0,19.12,,,,,3.0,3.0,,,,,,,,
stoch_rsi,BTC-USDT,1d,13.0,20.0,75.0,176.5,10.175,-6.08,72.0,4.4,107,1.0,29.04,,,,,3.0,3.0,,,,,,,,
stoch_rsi,BTC-USDT,1d,13.0,20.0,80.0,141.17,10.0,-6.08,72.0,4.05,100,1.0,23.23,,,,,3.0,3.0,,,,,,,,
stoch_rsi,BTC-USDT,1d,13.0,20.0,85.0,132.95,9.852,-6.08,71.9,3.97,96,1.0,21.88,,,,,3.0,3.0,,,,,,,,
stoch_rsi,BTC-USDT,1d,13.0,25.0,75.0,242.64,9.595,-6.08,72.6,4.73,113,1.0,39.92,,,,,3.0,3.0,,,,,,,,
stoch_rsi,BTC-USDT,1d,13.0,25.0,80.0,198.85,9.306,-6.08,72.6,4.42,106,1.0,32.72,,,,,3.0,3.0,,,,,,,,
stoch_rsi,BTC-USDT,1d,13.0,25.0,85.0,188.67,9.216,-6.08,72.5,4.36,102,1.0,31.04,,,,,3.0,3.0,,,,,,,,
stoch_rsi,BTC-USDT,1d,15.0,15.0,75.0,176.32,10.866,-6.07,72.0,5.26,100,1.0,29.04,,,,,3.0,3.0,,,,,,,,
stoch_rsi,BTC-USDT,1d,15.0,15.0,80.0,145.98,10.596,-6.07,71.9,4.99,96,1.0,24.04,,,,,3.0,3.0,,,,,,,,
stoch_rsi,BTC-USDT,1d,15.0,15.0,85.0,116.44,10.184,-6.07,70.5,4.49,88,1.0,19.17,,,,,3.0,3.0,,,,,,,,
stoch_rsi,BTC-USDT,1d,15.0,20.0,75.0,200.66,10.259,-6.07,70.8,4.9,106,1.0,33.04,,,,,3.0,3.0,,,,,,,,
stoch_rsi,BTC-USDT,1d,15.0,20.0,80.0,167.64,9.926,-6.07,70.6,4.66,102,1.0,27.61,,,,,3.0,3.0,,,,,,,,
stoch_rsi,BTC-USDT,1d,15.0,20.0,85.0,135.5,9.488,-6.07,69.1,4.24,94,1.0,22.31,,,,,3.0,3.0,,,,,,,,
stoch_rsi,BTC-USDT,1d,15.0,25.0,75.0,248.7,9.84,-6.07,70.8,5.2,113,1.0,40.95,,,,,3.0,3.0,,,,,,,,
stoch_rsi,BTC-USDT,1d,15.0,25.0,80.0,210.41,9.488,-6.07,70.6,4.99,109,1.0,34.65,,,,,3.0,3.0,,,,,,,,
stoch_rsi,BTC-USDT,1d,15.0,25.0,85.0,173.13,9.081,-6.07,69.3,4.6,101,1.0,28.51,,,,,3.0,3.0,,,,,,,,
stoch_rsi,BTC-USDT,1d,17.0,15.0,75.0,194.3,9.342,-8.6,72.1,3.81,104,1.0,22.6,,,,,3.0,3.0,,,,,,,,
stoch_rsi,BTC-USDT,1d,17.0,15.0,80.0,169.17,9.574,-8.6,72.2,4.04,97,1.0,19.67,,,,,3.0,3.0,,,,,,,,
stoch_rsi,BTC-USDT,1d,17.0,15.0,85.0,141.91,8.976,-8.6,71.4,3.74,91,1.0,16.5,,,,,3.0,3.0,,,,,,,,
stoch_rsi,BTC-USDT,1d,17.0,20.0,75.0,275.32,9.666,-7.78,72.6,4.38,113,1.0,35.37,,,,,3.0,3.0,,,,,,,,
stoch_rsi,BTC-USDT,1d,17.0,20.0,80.0,243.27,9.854,-7.78,72.6,4.7,106,1.0,31.25,,,,,3.0,3.0,,,,,,,,
stoch_rsi,BTC-USDT,1d,17.0,20.0,85.0,208.5,9.38,-7.78,72.0,4.41,100,1.0,26.79,,,,,3.0,3.0,,,,,,,,
stoch_rsi,BTC-USDT,1d,17.0,25.0,75.0,383.14,10.26,-7.78,73.2,4.78,123,1.0,49.22,,,,,3.0,3.0,,,,,,,,
stoch_rsi,BTC-USDT,1d,17.0,25.0,80.0,341.89,10.467,-7.78,73.3,5.15,116,1.0,43.92,,,,,3.0,3.0,,,,,,,,
stoch_rsi,BTC-USDT,1d,17.0,25.0,85.0,297.13,10.073,-7.78,72.7,4.88,110,1.0,38.17,,,,,3.0,3.0,,,,,,,,
stoch_rsi,BTC-USDT,1d,19.0,15.0,75.0,243.33,11.18,-6.13,76.3,6.91,93,1.0,39.66,,,,,3.0,3.0,,,,,,,,
stoch_rsi,BTC-USDT,1d,19.0,15.0,80.0,229.71,10.959,-6.13,76.1,6.72,92,1.0,37.44,,,,,3.0,3.0,,,,,,,,
stoch_rsi,BTC-USDT,1d,19.0,15.0,85.0,207.4,11.181,-6.13,76.8,6.87,82,1.0,33.81,,,,,3.0,3.0,,,,,,,,
stoch_rsi,BTC-USDT,1d,19.0,20.0,75.0,267.22,10.783,-6.13,73.7,6.63,99,1.0,43.56,,,,,3.0,3.0,,,,,,,,
stoch_rsi,BTC-USDT,1d,19.0,20.0,80.0,252.65,10.576,-6.13,73.5,6.45,98,1.0,41.18,,,,,3.0,3.0,,,,,,,,
stoch_rsi,BTC-USDT,1d,19.0,20.0,85.0,228.78,10.757,-6.13,73.9,6.57,88,1.0,37.29,,,,,3.0,3.0,,,,,,,,
stoch_rsi,BTC-USDT,1d,19.0,25.0,75.0,367.2,11.301,-6.13,74.5,7.64,106,1.0,59.85,,,,,3.0,3.0,,,,,,,,
stoch_rsi,BTC-USDT,1d,19.0,25.0,80.0,348.67,11.117,-6.13,74.3,7.46,105,1.0,56.83,,,,,3.0,3.0,,,,,,,,
stoch_rsi,BTC-USDT,1d,19.0,25.0,85.0,318.3,11.351,-6.13,74.7,7.66,95,1.0,51.88,,,,,3.0,3.0,,,,,,,,
stoch_rsi,BTC-USDT,1d,21.0,15.0,75.0,151.52,9.006,-5.21,69.5,4.15,95,1.0,29.1,,,,,3.0,3.0,,,,,,,,
stoch_rsi,BTC-USDT,1d,21.0,15.0,80.0,134.14,8.568,-5.21,68.5,3.91,92,1.0,25.77,,,,,3.0,3.0,,,,,,,,
stoch_rsi,BTC-USDT,1d,21.0,15.0,85.0,109.53,8.206,-5.21,69.5,3.73,82,1.0,21.04,,,,,3.0,3.0,,,,,,,,
stoch_rsi,BTC-USDT,1d,21.0,20.0,75.0,154.28,8.761,-5.21,69.0,3.97,100,1.0,29.63,,,,,3.0,3.0,,,,,,,,
stoch_rsi,BTC-USDT,1d,21.0,20.0,80.0,136.72,8.336,-5.21,68.0,3.75,97,1.0,26.26,,,,,3.0,3.0,,,,,,,,
stoch_rsi,BTC-USDT,1d,21.0,20.0,85.0,111.83,7.968,-6.84,69.0,3.56,87,1.0,16.35,,,,,3.0,3.0,,,,,,,,
stoch_rsi,BTC-USDT,1d,21.0,25.0,75.0,151.63,8.207,-5.21,68.9,3.57,106,1.0,29.13,,,,,3.0,3.0,,,,,,,,
stoch_rsi,BTC-USDT,1d,21.0,25.0,80.0,134.25,7.795,-5.21,68.0,3.37,103,1.0,25.79,,,,,3.0,3.0,,,,,,,,
stoch_rsi,BTC-USDT,1d,21.0,25.0,85.0,109.62,7.403,-6.84,68.8,3.19,93,1.0,16.03,,,,,3.0,3.0,,,,,,,,
kc_breakout,BTC-USDT,1d,15.0,,,4194.12,18.0,0.0,100.0,999.0,53,3.6,0.0,,,,,,,1.5,,,,,,,
kc_breakout,BTC-USDT,1d,15.0,,,849.04,25.585,0.0,100.0,999.0,27,3.2,0.0,,,,,,,2.0,,,,,,,
kc_breakout,BTC-USDT,1d,15.0,,,236.9,23.108,0.0,100.0,999.0,15,2.4,0.0,,,,,,,2.5,,,,,,,
kc_breakout,BTC-USDT,1d,15.0,,,77.83,52.391,0.0,100.0,999.0,6,1.8,0.0,,,,,,,3.0,,,,,,,
kc_breakout,BTC-USDT,1d,17.0,,,5989.94,17.151,0.0,100.0,999.0,63,3.6,0.0,,,,,,,1.5,,,,,,,
kc_breakout,BTC-USDT,1d,17.0,,,1117.25,24.132,0.0,100.0,999.0,28,4.2,0.0,,,,,,,2.0,,,,,,,
kc_breakout,BTC-USDT,1d,17.0,,,325.75,27.178,0.0,100.0,999.0,16,2.9,0.0,,,,,,,2.5,,,,,,,
kc_breakout,BTC-USDT,1d,17.0,,,121.62,30.578,0.0,100.0,999.0,10,1.9,0.0,,,,,,,3.0,,,,,,,
kc_breakout,BTC-USDT,1d,19.0,,,7895.35,17.153,0.0,100.0,999.0,68,3.9,0.0,,,,,,,1.5,,,,,,,
kc_breakout,BTC-USDT,1d,19.0,,,1548.55,19.592,0.0,100.0,999.0,33,4.2,0.0,,,,,,,2.0,,,,,,,
kc_breakout,BTC-USDT,1d,19.0,,,567.47,25.007,0.0,100.0,999.0,25,2.9,0.0,,,,,,,2.5,,,,,,,
kc_breakout,BTC-USDT,1d,19.0,,,199.6,28.071,0.0,100.0,999.0,11,2.8,0.0,,,,,,,3.0,,,,,,,
kc_breakout,BTC-USDT,1d,21.0,,,8720.89,17.286,0.0,100.0,999.0,70,4.2,0.0,,,,,,,1.5,,,,,,,
kc_breakout,BTC-USDT,1d,21.0,,,1430.36,16.862,0.0,100.0,999.0,35,4.5,0.0,,,,,,,2.0,,,,,,,
kc_breakout,BTC-USDT,1d,21.0,,,734.88,25.246,0.0,100.0,999.0,22,4.5,0.0,,,,,,,2.5,,,,,,,
kc_breakout,BTC-USDT,1d,21.0,,,256.01,21.801,0.0,100.0,999.0,17,2.3,0.0,,,,,,,3.0,,,,,,,
kc_breakout,BTC-USDT,1d,23.0,,,9863.26,17.022,0.0,100.0,999.0,73,4.3,0.0,,,,,,,1.5,,,,,,,
kc_breakout,BTC-USDT,1d,23.0,,,2020.91,16.379,0.0,100.0,999.0,45,4.2,0.0,,,,,,,2.0,,,,,,,
kc_breakout,BTC-USDT,1d,23.0,,,935.85,22.381,0.0,100.0,999.0,23,4.9,0.0,,,,,,,2.5,,,,,,,
kc_breakout,BTC-USDT,1d,23.0,,,344.32,23.471,0.0,100.0,999.0,19,2.9,0.0,,,,,,,3.0,,,,,,,
kc_breakout,BTC-USDT,1d,25.0,,,9818.03,18.009,0.0,100.0,999.0,75,4.7,0.0,,,,,,,1.5,,,,,,,
kc_breakout,BTC-USDT,1d,25.0,,,2172.79,15.516,0.0,100.0,999.0,47,4.4,0.0,,,,,,,2.0,,,,,,,
kc_breakout,BTC-USDT,1d,25.0,,,982.59,17.528,0.0,100.0,999.0,27,4.7,0.0,,,,,,,2.5,,,,,,,
kc_breakout,BTC-USDT,1d,25.0,,,445.12,22.661,0.0,100.0,999.0,18,4.4,0.0,,,,,,,3.0,,,,,,,
rsi_adx_combo,BTC-USDT,1d,,,,519.38,5.229,-20.43,43.3,3.39,60,16.9,25.43,,,,,,,,14.0,25.0,65.0,14.0,20.0,,
rsi_adx_combo,BTC-USDT,1d,,,,289.11,4.298,-33.39,37.1,2.49,70,12.2,8.66,,,,,,,,14.0,25.0,65.0,14.0,25.0,,
rsi_adx_combo,BTC-USDT,1d,,,,504.8,5.214,-20.43,40.7,3.35,59,17.1,24.71,,,,,,,,14.0,25.0,70.0,14.0,20.0,,
rsi_adx_combo,BTC-USDT,1d,,,,385.37,5.184,-28.83,41.3,3.05,63,13.3,13.37,,,,,,,,14.0,25.0,70.0,14.0,25.0,,
rsi_adx_combo,BTC-USDT,1d,,,,543.26,5.519,-20.43,42.9,3.57,56,17.9,26.59,,,,,,,,14.0,25.0,75.0,14.0,20.0,,
rsi_adx_combo,BTC-USDT,1d,,,,505.3,6.186,-20.3,45.6,3.96,57,14.6,24.9,,,,,,,,14.0,25.0,75.0,14.0,25.0,,
rsi_adx_combo,BTC-USDT,1d,,,,519.38,5.229,-20.43,43.3,3.39,60,16.9,25.43,,,,,,,,14.0,30.0,65.0,14.0,20.0,,
rsi_adx_combo,BTC-USDT,1d,,,,304.32,4.335,-33.39,38.9,2.52,72,11.9,9.11,,,,,,,,14.0,30.0,65.0,14.0,25.0,,
rsi_adx_combo,BTC-USDT,1d,,,,504.8,5.214,-20.43,40.7,3.35,59,17.1,24.71,,,,,,,,14.0,30.0,70.0,14.0,20.0,,
rsi_adx_combo,BTC-USDT,1d,,,,404.34,5.206,-28.83,43.1,3.09,65,12.9,14.03,,,,,,,,14.0,30.0,70.0,14.0,25.0,,
rsi_adx_combo,BTC-USDT,1d,,,,543.26,5.519,-20.43,42.9,3.57,56,17.9,26.59,,,,,,,,14.0,30.0,75.0,14.0,20.0,,
rsi_adx_combo,BTC-USDT,1d,,,,528.96,6.189,-20.3,47.5,4.01,59,14.1,26.06,,,,,,,,14.0,30.0,75.0,14.0,25.0,,
rsi_adx_combo,BTC-USDT,1d,,,,508.4,5.096,-20.43,41.9,3.33,62,16.4,24.89,,,,,,,,14.0,35.0,65.0,14.0,20.0,,
rsi_adx_combo,BTC-USDT,1d,,,,260.79,3.896,-33.39,36.4,2.31,77,11.2,7.81,,,,,,,,14.0,35.0,65.0,14.0,25.0,,
rsi_adx_combo,BTC-USDT,1d,,,,494.08,5.08,-20.43,39.3,3.29,61,16.6,24.19,,,,,,,,14.0,35.0,70.0,14.0,20.0,,
rsi_adx_combo,BTC-USDT,1d,,,,350.04,4.69,-28.83,40.0,2.77,70,12.1,12.14,,,,,,,,14.0,35.0,70.0,14.0,25.0,,
rsi_adx_combo,BTC-USDT,1d,,,,531.86,5.372,-20.43,41.4,3.5,58,17.4,26.04,,,,,,,,14.0,35.0,75.0,14.0,20.0,,
rsi_adx_combo,BTC-USDT,1d,,,,461.23,5.575,-20.3,43.8,3.49,64,13.1,22.73,,,,,,,,14.0,35.0,75.0,14.0,25.0,,
rsi_vol_combo,BTC-USDT,1d,,,,-87.75,-17.814,-87.75,11.4,0.05,44,1.5,-1.0,,,,,,,,14.0,25.0,65.0,,,20.0,1.5
rsi_vol_combo,BTC-USDT,1d,,,,-68.29,-17.174,-68.29,12.5,0.12,24,1.2,-1.0,,,,,,,,14.0,25.0,65.0,,,20.0,2.0
rsi_vol_combo,BTC-USDT,1d,,,,-86.67,-22.928,-86.67,2.9,0.01,34,1.6,-1.0,,,,,,,,14.0,25.0,70.0,,,20.0,1.5
rsi_vol_combo,BTC-USDT,1d,,,,-69.01,-20.414,-69.01,9.1,0.07,22,1.2,-1.0,,,,,,,,14.0,25.0,70.0,,,20.0,2.0
rsi_vol_combo,BTC-USDT,1d,,,,-82.44,-21.506,-82.44,3.3,0.01,30,1.5,-1.0,,,,,,,,14.0,25.0,75.0,,,20.0,1.5
rsi_vol_combo,BTC-USDT,1d,,,,-66.38,-24.934,-66.38,5.3,0.02,19,1.3,-1.0,,,,,,,,14.0,25.0,75.0,,,20.0,2.0
rsi_vol_combo,BTC-USDT,1d,,,,-87.29,-16.925,-87.29,14.6,0.07,48,1.5,-1.0,,,,,,,,14.0,30.0,65.0,,,20.0,1.5
rsi_vol_combo,BTC-USDT,1d,,,,-65.33,-15.301,-65.33,18.5,0.15,27,1.3,-1.0,,,,,,,,14.0,30.0,65.0,,,20.0,2.0
rsi_vol_combo,BTC-USDT,1d,,,,-86.17,-20.949,-86.17,7.9,0.02,38,1.6,-1.0,,,,,,,,14.0,30.0,70.0,,,20.0,1.5
rsi_vol_combo,BTC-USDT,1d,,,,-66.11,-17.84,-66.11,16.0,0.1,25,1.3,-1.0,,,,,,,,14.0,30.0,70.0,,,20.0,2.0
rsi_vol_combo,BTC-USDT,1d,,,,-81.78,-19.559,-81.78,8.8,0.03,34,1.5,-1.0,,,,,,,,14.0,30.0,75.0,,,20.0,1.5
rsi_vol_combo,BTC-USDT,1d,,,,-63.24,-21.043,-63.24,13.6,0.05,22,1.3,-1.0,,,,,,,,14.0,30.0,75.0,,,20.0,2.0
rsi_vol_combo,BTC-USDT,1d,,,,-89.36,-16.364,-89.36,15.4,0.08,52,1.5,-1.0,,,,,,,,14.0,35.0,65.0,,,20.0,1.5
rsi_vol_combo,BTC-USDT,1d,,,,-66.41,-15.534,-66.41,18.5,0.15,27,1.3,-1.0,,,,,,,,14.0,35.0,65.0,,,20.0,2.0
rsi_vol_combo,BTC-USDT,1d,,,,-88.42,-19.66,-88.42,9.5,0.04,42,1.6,-1.0,,,,,,,,14.0,35.0,70.0,,,20.0,1.5
rsi_vol_combo,BTC-USDT,1d,,,,-67.17,-18.094,-67.17,16.0,0.1,25,1.3,-1.0,,,,,,,,14.0,35.0,70.0,,,20.0,2.0
rsi_vol_combo,BTC-USDT,1d,,,,-84.75,-18.413,-84.75,10.5,0.05,38,1.6,-1.0,,,,,,,,14.0,35.0,75.0,,,20.0,1.5
rsi_vol_combo,BTC-USDT,1d,,,,-64.38,-21.305,-64.38,13.6,0.05,22,1.4,-1.0,,,,,,,,14.0,35.0,75.0,,,20.0,2.0
rsi_reversion,BTC-USDT,4h,7.0,20.0,60.0,-86.66,-14.912,-86.66,12.5,0.03,128,4.0,-1.0,,,,,,,,,,,,,,
rsi_reversion,BTC-USDT,4h,7.0,20.0,65.0,-83.21,-13.525,-83.21,17.1,0.06,129,3.4,-1.0,,,,,,,,,,,,,,
rsi_reversion,BTC-USDT,4h,7.0,20.0,70.0,-83.77,-14.475,-83.77,16.1,0.03,124,3.0,-1.0,,,,,,,,,,,,,,
rsi_reversion,BTC-USDT,4h,7.0,20.0,75.0,-80.39,-14.194,-80.39,11.8,0.02,110,2.7,-1.0,,,,,,,,,,,,,,
rsi_reversion,BTC-USDT,4h,7.0,20.0,80.0,-77.05,-14.891,-77.05,7.7,0.01,91,2.6,-1.0,,,,,,,,,,,,,,
rsi_reversion,BTC-USDT,4h,7.0,25.0,60.0,-90.43,-14.891,-90.43,13.6,0.03,154,3.8,-1.0,,,,,,,,,,,,,,
rsi_reversion,BTC-USDT,4h,7.0,25.0,65.0,-87.96,-13.736,-87.96,17.4,0.06,155,3.3,-1.0,,,,,,,,,,,,,,
rsi_reversion,BTC-USDT,4h,7.0,25.0,70.0,-88.37,-14.547,-88.37,16.7,0.04,150,2.9,-1.0,,,,,,,,,,,,,,
rsi_reversion,BTC-USDT,4h,7.0,25.0,75.0,-85.94,-14.307,-85.94,13.2,0.03,136,2.7,-1.0,,,,,,,,,,,,,,
rsi_reversion,BTC-USDT,4h,7.0,25.0,80.0,-83.55,-14.85,-83.55,10.3,0.02,117,2.6,-1.0,,,,,,,,,,,,,,
rsi_reversion,BTC-USDT,4h,7.0,30.0,60.0,-92.14,-15.339,-92.14,13.1,0.03,160,4.0,-1.0,,,,,,,,,,,,,,
rsi_reversion,BTC-USDT,4h,7.0,30.0,65.0,-90.11,-14.207,-90.11,16.8,0.05,161,3.5,-1.0,,,,,,,,,,,,,,
rsi_reversion,BTC-USDT,4h,7.0,30.0,70.0,-90.44,-15.01,-90.44,16.0,0.04,156,3.2,-1.0,,,,,,,,,,,,,,
rsi_reversion,BTC-USDT,4h,7.0,30.0,75.0,-88.45,-14.827,-88.45,12.7,0.03,142,3.0,-1.0,,,,,,,,,,,,,,
rsi_reversion,BTC-USDT,4h,7.0,30.0,80.0,-86.49,-15.438,-86.49,9.8,0.02,123,2.9,-1.0,,,,,,,,,,,,,,
rsi_reversion,BTC-USDT,4h,7.0,35.0,60.0,-93.3,-14.441,-93.3,11.7,0.03,163,4.4,-1.0,,,,,,,,,,,,,,
rsi_reversion,BTC-USDT,4h,7.0,35.0,65.0,-91.57,-13.366,-91.57,15.2,0.05,164,3.9,-1.0,,,,,,,,,,,,,,
rsi_reversion,BTC-USDT,4h,7.0,35.0,70.0,-91.86,-14.046,-91.86,14.5,0.03,159,3.6,-1.0,,,,,,,,,,,,,,
rsi_reversion,BTC-USDT,4h,7.0,35.0,75.0,-90.16,-13.864,-90.16,11.0,0.02,145,3.5,-1.0,,,,,,,,,,,,,,
rsi_reversion,BTC-USDT,4h,7.0,35.0,80.0,-88.48,-14.364,-88.48,7.9,0.01,126,3.5,-1.0,,,,,,,,,,,,,,
rsi_reversion,BTC-USDT,4h,9.0,20.0,60.0,-80.3,-14.873,-80.34,15.8,0.04,114,4.1,-1.0,,,,,,,,,,,,,,
rsi_reversion,BTC-USDT,4h,9.0,20.0,65.0,-79.86,-16.07,-79.9,14.0,0.02,107,3.6,-1.0,,,,,,,,,,,,,,
rsi_reversion,BTC-USDT,4h,9.0,20.0,70.0,-75.48,-15.727,-75.52,8.3,0.02,96,3.2,-1.0,,,,,,,,,,,,,,
rsi_reversion,BTC-USDT,4h,9.0,20.0,75.0,-71.72,-16.619,-71.75,9.1,0.02,77,2.9,-1.0,,,,,,,,,,,,,,
rsi_reversion,BTC-USDT,4h,9.0,20.0,80.0,-63.79,-15.335,-63.99,11.7,0.03,60,2.9,-1.0,,,,,,,,,,,,,,
rsi_reversion,BTC-USDT,4h,9.0,25.0,60.0,-87.06,-13.514,-87.08,13.4,0.03,134,4.0,-1.0,,,,,,,,,,,,,,
rsi_reversion,BTC-USDT,4h,9.0,25.0,65.0,-86.77,-14.254,-86.8,11.8,0.02,127,3.5,-1.0,,,,,,,,,,,,,,
rsi_reversion,BTC-USDT,4h,9.0,25.0,70.0,-83.89,-13.883,-83.92,6.9,0.01,116,3.2,-1.0,,,,,,,,,,,,,,
rsi_reversion,BTC-USDT,4h,9.0,25.0,75.0,-81.43,-14.434,-81.47,7.2,0.02,97,3.0,-1.0,,,,,,,,,,,,,,
rsi_reversion,BTC-USDT,4h,9.0,25.0,80.0,-76.21,-13.642,-76.34,8.8,0.02,80,2.9,-1.0,,,,,,,,,,,,,,
rsi_reversion,BTC-USDT,4h,9.0,30.0,60.0,-89.5,-14.194,-89.52,12.6,0.03,143,4.3,-1.0,,,,,,,,,,,,,,
rsi_reversion,BTC-USDT,4h,9.0,30.0,65.0,-89.27,-14.952,-89.29,11.0,0.02,136,3.9,-1.0,,,,,,,,,,,,,,
rsi_reversion,BTC-USDT,4h,9.0,30.0,70.0,-86.93,-14.648,-86.96,6.4,0.01,125,3.6,-1.0,,,,,,,,,,,,,,
rsi_reversion,BTC-USDT,4h,9.0,30.0,75.0,-84.93,-15.268,-84.97,6.6,0.01,106,3.4,-1.0,,,,,,,,,,,,,,
rsi_reversion,BTC-USDT,4h,9.0,30.0,80.0,-80.7,-14.586,-80.81,7.9,0.02,89,3.5,-1.0,,,,,,,,,,,,,,
rsi_reversion,BTC-USDT,4h,9.0,35.0,60.0,-89.81,-13.078,-89.83,16.0,0.04,156,4.3,-1.0,,,,,,,,,,,,,,
rsi_reversion,BTC-USDT,4h,9.0,35.0,65.0,-89.58,-13.678,-89.6,14.8,0.03,149,3.9,-1.0,,,,,,,,,,,,,,
rsi_reversion,BTC-USDT,4h,9.0,35.0,70.0,-87.31,-13.328,-87.34,10.9,0.03,138,3.7,-1.0,,,,,,,,,,,,,,
rsi_reversion,BTC-USDT,4h,9.0,35.0,75.0,-85.37,-13.683,-85.37,11.8,0.03,119,3.6,-1.0,,,,,,,,,,,,,,
rsi_reversion,BTC-USDT,4h,9.0,35.0,80.0,-81.27,-12.935,-81.27,13.7,0.04,102,3.6,-1.0,,,,,,,,,,,,,,
rsi_reversion,BTC-USDT,4h,11.0,20.0,60.0,-79.59,-15.597,-79.59,9.1,0.02,99,4.5,-1.0,,,,,,,,,,,,,,
rsi_reversion,BTC-USDT,4h,11.0,20.0,65.0,-76.02,-15.159,-76.02,11.8,0.02,93,3.6,-1.0,,,,,,,,,,,,,,
rsi_reversion,BTC-USDT,4h,11.0,20.0,70.0,-72.54,-14.479,-72.63,13.3,0.03,83,3.1,-1.0,,,,,,,,,,,,,,
rsi_reversion,BTC-USDT,4h,11.0,20.0,75.0,-63.47,-13.193,-63.47,11.4,0.04,70,2.5,-1.0,,,,,,,,,,,,,,
rsi_reversion,BTC-USDT,4h,11.0,20.0,80.0,-54.8,-14.055,-54.8,9.1,0.02,44,2.7,-1.0,,,,,,,,,,,,,,
rsi_reversion,BTC-USDT,4h,11.0,25.0,60.0,-83.65,-14.899,-83.65,11.7,0.02,111,4.5,-1.0,,,,,,,,,,,,,,
rsi_reversion,BTC-USDT,4h,11.0,25.0,65.0,-80.79,-14.471,-80.79,14.3,0.03,105,3.7,-1.0,,,,,,,,,,,,,,
rsi_reversion,BTC-USDT,4h,11.0,25.0,70.0,-78.0,-13.929,-78.04,15.8,0.03,95,3.2,-1.0,,,,,,,,,,,,,,
rsi_reversion,BTC-USDT,4h,11.0,25.0,75.0,-70.74,-12.826,-70.79,14.6,0.04,82,2.7,-1.0,,,,,,,,,,,,,,
rsi_reversion,BTC-USDT,4h,11.0,25.0,80.0,-63.79,-13.515,-63.86,14.3,0.03,56,3.0,-1.0,,,,,,,,,,,,,,
rsi_reversion,BTC-USDT,4h,11.0,30.0,60.0,-85.92,-14.254,-85.92,9.1,0.02,121,4.7,-1.0,,,,,,,,,,,,,,
rsi_reversion,BTC-USDT,4h,11.0,30.0,65.0,-83.45,-13.839,-83.45,11.3,0.02,115,4.0,-1.0,,,,,,,,,,,,,,
rsi_reversion,BTC-USDT,4h,11.0,30.0,70.0,-81.05,-13.36,-81.1,12.4,0.03,105,3.6,-1.0,,,,,,,,,,,,,,
rsi_reversion,BTC-USDT,4h,11.0,30.0,75.0,-74.8,-12.356,-74.86,10.9,0.03,92,3.2,-1.0,,,,,,,,,,,,,,
rsi_reversion,BTC-USDT,4h,11.0,30.0,80.0,-68.81,-12.855,-68.89,9.1,0.02,66,3.6,-1.0,,,,,,,,,,,,,,
rsi_reversion,BTC-USDT,4h,11.0,35.0,60.0,-85.95,-14.782,-85.95,9.6,0.02,125,5.1,-1.0,,,,,,,,,,,,,,
rsi_reversion,BTC-USDT,4h,11.0,35.0,65.0,-83.49,-14.402,-83.49,11.8,0.02,119,4.5,-1.0,,,,,,,,,,,,,,
rsi_reversion,BTC-USDT,4h,11.0,35.0,70.0,-81.09,-13.883,-81.09,12.8,0.03,109,4.1,-1.0,,,,,,,,,,,,,,
rsi_reversion,BTC-USDT,4h,11.0,35.0,75.0,-74.85,-12.901,-74.85,11.5,0.04,96,3.8,-1.0,,,,,,,,,,,,,,
rsi_reversion,BTC-USDT,4h,11.0,35.0,80.0,-68.88,-13.361,-68.88,10.0,0.03,70,4.5,-1.0,,,,,,,,,,,,,,
rsi_reversion,BTC-USDT,4h,13.0,20.0,60.0,-71.73,-14.288,-71.73,10.8,0.03,74,5.5,-1.0,,,,,,,,,,,,,,
rsi_reversion,BTC-USDT,4h,13.0,20.0,65.0,-70.74,-14.824,-70.74,9.6,0.01,73,4.2,-1.0,,,,,,,,,,,,,,
rsi_reversion,BTC-USDT,4h,13.0,20.0,70.0,-67.41,-13.273,-67.41,13.0,0.03,69,3.1,-1.0,,,,,,,,,,,,,,
rsi_reversion,BTC-USDT,4h,13.0,20.0,75.0,-57.9,-13.867,-58.02,6.2,0.0,48,2.9,-1.0,,,,,,,,,,,,,,
rsi_reversion,BTC-USDT,4h,13.0,20.0,80.0,-47.26,-14.929,-47.26,3.7,0.0,27,3.5,-1.0,,,,,,,,,,,,,,
rsi_reversion,BTC-USDT,4h,13.0,25.0,60.0,-78.95,-14.434,-78.95,11.1,0.03,90,4.9,-1.0,,,,,,,,,,,,,,
rsi_reversion,BTC-USDT,4h,13.0,25.0,65.0,-78.22,-14.867,-78.22,10.1,0.02,89,3.9,-1.0,,,,,,,,,,,,,,
rsi_reversion,BTC-USDT,4h,13.0,25.0,70.0,-75.74,-13.611,-75.74,12.9,0.03,85,3.0,-1.0,,,,,,,,,,,,,,
rsi_reversion,BTC-USDT,4h,13.0,25.0,75.0,-68.66,-14.164,-68.67,7.8,0.01,64,2.8,-1.0,,,,,,,,,,,,,,
rsi_reversion,BTC-USDT,4h,13.0,25.0,80.0,-60.74,-14.855,-60.74,7.0,0.01,43,3.0,-1.0,,,,,,,,,,,,,,
rsi_reversion,BTC-USDT,4h,13.0,30.0,60.0,-80.02,-15.012,-80.02,10.0,0.03,100,5.1,-1.0,,,,,,,,,,,,,,
rsi_reversion,BTC-USDT,4h,13.0,30.0,65.0,-79.32,-15.561,-79.32,9.1,0.01,99,4.2,-1.0,,,,,,,,,,,,,,
rsi_reversion,BTC-USDT,4h,13.0,30.0,70.0,-76.96,-14.207,-76.96,11.6,0.02,95,3.3,-1.0,,,,,,,,,,,,,,
rsi_reversion,BTC-USDT,4h,13.0,30.0,75.0,-70.25,-14.814,-70.25,6.8,0.01,74,3.3,-1.0,,,,,,,,,,,,,,
rsi_reversion,BTC-USDT,4h,13.0,30.0,80.0,-62.72,-15.213,-62.72,5.7,0.01,53,3.7,-1.0,,,,,,,,,,,,,,
rsi_reversion,BTC-USDT,4h,13.0,35.0,60.0,-84.04,-13.831,-84.04,13.2,0.04,114,5.2,-1.0,,,,,,,,,,,,,,
rsi_reversion,BTC-USDT,4h,13.0,35.0,65.0,-83.48,-14.172,-83.48,12.4,0.03,113,4.4,-1.0,,,,,,,,,,,,,,
rsi_reversion,BTC-USDT,4h,13.0,35.0,70.0,-81.6,-13.159,-81.6,14.7,0.03,109,3.7,-1.0,,,,,,,,,,,,,,
rsi_reversion,BTC-USDT,4h,13.0,35.0,75.0,-76.23,-13.436,-76.23,11.4,0.02,88,3.8,-1.0,,,,,,,,,,,,,,
rsi_reversion,BTC-USDT,4h,13.0,35.0,80.0,-70.22,-13.553,-70.22,11.9,0.03,67,4.2,-1.0,,,,,,,,,,,,,,
rsi_reversion,BTC-USDT,4h,15.0,20.0,60.0,-64.91,-11.152,-64.91,20.3,0.08,74,5.1,-1.0,,,,,,,,,,,,,,
rsi_reversion,BTC-USDT,4h,15.0,20.0,65.0,-61.24,-11.115,-61.31,24.6,0.06,65,4.2,-1.0,,,,,,,,,,,,,,
rsi_reversion,BTC-USDT,4h,15.0,20.0,70.0,-60.09,-12.503,-60.09,8.6,0.02,58,2.9,-1.0,,,,,,,,,,,,,,
rsi_reversion,BTC-USDT,4h,15.0,20.0,75.0,-47.66,-10.935,-47.8,17.5,0.02,40,2.5,-1.0,,,,,,,,,,,,,,
rsi_reversion,BTC-USDT,4h,15.0,20.0,80.0,-39.24,-12.629,-39.24,9.5,0.01,21,3.5,-1.0,,,,,,,,,,,,,,
rsi_reversion,BTC-USDT,4h,15.0,25.0,60.0,-70.03,-12.236,-70.08,22.0,0.08,82,5.1,-1.0,,,,,,,,,,,,,,
rsi_reversion,BTC-USDT,4h,15.0,25.0,65.0,-66.89,-12.293,-67.01,26.0,0.06,73,4.2,-1.0,,,,,,,,,,,,,,
rsi_reversion,BTC-USDT,4h,15.0,25.0,70.0,-65.91,-13.822,-65.96,12.1,0.03,66,3.1,-1.0,,,,,,,,,,,,,,
rsi_reversion,BTC-USDT,4h,15.0,25.0,75.0,-55.29,-12.541,-55.48,20.8,0.03,48,2.9,-1.0,,,,,,,,,,,,,,
rsi_reversion,BTC-USDT,4h,15.0,25.0,80.0,-48.1,-14.418,-48.19,17.2,0.03,29,3.8,-1.0,,,,,,,,,,,,,,
rsi_reversion,BTC-USDT,4h,15.0,30.0,60.0,-74.91,-13.313,-74.91,15.8,0.07,95,5.1,-1.0,,,,,,,,,,,,,,
rsi_reversion,BTC-USDT,4h,15.0,30.0,65.0,-72.29,-13.438,-72.29,18.6,0.05,86,4.4,-1.0,,,,,,,,,,,,,,
rsi_reversion,BTC-USDT,4h,15.0,30.0,70.0,-71.46,-15.091,-71.46,6.3,0.02,79,3.5,-1.0,,,,,,,,,,,,,,
rsi_reversion,BTC-USDT,4h,15.0,30.0,75.0,-62.57,-13.98,-62.57,11.5,0.02,61,3.3,-1.0,,,,,,,,,,,,,,
rsi_reversion,BTC-USDT,4h,15.0,30.0,80.0,-56.55,-15.641,-56.55,4.8,0.02,42,4.2,-1.0,,,,,,,,,,,,,,
rsi_reversion,BTC-USDT,4h,15.0,35.0,60.0,-77.43,-11.532,-77.43,19.0,0.08,105,5.3,-1.0,,,,,,,,,,,,,,
rsi_reversion,BTC-USDT,4h,15.0,35.0,65.0,-75.07,-11.526,-75.07,21.9,0.06,96,4.7,-1.0,,,,,,,,,,,,,,
rsi_reversion,BTC-USDT,4h,15.0,35.0,70.0,-74.33,-12.513,-74.33,11.2,0.03,89,3.9,-1.0,,,,,,,,,,,,,,
rsi_reversion,BTC-USDT,4h,15.0,35.0,75.0,-66.33,-11.472,-66.33,16.9,0.04,71,3.9,-1.0,,,,,,,,,,,,,,
rsi_reversion,BTC-USDT,4h,15.0,35.0,80.0,-60.92,-12.148,-60.92,13.5,0.04,52,4.8,-1.0,,,,,,,,,,,,,,
rsi_reversion,BTC-USDT,4h,17.0,20.0,60.0,-57.49,-12.348,-57.49,15.5,0.08,58,5.8,-1.0,,,,,,,,,,,,,,
rsi_reversion,BTC-USDT,4h,17.0,20.0,65.0,-52.96,-11.545,-52.96,18.6,0.08,59,3.7,-1.0,,,,,,,,,,,,,,
rsi_reversion,BTC-USDT,4h,17.0,20.0,70.0,-50.11,-13.993,-50.11,14.3,0.02,42,3.1,-1.0,,,,,,,,,,,,,,
rsi_reversion,BTC-USDT,4h,17.0,20.0,75.0,-38.33,-11.875,-38.49,17.2,0.03,29,2.6,-1.0,,,,,,,,,,,,,,
rsi_reversion,BTC-USDT,4h,17.0,20.0,80.0,-30.04,-15.229,-30.04,7.7,0.01,13,3.5,-1.0,,,,,,,,,,,,,,
rsi_reversion,BTC-USDT,4h,17.0,25.0,60.0,-60.88,-12.32,-60.88,15.2,0.07,66,5.7,-1.0,,,,,,,,,,,,,,
rsi_reversion,BTC-USDT,4h,17.0,25.0,65.0,-56.71,-11.635,-56.71,17.9,0.07,67,3.8,-1.0,,,,,,,,,,,,,,
rsi_reversion,BTC-USDT,4h,17.0,25.0,70.0,-54.1,-13.727,-54.1,14.0,0.02,50,3.3,-1.0,,,,,,,,,,,,,,
rsi_reversion,BTC-USDT,4h,17.0,25.0,75.0,-43.25,-11.792,-43.4,16.2,0.03,37,3.0,-1.0,,,,,,,,,,,,,,
rsi_reversion,BTC-USDT,4h,17.0,25.0,80.0,-35.62,-13.566,-35.62,9.5,0.01,21,3.9,-1.0,,,,,,,,,,,,,,
rsi_reversion,BTC-USDT,4h,17.0,30.0,60.0,-69.45,-11.284,-69.45,15.2,0.08,79,5.5,-1.0,,,,,,,,,,,,,,
rsi_reversion,BTC-USDT,4h,17.0,30.0,65.0,-66.2,-10.648,-66.2,17.5,0.08,80,3.9,-1.0,,,,,,,,,,,,,,
rsi_reversion,BTC-USDT,4h,17.0,30.0,70.0,-64.16,-12.006,-64.16,14.3,0.04,63,3.6,-1.0,,,,,,,,,,,,,,
rsi_reversion,BTC-USDT,4h,17.0,30.0,75.0,-55.69,-10.755,-55.69,16.0,0.05,50,3.4,-1.0,,,,,,,,,,,,,,
rsi_reversion,BTC-USDT,4h,17.0,30.0,80.0,-49.73,-11.66,-49.73,11.8,0.05,34,4.2,-1.0,,,,,,,,,,,,,,
rsi_reversion,BTC-USDT,4h,17.0,35.0,60.0,-73.31,-11.509,-73.31,18.6,0.07,86,6.0,-1.0,,,,,,,,,,,,,,
rsi_reversion,BTC-USDT,4h,17.0,35.0,65.0,-70.46,-10.922,-70.46,20.7,0.07,87,4.5,-1.0,,,,,,,,,,,,,,
rsi_reversion,BTC-USDT,4h,17.0,35.0,70.0,-68.68,-12.213,-68.68,18.6,0.04,70,4.3,-1.0,,,,,,,,,,,,,,
rsi_reversion,BTC-USDT,4h,17.0,35.0,75.0,-61.28,-11.126,-61.28,21.1,0.05,57,4.4,-1.0,,,,,,,,,,,,,,
rsi_reversion,BTC-USDT,4h,17.0,35.0,80.0,-56.07,-11.978,-56.07,19.5,0.04,41,5.4,-1.0,,,,,,,,,,,,,,
rsi_reversion,BTC-USDT,4h,19.0,20.0,60.0,-53.59,-10.355,-53.59,27.9,0.14,61,5.0,-1.0,,,,,,,,,,,,,,
rsi_reversion,BTC-USDT,4h,19.0,20.0,65.0,-51.28,-14.139,-51.28,13.0,0.05,46,3.8,-1.0,,,,,,,,,,,,,,
rsi_reversion,BTC-USDT,4h,19.0,20.0,70.0,-46.56,-15.308,-46.56,5.7,0.01,35,3.1,-1.0,,,,,,,,,,,,,,
rsi_reversion,BTC-USDT,4h,19.0,20.0,75.0,-37.51,-15.418,-37.51,0.0,0.0,21,2.7,-1.0,,,,,,,,,,,,,,
rsi_reversion,BTC-USDT,4h,19.0,20.0,80.0,-29.25,-17.23,-29.25,0.0,0.0,11,3.2,-1.0,,,,,,,,,,,,,,
rsi_reversion,BTC-USDT,4h,19.0,25.0,60.0,-55.33,-9.431,-55.33,29.0,0.14,62,5.4,-1.0,,,,,,,,,,,,,,
rsi_reversion,BTC-USDT,4h,19.0,25.0,65.0,-53.11,-12.116,-53.11,14.9,0.05,47,4.3,-1.0,,,,,,,,,,,,,,
rsi_reversion,BTC-USDT,4h,19.0,25.0,70.0,-48.57,-12.814,-48.57,8.3,0.02,36,3.8,-1.0,,,,,,,,,,,,,,
rsi_reversion,BTC-USDT,4h,19.0,25.0,75.0,-39.85,-12.795,-39.85,4.5,0.01,22,3.8,-1.0,,,,,,,,,,,,,,
rsi_reversion,BTC-USDT,4h,19.0,25.0,80.0,-31.91,-13.739,-31.91,8.3,0.02,12,5.2,-1.0,,,,,,,,,,,,,,
rsi_reversion,BTC-USDT,4h,19.0,30.0,60.0,-63.83,-9.503,-63.86,29.3,0.13,75,5.2,-1.0,,,,,,,,,,,,,,
rsi_reversion,BTC-USDT,4h,19.0,30.0,65.0,-62.03,-11.526,-62.06,18.3,0.06,60,4.4,-1.0,,,,,,,,,,,,,,
rsi_reversion,BTC-USDT,4h,19.0,30.0,70.0,-58.35,-11.96,-58.39,14.3,0.03,49,4.0,-1.0,,,,,,,,,,,,,,
rsi_reversion,BTC-USDT,4h,19.0,30.0,75.0,-51.29,-11.748,-51.34,14.3,0.03,35,4.1,-1.0,,,,,,,,,,,,,,
rsi_reversion,BTC-USDT,4h,19.0,30.0,80.0,-44.86,-11.754,-44.91,20.0,0.04,25,5.0,-1.0,,,,,,,,,,,,,,
rsi_reversion,BTC-USDT,4h,19.0,35.0,60.0,-68.31,-10.084,-68.34,26.4,0.12,87,5.4,-1.0,,,,,,,,,,,,,,
rsi_reversion,BTC-USDT,4h,19.0,35.0,65.0,-66.74,-12.094,-66.77,16.7,0.05,72,4.7,-1.0,,,,,,,,,,,,,,
rsi_reversion,BTC-USDT,4h,19.0,35.0,70.0,-63.51,-12.47,-63.54,13.1,0.03,61,4.5,-1.0,,,,,,,,,,,,,,
rsi_reversion,BTC-USDT,4h,19.0,35.0,75.0,-57.33,-12.12,-57.37,12.8,0.03,47,4.7,-1.0,,,,,,,,,,,,,,
rsi_reversion,BTC-USDT,4h,19.0,35.0,80.0,-51.69,-11.905,-51.74,16.2,0.04,37,5.4,-1.0,,,,,,,,,,,,,,
rsi_reversion,BTC-USDT,4h,21.0,20.0,60.0,-53.85,-15.729,-53.85,10.5,0.02,57,4.7,-1.0,,,,,,,,,,,,,,
rsi_reversion,BTC-USDT,4h,21.0,20.0,65.0,-46.18,-18.408,-46.18,7.1,0.04,42,3.8,-1.0,,,,,,,,,,,,,,
rsi_reversion,BTC-USDT,4h,21.0,20.0,70.0,-35.25,-15.791,-35.25,9.7,0.02,31,2.5,-1.0,,,,,,,,,,,,,,
rsi_reversion,BTC-USDT,4h,21.0,20.0,75.0,-25.18,-18.049,-25.18,6.2,0.0,16,2.2,-1.0,,,,,,,,,,,,,,
rsi_reversion,BTC-USDT,4h,21.0,20.0,80.0,-18.3,-17.67,-18.3,11.1,0.0,9,2.4,-1.0,,,,,,,,,,,,,,
rsi_reversion,BTC-USDT,4h,21.0,25.0,60.0,-58.49,-11.538,-58.49,8.5,0.02,59,5.2,-1.0,,,,,,,,,,,,,,
rsi_reversion,BTC-USDT,4h,21.0,25.0,65.0,-51.6,-12.028,-51.6,4.5,0.03,44,4.4,-1.0,,,,,,,,,,,,,,
rsi_reversion,BTC-USDT,4h,21.0,25.0,70.0,-41.77,-10.416,-41.77,6.1,0.01,33,3.3,-1.0,,,,,,,,,,,,,,
rsi_reversion,BTC-USDT,4h,21.0,25.0,75.0,-32.71,-10.864,-32.71,0.0,0.0,18,3.8,-1.0,,,,,,,,,,,,,,
rsi_reversion,BTC-USDT,4h,21.0,25.0,80.0,-26.53,-10.807,-26.53,0.0,0.0,11,5.1,-1.0,,,,,,,,,,,,,,
rsi_reversion,BTC-USDT,4h,21.0,30.0,60.0,-63.15,-11.748,-63.16,15.3,0.03,72,5.0,-1.0,,,,,,,,,,,,,,
rsi_reversion,BTC-USDT,4h,21.0,30.0,65.0,-57.03,-12.139,-57.05,14.0,0.04,57,4.3,-1.0,,,,,,,,,,,,,,
rsi_reversion,BTC-USDT,4h,21.0,30.0,70.0,-48.3,-10.668,-48.32,17.4,0.03,46,3.5,-1.0,,,,,,,,,,,,,,
rsi_reversion,BTC-USDT,4h,21.0,30.0,75.0,-40.26,-10.616,-40.61,19.4,0.03,31,3.9,-0.99,,,,,,,,,,,,,,
rsi_reversion,BTC-USDT,4h,21.0,30.0,80.0,-34.76,-10.018,-35.35,25.0,0.04,24,4.5,-0.98,,,,,,,,,,,,,,
rsi_reversion,BTC-USDT,4h,21.0,35.0,60.0,-71.58,-13.172,-71.76,10.0,0.03,80,5.3,-1.0,,,,,,,,,,,,,,
rsi_reversion,BTC-USDT,4h,21.0,35.0,65.0,-66.86,-13.851,-67.07,7.7,0.04,65,4.8,-1.0,,,,,,,,,,,,,,
rsi_reversion,BTC-USDT,4h,21.0,35.0,70.0,-60.13,-12.771,-60.39,9.3,0.03,54,4.2,-1.0,,,,,,,,,,,,,,
rsi_reversion,BTC-USDT,4h,21.0,35.0,75.0,-53.93,-13.329,-54.23,7.7,0.03,39,4.8,-0.99,,,,,,,,,,,,,,
rsi_reversion,BTC-USDT,4h,21.0,35.0,80.0,-49.7,-13.167,-50.02,9.4,0.04,32,5.4,-0.99,,,,,,,,,,,,,,
macd_crossover,BTC-USDT,4h,,,,322.55,19.74,-0.6,90.5,48.75,147,1.0,534.59,6.0,20.0,5.0,,,,,,,,,,,
macd_crossover,BTC-USDT,4h,,,,247.71,17.972,-0.74,84.5,23.8,129,1.0,332.98,6.0,20.0,7.0,,,,,,,,,,,
macd_crossover,BTC-USDT,4h,,,,199.01,17.821,-1.12,84.0,15.01,119,1.0,177.97,6.0,20.0,9.0,,,,,,,,,,,
macd_crossover,BTC-USDT,4h,,,,177.05,18.625,-1.12,85.0,19.44,107,1.0,158.33,6.0,20.0,11.0,,,,,,,,,,,
macd_crossover,BTC-USDT,4h,,,,303.37,19.2,-0.6,90.3,45.74,145,1.0,502.81,6.0,23.0,5.0,,,,,,,,,,,
macd_crossover,BTC-USDT,4h,,,,239.75,17.36,-1.08,82.7,17.35,127,1.0,222.18,6.0,23.0,7.0,,,,,,,,,,,
macd_crossover,BTC-USDT,4h,,,,194.52,18.0,-1.12,83.2,18.26,119,1.0,173.96,6.0,23.0,9.0,,,,,,,,,,,
macd_crossover,BTC-USDT,4h,,,,183.08,20.153,-1.12,88.3,24.35,103,1.0,163.72,6.0,23.0,11.0,,,,,,,,,,,
macd_crossover,BTC-USDT,4h,,,,301.39,19.082,-0.6,88.7,34.91,141,1.0,499.53,6.0,26.0,5.0,,,,,,,,,,,
macd_crossover,BTC-USDT,4h,,,,226.14,17.784,-1.08,83.2,18.65,125,1.0,209.56,6.0,26.0,7.0,,,,,,,,,,,
macd_crossover,BTC-USDT,4h,,,,200.98,19.925,-1.12,87.4,27.1,111,1.0,179.73,6.0,26.0,9.0,,,,,,,,,,,
macd_crossover,BTC-USDT,4h,,,,175.21,20.768,-1.12,87.6,31.3,97,1.0,156.69,6.0,26.0,11.0,,,,,,,,,,,
macd_crossover,BTC-USDT,4h,,,,304.3,19.429,-0.62,89.4,38.65,141,1.0,488.31,6.0,29.0,5.0,,,,,,,,,,,
macd_crossover,BTC-USDT,4h,,,,228.19,19.964,-0.58,89.1,35.61,119,1.0,396.18,6.0,29.0,7.0,,,,,,,,,,,
macd_crossover,BTC-USDT,4h,,,,200.76,21.22,-1.12,87.9,43.24,107,1.0,179.54,6.0,29.0,9.0,,,,,,,,,,,
macd_crossover,BTC-USDT,4h,,,,150.4,19.281,-1.58,87.1,20.27,93,1.0,95.22,6.0,29.0,11.0,,,,,,,,,,,
macd_crossover,BTC-USDT,4h,,,,313.93,19.633,-0.62,87.4,38.01,143,1.0,503.76,6.0,32.0,5.0,,,,,,,,,,,
macd_crossover,BTC-USDT,4h,,,,220.14,19.558,-1.03,87.2,33.24,117,1.0,213.61,6.0,32.0,7.0,,,,,,,,,,,
macd_crossover,BTC-USDT,4h,,,,183.27,20.924,-1.12,87.1,35.67,101,1.0,163.9,6.0,32.0,9.0,,,,,,,,,,,
macd_crossover,BTC-USDT,4h,,,,137.74,18.232,-1.12,83.5,17.61,91,1.0,123.18,6.0,32.0,11.0,,,,,,,,,,,
macd_crossover,BTC-USDT,4h,,,,298.13,19.021,-0.74,86.5,32.64,141,1.0,400.75,6.0,35.0,5.0,,,,,,,,,,,
macd_crossover,BTC-USDT,4h,,,,204.84,19.327,-1.03,86.7,32.57,113,1.0,198.77,6.0,35.0,7.0,,,,,,,,,,,
macd_crossover,BTC-USDT,4h,,,,181.79,20.519,-1.12,87.4,30.56,103,1.0,162.57,6.0,35.0,9.0,,,,,,,,,,,
macd_crossover,BTC-USDT,4h,,,,149.4,19.544,-1.12,88.4,29.96,95,1.0,133.6,6.0,35.0,11.0,,,,,,,,,,,
macd_crossover,BTC-USDT,4h,,,,263.55,18.617,-0.62,85.5,26.99,131,1.0,422.93,8.0,20.0,5.0,,,,,,,,,,,
macd_crossover,BTC-USDT,4h,,,,205.99,18.621,-1.12,82.9,17.6,117,1.0,184.21,8.0,20.0,7.0,,,,,,,,,,,
macd_crossover,BTC-USDT,4h,,,,171.4,20.332,-0.81,87.6,29.75,97,1.0,211.3,8.0,20.0,9.0,,,,,,,,,,,
macd_crossover,BTC-USDT,4h,,,,168.3,21.097,-0.82,90.3,43.13,93,1.0,205.63,8.0,20.0,11.0,,,,,,,,,,,
macd_crossover,BTC-USDT,4h,,,,250.1,17.927,-1.08,83.5,20.05,127,1.0,231.76,8.0,23.0,5.0,,,,,,,,,,,
macd_crossover,BTC-USDT,4h,,,,187.21,18.381,-1.12,84.1,19.45,113,1.0,167.42,8.0,23.0,7.0,,,,,,,,,,,
macd_crossover,BTC-USDT,4h,,,,171.52,20.013,-1.1,86.9,28.1,99,1.0,155.57,8.0,23.0,9.0,,,,,,,,,,,
macd_crossover,BTC-USDT,4h,,,,144.24,19.386,-1.1,85.7,26.83,91,1.0,130.83,8.0,23.0,11.0,,,,,,,,,,,
macd_crossover,BTC-USDT,4h,,,,228.73,17.377,-1.08,83.7,17.96,129,1.0,211.96,8.0,26.0,5.0,,,,,,,,,,,
macd_crossover,BTC-USDT,4h,,,,195.35,20.305,-1.12,87.9,31.0,107,1.0,174.69,8.0,26.0,7.0,,,,,,,,,,,
macd_crossover,BTC-USDT,4h,,,,146.28,18.434,-2.66,86.0,18.74,93,1.0,54.9,8.0,26.0,9.0,,,,,,,,,,,
macd_crossover,BTC-USDT,4h,,,,130.74,18.802,-0.56,84.3,35.32,89,1.0,234.41,8.0,26.0,11.0,,,,,,,,,,,
macd_crossover,BTC-USDT,4h,,,,245.17,19.496,-1.08,88.8,30.21,125,1.0,227.19,8.0,29.0,5.0,,,,,,,,,,,
macd_crossover,BTC-USDT,4h,,,,191.72,21.144,-1.12,87.4,37.84,103,1.0,171.45,8.0,29.0,7.0,,,,,,,,,,,
macd_crossover,BTC-USDT,4h,,,,135.16,19.116,-0.95,85.1,25.21,87,1.0,142.09,8.0,29.0,9.0,,,,,,,,,,,
macd_crossover,BTC-USDT,4h,,,,99.54,15.733,-0.8,81.2,16.27,85,1.0,125.15,8.0,29.0,11.0,,,,,,,,,,,
macd_crossover,BTC-USDT,4h,,,,229.84,20.075,-0.56,87.4,40.1,119,1.0,413.37,8.0,32.0,5.0,,,,,,,,,,,
macd_crossover,BTC-USDT,4h,,,,177.39,20.108,-1.12,85.1,27.83,101,1.0,158.64,8.0,32.0,7.0,,,,,,,,,,,
macd_crossover,BTC-USDT,4h,,,,138.94,19.914,-0.75,86.2,35.1,87,1.0,184.93,8.0,32.0,9.0,,,,,,,,,,,
macd_crossover,BTC-USDT,4h,,,,97.67,14.839,-0.85,78.2,12.69,87,1.0,114.78,8.0,32.0,11.0,,,,,,,,,,,
macd_crossover,BTC-USDT,4h,,,,221.71,20.149,-1.03,87.8,38.57,115,1.0,215.14,8.0,35.0,5.0,,,,,,,,,,,
macd_crossover,BTC-USDT,4h,,,,178.37,20.079,-1.12,85.4,28.01,103,1.0,159.51,8.0,35.0,7.0,,,,,,,,,,,
macd_crossover,BTC-USDT,4h,,,,127.8,18.008,-0.8,86.8,27.36,91,1.0,160.68,8.0,35.0,9.0,,,,,,,,,,,
macd_crossover,BTC-USDT,4h,,,,93.14,16.327,-0.85,81.5,20.3,81,1.0,109.46,8.0,35.0,11.0,,,,,,,,,,,
macd_crossover,BTC-USDT,4h,,,,218.07,17.705,-1.1,83.7,17.32,123,1.0,197.79,10.0,20.0,5.0,,,,,,,,,,,
macd_crossover,BTC-USDT,4h,,,,171.62,20.638,-0.62,89.7,43.09,97,1.0,277.86,10.0,20.0,7.0,,,,,,,,,,,
macd_crossover,BTC-USDT,4h,,,,167.22,20.916,-0.82,90.3,39.84,93,1.0,204.31,10.0,20.0,9.0,,,,,,,,,,,
macd_crossover,BTC-USDT,4h,,,,99.07,15.956,-0.95,80.2,17.62,81,1.0,104.16,10.0,20.0,11.0,,,,,,,,,,,
macd_crossover,BTC-USDT,4h,,,,229.64,19.388,-1.03,86.8,28.99,121,1.0,222.83,10.0,23.0,5.0,,,,,,,,,,,
macd_crossover,BTC-USDT,4h,,,,176.3,20.551,-1.1,87.9,29.8,99,1.0,159.9,10.0,23.0,7.0,,,,,,,,,,,
macd_crossover,BTC-USDT,4h,,,,137.61,18.383,-1.1,84.6,20.67,91,1.0,124.81,10.0,23.0,9.0,,,,,,,,,,,
macd_crossover,BTC-USDT,4h,,,,103.77,16.596,-0.8,83.1,19.05,83,1.0,130.47,10.0,23.0,11.0,,,,,,,,,,,
macd_crossover,BTC-USDT,4h,,,,205.57,19.668,-1.12,86.1,26.24,115,1.0,183.84,10.0,26.0,5.0,,,,,,,,,,,
macd_crossover,BTC-USDT,4h,,,,171.0,20.607,-0.82,86.3,33.27,95,1.0,208.93,10.0,26.0,7.0,,,,,,,,,,,
macd_crossover,BTC-USDT,4h,,,,118.59,17.36,-0.8,83.1,24.82,89,1.0,149.1,10.0,26.0,9.0,,,,,,,,,,,
macd_crossover,BTC-USDT,4h,,,,87.03,14.531,-0.85,78.5,11.2,79,1.0,102.28,10.0,26.0,11.0,,,,,,,,,,,
macd_crossover,BTC-USDT,4h,,,,197.8,20.094,-1.12,86.2,28.82,109,1.0,176.88,10.0,29.0,5.0,,,,,,,,,,,
macd_crossover,BTC-USDT,4h,,,,146.48,20.466,-0.75,87.6,39.86,89,1.0,194.98,10.0,29.0,7.0,,,,,,,,,,,
macd_crossover,BTC-USDT,4h,,,,102.52,16.223,-0.8,82.4,17.35,85,1.0,128.9,10.0,29.0,9.0,,,,,,,,,,,
macd_crossover,BTC-USDT,4h,,,,88.65,16.295,-0.88,81.8,20.3,77,1.0,100.76,10.0,29.0,11.0,,,,,,,,,,,
macd_crossover,BTC-USDT,4h,,,,202.84,21.231,-1.12,87.2,41.42,109,1.0,181.4,10.0,32.0,5.0,,,,,,,,,,,
macd_crossover,BTC-USDT,4h,,,,138.94,19.914,-0.75,86.2,35.1,87,1.0,184.93,10.0,32.0,7.0,,,,,,,,,,,
macd_crossover,BTC-USDT,4h,,,,98.84,15.426,-0.85,81.2,14.94,85,1.0,116.15,10.0,32.0,9.0,,,,,,,,,,,
macd_crossover,BTC-USDT,4h,,,,87.75,16.417,-0.88,82.3,19.76,79,1.0,99.75,10.0,32.0,11.0,,,,,,,,,,,
macd_crossover,BTC-USDT,4h,,,,209.53,21.594,-1.12,89.2,42.34,111,1.0,187.38,10.0,35.0,5.0,,,,,,,,,,,
macd_crossover,BTC-USDT,4h,,,,142.11,19.727,-0.75,89.0,49.43,91,1.0,189.16,10.0,35.0,7.0,,,,,,,,,,,
macd_crossover,BTC-USDT,4h,,,,88.75,15.39,-0.85,80.2,14.73,81,1.0,104.29,10.0,35.0,9.0,,,,,,,,,,,
macd_crossover,BTC-USDT,4h,,,,85.52,17.763,-0.99,86.7,27.57,75,1.0,86.5,10.0,35.0,11.0,,,,,,,,,,,
macd_crossover,BTC-USDT,4h,,,,201.0,18.461,-1.12,83.2,19.37,119,1.0,179.75,12.0,20.0,5.0,,,,,,,,,,,
macd_crossover,BTC-USDT,4h,,,,174.09,21.286,-0.82,89.5,42.89,95,1.0,212.7,12.0,20.0,7.0,,,,,,,,,,,
macd_crossover,BTC-USDT,4h,,,,113.22,17.303,-0.95,81.9,22.6,83,1.0,119.03,12.0,20.0,9.0,,,,,,,,,,,
macd_crossover,BTC-USDT,4h,,,,81.53,14.403,-0.85,79.2,11.88,77,1.0,95.8,12.0,20.0,11.0,,,,,,,,,,,
macd_crossover,BTC-USDT,4h,,,,199.37,20.635,-1.12,88.8,32.15,107,1.0,178.29,12.0,23.0,5.0,,,,,,,,,,,
macd_crossover,BTC-USDT,4h,,,,145.14,18.695,-2.66,87.1,20.41,93,1.0,54.47,12.0,23.0,7.0,,,,,,,,,,,
macd_crossover,BTC-USDT,4h,,,,104.18,15.755,-0.8,80.5,14.25,87,1.0,130.99,12.0,23.0,9.0,,,,,,,,,,,
macd_crossover,BTC-USDT,4h,,,,80.35,15.148,-0.88,81.3,16.6,75,1.0,91.33,12.0,23.0,11.0,,,,,,,,,,,
macd_crossover,BTC-USDT,4h,,,,198.67,22.182,-1.12,90.3,48.54,103,1.0,177.66,12.0,26.0,5.0,,,,,,,,,,,
macd_crossover,BTC-USDT,4h,,,,135.69,18.509,-0.95,83.1,21.83,89,1.0,142.65,12.0,26.0,7.0,,,,,,,,,,,
macd_crossover,BTC-USDT,4h,,,,92.53,14.987,-0.85,79.0,12.87,81,1.0,108.74,12.0,26.0,9.0,,,,,,,,,,,
macd_crossover,BTC-USDT,4h,,,,78.68,16.153,-0.51,83.1,21.76,77,1.0,155.51,12.0,26.0,11.0,,,,,,,,,,,
macd_crossover,BTC-USDT,4h,,,,197.78,21.064,-1.12,87.9,33.83,107,1.0,176.87,12.0,29.0,5.0,,,,,,,,,,,
macd_crossover,BTC-USDT,4h,,,,118.16,17.734,-0.8,85.1,28.89,87,1.0,148.56,12.0,29.0,7.0,,,,,,,,,,,
macd_crossover,BTC-USDT,4h,,,,88.99,16.375,-0.88,83.1,20.71,77,1.0,101.15,12.0,29.0,9.0,,,,,,,,,,,
macd_crossover,BTC-USDT,4h,,,,87.73,19.006,-0.99,89.6,33.22,77,1.0,88.73,12.0,29.0,11.0,,,,,,,,,,,
macd_crossover,BTC-USDT,4h,,,,172.91,20.772,-1.12,90.1,32.04,101,1.0,154.63,12.0,32.0,5.0,,,,,,,,,,,
macd_crossover,BTC-USDT,4h,,,,104.8,15.738,-0.8,80.9,16.4,89,1.0,131.77,12.0,32.0,7.0,,,,,,,,,,,
macd_crossover,BTC-USDT,4h,,,,94.62,16.98,-0.88,84.8,24.7,79,1.0,107.55,12.0,32.0,9.0,,,,,,,,,,,
macd_crossover,BTC-USDT,4h,,,,71.64,18.429,-0.99,84.8,21.55,66,1.0,72.46,12.0,32.0,11.0,,,,,,,,,,,
macd_crossover,BTC-USDT,4h,,,,174.34,20.924,-1.12,90.1,34.87,101,1.0,155.91,12.0,35.0,5.0,,,,,,,,,,,
macd_crossover,BTC-USDT,4h,,,,89.01,15.252,-0.85,80.2,14.45,81,1.0,104.6,12.0,35.0,7.0,,,,,,,,,,,
macd_crossover,BTC-USDT,4h,,,,76.31,17.013,-0.99,84.4,17.25,77,1.0,77.18,12.0,35.0,9.0,,,,,,,,,,,
macd_crossover,BTC-USDT,4h,,,,71.19,18.291,-0.66,84.4,21.84,64,1.0,108.1,12.0,35.0,11.0,,,,,,,,,,,
macd_crossover,BTC-USDT,4h,,,,204.22,21.852,-1.12,90.5,45.82,105,1.0,182.63,14.0,20.0,5.0,,,,,,,,,,,
macd_crossover,BTC-USDT,4h,,,,151.65,19.972,-1.1,88.2,29.9,93,1.0,137.54,14.0,20.0,7.0,,,,,,,,,,,
macd_crossover,BTC-USDT,4h,,,,88.53,14.988,-0.85,79.7,13.75,79,1.0,104.04,14.0,20.0,9.0,,,,,,,,,,,
macd_crossover,BTC-USDT,4h,,,,75.17,14.872,-0.88,80.0,15.87,75,1.0,85.45,14.0,20.0,11.0,,,,,,,,,,,
macd_crossover,BTC-USDT,4h,,,,191.05,21.786,-1.12,91.1,39.69,101,1.0,170.85,14.0,23.0,5.0,,,,,,,,,,,
macd_crossover,BTC-USDT,4h,,,,125.94,18.507,-0.56,85.4,38.4,89,1.0,225.81,14.0,23.0,7.0,,,,,,,,,,,
macd_crossover,BTC-USDT,4h,,,,80.55,15.01,-0.88,81.3,14.41,75,1.0,91.56,14.0,23.0,9.0,,,,,,,,,,,
macd_crossover,BTC-USDT,4h,,,,98.91,17.965,-0.99,88.3,34.8,77,1.0,100.04,14.0,23.0,11.0,,,,,,,,,,,
macd_crossover,BTC-USDT,4h,,,,164.34,21.036,-1.12,89.5,32.95,95,1.0,146.96,14.0,26.0,5.0,,,,,,,,,,,
macd_crossover,BTC-USDT,4h,,,,104.28,16.715,-0.8,81.9,19.33,83,1.0,131.11,14.0,26.0,7.0,,,,,,,,,,,
macd_crossover,BTC-USDT,4h,,,,86.83,16.525,-0.88,84.4,22.65,77,1.0,98.7,14.0,26.0,9.0,,,,,,,,,,,
macd_crossover,BTC-USDT,4h,,,,72.6,18.017,-0.66,84.3,19.4,70,1.0,110.25,14.0,26.0,11.0,,,,,,,,,,,
macd_crossover,BTC-USDT,4h,,,,160.58,19.701,-1.12,85.9,26.85,99,1.0,143.6,14.0,29.0,5.0,,,,,,,,,,,
macd_crossover,BTC-USDT,4h,,,,98.47,15.32,-0.85,81.2,13.83,85,1.0,115.72,14.0,29.0,7.0,,,,,,,,,,,
macd_crossover,BTC-USDT,4h,,,,91.07,18.281,-0.99,87.0,30.5,77,1.0,92.11,14.0,29.0,9.0,,,,,,,,,,,
macd_crossover,BTC-USDT,4h,,,,66.41,17.768,-0.66,84.4,20.74,64,1.0,100.86,14.0,29.0,11.0,,,,,,,,,,,
macd_crossover,BTC-USDT,4h,,,,146.51,18.936,-1.12,87.4,27.35,95,1.0,131.02,14.0,32.0,5.0,,,,,,,,,,,
macd_crossover,BTC-USDT,4h,,,,97.75,16.665,-0.88,82.7,19.55,81,1.0,111.1,14.0,32.0,7.0,,,,,,,,,,,
macd_crossover,BTC-USDT,4h,,,,83.73,19.283,-0.99,88.2,29.29,68,1.0,84.68,14.0,32.0,9.0,,,,,,,,,,,
macd_crossover,BTC-USDT,4h,,,,69.75,18.514,-0.41,85.9,28.43,64,1.0,169.77,14.0,32.0,11.0,,,,,,,,,,,
macd_crossover,BTC-USDT,4h,,,,141.98,18.423,-1.12,87.4,26.44,95,1.0,126.97,14.0,35.0,5.0,,,,,,,,,,,
macd_crossover,BTC-USDT,4h,,,,108.27,17.99,-0.88,85.5,29.79,83,1.0,123.06,14.0,35.0,7.0,,,,,,,,,,,
macd_crossover,BTC-USDT,4h,,,,71.54,17.936,-0.99,83.3,19.55,66,1.0,72.35,14.0,35.0,9.0,,,,,,,,,,,
macd_crossover,BTC-USDT,4h,,,,71.89,18.477,-0.41,85.9,31.74,64,1.0,174.98,14.0,35.0,11.0,,,,,,,,,,,
bb_reversion,BTC-USDT,4h,15.0,,,-92.09,-21.26,-92.09,0.0,0.0,113,2.6,-1.0,,,,1.5,,,,,,,,,,
bb_reversion,BTC-USDT,4h,15.0,,,-80.32,-27.532,-80.32,0.0,0.0,71,1.4,-1.0,,,,2.0,,,,,,,,,,
bb_reversion,BTC-USDT,4h,15.0,,,-39.4,-45.742,-39.4,0.0,0.0,20,1.1,-1.0,,,,2.5,,,,,,,,,,
bb_reversion,BTC-USDT,4h,15.0,,,-12.46,-54.761,-12.46,0.0,0.0,5,1.0,-1.0,,,,3.0,,,,,,,,,,
bb_reversion,BTC-USDT,4h,17.0,,,-91.39,-20.3,-91.39,0.0,0.0,112,2.7,-1.0,,,,1.5,,,,,,,,,,
bb_reversion,BTC-USDT,4h,17.0,,,-78.63,-26.614,-78.63,0.0,0.0,68,1.5,-1.0,,,,2.0,,,,,,,,,,
bb_reversion,BTC-USDT,4h,17.0,,,-46.85,-46.876,-46.85,0.0,0.0,25,1.2,-1.0,,,,2.5,,,,,,,,,,
bb_reversion,BTC-USDT,4h,17.0,,,-14.09,-54.498,-14.09,0.0,0.0,6,1.0,-1.0,,,,3.0,,,,,,,,,,
bb_reversion,BTC-USDT,4h,19.0,,,-90.08,-19.763,-90.12,0.9,0.0,109,2.7,-1.0,,,,1.5,,,,,,,,,,
bb_reversion,BTC-USDT,4h,19.0,,,-80.01,-26.461,-80.01,0.0,0.0,69,1.7,-1.0,,,,2.0,,,,,,,,,,
bb_reversion,BTC-USDT,4h,19.0,,,-47.1,-41.643,-47.1,0.0,0.0,27,1.2,-1.0,,,,2.5,,,,,,,,,,
bb_reversion,BTC-USDT,4h,19.0,,,-12.14,-50.476,-12.14,0.0,0.0,5,1.0,-1.0,,,,3.0,,,,,,,,,,
bb_reversion,BTC-USDT,4h,21.0,,,-88.61,-20.505,-88.61,0.0,0.0,95,3.0,-1.0,,,,1.5,,,,,,,,,,
bb_reversion,BTC-USDT,4h,21.0,,,-77.89,-18.867,-77.89,0.0,0.0,57,2.1,-1.0,,,,2.0,,,,,,,,,,
bb_reversion,BTC-USDT,4h,21.0,,,-46.97,-34.404,-46.97,0.0,0.0,27,1.3,-1.0,,,,2.5,,,,,,,,,,
bb_reversion,BTC-USDT,4h,21.0,,,-12.62,-60.099,-12.62,0.0,0.0,5,1.0,-1.0,,,,3.0,,,,,,,,,,
bb_reversion,BTC-USDT,4h,23.0,,,-87.23,-21.381,-87.23,0.0,0.0,86,3.2,-1.0,,,,1.5,,,,,,,,,,
bb_reversion,BTC-USDT,4h,23.0,,,-76.03,-18.866,-76.03,0.0,0.0,53,2.4,-1.0,,,,2.0,,,,,,,,,,
bb_reversion,BTC-USDT,4h,23.0,,,-55.29,-24.11,-55.29,0.0,0.0,32,1.4,-1.0,,,,2.5,,,,,,,,,,
bb_reversion,BTC-USDT,4h,23.0,,,-20.43,-55.701,-20.43,0.0,0.0,8,1.1,-1.0,,,,3.0,,,,,,,,,,
bb_reversion,BTC-USDT,4h,25.0,,,-86.04,-20.579,-86.04,0.0,0.0,88,3.1,-1.0,,,,1.5,,,,,,,,,,
bb_reversion,BTC-USDT,4h,25.0,,,-74.95,-19.164,-74.95,0.0,0.0,54,2.4,-1.0,,,,2.0,,,,,,,,,,
bb_reversion,BTC-USDT,4h,25.0,,,-51.52,-23.88,-51.52,0.0,0.0,28,1.6,-1.0,,,,2.5,,,,,,,,,,
bb_reversion,BTC-USDT,4h,25.0,,,-22.67,-56.777,-22.67,0.0,0.0,9,1.1,-1.0,,,,3.0,,,,,,,,,,
ema_crossover,BTC-USDT,4h,,,,175.78,8.85,-3.32,71.9,9.67,64,16.9,52.93,5.0,25.0,,,,,,,,,,,,
ema_crossover,BTC-USDT,4h,,,,133.53,7.853,-4.68,67.3,8.74,52,20.8,28.54,5.0,30.0,,,,,,,,,,,,
ema_crossover,BTC-USDT,4h,,,,122.02,7.11,-4.68,57.1,7.09,56,19.3,26.08,5.0,35.0,,,,,,,,,,,,
ema_crossover,BTC-USDT,4h,,,,110.5,7.487,-5.74,58.7,6.78,46,23.5,19.24,5.0,40.0,,,,,,,,,,,,
ema_crossover,BTC-USDT,4h,,,,111.63,7.502,-4.88,59.5,7.33,42,25.7,22.88,5.0,45.0,,,,,,,,,,,,
ema_crossover,BTC-USDT,4h,,,,108.01,7.123,-4.88,60.9,6.49,46,23.5,22.14,5.0,50.0,,,,,,,,,,,,
ema_crossover,BTC-USDT,4h,,,,83.48,5.715,-6.51,52.0,3.59,50,21.6,12.82,8.0,25.0,,,,,,,,,,,,
ema_crossover,BTC-USDT,4h,,,,73.65,5.351,-6.78,54.2,3.32,48,22.5,10.86,8.0,30.0,,,,,,,,,,,,
ema_crossover,BTC-USDT,4h,,,,70.82,5.201,-12.07,45.7,2.99,46,23.5,5.87,8.0,35.0,,,,,,,,,,,,
ema_crossover,BTC-USDT,4h,,,,75.6,5.734,-8.44,47.6,3.34,42,25.7,8.95,8.0,40.0,,,,,,,,,,,,
ema_crossover,BTC-USDT,4h,,,,86.53,6.691,-9.03,50.0,5.06,38,28.4,9.59,8.0,45.0,,,,,,,,,,,,
ema_crossover,BTC-USDT,4h,,,,86.44,7.122,-3.18,46.9,6.34,32,33.8,27.2,8.0,50.0,,,,,,,,,,,,
ema_crossover,BTC-USDT,4h,,,,64.67,4.822,-12.56,47.9,2.69,48,22.5,5.15,11.0,25.0,,,,,,,,,,,,
ema_crossover,BTC-USDT,4h,,,,69.26,5.428,-9.37,50.0,3.0,42,25.7,7.39,11.0,30.0,,,,,,,,,,,,
ema_crossover,BTC-USDT,4h,,,,58.66,4.876,-9.89,50.0,2.73,38,28.4,5.93,11.0,35.0,,,,,,,,,,,,
ema_crossover,BTC-USDT,4h,,,,58.06,5.245,-7.36,41.2,3.15,34,31.8,7.89,11.0,40.0,,,,,,,,,,,,
ema_crossover,BTC-USDT,4h,,,,50.76,5.098,-5.29,39.3,2.97,28,38.6,9.59,11.0,45.0,,,,,,,,,,,,
ema_crossover,BTC-USDT,4h,,,,57.0,6.038,-4.22,41.7,3.83,24,45.0,13.5,11.0,50.0,,,,,,,,,,,,
ema_crossover,BTC-USDT,4h,,,,79.56,6.102,-8.84,50.0,3.61,42,25.7,9.0,14.0,25.0,,,,,,,,,,,,
ema_crossover,BTC-USDT,4h,,,,60.0,5.124,-9.32,47.2,2.87,36,30.0,6.44,14.0,30.0,,,,,,,,,,,,
ema_crossover,BTC-USDT,4h,,,,52.75,5.003,-10.96,40.6,2.85,32,33.8,4.81,14.0,35.0,,,,,,,,,,,,
ema_crossover,BTC-USDT,4h,,,,43.23,4.592,-6.4,39.3,2.67,28,38.6,6.76,14.0,40.0,,,,,,,,,,,,
ema_crossover,BTC-USDT,4h,,,,54.66,5.843,-7.07,41.7,3.63,24,45.0,7.73,14.0,45.0,,,,,,,,,,,,
ema_crossover,BTC-USDT,4h,,,,51.45,5.383,-8.43,46.2,3.21,26,41.5,6.1,14.0,50.0,,,,,,,,,,,,
ema_crossover,BTC-USDT,4h,,,,48.44,4.595,-14.34,47.1,2.42,34,31.8,3.38,17.0,25.0,,,,,,,,,,,,
ema_crossover,BTC-USDT,4h,,,,44.22,4.367,-13.91,37.5,2.45,32,33.8,3.18,17.0,30.0,,,,,,,,,,,,
ema_crossover,BTC-USDT,4h,,,,36.93,3.87,-9.43,40.0,2.25,30,36.0,3.92,17.0,35.0,,,,,,,,,,,,
ema_crossover,BTC-USDT,4h,,,,39.99,4.504,-9.75,37.5,2.48,24,45.0,4.1,17.0,40.0,,,,,,,,,,,,
ema_crossover,BTC-USDT,4h,,,,54.4,5.788,-7.14,45.8,3.77,24,45.0,7.62,17.0,45.0,,,,,,,,,,,,
ema_crossover,BTC-USDT,4h,,,,47.72,5.614,-5.04,45.5,3.23,22,49.1,9.46,17.0,50.0,,,,,,,,,,,,
ema_crossover,BTC-USDT,4h,,,,45.74,4.43,-15.12,40.6,2.46,32,33.8,3.03,20.0,25.0,,,,,,,,,,,,
ema_crossover,BTC-USDT,4h,,,,25.64,2.846,-15.33,33.3,1.76,30,36.0,1.67,20.0,30.0,,,,,,,,,,,,
ema_crossover,BTC-USDT,4h,,,,37.67,4.32,-10.1,38.5,2.32,26,41.5,3.73,20.0,35.0,,,,,,,,,,,,
ema_crossover,BTC-USDT,4h,,,,36.12,4.533,-10.19,40.9,2.38,22,49.1,3.55,20.0,40.0,,,,,,,,,,,,
ema_crossover,BTC-USDT,4h,,,,47.8,6.035,-5.04,55.0,3.21,20,54.0,9.48,20.0,45.0,,,,,,,,,,,,
ema_crossover,BTC-USDT,4h,,,,38.44,5.575,-5.67,44.4,2.7,18,60.0,6.78,20.0,50.0,,,,,,,,,,,,
stoch_rsi,BTC-USDT,4h,7.0,15.0,75.0,39.37,8.798,-2.2,69.7,3.33,109,1.0,17.86,,,,,3.0,3.0,,,,,,,,
stoch_rsi,BTC-USDT,4h,7.0,15.0,80.0,31.8,7.84,-2.38,67.0,2.94,100,1.0,13.38,,,,,3.0,3.0,,,,,,,,
stoch_rsi,BTC-USDT,4h,7.0,15.0,85.0,26.05,7.656,-2.45,69.0,2.86,87,1.0,10.64,,,,,3.0,3.0,,,,,,,,
stoch_rsi,BTC-USDT,4h,7.0,20.0,75.0,43.26,8.57,-2.31,69.7,3.18,119,1.0,18.76,,,,,3.0,3.0,,,,,,,,
stoch_rsi,BTC-USDT,4h,7.0,20.0,80.0,35.48,7.703,-2.38,67.3,2.84,110,1.0,14.92,,,,,3.0,3.0,,,,,,,,
stoch_rsi,BTC-USDT,4h,7.0,20.0,85.0,29.57,7.519,-2.75,69.1,2.76,97,1.0,10.76,,,,,3.0,3.0,,,,,,,,
stoch_rsi,BTC-USDT,4h,7.0,25.0,75.0,47.58,9.018,-2.31,71.0,3.36,124,1.0,20.63,,,,,3.0,3.0,,,,,,,,
stoch_rsi,BTC-USDT,4h,7.0,25.0,80.0,39.57,8.197,-2.38,68.7,3.02,115,1.0,16.64,,,,,3.0,3.0,,,,,,,,
stoch_rsi,BTC-USDT,4h,7.0,25.0,85.0,33.48,8.088,-2.75,70.6,2.96,102,1.0,12.18,,,,,3.0,3.0,,,,,,,,
stoch_rsi,BTC-USDT,4h,9.0,15.0,75.0,74.88,11.53,-1.89,72.8,6.0,114,1.0,39.6,,,,,3.0,3.0,,,,,,,,
stoch_rsi,BTC-USDT,4h,9.0,15.0,80.0,49.9,10.107,-1.6,70.3,4.78,101,1.0,31.25,,,,,3.0,3.0,,,,,,,,
stoch_rsi,BTC-USDT,4h,9.0,15.0,85.0,48.41,9.99,-1.6,69.7,4.69,99,1.0,30.32,,,,,3.0,3.0,,,,,,,,
stoch_rsi,BTC-USDT,4h,9.0,20.0,75.0,76.71,11.21,-2.17,71.4,5.54,119,1.0,35.3,,,,,3.0,3.0,,,,,,,,
stoch_rsi,BTC-USDT,4h,9.0,20.0,80.0,51.47,9.812,-1.72,68.9,4.43,106,1.0,29.93,,,,,3.0,3.0,,,,,,,,
stoch_rsi,BTC-USDT,4h,9.0,20.0,85.0,49.97,9.698,-1.72,68.3,4.35,104,1.0,29.06,,,,,3.0,3.0,,,,,,,,
stoch_rsi,BTC-USDT,4h,9.0,25.0,75.0,89.42,11.797,-1.6,72.8,6.09,125,1.0,56.0,,,,,3.0,3.0,,,,,,,,
stoch_rsi,BTC-USDT,4h,9.0,25.0,80.0,62.37,10.544,-1.6,70.5,5.01,112,1.0,39.06,,,,,3.0,3.0,,,,,,,,
stoch_rsi,BTC-USDT,4h,9.0,25.0,85.0,60.76,10.448,-1.6,70.0,4.92,110,1.0,38.05,,,,,3.0,3.0,,,,,,,,
stoch_rsi,BTC-USDT,4h,11.0,15.0,75.0,45.8,6.898,-4.34,68.5,3.16,108,1.0,10.54,,,,,3.0,3.0,,,,,,,,
stoch_rsi,BTC-USDT,4h,11.0,15.0,80.0,31.31,5.524,-4.34,66.7,2.57,99,1.0,7.21,,,,,3.0,3.0,,,,,,,,
stoch_rsi,BTC-USDT,4h,11.0,15.0,85.0,19.86,4.427,-5.07,65.9,2.09,88,1.0,3.92,,,,,3.0,3.0,,,,,,,,
stoch_rsi,BTC-USDT,4h,11.0,20.0,75.0,57.74,7.662,-4.34,69.2,3.54,117,1.0,13.29,,,,,3.0,3.0,,,,,,,,
stoch_rsi,BTC-USDT,4h,11.0,20.0,80.0,42.06,6.46,-4.34,67.6,2.97,108,1.0,9.68,,,,,3.0,3.0,,,,,,,,
stoch_rsi,BTC-USDT,4h,11.0,20.0,85.0,29.67,5.621,-4.38,67.0,2.52,97,1.0,6.78,,,,,3.0,3.0,,,,,,,,
stoch_rsi,BTC-USDT,4h,11.0,25.0,75.0,65.82,7.724,-4.34,69.1,3.63,123,1.0,15.15,,,,,3.0,3.0,,,,,,,,
stoch_rsi,BTC-USDT,4h,11.0,25.0,80.0,49.34,6.635,-4.34,67.5,3.1,114,1.0,11.36,,,,,3.0,3.0,,,,,,,,
stoch_rsi,BTC-USDT,4h,11.0,25.0,85.0,36.32,5.894,-4.38,67.0,2.69,103,1.0,8.29,,,,,3.0,3.0,,,,,,,,
stoch_rsi,BTC-USDT,4h,13.0,15.0,75.0,37.15,6.146,-3.64,69.0,2.65,100,1.0,10.2,,,,,3.0,3.0,,,,,,,,
stoch_rsi,BTC-USDT,4h,13.0,15.0,80.0,29.74,5.567,-3.64,68.9,2.42,90,1.0,8.16,,,,,3.0,3.0,,,,,,,,
stoch_rsi,BTC-USDT,4h,13.0,15.0,85.0,22.34,4.696,-3.64,69.5,2.13,82,1.0,6.13,,,,,3.0,3.0,,,,,,,,
stoch_rsi,BTC-USDT,4h,13.0,20.0,75.0,40.75,6.289,-3.64,67.9,2.67,106,1.0,11.19,,,,,3.0,3.0,,,,,,,,
stoch_rsi,BTC-USDT,4h,13.0,20.0,80.0,33.14,5.755,-3.64,67.7,2.46,96,1.0,9.1,,,,,3.0,3.0,,,,,,,,
stoch_rsi,BTC-USDT,4h,13.0,20.0,85.0,25.55,4.953,-3.64,68.2,2.19,88,1.0,7.01,,,,,3.0,3.0,,,,,,,,
stoch_rsi,BTC-USDT,4h,13.0,25.0,75.0,44.53,6.512,-3.64,68.2,2.75,110,1.0,12.23,,,,,3.0,3.0,,,,,,,,
stoch_rsi,BTC-USDT,4h,13.0,25.0,80.0,36.72,6.019,-3.64,68.0,2.55,100,1.0,10.08,,,,,3.0,3.0,,,,,,,,
stoch_rsi,BTC-USDT,4h,13.0,25.0,85.0,28.92,5.27,-3.64,68.5,2.29,92,1.0,7.94,,,,,3.0,3.0,,,,,,,,
stoch_rsi,BTC-USDT,4h,15.0,15.0,75.0,42.85,8.875,-2.2,69.8,3.6,106,1.0,19.48,,,,,3.0,3.0,,,,,,,,
stoch_rsi,BTC-USDT,4h,15.0,15.0,80.0,40.06,9.119,-2.2,69.3,3.77,101,1.0,18.21,,,,,3.0,3.0,,,,,,,,
stoch_rsi,BTC-USDT,4h,15.0,15.0,85.0,29.33,7.917,-2.2,66.7,3.16,90,1.0,13.34,,,,,3.0,3.0,,,,,,,,
stoch_rsi,BTC-USDT,4h,15.0,20.0,75.0,43.27,8.749,-2.26,69.1,3.58,110,1.0,19.12,,,,,3.0,3.0,,,,,,,,
stoch_rsi,BTC-USDT,4h,15.0,20.0,80.0,40.46,8.983,-2.2,68.6,3.73,105,1.0,18.4,,,,,3.0,3.0,,,,,,,,
stoch_rsi,BTC-USDT,4h,15.0,20.0,85.0,29.7,7.804,-2.2,66.0,3.14,94,1.0,13.51,,,,,3.0,3.0,,,,,,,,
stoch_rsi,BTC-USDT,4h,15.0,25.0,75.0,52.68,9.195,-2.26,70.1,3.86,117,1.0,23.28,,,,,3.0,3.0,,,,,,,,
stoch_rsi,BTC-USDT,4h,15.0,25.0,80.0,49.69,9.417,-1.93,69.6,4.04,112,1.0,25.77,,,,,3.0,3.0,,,,,,,,
stoch_rsi,BTC-USDT,4h,15.0,25.0,85.0,38.23,8.409,-1.93,67.3,3.5,101,1.0,19.83,,,,,3.0,3.0,,,,,,,,
stoch_rsi,BTC-USDT,4h,17.0,15.0,75.0,83.31,12.034,-2.0,75.7,6.53,107,1.0,41.72,,,,,3.0,3.0,,,,,,,,
stoch_rsi,BTC-USDT,4h,17.0,15.0,80.0,68.92,12.441,-2.0,76.0,6.59,96,1.0,34.51,,,,,3.0,3.0,,,,,,,,
stoch_rsi,BTC-USDT,4h,17.0,15.0,85.0,55.01,12.235,-1.62,75.6,5.86,90,1.0,33.91,,,,,3.0,3.0,,,,,,,,
stoch_rsi,BTC-USDT,4h,17.0,20.0,75.0,90.86,12.443,-2.0,77.0,6.89,113,1.0,45.5,,,,,3.0,3.0,,,,,,,,
stoch_rsi,BTC-USDT,4h,17.0,20.0,80.0,75.87,12.935,-2.0,77.5,7.02,102,1.0,37.99,,,,,3.0,3.0,,,,,,,,
stoch_rsi,BTC-USDT,4h,17.0,20.0,85.0,61.39,12.843,-1.62,77.1,6.31,96,1.0,37.85,,,,,3.0,3.0,,,,,,,,
stoch_rsi,BTC-USDT,4h,17.0,25.0,75.0,95.62,12.282,-1.6,76.9,6.69,117,1.0,59.79,,,,,3.0,3.0,,,,,,,,
stoch_rsi,BTC-USDT,4h,17.0,25.0,80.0,80.26,12.699,-1.6,77.4,6.77,106,1.0,50.19,,,,,3.0,3.0,,,,,,,,
stoch_rsi,BTC-USDT,4h,17.0,25.0,85.0,65.42,12.536,-1.49,77.0,6.12,100,1.0,44.0,,,,,3.0,3.0,,,,,,,,
stoch_rsi,BTC-USDT,4h,19.0,15.0,75.0,61.37,10.547,-2.47,71.0,5.19,100,1.0,24.83,,,,,3.0,3.0,,,,,,,,
stoch_rsi,BTC-USDT,4h,19.0,15.0,80.0,52.94,10.51,-2.47,69.8,4.71,96,1.0,21.42,,,,,3.0,3.0,,,,,,,,
stoch_rsi,BTC-USDT,4h,19.0,15.0,85.0,48.84,10.528,-2.47,70.3,4.57,91,1.0,19.76,,,,,3.0,3.0,,,,,,,,
stoch_rsi,BTC-USDT,4h,19.0,20.0,75.0,66.34,10.785,-2.47,71.4,5.42,105,1.0,26.84,,,,,3.0,3.0,,,,,,,,
stoch_rsi,BTC-USDT,4h,19.0,20.0,80.0,57.65,10.781,-2.47,70.3,4.95,101,1.0,23.32,,,,,3.0,3.0,,,,,,,,
stoch_rsi,BTC-USDT,4h,19.0,20.0,85.0,53.43,10.816,-2.47,70.8,4.82,96,1.0,21.61,,,,,3.0,3.0,,,,,,,,
stoch_rsi,BTC-USDT,4h,19.0,25.0,75.0,69.16,10.982,-2.47,72.0,5.57,107,1.0,27.98,,,,,3.0,3.0,,,,,,,,
stoch_rsi,BTC-USDT,4h,19.0,25.0,80.0,60.32,11.0,-2.47,70.9,5.1,103,1.0,24.4,,,,,3.0,3.0,,,,,,,,
stoch_rsi,BTC-USDT,4h,19.0,25.0,85.0,56.03,11.049,-2.47,71.4,4.97,98,1.0,22.67,,,,,3.0,3.0,,,,,,,,
stoch_rsi,BTC-USDT,4h,21.0,15.0,75.0,59.37,10.81,-2.6,77.5,4.47,102,1.0,22.8,,,,,3.0,3.0,,,,,,,,
stoch_rsi,BTC-USDT,4h,21.0,15.0,80.0,55.8,10.935,-2.6,78.6,4.46,98,1.0,21.43,,,,,3.0,3.0,,,,,,,,
stoch_rsi,BTC-USDT,4h,21.0,15.0,85.0,47.21,10.319,-2.6,77.5,4.15,89,1.0,18.13,,,,,3.0,3.0,,,,,,,,
stoch_rsi,BTC-USDT,4h,21.0,20.0,75.0,65.45,11.003,-2.6,76.9,4.6,108,1.0,25.13,,,,,3.0,3.0,,,,,,,,
stoch_rsi,BTC-USDT,4h,21.0,20.0,80.0,61.75,11.13,-2.6,77.9,4.59,104,1.0,23.71,,,,,3.0,3.0,,,,,,,,
stoch_rsi,BTC-USDT,4h,21.0,20.0,85.0,52.83,10.567,-2.6,76.8,4.31,95,1.0,20.29,,,,,3.0,3.0,,,,,,,,
stoch_rsi,BTC-USDT,4h,21.0,25.0,75.0,69.68,10.718,-2.6,75.4,4.5,114,1.0,26.76,,,,,3.0,3.0,,,,,,,,
stoch_rsi,BTC-USDT,4h,21.0,25.0,80.0,65.89,10.815,-2.6,76.4,4.5,110,1.0,25.3,,,,,3.0,3.0,,,,,,,,
stoch_rsi,BTC-USDT,4h,21.0,25.0,85.0,56.74,10.281,-2.6,75.2,4.23,101,1.0,21.79,,,,,3.0,3.0,,,,,,,,
kc_breakout,BTC-USDT,4h,15.0,,,433.54,19.648,0.0,100.0,999.0,69,2.6,0.0,,,,,,,1.5,,,,,,,
kc_breakout,BTC-USDT,4h,15.0,,,161.96,26.172,0.0,100.0,999.0,32,1.9,0.0,,,,,,,2.0,,,,,,,
kc_breakout,BTC-USDT,4h,15.0,,,43.79,24.694,0.0,100.0,999.0,10,1.6,0.0,,,,,,,2.5,,,,,,,
kc_breakout,BTC-USDT,4h,15.0,,,10.09,36.306,0.0,100.0,999.0,2,1.5,0.0,,,,,,,3.0,,,,,,,
kc_breakout,BTC-USDT,4h,17.0,,,451.93,19.153,0.0,100.0,999.0,71,2.8,0.0,,,,,,,1.5,,,,,,,
kc_breakout,BTC-USDT,4h,17.0,,,183.51,23.595,0.0,100.0,999.0,37,2.1,0.0,,,,,,,2.0,,,,,,,
kc_breakout,BTC-USDT,4h,17.0,,,77.83,27.232,0.0,100.0,999.0,17,1.6,0.0,,,,,,,2.5,,,,,,,
kc_breakout,BTC-USDT,4h,17.0,,,20.51,22.365,0.0,100.0,999.0,4,2.2,0.0,,,,,,,3.0,,,,,,,
kc_breakout,BTC-USDT,4h,19.0,,,468.32,16.953,0.0,100.0,999.0,72,3.2,0.0,,,,,,,1.5,,,,,,,
kc_breakout,BTC-USDT,4h,19.0,,,200.71,19.368,0.0,100.0,999.0,42,2.5,0.0,,,,,,,2.0,,,,,,,
kc_breakout,BTC-USDT,4h,19.0,,,101.03,22.633,0.0,100.0,999.0,22,2.0,0.0,,,,,,,2.5,,,,,,,
kc_breakout,BTC-USDT,4h,19.0,,,31.35,22.967,0.0,100.0,999.0,7,1.9,0.0,,,,,,,3.0,,,,,,,
kc_breakout,BTC-USDT,4h,21.0,,,488.38,16.75,0.0,100.0,999.0,81,3.2,0.0,,,,,,,1.5,,,,,,,
kc_breakout,BTC-USDT,4h,21.0,,,236.3,19.143,0.0,100.0,999.0,48,2.6,0.0,,,,,,,2.0,,,,,,,
kc_breakout,BTC-USDT,4h,21.0,,,123.03,22.724,0.0,100.0,999.0,27,2.0,0.0,,,,,,,2.5,,,,,,,
kc_breakout,BTC-USDT,4h,21.0,,,38.68,24.019,0.0,100.0,999.0,9,1.9,0.0,,,,,,,3.0,,,,,,,
kc_breakout,BTC-USDT,4h,23.0,,,479.97,16.842,0.0,100.0,999.0,82,3.5,0.0,,,,,,,1.5,,,,,,,
kc_breakout,BTC-USDT,4h,23.0,,,247.73,16.196,0.0,100.0,999.0,49,3.0,0.0,,,,,,,2.0,,,,,,,
kc_breakout,BTC-USDT,4h,23.0,,,148.33,21.362,0.0,100.0,999.0,30,2.5,0.0,,,,,,,2.5,,,,,,,
kc_breakout,BTC-USDT,4h,23.0,,,55.64,31.827,0.0,100.0,999.0,11,2.3,0.0,,,,,,,3.0,,,,,,,
kc_breakout,BTC-USDT,4h,25.0,,,473.48,16.788,0.0,100.0,999.0,83,3.7,0.0,,,,,,,1.5,,,,,,,
kc_breakout,BTC-USDT,4h,25.0,,,274.17,17.529,0.0,100.0,999.0,51,3.3,0.0,,,,,,,2.0,,,,,,,
kc_breakout,BTC-USDT,4h,25.0,,,146.24,21.974,0.0,100.0,999.0,29,2.9,0.0,,,,,,,2.5,,,,,,,
kc_breakout,BTC-USDT,4h,25.0,,,79.1,26.463,0.0,100.0,999.0,15,2.5,0.0,,,,,,,3.0,,,,,,,
rsi_adx_combo,BTC-USDT,4h,,,,34.85,2.795,-16.44,44.1,1.67,59,17.2,2.12,,,,,,,,14.0,25.0,65.0,14.0,20.0,,
rsi_adx_combo,BTC-USDT,4h,,,,24.63,1.944,-25.84,36.6,1.44,71,12.3,0.95,,,,,,,,14.0,25.0,65.0,14.0,25.0,,
rsi_adx_combo,BTC-USDT,4h,,,,35.72,2.935,-15.34,42.9,1.72,56,18.1,2.33,,,,,,,,14.0,25.0,70.0,14.0,20.0,,
rsi_adx_combo,BTC-USDT,4h,,,,29.5,2.373,-21.94,34.4,1.56,64,13.4,1.34,,,,,,,,14.0,25.0,70.0,14.0,25.0,,
rsi_adx_combo,BTC-USDT,4h,,,,35.6,2.953,-15.42,41.8,1.72,55,18.4,2.31,,,,,,,,14.0,25.0,75.0,14.0,20.0,,
rsi_adx_combo,BTC-USDT,4h,,,,34.94,2.751,-18.77,33.9,1.68,62,13.8,1.86,,,,,,,,14.0,25.0,75.0,14.0,25.0,,
rsi_adx_combo,BTC-USDT,4h,,,,35.8,2.829,-16.44,45.0,1.69,60,17.0,2.18,,,,,,,,14.0,30.0,65.0,14.0,20.0,,
rsi_adx_combo,BTC-USDT,4h,,,,26.01,1.999,-25.84,37.0,1.46,73,12.0,1.01,,,,,,,,14.0,30.0,65.0,14.0,25.0,,
rsi_adx_combo,BTC-USDT,4h,,,,36.68,2.968,-15.34,43.9,1.74,57,17.8,2.39,,,,,,,,14.0,30.0,70.0,14.0,20.0,,
rsi_adx_combo,BTC-USDT,4h,,,,30.93,2.425,-21.94,34.8,1.58,66,13.1,1.41,,,,,,,,14.0,30.0,70.0,14.0,25.0,,
rsi_adx_combo,BTC-USDT,4h,,,,36.56,2.987,-15.42,42.9,1.74,56,18.1,2.37,,,,,,,,14.0,30.0,75.0,14.0,20.0,,
rsi_adx_combo,BTC-USDT,4h,,,,36.43,2.798,-18.77,34.4,1.71,64,13.5,1.94,,,,,,,,14.0,30.0,75.0,14.0,25.0,,
rsi_adx_combo,BTC-USDT,4h,,,,35.01,2.761,-16.44,44.3,1.68,61,16.8,2.13,,,,,,,,14.0,35.0,65.0,14.0,20.0,,
rsi_adx_combo,BTC-USDT,4h,,,,21.96,1.689,-25.84,36.7,1.38,79,11.3,0.85,,,,,,,,14.0,35.0,65.0,14.0,25.0,,
rsi_adx_combo,BTC-USDT,4h,,,,35.89,2.897,-15.34,43.1,1.73,58,17.6,2.34,,,,,,,,14.0,35.0,70.0,14.0,20.0,,
rsi_adx_combo,BTC-USDT,4h,,,,26.73,2.071,-21.94,34.7,1.48,72,12.2,1.22,,,,,,,,14.0,35.0,70.0,14.0,25.0,,
rsi_adx_combo,BTC-USDT,4h,,,,35.76,2.914,-15.42,42.1,1.73,57,17.9,2.32,,,,,,,,14.0,35.0,75.0,14.0,20.0,,
rsi_adx_combo,BTC-USDT,4h,,,,32.05,2.418,-18.77,34.3,1.59,70,12.5,1.71,,,,,,,,14.0,35.0,75.0,14.0,25.0,,
rsi_vol_combo,BTC-USDT,4h,,,,-58.66,-18.584,-58.88,12.0,0.03,50,1.4,-1.0,,,,,,,,14.0,25.0,65.0,,,20.0,1.5
rsi_vol_combo,BTC-USDT,4h,,,,-47.46,-18.5,-47.73,15.2,0.04,33,1.2,-0.99,,,,,,,,14.0,25.0,65.0,,,20.0,2.0
rsi_vol_combo,BTC-USDT,4h,,,,-56.15,-21.267,-56.15,7.1,0.01,42,1.5,-1.0,,,,,,,,14.0,25.0,70.0,,,20.0,1.5
rsi_vol_combo,BTC-USDT,4h,,,,-46.78,-20.04,-46.78,10.0,0.02,30,1.3,-1.0,,,,,,,,14.0,25.0,70.0,,,20.0,2.0
rsi_vol_combo,BTC-USDT,4h,,,,-50.36,-22.19,-50.36,9.4,0.02,32,1.6,-1.0,,,,,,,,14.0,25.0,75.0,,,20.0,1.5
rsi_vol_combo,BTC-USDT,4h,,,,-42.05,-20.728,-42.05,12.5,0.02,24,1.3,-1.0,,,,,,,,14.0,25.0,75.0,,,20.0,2.0
rsi_vol_combo,BTC-USDT,4h,,,,-63.85,-18.588,-63.85,11.5,0.02,61,1.4,-1.0,,,,,,,,14.0,30.0,65.0,,,20.0,1.5
rsi_vol_combo,BTC-USDT,4h,,,,-53.43,-19.023,-53.43,12.2,0.03,41,1.2,-1.0,,,,,,,,14.0,30.0,65.0,,,20.0,2.0
rsi_vol_combo,BTC-USDT,4h,,,,-61.65,-20.739,-61.65,7.5,0.01,53,1.4,-1.0,,,,,,,,14.0,30.0,70.0,,,20.0,1.5
rsi_vol_combo,BTC-USDT,4h,,,,-52.82,-20.323,-52.82,7.9,0.02,38,1.2,-1.0,,,,,,,,14.0,30.0,70.0,,,20.0,2.0
rsi_vol_combo,BTC-USDT,4h,,,,-56.58,-21.097,-56.58,9.3,0.01,43,1.5,-1.0,,,,,,,,14.0,30.0,75.0,,,20.0,1.5
rsi_vol_combo,BTC-USDT,4h,,,,-48.63,-20.783,-48.63,9.4,0.02,32,1.2,-1.0,,,,,,,,14.0,30.0,75.0,,,20.0,2.0
rsi_vol_combo,BTC-USDT,4h,,,,-68.69,-18.388,-68.69,12.7,0.03,71,1.4,-1.0,,,,,,,,14.0,35.0,65.0,,,20.0,1.5
rsi_vol_combo,BTC-USDT,4h,,,,-57.16,-19.426,-57.16,13.3,0.03,45,1.2,-1.0,,,,,,,,14.0,35.0,65.0,,,20.0,2.0
rsi_vol_combo,BTC-USDT,4h,,,,-66.79,-20.138,-66.79,9.5,0.02,63,1.4,-1.0,,,,,,,,14.0,35.0,70.0,,,20.0,1.5
rsi_vol_combo,BTC-USDT,4h,,,,-56.6,-20.658,-56.6,9.5,0.02,42,1.2,-1.0,,,,,,,,14.0,35.0,70.0,,,20.0,2.0
rsi_vol_combo,BTC-USDT,4h,,,,-62.4,-20.288,-62.4,11.3,0.02,53,1.5,-1.0,,,,,,,,14.0,35.0,75.0,,,20.0,1.5
rsi_vol_combo,BTC-USDT,4h,,,,-52.75,-21.12,-52.75,11.1,0.02,36,1.2,-1.0,,,,,,,,14.0,35.0,75.0,,,20.0,2.0
rsi_reversion,ETH-USDT,1d,7.0,20.0,60.0,-99.99,-11.739,-99.99,16.2,0.05,130,3.8,-1.0,,,,,,,,,,,,,,
rsi_reversion,ETH-USDT,1d,7.0,20.0,65.0,-99.97,-11.684,-99.97,17.2,0.05,122,3.4,-1.0,,,,,,,,,,,,,,
rsi_reversion,ETH-USDT,1d,7.0,20.0,70.0,-99.94,-13.841,-99.94,18.9,0.04,111,3.2,-1.0,,,,,,,,,,,,,,
rsi_reversion,ETH-USDT,1d,7.0,20.0,75.0,-99.84,-13.999,-99.84,21.1,0.04,90,3.2,-1.0,,,,,,,,,,,,,,
rsi_reversion,ETH-USDT,1d,7.0,20.0,80.0,-99.73,-15.668,-99.73,20.8,0.03,77,3.2,-1.0,,,,,,,,,,,,,,
rsi_reversion,ETH-USDT,1d,7.0,25.0,60.0,-99.99,-12.41,-99.99,14.7,0.05,143,3.8,-1.0,,,,,,,,,,,,,,
rsi_reversion,ETH-USDT,1d,7.0,25.0,65.0,-99.99,-12.405,-99.99,15.6,0.05,135,3.5,-1.0,,,,,,,,,,,,,,
rsi_reversion,ETH-USDT,1d,7.0,25.0,70.0,-99.98,-14.721,-99.98,16.9,0.04,124,3.3,-1.0,,,,,,,,,,,,,,
rsi_reversion,ETH-USDT,1d,7.0,25.0,75.0,-99.93,-14.979,-99.93,18.4,0.04,103,3.4,-1.0,,,,,,,,,,,,,,
rsi_reversion,ETH-USDT,1d,7.0,25.0,80.0,-99.89,-16.734,-99.89,17.8,0.03,90,3.4,-1.0,,,,,,,,,,,,,,
rsi_reversion,ETH-USDT,1d,7.0,30.0,60.0,-100.0,-12.695,-100.0,12.3,0.04,162,3.8,-1.0,,,,,,,,,,,,,,
rsi_reversion,ETH-USDT,1d,7.0,30.0,65.0,-100.0,-12.715,-100.0,13.0,0.04,154,3.5,-1.0,,,,,,,,,,,,,,
rsi_reversion,ETH-USDT,1d,7.0,30.0,70.0,-99.99,-15.026,-99.99,14.0,0.03,143,3.3,-1.0,,,,,,,,,,,,,,
rsi_reversion,ETH-USDT,1d,7.0,30.0,75.0,-99.97,-15.256,-99.97,14.8,0.03,122,3.4,-1.0,,,,,,,,,,,,,,
rsi_reversion,ETH-USDT,1d,7.0,30.0,80.0,-99.95,-16.865,-99.95,13.8,0.02,109,3.3,-1.0,,,,,,,,,,,,,,
rsi_reversion,ETH-USDT,1d,7.0,35.0,60.0,-100.0,-12.198,-100.0,14.0,0.05,178,3.8,-1.0,,,,,,,,,,,,,,
rsi_reversion,ETH-USDT,1d,7.0,35.0,65.0,-100.0,-12.193,-100.0,14.7,0.05,170,3.6,-1.0,,,,,,,,,,,,,,
rsi_reversion,ETH-USDT,1d,7.0,35.0,70.0,-99.99,-14.183,-99.99,15.7,0.04,159,3.4,-1.0,,,,,,,,,,,,,,
rsi_reversion,ETH-USDT,1d,7.0,35.0,75.0,-99.98,-14.258,-99.98,16.7,0.04,138,3.5,-1.0,,,,,,,,,,,,,,
rsi_reversion,ETH-USDT,1d,7.0,35.0,80.0,-99.97,-15.48,-99.97,16.0,0.03,125,3.5,-1.0,,,,,,,,,,,,,,
rsi_reversion,ETH-USDT,1d,9.0,20.0,60.0,-99.94,-11.67,-99.94,16.8,0.03,101,4.2,-1.0,,,,,,,,,,,,,,
rsi_reversion,ETH-USDT,1d,9.0,20.0,65.0,-99.9,-12.386,-99.9,15.1,0.02,93,3.8,-1.0,,,,,,,,,,,,,,
rsi_reversion,ETH-USDT,1d,9.0,20.0,70.0,-99.69,-14.221,-99.69,13.1,0.02,84,3.5,-1.0,,,,,,,,,,,,,,
rsi_reversion,ETH-USDT,1d,9.0,20.0,75.0,-99.16,-13.885,-99.16,11.8,0.02,68,3.4,-1.0,,,,,,,,,,,,,,
rsi_reversion,ETH-USDT,1d,9.0,20.0,80.0,-98.83,-15.359,-98.83,12.7,0.02,63,3.0,-1.0,,,,,,,,,,,,,,
rsi_reversion,ETH-USDT,1d,9.0,25.0,60.0,-99.98,-12.055,-99.98,15.4,0.02,117,4.2,-1.0,,,,,,,,,,,,,,
rsi_reversion,ETH-USDT,1d,9.0,25.0,65.0,-99.96,-12.766,-99.96,13.8,0.02,109,3.8,-1.0,,,,,,,,,,,,,,
rsi_reversion,ETH-USDT,1d,9.0,25.0,70.0,-99.88,-14.566,-99.88,12.0,0.02,100,3.5,-1.0,,,,,,,,,,,,,,
rsi_reversion,ETH-USDT,1d,9.0,25.0,75.0,-99.68,-14.309,-99.68,10.7,0.02,84,3.5,-1.0,,,,,,,,,,,,,,
rsi_reversion,ETH-USDT,1d,9.0,25.0,80.0,-99.55,-15.648,-99.55,11.4,0.02,79,3.2,-1.0,,,,,,,,,,,,,,
rsi_reversion,ETH-USDT,1d,9.0,30.0,60.0,-99.99,-11.963,-99.99,15.6,0.03,135,4.2,-1.0,,,,,,,,,,,,,,
rsi_reversion,ETH-USDT,1d,9.0,30.0,65.0,-99.98,-12.607,-99.98,14.2,0.03,127,3.9,-1.0,,,,,,,,,,,,,,
rsi_reversion,ETH-USDT,1d,9.0,30.0,70.0,-99.95,-14.215,-99.95,12.7,0.03,118,3.6,-1.0,,,,,,,,,,,,,,
rsi_reversion,ETH-USDT,1d,9.0,30.0,75.0,-99.85,-13.935,-99.85,11.8,0.03,102,3.6,-1.0,,,,,,,,,,,,,,
rsi_reversion,ETH-USDT,1d,9.0,30.0,80.0,-99.79,-15.037,-99.79,12.4,0.03,97,3.4,-1.0,,,,,,,,,,,,,,
rsi_reversion,ETH-USDT,1d,9.0,35.0,60.0,-99.99,-11.998,-99.99,16.2,0.03,142,4.5,-1.0,,,,,,,,,,,,,,
rsi_reversion,ETH-USDT,1d,9.0,35.0,65.0,-99.99,-12.624,-99.99,14.9,0.02,134,4.2,-1.0,,,,,,,,,,,,,,
rsi_reversion,ETH-USDT,1d,9.0,35.0,70.0,-99.96,-14.168,-99.96,13.6,0.03,125,4.0,-1.0,,,,,,,,,,,,,,
rsi_reversion,ETH-USDT,1d,9.0,35.0,75.0,-99.9,-13.897,-99.9,12.8,0.03,109,4.1,-1.0,,,,,,,,,,,,,,
rsi_reversion,ETH-USDT,1d,9.0,35.0,80.0,-99.86,-14.926,-99.86,13.5,0.02,104,3.9,-1.0,,,,,,,,,,,,,,
rsi_reversion,ETH-USDT,1d,11.0,20.0,60.0,-99.9,-11.358,-99.9,21.2,0.03,85,4.6,-1.0,,,,,,,,,,,,,,
rsi_reversion,ETH-USDT,1d,11.0,20.0,65.0,-99.85,-12.825,-99.85,15.6,0.02,64,4.9,-1.0,,,,,,,,,,,,,,
rsi_reversion,ETH-USDT,1d,11.0,20.0,70.0,-99.75,-13.594,-99.75,3.2,0.01,63,4.1,-1.0,,,,,,,,,,,,,,
rsi_reversion,ETH-USDT,1d,11.0,20.0,75.0,-98.58,-14.066,-98.59,8.8,0.01,57,3.3,-1.0,,,,,,,,,,,,,,
rsi_reversion,ETH-USDT,1d,11.0,20.0,80.0,-97.11,-15.391,-97.11,6.4,0.01,47,3.0,-1.0,,,,,,,,,,,,,,
rsi_reversion,ETH-USDT,1d,11.0,25.0,60.0,-99.94,-11.073,-99.94,18.6,0.03,97,4.5,-1.0,,,,,,,,,,,,,,
rsi_reversion,ETH-USDT,1d,11.0,25.0,65.0,-99.9,-12.207,-99.9,13.2,0.02,76,4.7,-1.0,,,,,,,,,,,,,,
rsi_reversion,ETH-USDT,1d,11.0,25.0,70.0,-99.84,-12.904,-99.84,2.7,0.01,75,4.0,-1.0,,,,,,,,,,,,,,
rsi_reversion,ETH-USDT,1d,11.0,25.0,75.0,-99.06,-13.354,-99.06,7.2,0.01,69,3.3,-1.0,,,,,,,,,,,,,,
rsi_reversion,ETH-USDT,1d,11.0,25.0,80.0,-98.09,-14.307,-98.09,5.1,0.01,59,3.1,-1.0,,,,,,,,,,,,,,
rsi_reversion,ETH-USDT,1d,11.0,30.0,60.0,-99.97,-11.011,-99.97,19.0,0.03,116,4.4,-1.0,,,,,,,,,,,,,,
rsi_reversion,ETH-USDT,1d,11.0,30.0,65.0,-99.96,-11.885,-99.96,14.7,0.02,95,4.6,-1.0,,,,,,,,,,,,,,
rsi_reversion,ETH-USDT,1d,11.0,30.0,70.0,-99.93,-12.519,-99.93,6.4,0.01,94,4.0,-1.0,,,,,,,,,,,,,,
rsi_reversion,ETH-USDT,1d,11.0,30.0,75.0,-99.62,-12.967,-99.62,10.2,0.02,88,3.5,-1.0,,,,,,,,,,,,,,
rsi_reversion,ETH-USDT,1d,11.0,30.0,80.0,-99.23,-13.654,-99.23,9.0,0.02,78,3.3,-1.0,,,,,,,,,,,,,,
rsi_reversion,ETH-USDT,1d,11.0,35.0,60.0,-99.99,-11.096,-99.99,20.0,0.04,125,4.8,-1.0,,,,,,,,,,,,,,
rsi_reversion,ETH-USDT,1d,11.0,35.0,65.0,-99.98,-11.906,-99.98,16.3,0.03,104,5.1,-1.0,,,,,,,,,,,,,,
rsi_reversion,ETH-USDT,1d,11.0,35.0,70.0,-99.96,-12.505,-99.96,8.7,0.02,103,4.5,-1.0,,,,,,,,,,,,,,
rsi_reversion,ETH-USDT,1d,11.0,35.0,75.0,-99.79,-12.91,-99.79,12.4,0.02,97,4.1,-1.0,,,,,,,,,,,,,,
rsi_reversion,ETH-USDT,1d,11.0,35.0,80.0,-99.57,-13.496,-99.57,11.5,0.03,87,4.0,-1.0,,,,,,,,,,,,,,
rsi_reversion,ETH-USDT,1d,13.0,20.0,60.0,-99.73,-11.422,-99.73,23.1,0.05,65,5.5,-1.0,,,,,,,,,,,,,,
rsi_reversion,ETH-USDT,1d,13.0,20.0,65.0,-99.75,-13.358,-99.75,7.7,0.01,52,5.3,-1.0,,,,,,,,,,,,,,
rsi_reversion,ETH-USDT,1d,13.0,20.0,70.0,-99.34,-13.467,-99.34,8.5,0.01,47,4.7,-1.0,,,,,,,,,,,,,,
rsi_reversion,ETH-USDT,1d,13.0,20.0,75.0,-97.99,-12.248,-97.99,15.4,0.02,39,4.0,-1.0,,,,,,,,,,,,,,
rsi_reversion,ETH-USDT,1d,13.0,20.0,80.0,-95.33,-16.525,-95.33,10.7,0.01,28,3.5,-1.0,,,,,,,,,,,,,,
rsi_reversion,ETH-USDT,1d,13.0,25.0,60.0,-99.85,-10.844,-99.85,22.5,0.06,80,5.0,-1.0,,,,,,,,,,,,,,
rsi_reversion,ETH-USDT,1d,13.0,25.0,65.0,-99.86,-12.221,-99.86,10.4,0.01,67,4.8,-1.0,,,,,,,,,,,,,,
rsi_reversion,ETH-USDT,1d,13.0,25.0,70.0,-99.63,-12.24,-99.63,11.3,0.02,62,4.3,-1.0,,,,,,,,,,,,,,
rsi_reversion,ETH-USDT,1d,13.0,25.0,75.0,-98.89,-11.175,-98.89,16.7,0.03,54,3.7,-1.0,,,,,,,,,,,,,,
rsi_reversion,ETH-USDT,1d,13.0,25.0,80.0,-97.4,-13.655,-97.4,14.0,0.02,43,3.3,-1.0,,,,,,,,,,,,,,
rsi_reversion,ETH-USDT,1d,13.0,30.0,60.0,-99.92,-10.429,-99.92,22.4,0.06,98,4.8,-1.0,,,,,,,,,,,,,,
rsi_reversion,ETH-USDT,1d,13.0,30.0,65.0,-99.92,-11.449,-99.92,12.9,0.03,85,4.6,-1.0,,,,,,,,,,,,,,
rsi_reversion,ETH-USDT,1d,13.0,30.0,70.0,-99.8,-11.465,-99.8,13.8,0.03,80,4.2,-1.0,,,,,,,,,,,,,,
rsi_reversion,ETH-USDT,1d,13.0,30.0,75.0,-99.38,-10.558,-99.38,18.1,0.05,72,3.8,-1.0,,,,,,,,,,,,,,
rsi_reversion,ETH-USDT,1d,13.0,30.0,80.0,-98.56,-12.366,-98.56,16.4,0.04,61,3.5,-1.0,,,,,,,,,,,,,,
rsi_reversion,ETH-USDT,1d,13.0,35.0,60.0,-99.95,-10.692,-99.95,22.3,0.07,112,5.0,-1.0,,,,,,,,,,,,,,
rsi_reversion,ETH-USDT,1d,13.0,35.0,65.0,-99.96,-11.6,-99.96,14.1,0.03,99,4.8,-1.0,,,,,,,,,,,,,,
rsi_reversion,ETH-USDT,1d,13.0,35.0,70.0,-99.89,-11.709,-99.89,14.9,0.04,94,4.5,-1.0,,,,,,,,,,,,,,
rsi_reversion,ETH-USDT,1d,13.0,35.0,75.0,-99.66,-10.954,-99.66,18.6,0.05,86,4.2,-1.0,,,,,,,,,,,,,,
rsi_reversion,ETH-USDT,1d,13.0,35.0,80.0,-99.22,-12.817,-99.22,17.3,0.05,75,4.0,-1.0,,,,,,,,,,,,,,
rsi_reversion,ETH-USDT,1d,15.0,20.0,60.0,-99.62,-13.733,-99.62,12.7,0.02,55,6.0,-1.0,,,,,,,,,,,,,,
rsi_reversion,ETH-USDT,1d,15.0,20.0,65.0,-99.45,-14.269,-99.45,4.1,0.0,49,5.1,-1.0,,,,,,,,,,,,,,
rsi_reversion,ETH-USDT,1d,15.0,20.0,70.0,-98.96,-13.644,-98.96,0.0,0.0,39,5.0,-1.0,,,,,,,,,,,,,,
rsi_reversion,ETH-USDT,1d,15.0,20.0,75.0,-97.82,-12.709,-97.82,5.9,0.0,34,4.1,-1.0,,,,,,,,,,,,,,
rsi_reversion,ETH-USDT,1d,15.0,20.0,80.0,-94.3,-19.76,-94.3,0.0,0.0,18,4.9,-1.0,,,,,,,,,,,,,,
rsi_reversion,ETH-USDT,1d,15.0,25.0,60.0,-99.78,-13.566,-99.78,11.5,0.02,61,6.0,-1.0,,,,,,,,,,,,,,
rsi_reversion,ETH-USDT,1d,15.0,25.0,65.0,-99.68,-14.023,-99.68,3.6,0.0,55,5.2,-1.0,,,,,,,,,,,,,,
rsi_reversion,ETH-USDT,1d,15.0,25.0,70.0,-99.4,-13.436,-99.4,0.0,0.0,45,5.1,-1.0,,,,,,,,,,,,,,
rsi_reversion,ETH-USDT,1d,15.0,25.0,75.0,-98.74,-12.613,-98.74,5.0,0.0,40,4.4,-1.0,,,,,,,,,,,,,,
rsi_reversion,ETH-USDT,1d,15.0,25.0,80.0,-96.7,-17.603,-96.7,0.0,0.0,24,5.2,-1.0,,,,,,,,,,,,,,
rsi_reversion,ETH-USDT,1d,15.0,30.0,60.0,-99.86,-11.984,-99.86,18.8,0.05,80,5.3,-1.0,,,,,,,,,,,,,,
rsi_reversion,ETH-USDT,1d,15.0,30.0,65.0,-99.8,-12.188,-99.8,13.5,0.04,74,4.6,-1.0,,,,,,,,,,,,,,
rsi_reversion,ETH-USDT,1d,15.0,30.0,70.0,-99.61,-11.462,-99.61,12.5,0.04,64,4.5,-1.0,,,,,,,,,,,,,,
rsi_reversion,ETH-USDT,1d,15.0,30.0,75.0,-99.19,-10.735,-99.19,16.9,0.05,59,4.0,-1.0,,,,,,,,,,,,,,
rsi_reversion,ETH-USDT,1d,15.0,30.0,80.0,-97.88,-12.69,-97.88,18.6,0.06,43,4.3,-1.0,,,,,,,,,,,,,,
rsi_reversion,ETH-USDT,1d,15.0,35.0,60.0,-99.91,-11.196,-99.91,20.0,0.05,100,5.2,-1.0,,,,,,,,,,,,,,
rsi_reversion,ETH-USDT,1d,15.0,35.0,65.0,-99.87,-11.31,-99.87,16.0,0.04,94,4.7,-1.0,,,,,,,,,,,,,,
rsi_reversion,ETH-USDT,1d,15.0,35.0,70.0,-99.75,-10.575,-99.75,15.5,0.04,84,4.6,-1.0,,,,,,,,,,,,,,
rsi_reversion,ETH-USDT,1d,15.0,35.0,75.0,-99.47,-9.954,-99.47,19.0,0.05,79,4.2,-1.0,,,,,,,,,,,,,,
rsi_reversion,ETH-USDT,1d,15.0,35.0,80.0,-98.61,-11.227,-98.61,20.6,0.05,63,4.4,-1.0,,,,,,,,,,,,,,
rsi_reversion,ETH-USDT,1d,17.0,20.0,60.0,-99.33,-14.31,-99.33,8.5,0.01,47,6.7,-1.0,,,,,,,,,,,,,,
rsi_reversion,ETH-USDT,1d,17.0,20.0,65.0,-99.11,-14.821,-99.11,7.3,0.02,41,5.9,-1.0,,,,,,,,,,,,,,
rsi_reversion,ETH-USDT,1d,17.0,20.0,70.0,-98.58,-14.677,-98.58,8.6,0.01,35,5.2,-1.0,,,,,,,,,,,,,,
rsi_reversion,ETH-USDT,1d,17.0,20.0,75.0,-97.39,-13.397,-97.39,7.4,0.0,27,4.7,-1.0,,,,,,,,,,,,,,
rsi_reversion,ETH-USDT,1d,17.0,20.0,80.0,-95.59,-16.675,-95.59,0.0,0.0,18,4.8,-1.0,,,,,,,,,,,,,,
rsi_reversion,ETH-USDT,1d,17.0,25.0,60.0,-99.39,-12.99,-99.39,9.6,0.03,52,6.5,-1.0,,,,,,,,,,,,,,
rsi_reversion,ETH-USDT,1d,17.0,25.0,65.0,-99.19,-13.283,-99.19,8.7,0.03,46,5.8,-1.0,,,,,,,,,,,,,,
rsi_reversion,ETH-USDT,1d,17.0,25.0,70.0,-98.72,-12.985,-98.72,10.0,0.03,40,5.1,-1.0,,,,,,,,,,,,,,
rsi_reversion,ETH-USDT,1d,17.0,25.0,75.0,-97.65,-11.693,-97.65,9.4,0.02,32,4.7,-1.0,,,,,,,,,,,,,,
rsi_reversion,ETH-USDT,1d,17.0,25.0,80.0,-96.02,-13.415,-96.02,4.3,0.02,23,4.8,-1.0,,,,,,,,,,,,,,
rsi_reversion,ETH-USDT,1d,17.0,30.0,60.0,-99.63,-12.244,-99.63,17.9,0.03,67,5.9,-1.0,,,,,,,,,,,,,,
rsi_reversion,ETH-USDT,1d,17.0,30.0,65.0,-99.51,-12.361,-99.51,18.0,0.04,61,5.2,-1.0,,,,,,,,,,,,,,
rsi_reversion,ETH-USDT,1d,17.0,30.0,70.0,-99.22,-11.993,-99.22,20.0,0.03,55,4.7,-1.0,,,,,,,,,,,,,,
rsi_reversion,ETH-USDT,1d,17.0,30.0,75.0,-98.56,-10.739,-98.56,21.3,0.03,47,4.3,-1.0,,,,,,,,,,,,,,
rsi_reversion,ETH-USDT,1d,17.0,30.0,80.0,-97.57,-11.575,-97.57,21.1,0.03,38,4.3,-1.0,,,,,,,,,,,,,,
rsi_reversion,ETH-USDT,1d,17.0,35.0,60.0,-99.74,-11.152,-99.74,23.3,0.06,86,5.6,-1.0,,,,,,,,,,,,,,
rsi_reversion,ETH-USDT,1d,17.0,35.0,65.0,-99.66,-11.147,-99.66,23.8,0.06,80,5.2,-1.0,,,,,,,,,,,,,,
rsi_reversion,ETH-USDT,1d,17.0,35.0,70.0,-99.46,-10.753,-99.46,25.7,0.06,74,4.8,-1.0,,,,,,,,,,,,,,
rsi_reversion,ETH-USDT,1d,17.0,35.0,75.0,-99.0,-9.602,-99.0,27.3,0.06,66,4.5,-1.0,,,,,,,,,,,,,,
rsi_reversion,ETH-USDT,1d,17.0,35.0,80.0,-98.31,-10.01,-98.31,28.1,0.07,57,4.5,-1.0,,,,,,,,,,,,,,
rsi_reversion,ETH-USDT,1d,19.0,20.0,60.0,-98.72,-12.107,-98.72,17.0,0.03,47,6.3,-1.0,,,,,,,,,,,,,,
rsi_reversion,ETH-USDT,1d,19.0,20.0,65.0,-97.94,-15.04,-97.94,9.1,0.01,33,6.6,-1.0,,,,,,,,,,,,,,
rsi_reversion,ETH-USDT,1d,19.0,20.0,70.0,-97.79,-15.049,-97.79,6.2,0.0,32,5.0,-1.0,,,,,,,,,,,,,,
rsi_reversion,ETH-USDT,1d,19.0,20.0,75.0,-94.89,-14.776,-94.89,9.5,0.0,21,5.1,-1.0,,,,,,,,,,,,,,
rsi_reversion,ETH-USDT,1d,19.0,20.0,80.0,-92.13,-18.351,-92.13,6.7,0.0,15,5.2,-1.0,,,,,,,,,,,,,,
rsi_reversion,ETH-USDT,1d,19.0,25.0,60.0,-98.95,-12.267,-98.95,16.0,0.03,50,6.5,-1.0,,,,,,,,,,,,,,
rsi_reversion,ETH-USDT,1d,19.0,25.0,65.0,-98.31,-15.06,-98.31,8.3,0.01,36,6.8,-1.0,,,,,,,,,,,,,,
rsi_reversion,ETH-USDT,1d,19.0,25.0,70.0,-98.19,-15.063,-98.19,5.7,0.0,35,5.3,-1.0,,,,,,,,,,,,,,
rsi_reversion,ETH-USDT,1d,19.0,25.0,75.0,-95.81,-14.671,-95.81,8.3,0.0,24,5.5,-1.0,,,,,,,,,,,,,,
rsi_reversion,ETH-USDT,1d,19.0,25.0,80.0,-93.54,-17.65,-93.54,5.6,0.0,18,5.7,-1.0,,,,,,,,,,,,,,
rsi_reversion,ETH-USDT,1d,19.0,30.0,60.0,-99.3,-11.667,-99.3,16.9,0.04,65,5.7,-1.0,,,,,,,,,,,,,,
rsi_reversion,ETH-USDT,1d,19.0,30.0,65.0,-98.87,-13.52,-98.87,11.8,0.02,51,5.7,-1.0,,,,,,,,,,,,,,
rsi_reversion,ETH-USDT,1d,19.0,30.0,70.0,-98.79,-13.479,-98.79,10.0,0.01,50,4.7,-1.0,,,,,,,,,,,,,,
rsi_reversion,ETH-USDT,1d,19.0,30.0,75.0,-97.2,-12.552,-97.2,12.8,0.02,39,4.7,-1.0,,,,,,,,,,,,,,
rsi_reversion,ETH-USDT,1d,19.0,30.0,80.0,-95.69,-13.819,-95.69,12.1,0.01,33,4.6,-1.0,,,,,,,,,,,,,,
rsi_reversion,ETH-USDT,1d,19.0,35.0,60.0,-99.74,-12.054,-99.74,20.5,0.04,78,5.8,-1.0,,,,,,,,,,,,,,
rsi_reversion,ETH-USDT,1d,19.0,35.0,65.0,-99.58,-13.66,-99.58,17.2,0.03,64,5.8,-1.0,,,,,,,,,,,,,,
rsi_reversion,ETH-USDT,1d,19.0,35.0,70.0,-99.55,-13.627,-99.55,15.9,0.02,63,5.0,-1.0,,,,,,,,,,,,,,
rsi_reversion,ETH-USDT,1d,19.0,35.0,75.0,-98.95,-12.87,-98.95,19.2,0.03,52,5.0,-1.0,,,,,,,,,,,,,,
rsi_reversion,ETH-USDT,1d,19.0,35.0,80.0,-98.38,-13.903,-98.38,19.6,0.03,46,5.0,-1.0,,,,,,,,,,,,,,
rsi_reversion,ETH-USDT,1d,21.0,20.0,60.0,-98.62,-13.605,-98.62,12.2,0.02,41,6.9,-1.0,,,,,,,,,,,,,,
rsi_reversion,ETH-USDT,1d,21.0,20.0,65.0,-96.85,-15.214,-96.85,9.7,0.01,31,6.4,-1.0,,,,,,,,,,,,,,
rsi_reversion,ETH-USDT,1d,21.0,20.0,70.0,-94.34,-13.515,-94.34,16.0,0.02,25,5.8,-1.0,,,,,,,,,,,,,,
rsi_reversion,ETH-USDT,1d,21.0,20.0,75.0,-89.03,-17.518,-89.03,7.7,0.01,13,7.2,-1.0,,,,,,,,,,,,,,
rsi_reversion,ETH-USDT,1d,21.0,20.0,80.0,-89.84,-17.622,-89.84,0.0,0.0,11,6.1,-1.0,,,,,,,,,,,,,,
rsi_reversion,ETH-USDT,1d,21.0,25.0,60.0,-98.74,-13.615,-98.74,14.0,0.02,43,6.9,-1.0,,,,,,,,,,,,,,
rsi_reversion,ETH-USDT,1d,21.0,25.0,65.0,-97.13,-15.177,-97.13,12.1,0.01,33,6.5,-1.0,,,,,,,,,,,,,,
rsi_reversion,ETH-USDT,1d,21.0,25.0,70.0,-94.85,-13.49,-94.85,18.5,0.02,27,5.9,-1.0,,,,,,,,,,,,,,
rsi_reversion,ETH-USDT,1d,21.0,25.0,75.0,-90.02,-16.829,-90.02,13.3,0.01,15,7.2,-1.0,,,,,,,,,,,,,,
rsi_reversion,ETH-USDT,1d,21.0,25.0,80.0,-90.75,-16.608,-90.84,7.7,0.0,13,6.2,-1.0,,,,,,,,,,,,,,
rsi_reversion,ETH-USDT,1d,21.0,30.0,60.0,-99.25,-13.382,-99.25,10.7,0.02,56,6.1,-1.0,,,,,,,,,,,,,,
rsi_reversion,ETH-USDT,1d,21.0,30.0,65.0,-98.28,-14.669,-98.28,8.7,0.01,46,5.7,-1.0,,,,,,,,,,,,,,
rsi_reversion,ETH-USDT,1d,21.0,30.0,70.0,-96.92,-13.112,-96.92,12.5,0.01,40,5.2,-1.0,,,,,,,,,,,,,,
rsi_reversion,ETH-USDT,1d,21.0,30.0,75.0,-94.03,-14.577,-94.03,7.1,0.01,28,5.5,-1.0,,,,,,,,,,,,,,
rsi_reversion,ETH-USDT,1d,21.0,30.0,80.0,-94.47,-13.769,-94.47,3.8,0.0,26,4.9,-1.0,,,,,,,,,,,,,,
rsi_reversion,ETH-USDT,1d,21.0,35.0,60.0,-99.51,-12.469,-99.51,13.4,0.03,67,6.4,-1.0,,,,,,,,,,,,,,
rsi_reversion,ETH-USDT,1d,21.0,35.0,65.0,-98.89,-13.304,-98.89,12.3,0.02,57,6.1,-1.0,,,,,,,,,,,,,,
rsi_reversion,ETH-USDT,1d,21.0,35.0,70.0,-98.0,-11.982,-98.0,15.7,0.03,51,5.8,-1.0,,,,,,,,,,,,,,
rsi_reversion,ETH-USDT,1d,21.0,35.0,75.0,-96.12,-12.659,-96.12,12.8,0.02,39,6.3,-1.0,,,,,,,,,,,,,,
rsi_reversion,ETH-USDT,1d,21.0,35.0,80.0,-96.41,-12.004,-96.41,10.8,0.02,37,5.9,-1.0,,,,,,,,,,,,,,
macd_crossover,ETH-USDT,1d,,,,9154.45,17.651,-2.2,89.3,43.04,140,1.0,4155.92,6.0,20.0,5.0,,,,,,,,,,,
macd_crossover,ETH-USDT,1d,,,,3696.04,16.997,-2.54,86.3,28.04,124,1.0,1452.82,6.0,20.0,7.0,,,,,,,,,,,
macd_crossover,ETH-USDT,1d,,,,2061.14,15.463,-3.9,85.1,20.87,114,1.0,528.76,6.0,20.0,9.0,,,,,,,,,,,
macd_crossover,ETH-USDT,1d,,,,2010.25,16.14,-2.54,86.4,33.68,110,1.0,790.18,6.0,20.0,11.0,,,,,,,,,,,
macd_crossover,ETH-USDT,1d,,,,10103.05,18.75,-1.23,91.0,79.54,134,1.0,8186.65,6.0,23.0,5.0,,,,,,,,,,,
macd_crossover,ETH-USDT,1d,,,,2731.76,16.013,-2.54,84.5,20.87,116,1.0,1073.78,6.0,23.0,7.0,,,,,,,,,,,
macd_crossover,ETH-USDT,1d,,,,2414.52,15.894,-2.88,86.8,26.74,114,1.0,837.7,6.0,23.0,9.0,,,,,,,,,,,
macd_crossover,ETH-USDT,1d,,,,1639.73,16.896,-3.71,84.3,19.74,108,1.0,441.94,6.0,23.0,11.0,,,,,,,,,,,
macd_crossover,ETH-USDT,1d,,,,8920.79,18.005,-3.37,88.8,53.25,134,1.0,2645.77,6.0,26.0,5.0,,,,,,,,,,,
macd_crossover,ETH-USDT,1d,,,,2750.47,16.349,-3.9,87.1,25.56,116,1.0,705.6,6.0,26.0,7.0,,,,,,,,,,,
macd_crossover,ETH-USDT,1d,,,,1842.73,17.078,-2.88,84.8,23.38,112,1.0,639.32,6.0,26.0,9.0,,,,,,,,,,,
macd_crossover,ETH-USDT,1d,,,,1415.96,15.894,-4.15,84.6,14.27,104,1.0,341.39,6.0,26.0,11.0,,,,,,,,,,,
macd_crossover,ETH-USDT,1d,,,,8146.49,18.619,-2.26,91.5,87.0,130,1.0,3597.87,6.0,29.0,5.0,,,,,,,,,,,
macd_crossover,ETH-USDT,1d,,,,2712.34,16.713,-2.88,86.8,30.33,114,1.0,941.03,6.0,29.0,7.0,,,,,,,,,,,
macd_crossover,ETH-USDT,1d,,,,1656.65,16.93,-2.28,86.4,24.41,110,1.0,725.49,6.0,29.0,9.0,,,,,,,,,,,
macd_crossover,ETH-USDT,1d,,,,1531.68,16.205,-4.15,87.7,15.87,106,1.0,369.29,6.0,29.0,11.0,,,,,,,,,,,
macd_crossover,ETH-USDT,1d,,,,5564.36,18.234,-2.26,90.6,57.35,128,1.0,2457.48,6.0,32.0,5.0,,,,,,,,,,,
macd_crossover,ETH-USDT,1d,,,,2692.0,19.451,-2.88,87.7,37.85,114,1.0,933.97,6.0,32.0,7.0,,,,,,,,,,,
macd_crossover,ETH-USDT,1d,,,,1836.36,17.575,-4.15,90.2,23.95,112,1.0,442.75,6.0,32.0,9.0,,,,,,,,,,,
macd_crossover,ETH-USDT,1d,,,,1524.15,17.138,-2.83,88.5,24.84,104,1.0,538.97,6.0,32.0,11.0,,,,,,,,,,,
macd_crossover,ETH-USDT,1d,,,,5983.5,18.41,-2.09,90.0,59.22,130,1.0,2861.28,6.0,35.0,5.0,,,,,,,,,,,
macd_crossover,ETH-USDT,1d,,,,2935.69,19.696,-2.88,87.1,37.25,116,1.0,1018.52,6.0,35.0,7.0,,,,,,,,,,,
macd_crossover,ETH-USDT,1d,,,,2148.82,18.251,-4.13,90.9,27.77,110,1.0,520.07,6.0,35.0,9.0,,,,,,,,,,,
macd_crossover,ETH-USDT,1d,,,,1666.98,18.283,-3.86,89.1,30.21,101,1.0,432.34,6.0,35.0,11.0,,,,,,,,,,,
macd_crossover,ETH-USDT,1d,,,,4605.17,17.619,-2.26,88.7,44.69,124,1.0,2033.86,8.0,20.0,5.0,,,,,,,,,,,
macd_crossover,ETH-USDT,1d,,,,1976.44,15.449,-3.9,84.8,20.62,112,1.0,507.03,8.0,20.0,7.0,,,,,,,,,,,
macd_crossover,ETH-USDT,1d,,,,1482.84,14.977,-4.0,85.3,17.31,102,1.0,370.7,8.0,20.0,9.0,,,,,,,,,,,
macd_crossover,ETH-USDT,1d,,,,1149.71,15.601,-4.15,83.0,12.86,94,1.0,277.19,8.0,20.0,11.0,,,,,,,,,,,
macd_crossover,ETH-USDT,1d,,,,3497.58,16.859,-2.26,87.9,29.96,116,1.0,1544.7,8.0,23.0,5.0,,,,,,,,,,,
macd_crossover,ETH-USDT,1d,,,,2242.15,16.428,-2.88,87.5,32.93,112,1.0,777.9,8.0,23.0,7.0,,,,,,,,,,,
macd_crossover,ETH-USDT,1d,,,,1366.5,15.29,-4.15,79.8,12.07,104,1.0,329.46,8.0,23.0,9.0,,,,,,,,,,,
macd_crossover,ETH-USDT,1d,,,,1474.26,17.276,-3.36,86.5,23.53,96,1.0,438.16,8.0,23.0,11.0,,,,,,,,,,,
macd_crossover,ETH-USDT,1d,,,,3721.99,17.374,-3.9,89.5,32.84,114,1.0,954.83,8.0,26.0,5.0,,,,,,,,,,,
macd_crossover,ETH-USDT,1d,,,,1933.43,17.464,-2.88,85.7,24.73,112,1.0,670.79,8.0,26.0,7.0,,,,,,,,,,,
macd_crossover,ETH-USDT,1d,,,,1112.65,15.132,-4.15,83.3,12.89,96,1.0,268.26,8.0,26.0,9.0,,,,,,,,,,,
macd_crossover,ETH-USDT,1d,,,,1272.99,18.322,-2.83,88.6,33.06,88,1.0,450.16,8.0,26.0,11.0,,,,,,,,,,,
macd_crossover,ETH-USDT,1d,,,,4880.09,18.051,-3.9,91.8,48.2,122,1.0,1251.93,8.0,29.0,5.0,,,,,,,,,,,
macd_crossover,ETH-USDT,1d,,,,1170.46,15.173,-4.15,84.3,14.92,108,1.0,282.2,8.0,29.0,7.0,,,,,,,,,,,
macd_crossover,ETH-USDT,1d,,,,1585.02,17.311,-3.36,87.0,23.87,100,1.0,471.08,8.0,29.0,9.0,,,,,,,,,,,
macd_crossover,ETH-USDT,1d,,,,1119.64,17.433,-3.86,86.4,23.44,88,1.0,290.39,8.0,29.0,11.0,,,,,,,,,,,
macd_crossover,ETH-USDT,1d,,,,3709.87,19.204,-2.88,89.2,41.31,120,1.0,1287.12,8.0,32.0,5.0,,,,,,,,,,,
macd_crossover,ETH-USDT,1d,,,,1812.02,16.285,-4.15,87.7,16.52,114,1.0,436.88,8.0,32.0,7.0,,,,,,,,,,,
macd_crossover,ETH-USDT,1d,,,,1484.14,17.592,-3.36,88.8,25.43,98,1.0,441.09,8.0,32.0,9.0,,,,,,,,,,,
macd_crossover,ETH-USDT,1d,,,,1253.6,18.002,-2.83,86.5,22.97,89,1.0,443.3,8.0,32.0,11.0,,,,,,,,,,,
macd_crossover,ETH-USDT,1d,,,,3469.11,19.349,-2.88,88.1,43.87,118,1.0,1203.58,8.0,35.0,5.0,,,,,,,,,,,
macd_crossover,ETH-USDT,1d,,,,1853.8,17.65,-4.13,90.6,24.38,106,1.0,448.67,8.0,35.0,7.0,,,,,,,,,,,
macd_crossover,ETH-USDT,1d,,,,1535.56,18.384,-3.86,89.7,31.54,97,1.0,398.26,8.0,35.0,9.0,,,,,,,,,,,
macd_crossover,ETH-USDT,1d,,,,1159.35,17.062,-4.61,83.1,15.12,89,1.0,251.75,8.0,35.0,11.0,,,,,,,,,,,
macd_crossover,ETH-USDT,1d,,,,2061.9,14.983,-3.9,85.6,15.9,118,1.0,528.96,10.0,20.0,5.0,,,,,,,,,,,
macd_crossover,ETH-USDT,1d,,,,1648.57,15.652,-2.83,86.5,27.09,104,1.0,582.97,10.0,20.0,7.0,,,,,,,,,,,
macd_crossover,ETH-USDT,1d,,,,1102.4,15.219,-4.15,83.0,11.66,94,1.0,265.79,10.0,20.0,9.0,,,,,,,,,,,
macd_crossover,ETH-USDT,1d,,,,1050.03,17.304,-2.59,83.7,21.21,86,1.0,406.11,10.0,20.0,11.0,,,,,,,,,,,
macd_crossover,ETH-USDT,1d,,,,2568.3,16.361,-2.88,86.8,30.47,114,1.0,891.05,10.0,23.0,5.0,,,,,,,,,,,
macd_crossover,ETH-USDT,1d,,,,1072.16,14.706,-4.15,80.4,11.81,102,1.0,258.5,10.0,23.0,7.0,,,,,,,,,,,
macd_crossover,ETH-USDT,1d,,,,1474.26,17.276,-3.36,86.5,23.53,96,1.0,438.16,10.0,23.0,9.0,,,,,,,,,,,
macd_crossover,ETH-USDT,1d,,,,824.86,16.274,-4.61,85.7,16.05,84,1.0,179.11,10.0,23.0,11.0,,,,,,,,,,,
macd_crossover,ETH-USDT,1d,,,,2582.7,18.692,-2.88,86.8,35.97,114,1.0,896.05,10.0,26.0,5.0,,,,,,,,,,,
macd_crossover,ETH-USDT,1d,,,,1118.54,15.154,-4.15,83.7,12.9,98,1.0,269.68,10.0,26.0,7.0,,,,,,,,,,,
macd_crossover,ETH-USDT,1d,,,,1247.5,18.158,-2.83,88.6,32.83,88,1.0,441.14,10.0,26.0,9.0,,,,,,,,,,,
macd_crossover,ETH-USDT,1d,,,,1311.08,19.371,-4.61,89.7,23.77,87,1.0,284.69,10.0,26.0,11.0,,,,,,,,,,,
macd_crossover,ETH-USDT,1d,,,,2794.83,18.965,-2.88,88.5,39.32,122,1.0,969.65,10.0,29.0,5.0,,,,,,,,,,,
macd_crossover,ETH-USDT,1d,,,,1674.37,17.114,-2.83,86.5,21.27,104,1.0,592.09,10.0,29.0,7.0,,,,,,,,,,,
macd_crossover,ETH-USDT,1d,,,,1106.4,17.252,-3.86,86.4,20.79,88,1.0,286.95,10.0,29.0,9.0,,,,,,,,,,,
macd_crossover,ETH-USDT,1d,,,,849.06,15.422,-6.46,84.7,9.44,85,1.0,131.51,10.0,29.0,11.0,,,,,,,,,,,
macd_crossover,ETH-USDT,1d,,,,2295.83,18.497,-2.88,88.8,28.13,116,1.0,796.52,10.0,32.0,5.0,,,,,,,,,,,
macd_crossover,ETH-USDT,1d,,,,1508.48,17.195,-3.36,87.3,23.8,102,1.0,448.32,10.0,32.0,7.0,,,,,,,,,,,
macd_crossover,ETH-USDT,1d,,,,1191.16,16.979,-4.61,84.6,16.19,91,1.0,258.65,10.0,32.0,9.0,,,,,,,,,,,
macd_crossover,ETH-USDT,1d,,,,750.98,16.721,-5.76,87.3,12.88,79,1.0,130.47,10.0,32.0,11.0,,,,,,,,,,,
macd_crossover,ETH-USDT,1d,,,,1795.5,17.309,-4.15,89.3,18.92,112,1.0,432.89,10.0,35.0,5.0,,,,,,,,,,,
macd_crossover,ETH-USDT,1d,,,,1632.11,18.299,-3.86,88.9,30.87,99,1.0,423.3,10.0,35.0,7.0,,,,,,,,,,,
macd_crossover,ETH-USDT,1d,,,,1032.2,16.017,-5.14,82.0,11.27,89,1.0,201.0,10.0,35.0,9.0,,,,,,,,,,,
macd_crossover,ETH-USDT,1d,,,,646.95,16.61,-2.88,87.3,18.96,79,1.0,224.52,10.0,35.0,11.0,,,,,,,,,,,
macd_crossover,ETH-USDT,1d,,,,2539.54,16.284,-2.88,86.8,32.32,114,1.0,881.08,12.0,20.0,5.0,,,,,,,,,,,
macd_crossover,ETH-USDT,1d,,,,1308.14,15.735,-4.15,82.7,12.96,98,1.0,315.39,12.0,20.0,7.0,,,,,,,,,,,
macd_crossover,ETH-USDT,1d,,,,1262.38,17.725,-2.59,86.4,25.56,88,1.0,488.24,12.0,20.0,9.0,,,,,,,,,,,
macd_crossover,ETH-USDT,1d,,,,1006.45,17.612,-4.61,84.5,18.26,84,1.0,218.54,12.0,20.0,11.0,,,,,,,,,,,
macd_crossover,ETH-USDT,1d,,,,2214.98,18.449,-1.13,86.0,43.27,114,1.0,1956.27,12.0,23.0,5.0,,,,,,,,,,,
macd_crossover,ETH-USDT,1d,,,,1448.05,16.953,-4.15,86.5,17.89,96,1.0,349.13,12.0,23.0,7.0,,,,,,,,,,,
macd_crossover,ETH-USDT,1d,,,,961.81,16.91,-4.61,86.0,16.89,86,1.0,208.85,12.0,23.0,9.0,,,,,,,,,,,
macd_crossover,ETH-USDT,1d,,,,857.12,16.374,-5.14,84.3,13.02,83,1.0,166.91,12.0,23.0,11.0,,,,,,,,,,,
macd_crossover,ETH-USDT,1d,,,,2109.53,18.592,-2.28,88.2,30.65,110,1.0,923.82,12.0,26.0,5.0,,,,,,,,,,,
macd_crossover,ETH-USDT,1d,,,,1281.91,16.912,-3.36,86.2,22.82,94,1.0,380.99,12.0,26.0,7.0,,,,,,,,,,,
macd_crossover,ETH-USDT,1d,,,,1242.95,18.848,-4.61,88.5,22.54,87,1.0,269.9,12.0,26.0,9.0,,,,,,,,,,,
macd_crossover,ETH-USDT,1d,,,,733.04,17.663,-5.76,92.0,17.21,75,1.0,127.35,12.0,26.0,11.0,,,,,,,,,,,
macd_crossover,ETH-USDT,1d,,,,1903.47,17.866,-4.15,92.9,23.05,112,1.0,458.93,12.0,29.0,5.0,,,,,,,,,,,
macd_crossover,ETH-USDT,1d,,,,1500.89,18.476,-3.86,88.3,29.51,94,1.0,389.27,12.0,29.0,7.0,,,,,,,,,,,
macd_crossover,ETH-USDT,1d,,,,947.22,16.893,-5.14,85.9,13.18,85,1.0,184.45,12.0,29.0,9.0,,,,,,,,,,,
macd_crossover,ETH-USDT,1d,,,,674.4,17.533,-2.56,89.3,23.11,75,1.0,263.89,12.0,29.0,11.0,,,,,,,,,,,
macd_crossover,ETH-USDT,1d,,,,2066.55,18.355,-4.13,91.8,35.81,110,1.0,500.16,12.0,32.0,5.0,,,,,,,,,,,
macd_crossover,ETH-USDT,1d,,,,1400.99,18.551,-2.83,86.8,25.28,91,1.0,495.42,12.0,32.0,7.0,,,,,,,,,,,
macd_crossover,ETH-USDT,1d,,,,807.57,16.415,-5.76,86.7,11.84,83,1.0,140.3,12.0,32.0,9.0,,,,,,,,,,,
macd_crossover,ETH-USDT,1d,,,,467.87,14.711,-2.88,82.2,13.17,73,1.0,162.38,12.0,32.0,11.0,,,,,,,,,,,
macd_crossover,ETH-USDT,1d,,,,2058.89,19.425,-2.59,92.3,45.62,104,1.0,796.3,12.0,35.0,5.0,,,,,,,,,,,
macd_crossover,ETH-USDT,1d,,,,1277.46,18.193,-2.83,85.4,22.39,89,1.0,451.74,12.0,35.0,7.0,,,,,,,,,,,
macd_crossover,ETH-USDT,1d,,,,749.03,16.789,-3.14,86.7,16.02,83,1.0,238.75,12.0,35.0,9.0,,,,,,,,,,,
macd_crossover,ETH-USDT,1d,,,,534.22,16.511,-2.56,87.3,18.72,71,1.0,209.04,12.0,35.0,11.0,,,,,,,,,,,
macd_crossover,ETH-USDT,1d,,,,2043.88,18.322,-2.21,85.5,33.2,110,1.0,926.06,14.0,20.0,5.0,,,,,,,,,,,
macd_crossover,ETH-USDT,1d,,,,1327.9,16.298,-4.15,85.4,17.38,96,1.0,320.16,14.0,20.0,7.0,,,,,,,,,,,
macd_crossover,ETH-USDT,1d,,,,924.47,17.156,-4.61,85.4,18.3,82,1.0,200.74,14.0,20.0,9.0,,,,,,,,,,,
macd_crossover,ETH-USDT,1d,,,,753.13,17.013,-5.14,84.0,15.82,75,1.0,146.66,14.0,20.0,11.0,,,,,,,,,,,
macd_crossover,ETH-USDT,1d,,,,1872.16,18.454,-2.61,89.6,29.84,106,1.0,717.5,14.0,23.0,5.0,,,,,,,,,,,
macd_crossover,ETH-USDT,1d,,,,1200.47,18.231,-2.83,89.5,34.77,86,1.0,424.51,14.0,23.0,7.0,,,,,,,,,,,
macd_crossover,ETH-USDT,1d,,,,1176.7,18.833,-4.61,87.1,20.7,85,1.0,255.51,14.0,23.0,9.0,,,,,,,,,,,
macd_crossover,ETH-USDT,1d,,,,749.71,18.981,-2.45,91.8,29.04,73,1.0,306.37,14.0,23.0,11.0,,,,,,,,,,,
macd_crossover,ETH-USDT,1d,,,,1596.42,16.528,-4.15,87.7,16.08,106,1.0,384.9,14.0,26.0,5.0,,,,,,,,,,,
macd_crossover,ETH-USDT,1d,,,,1246.4,17.668,-3.86,85.6,21.0,90,1.0,323.26,14.0,26.0,7.0,,,,,,,,,,,
macd_crossover,ETH-USDT,1d,,,,720.02,16.181,-5.76,88.6,12.18,79,1.0,125.09,14.0,26.0,9.0,,,,,,,,,,,
macd_crossover,ETH-USDT,1d,,,,620.75,16.642,-2.56,88.0,19.89,75,1.0,242.9,14.0,26.0,11.0,,,,,,,,,,,
macd_crossover,ETH-USDT,1d,,,,1645.83,17.792,-2.83,90.4,29.52,104,1.0,582.0,14.0,29.0,5.0,,,,,,,,,,,
macd_crossover,ETH-USDT,1d,,,,1124.23,17.287,-4.61,83.9,16.66,87,1.0,244.12,14.0,29.0,7.0,,,,,,,,,,,
macd_crossover,ETH-USDT,1d,,,,794.46,19.081,-2.01,92.2,40.98,77,1.0,394.58,14.0,29.0,9.0,,,,,,,,,,,
macd_crossover,ETH-USDT,1d,,,,490.72,15.774,-2.88,82.6,14.42,69,1.0,170.3,14.0,29.0,11.0,,,,,,,,,,,
macd_crossover,ETH-USDT,1d,,,,1946.07,19.127,-3.86,91.3,38.51,103,1.0,504.73,14.0,32.0,5.0,,,,,,,,,,,
macd_crossover,ETH-USDT,1d,,,,942.96,15.49,-5.76,83.9,10.0,87,1.0,163.82,14.0,32.0,7.0,,,,,,,,,,,
macd_crossover,ETH-USDT,1d,,,,544.36,15.23,-2.88,83.1,13.89,77,1.0,188.92,14.0,32.0,9.0,,,,,,,,,,,
macd_crossover,ETH-USDT,1d,,,,429.54,15.096,-2.56,79.1,15.68,67,1.0,168.08,14.0,32.0,11.0,,,,,,,,,,,
macd_crossover,ETH-USDT,1d,,,,1688.36,19.302,-2.83,90.7,40.12,97,1.0,597.04,14.0,35.0,5.0,,,,,,,,,,,
macd_crossover,ETH-USDT,1d,,,,834.75,16.305,-4.51,84.7,16.41,85,1.0,185.13,14.0,35.0,7.0,,,,,,,,,,,
macd_crossover,ETH-USDT,1d,,,,540.19,15.912,-2.56,89.3,19.62,75,1.0,211.37,14.0,35.0,9.0,,,,,,,,,,,
macd_crossover,ETH-USDT,1d,,,,419.83,14.99,-2.56,78.5,15.09,65,1.0,164.28,14.0,35.0,11.0,,,,,,,,,,,
bb_reversion,ETH-USDT,1d,15.0,,,-100.0,-21.398,-100.0,0.0,0.0,114,2.6,-1.0,,,,1.5,,,,,,,,,,
bb_reversion,ETH-USDT,1d,15.0,,,-99.9,-23.191,-99.9,0.0,0.0,71,1.7,-1.0,,,,2.0,,,,,,,,,,
bb_reversion,ETH-USDT,1d,15.0,,,-91.15,-23.506,-91.15,0.0,0.0,21,1.3,-1.0,,,,2.5,,,,,,,,,,
bb_reversion,ETH-USDT,1d,15.0,,,-54.94,-33.861,-54.94,0.0,0.0,6,1.0,-1.0,,,,3.0,,,,,,,,,,
bb_reversion,ETH-USDT,1d,17.0,,,-100.0,-19.559,-100.0,0.9,0.0,112,2.7,-1.0,,,,1.5,,,,,,,,,,
bb_reversion,ETH-USDT,1d,17.0,,,-99.82,-25.727,-99.82,0.0,0.0,65,1.9,-1.0,,,,2.0,,,,,,,,,,
bb_reversion,ETH-USDT,1d,17.0,,,-93.55,-23.165,-93.55,0.0,0.0,25,1.4,-1.0,,,,2.5,,,,,,,,,,
bb_reversion,ETH-USDT,1d,17.0,,,-63.67,-29.324,-63.67,0.0,0.0,7,1.1,-1.0,,,,3.0,,,,,,,,,,
bb_reversion,ETH-USDT,1d,19.0,,,-99.99,-20.515,-99.99,0.0,0.0,97,3.0,-1.0,,,,1.5,,,,,,,,,,
bb_reversion,ETH-USDT,1d,19.0,,,-99.79,-25.712,-99.79,0.0,0.0,62,2.0,-1.0,,,,2.0,,,,,,,,,,
bb_reversion,ETH-USDT,1d,19.0,,,-95.92,-23.904,-95.92,0.0,0.0,30,1.4,-1.0,,,,2.5,,,,,,,,,,
bb_reversion,ETH-USDT,1d,19.0,,,-75.18,-22.187,-75.18,0.0,0.0,9,1.2,-1.0,,,,3.0,,,,,,,,,,
bb_reversion,ETH-USDT,1d,21.0,,,-99.99,-20.328,-99.99,0.0,0.0,89,3.3,-1.0,,,,1.5,,,,,,,,,,
bb_reversion,ETH-USDT,1d,21.0,,,-99.8,-27.671,-99.8,0.0,0.0,56,2.3,-1.0,,,,2.0,,,,,,,,,,
bb_reversion,ETH-USDT,1d,21.0,,,-96.87,-25.207,-96.87,0.0,0.0,32,1.4,-1.0,,,,2.5,,,,,,,,,,
bb_reversion,ETH-USDT,1d,21.0,,,-74.78,-20.63,-74.78,0.0,0.0,9,1.4,-1.0,,,,3.0,,,,,,,,,,
bb_reversion,ETH-USDT,1d,23.0,,,-99.99,-20.02,-99.99,0.0,0.0,84,3.4,-1.0,,,,1.5,,,,,,,,,,
bb_reversion,ETH-USDT,1d,23.0,,,-99.78,-26.159,-99.78,1.9,0.0,53,2.5,-1.0,,,,2.0,,,,,,,,,,
bb_reversion,ETH-USDT,1d,23.0,,,-97.22,-24.665,-97.22,0.0,0.0,32,1.6,-1.0,,,,2.5,,,,,,,,,,
bb_reversion,ETH-USDT,1d,23.0,,,-76.94,-20.879,-76.94,0.0,0.0,10,1.3,-1.0,,,,3.0,,,,,,,,,,
bb_reversion,ETH-USDT,1d,25.0,,,-99.98,-19.44,-99.98,0.0,0.0,83,3.5,-1.0,,,,1.5,,,,,,,,,,
bb_reversion,ETH-USDT,1d,25.0,,,-99.74,-22.667,-99.74,0.0,0.0,50,2.7,-1.0,,,,2.0,,,,,,,,,,
bb_reversion,ETH-USDT,1d,25.0,,,-97.79,-24.177,-97.79,0.0,0.0,35,1.6,-1.0,,,,2.5,,,,,,,,,,
bb_reversion,ETH-USDT,1d,25.0,,,-77.19,-23.248,-77.19,0.0,0.0,9,1.6,-1.0,,,,3.0,,,,,,,,,,
ema_crossover,ETH-USDT,1d,,,,5391.77,11.078,-11.59,68.9,17.74,45,24.3,465.1,5.0,25.0,,,,,,,,,,,,
ema_crossover,ETH-USDT,1d,,,,4204.14,10.457,-11.59,72.1,12.75,43,25.4,362.66,5.0,30.0,,,,,,,,,,,,
ema_crossover,ETH-USDT,1d,,,,2629.52,9.787,-10.04,62.8,8.03,43,25.4,262.02,5.0,35.0,,,,,,,,,,,,
ema_crossover,ETH-USDT,1d,,,,2610.83,10.256,-6.69,63.4,9.49,41,26.7,390.36,5.0,40.0,,,,,,,,,,,,
ema_crossover,ETH-USDT,1d,,,,2305.42,10.371,-7.83,59.0,10.15,39,28.0,294.6,5.0,45.0,,,,,,,,,,,,
ema_crossover,ETH-USDT,1d,,,,1886.37,10.037,-15.03,59.0,9.44,39,28.0,125.53,5.0,50.0,,,,,,,,,,,,
ema_crossover,ETH-USDT,1d,,,,1090.81,7.972,-25.89,43.9,3.99,41,26.7,42.13,8.0,25.0,,,,,,,,,,,,
ema_crossover,ETH-USDT,1d,,,,927.02,8.042,-31.14,51.3,3.74,39,28.0,29.77,8.0,30.0,,,,,,,,,,,,
ema_crossover,ETH-USDT,1d,,,,1364.02,8.841,-24.71,59.0,5.08,39,28.0,55.2,8.0,35.0,,,,,,,,,,,,
ema_crossover,ETH-USDT,1d,,,,843.56,7.84,-32.48,48.6,3.94,37,29.5,25.97,8.0,40.0,,,,,,,,,,,,
ema_crossover,ETH-USDT,1d,,,,694.24,8.274,-29.42,54.8,3.72,31,35.3,23.6,8.0,45.0,,,,,,,,,,,,
ema_crossover,ETH-USDT,1d,,,,881.45,8.432,-21.72,54.3,5.0,35,31.2,40.58,8.0,50.0,,,,,,,,,,,,
ema_crossover,ETH-USDT,1d,,,,1270.48,9.007,-29.94,51.4,4.64,37,29.5,42.43,11.0,25.0,,,,,,,,,,,,
ema_crossover,ETH-USDT,1d,,,,902.67,8.49,-29.94,51.4,3.77,35,31.2,30.15,11.0,30.0,,,,,,,,,,,,
ema_crossover,ETH-USDT,1d,,,,776.67,7.843,-25.01,54.3,3.7,35,31.2,31.05,11.0,35.0,,,,,,,,,,,,
ema_crossover,ETH-USDT,1d,,,,698.05,8.504,-24.4,51.7,3.82,29,37.7,28.61,11.0,40.0,,,,,,,,,,,,
ema_crossover,ETH-USDT,1d,,,,427.84,6.494,-31.31,48.6,3.28,37,29.5,13.66,11.0,45.0,,,,,,,,,,,,
ema_crossover,ETH-USDT,1d,,,,427.67,6.125,-34.13,40.7,3.51,27,40.5,12.53,11.0,50.0,,,,,,,,,,,,
ema_crossover,ETH-USDT,1d,,,,882.38,8.352,-29.94,51.4,3.68,35,31.2,29.47,14.0,25.0,,,,,,,,,,,,
ema_crossover,ETH-USDT,1d,,,,523.21,6.958,-30.56,48.6,3.1,35,31.2,17.12,14.0,30.0,,,,,,,,,,,,
ema_crossover,ETH-USDT,1d,,,,356.44,6.501,-34.09,44.8,2.69,29,37.7,10.46,14.0,35.0,,,,,,,,,,,,
ema_crossover,ETH-USDT,1d,,,,319.33,6.446,-34.33,44.8,2.67,29,37.7,9.3,14.0,40.0,,,,,,,,,,,,
ema_crossover,ETH-USDT,1d,,,,457.59,6.273,-35.42,40.7,3.7,27,40.5,12.92,14.0,45.0,,,,,,,,,,,,
ema_crossover,ETH-USDT,1d,,,,381.61,7.607,-32.53,52.4,4.0,21,52.0,11.73,14.0,50.0,,,,,,,,,,,,
ema_crossover,ETH-USDT,1d,,,,499.6,6.864,-32.03,48.6,3.02,35,31.2,15.6,17.0,25.0,,,,,,,,,,,,
ema_crossover,ETH-USDT,1d,,,,473.06,6.852,-33.79,48.5,2.93,33,33.1,14.0,17.0,30.0,,,,,,,,,,,,
ema_crossover,ETH-USDT,1d,,,,314.66,6.122,-37.16,45.2,2.59,31,35.3,8.47,17.0,35.0,,,,,,,,,,,,
ema_crossover,ETH-USDT,1d,,,,452.65,6.511,-36.14,44.0,3.7,25,43.7,12.52,17.0,40.0,,,,,,,,,,,,
ema_crossover,ETH-USDT,1d,,,,433.06,8.042,-25.51,52.4,4.7,21,52.0,16.98,17.0,45.0,,,,,,,,,,,,
ema_crossover,ETH-USDT,1d,,,,511.05,8.098,-28.97,57.1,4.85,21,52.0,17.64,17.0,50.0,,,,,,,,,,,,
ema_crossover,ETH-USDT,1d,,,,597.02,7.465,-26.87,51.5,3.31,33,33.1,22.22,20.0,25.0,,,,,,,,,,,,
ema_crossover,ETH-USDT,1d,,,,410.28,6.983,-29.58,51.7,2.95,29,37.7,13.87,20.0,30.0,,,,,,,,,,,,
ema_crossover,ETH-USDT,1d,,,,510.91,6.499,-32.35,44.4,3.89,27,40.5,15.79,20.0,35.0,,,,,,,,,,,,
ema_crossover,ETH-USDT,1d,,,,554.57,8.831,-22.66,63.2,5.46,19,57.5,24.47,20.0,40.0,,,,,,,,,,,,
ema_crossover,ETH-USDT,1d,,,,455.07,8.291,-32.64,57.9,4.38,19,57.5,13.94,20.0,45.0,,,,,,,,,,,,
ema_crossover,ETH-USDT,1d,,,,275.61,7.059,-36.61,52.6,3.27,19,57.5,7.53,20.0,50.0,,,,,,,,,,,,
stoch_rsi,ETH-USDT,1d,7.0,15.0,75.0,88.53,4.924,-13.98,66.0,2.08,97,1.0,6.33,,,,,3.0,3.0,,,,,,,,
stoch_rsi,ETH-USDT,1d,7.0,15.0,80.0,77.4,5.389,-9.44,65.1,2.22,86,1.0,8.2,,,,,3.0,3.0,,,,,,,,
stoch_rsi,ETH-USDT,1d,7.0,15.0,85.0,60.1,4.728,-10.67,62.8,2.01,78,1.0,5.63,,,,,3.0,3.0,,,,,,,,
stoch_rsi,ETH-USDT,1d,7.0,20.0,75.0,128.32,5.581,-13.98,67.0,2.34,106,1.0,9.18,,,,,3.0,3.0,,,,,,,,
stoch_rsi,ETH-USDT,1d,7.0,20.0,80.0,114.84,6.078,-10.03,66.3,2.53,95,1.0,11.45,,,,,3.0,3.0,,,,,,,,
stoch_rsi,ETH-USDT,1d,7.0,20.0,85.0,93.89,5.565,-11.26,64.4,2.34,87,1.0,8.34,,,,,3.0,3.0,,,,,,,,
stoch_rsi,ETH-USDT,1d,7.0,25.0,75.0,129.61,5.538,-13.98,66.7,2.31,108,1.0,9.27,,,,,3.0,3.0,,,,,,,,
stoch_rsi,ETH-USDT,1d,7.0,25.0,80.0,116.06,6.02,-10.03,66.0,2.49,97,1.0,11.57,,,,,3.0,3.0,,,,,,,,
stoch_rsi,ETH-USDT,1d,7.0,25.0,85.0,94.98,5.513,-10.03,64.0,2.31,89,1.0,9.47,,,,,3.0,3.0,,,,,,,,
stoch_rsi,ETH-USDT,1d,9.0,15.0,75.0,299.46,9.664,-9.2,72.2,3.6,108,1.0,32.54,,,,,3.0,3.0,,,,,,,,
stoch_rsi,ETH-USDT,1d,9.0,15.0,80.0,216.49,8.823,-9.2,70.7,3.17,99,1.0,23.52,,,,,3.0,3.0,,,,,,,,
stoch_rsi,ETH-USDT,1d,9.0,15.0,85.0,129.7,7.422,-9.2,69.4,2.66,85,1.0,14.09,,,,,3.0,3.0,,,,,,,,
stoch_rsi,ETH-USDT,1d,9.0,20.0,75.0,426.37,10.491,-9.2,74.1,4.11,116,1.0,46.33,,,,,3.0,3.0,,,,,,,,
stoch_rsi,ETH-USDT,1d,9.0,20.0,80.0,317.03,9.78,-9.2,72.9,3.69,107,1.0,34.45,,,,,3.0,3.0,,,,,,,,
stoch_rsi,ETH-USDT,1d,9.0,20.0,85.0,202.68,8.644,-9.2,72.0,3.2,93,1.0,22.02,,,,,3.0,3.0,,,,,,,,
stoch_rsi,ETH-USDT,1d,9.0,25.0,75.0,515.26,10.395,-9.2,74.2,4.36,120,1.0,55.99,,,,,3.0,3.0,,,,,,,,
stoch_rsi,ETH-USDT,1d,9.0,25.0,80.0,387.45,9.743,-9.2,73.0,3.94,111,1.0,42.1,,,,,3.0,3.0,,,,,,,,
stoch_rsi,ETH-USDT,1d,9.0,25.0,85.0,253.79,8.729,-9.2,72.2,3.47,97,1.0,27.58,,,,,3.0,3.0,,,,,,,,
stoch_rsi,ETH-USDT,1d,11.0,15.0,75.0,248.82,8.158,-6.69,71.3,3.5,101,1.0,37.19,,,,,3.0,3.0,,,,,,,,
stoch_rsi,ETH-USDT,1d,11.0,15.0,80.0,227.31,7.881,-6.69,70.4,3.38,98,1.0,33.98,,,,,3.0,3.0,,,,,,,,
stoch_rsi,ETH-USDT,1d,11.0,15.0,85.0,195.4,7.971,-6.69,71.3,3.56,87,1.0,29.21,,,,,3.0,3.0,,,,,,,,
stoch_rsi,ETH-USDT,1d,11.0,20.0,75.0,318.97,8.491,-7.35,70.3,3.66,111,1.0,43.38,,,,,3.0,3.0,,,,,,,,
stoch_rsi,ETH-USDT,1d,11.0,20.0,80.0,293.14,8.244,-7.35,69.4,3.55,108,1.0,39.86,,,,,3.0,3.0,,,,,,,,
stoch_rsi,ETH-USDT,1d,11.0,20.0,85.0,254.8,8.361,-7.35,70.1,3.74,97,1.0,34.65,,,,,3.0,3.0,,,,,,,,
stoch_rsi,ETH-USDT,1d,11.0,25.0,75.0,418.86,8.581,-7.35,70.8,3.94,120,1.0,56.96,,,,,3.0,3.0,,,,,,,,
stoch_rsi,ETH-USDT,1d,11.0,25.0,80.0,386.87,8.37,-7.35,70.1,3.83,117,1.0,52.61,,,,,3.0,3.0,,,,,,,,
stoch_rsi,ETH-USDT,1d,11.0,25.0,85.0,339.4,8.492,-7.35,70.8,4.06,106,1.0,46.15,,,,,3.0,3.0,,,,,,,,
stoch_rsi,ETH-USDT,1d,13.0,15.0,75.0,80.42,4.362,-8.34,63.9,1.93,97,1.0,9.64,,,,,3.0,3.0,,,,,,,,
stoch_rsi,ETH-USDT,1d,13.0,15.0,80.0,77.53,4.476,-8.34,64.5,1.99,93,1.0,9.3,,,,,3.0,3.0,,,,,,,,
stoch_rsi,ETH-USDT,1d,13.0,15.0,85.0,66.27,4.141,-8.34,63.6,1.88,88,1.0,7.95,,,,,3.0,3.0,,,,,,,,
stoch_rsi,ETH-USDT,1d,13.0,20.0,75.0,155.59,5.676,-8.34,66.4,2.41,110,1.0,18.66,,,,,3.0,3.0,,,,,,,,
stoch_rsi,ETH-USDT,1d,13.0,20.0,80.0,151.5,5.829,-8.34,67.0,2.5,106,1.0,18.17,,,,,3.0,3.0,,,,,,,,
stoch_rsi,ETH-USDT,1d,13.0,20.0,85.0,135.55,5.601,-8.34,66.3,2.4,101,1.0,16.26,,,,,3.0,3.0,,,,,,,,
stoch_rsi,ETH-USDT,1d,13.0,25.0,75.0,212.58,6.268,-8.34,67.5,2.71,114,1.0,25.49,,,,,3.0,3.0,,,,,,,,
stoch_rsi,ETH-USDT,1d,13.0,25.0,80.0,207.59,6.432,-8.34,68.2,2.82,110,1.0,24.89,,,,,3.0,3.0,,,,,,,,
stoch_rsi,ETH-USDT,1d,13.0,25.0,85.0,188.08,6.247,-8.34,67.6,2.73,105,1.0,22.55,,,,,3.0,3.0,,,,,,,,
stoch_rsi,ETH-USDT,1d,15.0,15.0,75.0,137.79,5.675,-10.67,64.6,2.46,96,1.0,12.91,,,,,3.0,3.0,,,,,,,,
stoch_rsi,ETH-USDT,1d,15.0,15.0,80.0,126.49,5.624,-10.67,64.8,2.44,91,1.0,11.85,,,,,3.0,3.0,,,,,,,,
stoch_rsi,ETH-USDT,1d,15.0,15.0,85.0,82.45,4.631,-10.67,62.2,2.09,82,1.0,7.73,,,,,3.0,3.0,,,,,,,,
stoch_rsi,ETH-USDT,1d,15.0,20.0,75.0,216.35,6.631,-10.67,66.3,2.92,104,1.0,20.28,,,,,3.0,3.0,,,,,,,,
stoch_rsi,ETH-USDT,1d,15.0,20.0,80.0,201.32,6.63,-10.67,66.7,2.91,99,1.0,18.87,,,,,3.0,3.0,,,,,,,,
stoch_rsi,ETH-USDT,1d,15.0,20.0,85.0,142.73,5.845,-10.67,64.4,2.57,90,1.0,13.38,,,,,3.0,3.0,,,,,,,,
stoch_rsi,ETH-USDT,1d,15.0,25.0,75.0,346.87,7.482,-10.67,67.9,3.39,112,1.0,32.51,,,,,3.0,3.0,,,,,,,,
stoch_rsi,ETH-USDT,1d,15.0,25.0,80.0,325.64,7.518,-10.67,68.2,3.41,107,1.0,30.52,,,,,3.0,3.0,,,,,,,,
stoch_rsi,ETH-USDT,1d,15.0,25.0,85.0,242.88,6.905,-10.67,66.3,3.09,98,1.0,22.76,,,,,3.0,3.0,,,,,,,,
stoch_rsi,ETH-USDT,1d,17.0,15.0,75.0,480.85,10.405,-6.79,78.4,4.98,102,1.0,70.78,,,,,3.0,3.0,,,,,,,,
stoch_rsi,ETH-USDT,1d,17.0,15.0,80.0,399.34,9.863,-6.79,77.3,4.64,97,1.0,58.78,,,,,3.0,3.0,,,,,,,,
stoch_rsi,ETH-USDT,1d,17.0,15.0,85.0,413.27,10.45,-7.34,79.3,5.02,92,1.0,56.29,,,,,3.0,3.0,,,,,,,,
stoch_rsi,ETH-USDT,1d,17.0,20.0,75.0,618.86,11.011,-6.79,79.2,5.46,106,1.0,91.09,,,,,3.0,3.0,,,,,,,,
stoch_rsi,ETH-USDT,1d,17.0,20.0,80.0,517.98,10.515,-6.79,78.2,5.12,101,1.0,76.24,,,,,3.0,3.0,,,,,,,,
stoch_rsi,ETH-USDT,1d,17.0,20.0,85.0,535.22,11.112,-7.34,80.2,5.55,96,1.0,72.9,,,,,3.0,3.0,,,,,,,,
stoch_rsi,ETH-USDT,1d,17.0,25.0,75.0,715.91,11.113,-8.51,79.6,5.54,113,1.0,84.16,,,,,3.0,3.0,,,,,,,,
stoch_rsi,ETH-USDT,1d,17.0,25.0,80.0,601.41,10.644,-8.51,78.7,5.22,108,1.0,70.7,,,,,3.0,3.0,,,,,,,,
stoch_rsi,ETH-USDT,1d,17.0,25.0,85.0,620.98,11.212,-9.04,80.6,5.63,103,1.0,68.66,,,,,3.0,3.0,,,,,,,,
stoch_rsi,ETH-USDT,1d,19.0,15.0,75.0,159.35,5.167,-22.51,66.7,2.41,99,1.0,7.08,,,,,3.0,3.0,,,,,,,,
stoch_rsi,ETH-USDT,1d,19.0,15.0,80.0,129.35,4.821,-22.51,67.4,2.29,92,1.0,5.75,,,,,3.0,3.0,,,,,,,,
stoch_rsi,ETH-USDT,1d,19.0,15.0,85.0,84.07,3.934,-23.11,66.3,1.99,86,1.0,3.64,,,,,3.0,3.0,,,,,,,,
stoch_rsi,ETH-USDT,1d,19.0,20.0,75.0,270.27,5.942,-21.88,66.7,2.75,111,1.0,12.35,,,,,3.0,3.0,,,,,,,,
stoch_rsi,ETH-USDT,1d,19.0,20.0,80.0,227.44,5.694,-21.88,67.3,2.65,104,1.0,10.39,,,,,3.0,3.0,,,,,,,,
stoch_rsi,ETH-USDT,1d,19.0,20.0,85.0,162.8,5.012,-21.88,66.3,2.39,98,1.0,7.44,,,,,3.0,3.0,,,,,,,,
stoch_rsi,ETH-USDT,1d,19.0,25.0,75.0,294.13,5.991,-21.88,65.8,2.76,117,1.0,13.44,,,,,3.0,3.0,,,,,,,,
stoch_rsi,ETH-USDT,1d,19.0,25.0,80.0,248.54,5.755,-21.88,66.4,2.67,110,1.0,11.36,,,,,3.0,3.0,,,,,,,,
stoch_rsi,ETH-USDT,1d,19.0,25.0,85.0,179.74,5.105,-21.88,65.4,2.42,104,1.0,8.21,,,,,3.0,3.0,,,,,,,,
stoch_rsi,ETH-USDT,1d,21.0,15.0,75.0,327.33,8.829,-9.59,71.1,3.58,97,1.0,34.13,,,,,3.0,3.0,,,,,,,,
stoch_rsi,ETH-USDT,1d,21.0,15.0,80.0,299.25,8.623,-9.59,70.2,3.46,94,1.0,31.2,,,,,3.0,3.0,,,,,,,,
stoch_rsi,ETH-USDT,1d,21.0,15.0,85.0,225.62,7.779,-9.59,68.2,3.11,88,1.0,23.52,,,,,3.0,3.0,,,,,,,,
stoch_rsi,ETH-USDT,1d,21.0,20.0,75.0,381.96,8.85,-9.59,72.2,3.6,108,1.0,39.82,,,,,3.0,3.0,,,,,,,,
stoch_rsi,ETH-USDT,1d,21.0,20.0,80.0,350.29,8.658,-9.59,71.4,3.49,105,1.0,36.52,,,,,3.0,3.0,,,,,,,,
stoch_rsi,ETH-USDT,1d,21.0,20.0,85.0,267.24,7.883,-9.59,69.7,3.16,99,1.0,27.86,,,,,3.0,3.0,,,,,,,,
stoch_rsi,ETH-USDT,1d,21.0,25.0,75.0,528.9,9.37,-9.77,73.0,3.96,115,1.0,54.13,,,,,3.0,3.0,,,,,,,,
stoch_rsi,ETH-USDT,1d,21.0,25.0,80.0,487.57,9.206,-9.77,72.3,3.85,112,1.0,49.9,,,,,3.0,3.0,,,,,,,,
stoch_rsi,ETH-USDT,1d,21.0,25.0,85.0,379.21,8.523,-9.77,70.8,3.53,106,1.0,38.81,,,,,3.0,3.0,,,,,,,,
kc_breakout,ETH-USDT,1d,15.0,,,25137.89,20.188,0.0,100.0,999.0,62,3.0,0.0,,,,,,,1.5,,,,,,,
kc_breakout,ETH-USDT,1d,15.0,,,2490.0,23.49,0.0,100.0,999.0,28,3.0,0.0,,,,,,,2.0,,,,,,,
kc_breakout,ETH-USDT,1d,15.0,,,586.18,26.974,0.0,100.0,999.0,17,2.1,0.0,,,,,,,2.5,,,,,,,
kc_breakout,ETH-USDT,1d,15.0,,,169.25,23.176,0.0,100.0,999.0,7,2.0,0.0,,,,,,,3.0,,,,,,,
kc_breakout,ETH-USDT,1d,17.0,,,40822.99,20.676,0.0,100.0,999.0,66,3.3,0.0,,,,,,,1.5,,,,,,,
kc_breakout,ETH-USDT,1d,17.0,,,2799.81,23.272,0.0,100.0,999.0,28,3.6,0.0,,,,,,,2.0,,,,,,,
kc_breakout,ETH-USDT,1d,17.0,,,1105.02,25.192,0.0,100.0,999.0,20,2.7,0.0,,,,,,,2.5,,,,,,,
kc_breakout,ETH-USDT,1d,17.0,,,329.1,27.792,0.0,100.0,999.0,11,2.2,0.0,,,,,,,3.0,,,,,,,
kc_breakout,ETH-USDT,1d,19.0,,,55816.52,17.906,0.0,100.0,999.0,68,3.7,0.0,,,,,,,1.5,,,,,,,
kc_breakout,ETH-USDT,1d,19.0,,,4775.8,23.972,0.0,100.0,999.0,35,3.7,0.0,,,,,,,2.0,,,,,,,
kc_breakout,ETH-USDT,1d,19.0,,,1364.42,23.827,0.0,100.0,999.0,23,3.0,0.0,,,,,,,2.5,,,,,,,
kc_breakout,ETH-USDT,1d,19.0,,,492.35,27.467,0.0,100.0,999.0,15,2.1,0.0,,,,,,,3.0,,,,,,,
kc_breakout,ETH-USDT,1d,21.0,,,77809.81,17.71,0.0,100.0,999.0,75,3.9,0.0,,,,,,,1.5,,,,,,,
kc_breakout,ETH-USDT,1d,21.0,,,6988.83,21.368,0.0,100.0,999.0,42,3.9,0.0,,,,,,,2.0,,,,,,,
kc_breakout,ETH-USDT,1d,21.0,,,1994.14,23.454,0.0,100.0,999.0,27,3.1,0.0,,,,,,,2.5,,,,,,,
kc_breakout,ETH-USDT,1d,21.0,,,627.53,23.634,0.0,100.0,999.0,16,2.6,0.0,,,,,,,3.0,,,,,,,
kc_breakout,ETH-USDT,1d,23.0,,,83094.18,18.433,0.0,100.0,999.0,75,4.3,0.0,,,,,,,1.5,,,,,,,
kc_breakout,ETH-USDT,1d,23.0,,,8607.73,20.983,0.0,100.0,999.0,45,4.0,0.0,,,,,,,2.0,,,,,,,
kc_breakout,ETH-USDT,1d,23.0,,,2184.19,23.093,0.0,100.0,999.0,29,3.6,0.0,,,,,,,2.5,,,,,,,
kc_breakout,ETH-USDT,1d,23.0,,,986.32,28.518,0.0,100.0,999.0,18,3.1,0.0,,,,,,,3.0,,,,,,,
kc_breakout,ETH-USDT,1d,25.0,,,73152.38,17.805,0.0,100.0,999.0,70,4.9,0.0,,,,,,,1.5,,,,,,,
kc_breakout,ETH-USDT,1d,25.0,,,13573.89,17.962,0.0,100.0,999.0,51,3.9,0.0,,,,,,,2.0,,,,,,,
kc_breakout,ETH-USDT,1d,25.0,,,3197.28,24.566,0.0,100.0,999.0,28,4.6,0.0,,,,,,,2.5,,,,,,,
kc_breakout,ETH-USDT,1d,25.0,,,986.65,26.743,0.0,100.0,999.0,18,3.5,0.0,,,,,,,3.0,,,,,,,
rsi_adx_combo,ETH-USDT,1d,,,,858.72,6.434,-29.72,43.1,3.25,51,20.3,28.9,,,,,,,,14.0,25.0,65.0,14.0,20.0,,
rsi_adx_combo,ETH-USDT,1d,,,,753.04,5.57,-22.46,42.2,2.7,64,14.1,33.53,,,,,,,,14.0,25.0,65.0,14.0,25.0,,
rsi_adx_combo,ETH-USDT,1d,,,,891.99,6.593,-29.72,44.0,3.33,50,20.6,30.02,,,,,,,,14.0,25.0,70.0,14.0,20.0,,
rsi_adx_combo,ETH-USDT,1d,,,,1049.66,6.434,-22.46,45.9,3.26,61,14.7,46.74,,,,,,,,14.0,25.0,70.0,14.0,25.0,,
rsi_adx_combo,ETH-USDT,1d,,,,913.82,6.724,-29.72,44.9,3.39,49,21.0,30.75,,,,,,,,14.0,25.0,75.0,14.0,20.0,,
rsi_adx_combo,ETH-USDT,1d,,,,1253.44,7.029,-22.46,50.0,3.69,58,15.4,55.82,,,,,,,,14.0,25.0,75.0,14.0,25.0,,
rsi_adx_combo,ETH-USDT,1d,,,,858.72,6.434,-29.72,43.1,3.25,51,20.3,28.9,,,,,,,,14.0,30.0,65.0,14.0,20.0,,
rsi_adx_combo,ETH-USDT,1d,,,,799.13,5.503,-20.72,45.6,2.73,68,13.3,38.57,,,,,,,,14.0,30.0,65.0,14.0,25.0,,
rsi_adx_combo,ETH-USDT,1d,,,,891.99,6.593,-29.72,44.0,3.33,50,20.6,30.02,,,,,,,,14.0,30.0,70.0,14.0,20.0,,
rsi_adx_combo,ETH-USDT,1d,,,,1111.78,6.332,-20.72,49.2,3.3,65,13.9,53.66,,,,,,,,14.0,30.0,70.0,14.0,25.0,,
rsi_adx_combo,ETH-USDT,1d,,,,913.82,6.724,-29.72,44.9,3.39,49,21.0,30.75,,,,,,,,14.0,30.0,75.0,14.0,20.0,,
rsi_adx_combo,ETH-USDT,1d,,,,1326.58,6.897,-20.72,53.2,3.74,62,14.5,64.02,,,,,,,,14.0,30.0,75.0,14.0,25.0,,
rsi_adx_combo,ETH-USDT,1d,,,,858.7,6.236,-29.93,44.4,3.24,54,19.2,28.69,,,,,,,,14.0,35.0,65.0,14.0,20.0,,
rsi_adx_combo,ETH-USDT,1d,,,,776.13,5.162,-23.74,46.7,2.61,75,12.3,32.7,,,,,,,,14.0,35.0,65.0,14.0,25.0,,
rsi_adx_combo,ETH-USDT,1d,,,,891.96,6.386,-29.93,45.3,3.32,53,19.6,29.8,,,,,,,,14.0,35.0,70.0,14.0,20.0,,
rsi_adx_combo,ETH-USDT,1d,,,,1080.78,5.921,-23.74,50.0,3.11,72,12.8,45.53,,,,,,,,14.0,35.0,70.0,14.0,25.0,,
rsi_adx_combo,ETH-USDT,1d,,,,913.8,6.507,-29.93,46.2,3.38,52,19.9,30.53,,,,,,,,14.0,35.0,75.0,14.0,20.0,,
rsi_adx_combo,ETH-USDT,1d,,,,1290.07,6.427,-20.95,53.6,3.49,69,13.2,61.59,,,,,,,,14.0,35.0,75.0,14.0,25.0,,
rsi_vol_combo,ETH-USDT,1d,,,,-97.0,-15.837,-97.0,13.2,0.05,38,2.1,-1.0,,,,,,,,14.0,25.0,65.0,,,20.0,1.5
rsi_vol_combo,ETH-USDT,1d,,,,-85.2,-20.728,-85.2,9.5,0.03,21,1.3,-1.0,,,,,,,,14.0,25.0,65.0,,,20.0,2.0
rsi_vol_combo,ETH-USDT,1d,,,,-95.85,-16.619,-95.85,9.4,0.02,32,2.2,-1.0,,,,,,,,14.0,25.0,70.0,,,20.0,1.5
rsi_vol_combo,ETH-USDT,1d,,,,-84.19,-20.479,-84.19,10.0,0.03,20,1.4,-1.0,,,,,,,,14.0,25.0,70.0,,,20.0,2.0
rsi_vol_combo,ETH-USDT,1d,,,,-93.25,-15.926,-93.25,11.1,0.02,27,2.2,-1.0,,,,,,,,14.0,25.0,75.0,,,20.0,1.5
rsi_vol_combo,ETH-USDT,1d,,,,-80.7,-21.567,-80.7,10.5,0.03,19,1.3,-1.0,,,,,,,,14.0,25.0,75.0,,,20.0,2.0
rsi_vol_combo,ETH-USDT,1d,,,,-97.41,-16.654,-97.41,11.6,0.04,43,2.0,-1.0,,,,,,,,14.0,30.0,65.0,,,20.0,1.5
rsi_vol_combo,ETH-USDT,1d,,,,-84.88,-19.761,-84.88,8.7,0.03,23,1.3,-1.0,,,,,,,,14.0,30.0,65.0,,,20.0,2.0
rsi_vol_combo,ETH-USDT,1d,,,,-96.42,-17.466,-96.42,8.1,0.02,37,2.1,-1.0,,,,,,,,14.0,30.0,70.0,,,20.0,1.5
rsi_vol_combo,ETH-USDT,1d,,,,-83.85,-19.458,-83.85,9.1,0.03,22,1.4,-1.0,,,,,,,,14.0,30.0,70.0,,,20.0,2.0
rsi_vol_combo,ETH-USDT,1d,,,,-94.17,-16.849,-94.17,9.4,0.02,32,2.1,-1.0,,,,,,,,14.0,30.0,75.0,,,20.0,1.5
rsi_vol_combo,ETH-USDT,1d,,,,-80.28,-20.616,-80.28,9.5,0.03,21,1.3,-1.0,,,,,,,,14.0,30.0,75.0,,,20.0,2.0
rsi_vol_combo,ETH-USDT,1d,,,,-98.4,-15.059,-98.4,14.3,0.08,56,1.8,-1.0,,,,,,,,14.0,35.0,65.0,,,20.0,1.5
rsi_vol_combo,ETH-USDT,1d,,,,-84.71,-14.701,-84.71,17.9,0.11,28,1.3,-1.0,,,,,,,,14.0,35.0,65.0,,,20.0,2.0
rsi_vol_combo,ETH-USDT,1d,,,,-97.79,-15.429,-97.79,12.0,0.06,50,1.8,-1.0,,,,,,,,14.0,35.0,70.0,,,20.0,1.5
rsi_vol_combo,ETH-USDT,1d,,,,-83.67,-14.406,-83.67,18.5,0.11,27,1.3,-1.0,,,,,,,,14.0,35.0,70.0,,,20.0,2.0
rsi_vol_combo,ETH-USDT,1d,,,,-96.4,-14.804,-96.4,13.3,0.06,45,1.8,-1.0,,,,,,,,14.0,35.0,75.0,,,20.0,1.5
rsi_vol_combo,ETH-USDT,1d,,,,-80.06,-14.607,-80.06,19.2,0.12,26,1.2,-1.0,,,,,,,,14.0,35.0,75.0,,,20.0,2.0
rsi_reversion,ETH-USDT,4h,7.0,20.0,60.0,-95.25,-14.207,-95.25,12.8,0.04,156,3.3,-1.0,,,,,,,,,,,,,,
rsi_reversion,ETH-USDT,4h,7.0,20.0,65.0,-94.69,-14.662,-94.69,11.3,0.03,150,3.1,-1.0,,,,,,,,,,,,,,
rsi_reversion,ETH-USDT,4h,7.0,20.0,70.0,-93.17,-14.755,-93.17,12.6,0.03,135,2.9,-1.0,,,,,,,,,,,,,,
rsi_reversion,ETH-USDT,4h,7.0,20.0,75.0,-90.29,-13.534,-90.29,15.0,0.04,127,2.6,-1.0,,,,,,,,,,,,,,
rsi_reversion,ETH-USDT,4h,7.0,20.0,80.0,-88.5,-13.726,-88.5,10.8,0.02,111,2.3,-1.0,,,,,,,,,,,,,,
rsi_reversion,ETH-USDT,4h,7.0,25.0,60.0,-96.22,-14.164,-96.22,13.9,0.04,165,3.5,-1.0,,,,,,,,,,,,,,
rsi_reversion,ETH-USDT,4h,7.0,25.0,65.0,-95.77,-14.574,-95.77,12.6,0.04,159,3.3,-1.0,,,,,,,,,,,,,,
rsi_reversion,ETH-USDT,4h,7.0,25.0,70.0,-94.57,-14.657,-94.57,13.9,0.03,144,3.2,-1.0,,,,,,,,,,,,,,
rsi_reversion,ETH-USDT,4h,7.0,25.0,75.0,-92.27,-13.53,-92.27,16.2,0.04,136,2.9,-1.0,,,,,,,,,,,,,,
rsi_reversion,ETH-USDT,4h,7.0,25.0,80.0,-90.85,-13.725,-90.85,12.5,0.02,120,2.7,-1.0,,,,,,,,,,,,,,
rsi_reversion,ETH-USDT,4h,7.0,30.0,60.0,-96.79,-12.917,-96.79,12.2,0.04,172,3.8,-1.0,,,,,,,,,,,,,,
rsi_reversion,ETH-USDT,4h,7.0,30.0,65.0,-96.41,-13.177,-96.41,10.8,0.03,166,3.6,-1.0,,,,,,,,,,,,,,
rsi_reversion,ETH-USDT,4h,7.0,30.0,70.0,-95.39,-13.156,-95.39,11.9,0.03,151,3.5,-1.0,,,,,,,,,,,,,,
rsi_reversion,ETH-USDT,4h,7.0,30.0,75.0,-93.44,-12.145,-93.44,14.0,0.04,143,3.2,-1.0,,,,,,,,,,,,,,
rsi_reversion,ETH-USDT,4h,7.0,30.0,80.0,-92.23,-12.265,-92.23,10.2,0.02,127,3.1,-1.0,,,,,,,,,,,,,,
rsi_reversion,ETH-USDT,4h,7.0,35.0,60.0,-97.46,-13.046,-97.46,14.9,0.05,181,3.9,-1.0,,,,,,,,,,,,,,
rsi_reversion,ETH-USDT,4h,7.0,35.0,65.0,-97.16,-13.296,-97.16,13.7,0.04,175,3.7,-1.0,,,,,,,,,,,,,,
rsi_reversion,ETH-USDT,4h,7.0,35.0,70.0,-96.35,-13.289,-96.35,15.0,0.04,160,3.7,-1.0,,,,,,,,,,,,,,
rsi_reversion,ETH-USDT,4h,7.0,35.0,75.0,-94.81,-12.342,-94.81,17.1,0.05,152,3.4,-1.0,,,,,,,,,,,,,,
rsi_reversion,ETH-USDT,4h,7.0,35.0,80.0,-93.85,-12.476,-93.85,14.0,0.04,136,3.3,-1.0,,,,,,,,,,,,,,
rsi_reversion,ETH-USDT,4h,9.0,20.0,60.0,-93.35,-14.72,-93.35,12.8,0.02,117,4.1,-1.0,,,,,,,,,,,,,,
rsi_reversion,ETH-USDT,4h,9.0,20.0,65.0,-91.92,-14.253,-91.92,12.4,0.04,105,3.7,-1.0,,,,,,,,,,,,,,
rsi_reversion,ETH-USDT,4h,9.0,20.0,70.0,-90.1,-15.147,-90.1,9.7,0.02,93,3.4,-1.0,,,,,,,,,,,,,,
rsi_reversion,ETH-USDT,4h,9.0,20.0,75.0,-87.41,-15.354,-87.41,7.5,0.01,80,3.2,-1.0,,,,,,,,,,,,,,
rsi_reversion,ETH-USDT,4h,9.0,20.0,80.0,-83.43,-14.574,-83.43,10.1,0.01,69,3.0,-1.0,,,,,,,,,,,,,,
rsi_reversion,ETH-USDT,4h,9.0,25.0,60.0,-93.81,-13.422,-93.81,13.0,0.02,131,4.1,-1.0,,,,,,,,,,,,,,
rsi_reversion,ETH-USDT,4h,9.0,25.0,65.0,-92.48,-12.941,-92.48,12.6,0.04,119,3.8,-1.0,,,,,,,,,,,,,,
rsi_reversion,ETH-USDT,4h,9.0,25.0,70.0,-90.79,-13.517,-90.79,10.3,0.02,107,3.5,-1.0,,,,,,,,,,,,,,
rsi_reversion,ETH-USDT,4h,9.0,25.0,75.0,-88.28,-13.483,-88.28,8.5,0.01,94,3.4,-1.0,,,,,,,,,,,,,,
rsi_reversion,ETH-USDT,4h,9.0,25.0,80.0,-84.59,-12.682,-84.59,10.8,0.01,83,3.2,-1.0,,,,,,,,,,,,,,
rsi_reversion,ETH-USDT,4h,9.0,30.0,60.0,-95.23,-13.59,-95.23,11.9,0.02,135,4.4,-1.0,,,,,,,,,,,,,,
rsi_reversion,ETH-USDT,4h,9.0,30.0,65.0,-94.21,-13.192,-94.21,11.4,0.03,123,4.1,-1.0,,,,,,,,,,,,,,
rsi_reversion,ETH-USDT,4h,9.0,30.0,70.0,-92.9,-13.753,-92.9,9.0,0.01,111,3.9,-1.0,,,,,,,,,,,,,,
rsi_reversion,ETH-USDT,4h,9.0,30.0,75.0,-90.97,-13.775,-90.97,7.1,0.01,98,3.8,-1.0,,,,,,,,,,,,,,
rsi_reversion,ETH-USDT,4h,9.0,30.0,80.0,-88.12,-13.096,-88.12,9.2,0.01,87,3.7,-1.0,,,,,,,,,,,,,,
rsi_reversion,ETH-USDT,4h,9.0,35.0,60.0,-95.97,-12.744,-95.97,14.0,0.02,150,4.4,-1.0,,,,,,,,,,,,,,
rsi_reversion,ETH-USDT,4h,9.0,35.0,65.0,-95.1,-12.361,-95.1,13.8,0.03,138,4.2,-1.0,,,,,,,,,,,,,,
rsi_reversion,ETH-USDT,4h,9.0,35.0,70.0,-94.0,-12.753,-94.0,11.9,0.01,126,4.0,-1.0,,,,,,,,,,,,,,
rsi_reversion,ETH-USDT,4h,9.0,35.0,75.0,-92.37,-12.676,-92.37,10.6,0.01,113,3.9,-1.0,,,,,,,,,,,,,,
rsi_reversion,ETH-USDT,4h,9.0,35.0,80.0,-89.96,-12.032,-89.96,12.7,0.01,102,3.9,-1.0,,,,,,,,,,,,,,
rsi_reversion,ETH-USDT,4h,11.0,20.0,60.0,-89.33,-14.927,-89.33,9.0,0.01,100,4.3,-1.0,,,,,,,,,,,,,,
rsi_reversion,ETH-USDT,4h,11.0,20.0,65.0,-88.1,-15.055,-88.1,12.8,0.01,94,3.6,-1.0,,,,,,,,,,,,,,
rsi_reversion,ETH-USDT,4h,11.0,20.0,70.0,-83.73,-16.517,-83.73,6.9,0.01,72,3.7,-1.0,,,,,,,,,,,,,,
rsi_reversion,ETH-USDT,4h,11.0,20.0,75.0,-76.93,-15.149,-76.93,11.5,0.01,61,3.3,-1.0,,,,,,,,,,,,,,
rsi_reversion,ETH-USDT,4h,11.0,20.0,80.0,-74.41,-15.548,-74.41,13.0,0.01,54,2.9,-1.0,,,,,,,,,,,,,,
rsi_reversion,ETH-USDT,4h,11.0,25.0,60.0,-91.66,-13.975,-91.66,9.3,0.02,108,4.4,-1.0,,,,,,,,,,,,,,
rsi_reversion,ETH-USDT,4h,11.0,25.0,65.0,-90.7,-14.041,-90.7,12.7,0.02,102,3.8,-1.0,,,,,,,,,,,,,,
rsi_reversion,ETH-USDT,4h,11.0,25.0,70.0,-87.29,-15.037,-87.29,7.5,0.01,80,4.0,-1.0,,,,,,,,,,,,,,
rsi_reversion,ETH-USDT,4h,11.0,25.0,75.0,-81.98,-13.854,-81.98,11.6,0.02,69,3.6,-1.0,,,,,,,,,,,,,,
rsi_reversion,ETH-USDT,4h,11.0,25.0,80.0,-80.01,-14.1,-80.01,12.9,0.02,62,3.3,-1.0,,,,,,,,,,,,,,
rsi_reversion,ETH-USDT,4h,11.0,30.0,60.0,-92.65,-13.851,-92.65,8.6,0.02,116,4.7,-1.0,,,,,,,,,,,,,,
rsi_reversion,ETH-USDT,4h,11.0,30.0,65.0,-91.8,-13.905,-91.8,11.8,0.02,110,4.1,-1.0,,,,,,,,,,,,,,
rsi_reversion,ETH-USDT,4h,11.0,30.0,70.0,-88.79,-14.767,-88.79,6.8,0.01,88,4.3,-1.0,,,,,,,,,,,,,,
rsi_reversion,ETH-USDT,4h,11.0,30.0,75.0,-84.11,-13.655,-84.11,10.4,0.02,77,4.1,-1.0,,,,,,,,,,,,,,
rsi_reversion,ETH-USDT,4h,11.0,30.0,80.0,-82.37,-13.845,-82.37,11.4,0.02,70,3.9,-1.0,,,,,,,,,,,,,,
rsi_reversion,ETH-USDT,4h,11.0,35.0,60.0,-94.45,-13.428,-94.45,7.5,0.01,133,4.7,-1.0,,,,,,,,,,,,,,
rsi_reversion,ETH-USDT,4h,11.0,35.0,65.0,-93.81,-13.454,-93.81,10.2,0.01,127,4.2,-1.0,,,,,,,,,,,,,,
rsi_reversion,ETH-USDT,4h,11.0,35.0,70.0,-91.54,-14.073,-91.54,5.7,0.01,105,4.4,-1.0,,,,,,,,,,,,,,
rsi_reversion,ETH-USDT,4h,11.0,35.0,75.0,-88.01,-13.102,-88.01,8.5,0.01,94,4.2,-1.0,,,,,,,,,,,,,,
rsi_reversion,ETH-USDT,4h,11.0,35.0,80.0,-86.7,-13.208,-86.7,9.2,0.01,87,4.1,-1.0,,,,,,,,,,,,,,
rsi_reversion,ETH-USDT,4h,13.0,20.0,60.0,-85.55,-15.313,-85.55,20.5,0.03,88,4.5,-1.0,,,,,,,,,,,,,,
rsi_reversion,ETH-USDT,4h,13.0,20.0,65.0,-84.44,-17.112,-84.44,18.9,0.01,74,4.1,-1.0,,,,,,,,,,,,,,
rsi_reversion,ETH-USDT,4h,13.0,20.0,70.0,-79.24,-17.17,-79.24,11.1,0.02,63,3.7,-1.0,,,,,,,,,,,,,,
rsi_reversion,ETH-USDT,4h,13.0,20.0,75.0,-71.14,-15.793,-71.14,18.2,0.02,55,3.0,-1.0,,,,,,,,,,,,,,
rsi_reversion,ETH-USDT,4h,13.0,20.0,80.0,-60.05,-13.829,-60.09,19.6,0.05,46,2.6,-1.0,,,,,,,,,,,,,,
rsi_reversion,ETH-USDT,4h,13.0,25.0,60.0,-87.09,-14.074,-87.09,19.4,0.03,93,4.7,-1.0,,,,,,,,,,,,,,
rsi_reversion,ETH-USDT,4h,13.0,25.0,65.0,-86.1,-15.465,-86.1,17.7,0.01,79,4.3,-1.0,,,,,,,,,,,,,,
rsi_reversion,ETH-USDT,4h,13.0,25.0,70.0,-81.45,-15.251,-81.45,10.3,0.02,68,4.0,-1.0,,,,,,,,,,,,,,
rsi_reversion,ETH-USDT,4h,13.0,25.0,75.0,-74.22,-13.875,-74.22,16.7,0.01,60,3.4,-1.0,,,,,,,,,,,,,,
rsi_reversion,ETH-USDT,4h,13.0,25.0,80.0,-64.31,-12.08,-64.36,17.6,0.04,51,3.1,-1.0,,,,,,,,,,,,,,
rsi_reversion,ETH-USDT,4h,13.0,30.0,60.0,-89.15,-13.141,-89.15,17.3,0.03,104,4.8,-1.0,,,,,,,,,,,,,,
rsi_reversion,ETH-USDT,4h,13.0,30.0,65.0,-88.32,-14.188,-88.36,15.6,0.01,90,4.5,-1.0,,,,,,,,,,,,,,
rsi_reversion,ETH-USDT,4h,13.0,30.0,70.0,-84.42,-13.856,-84.47,8.9,0.02,79,4.3,-1.0,,,,,,,,,,,,,,
rsi_reversion,ETH-USDT,4h,13.0,30.0,75.0,-78.33,-12.628,-78.4,14.1,0.02,71,3.8,-1.0,,,,,,,,,,,,,,
rsi_reversion,ETH-USDT,4h,13.0,30.0,80.0,-70.01,-11.104,-70.17,14.5,0.04,62,3.6,-1.0,,,,,,,,,,,,,,
rsi_reversion,ETH-USDT,4h,13.0,35.0,60.0,-91.67,-12.927,-91.67,18.6,0.04,118,5.0,-1.0,,,,,,,,,,,,,,
rsi_reversion,ETH-USDT,4h,13.0,35.0,65.0,-91.04,-13.799,-91.04,17.3,0.02,104,4.7,-1.0,,,,,,,,,,,,,,
rsi_reversion,ETH-USDT,4h,13.0,35.0,70.0,-88.04,-13.476,-88.04,11.8,0.02,93,4.5,-1.0,,,,,,,,,,,,,,
rsi_reversion,ETH-USDT,4h,13.0,35.0,75.0,-83.37,-12.425,-83.37,16.5,0.02,85,4.2,-1.0,,,,,,,,,,,,,,
rsi_reversion,ETH-USDT,4h,13.0,35.0,80.0,-76.98,-11.155,-76.98,17.1,0.05,76,4.1,-1.0,,,,,,,,,,,,,,
rsi_reversion,ETH-USDT,4h,15.0,20.0,60.0,-77.82,-15.677,-77.82,14.3,0.05,77,4.7,-1.0,,,,,,,,,,,,,,
rsi_reversion,ETH-USDT,4h,15.0,20.0,65.0,-74.17,-15.03,-74.17,15.9,0.05,69,4.0,-1.0,,,,,,,,,,,,,,
rsi_reversion,ETH-USDT,4h,15.0,20.0,70.0,-66.29,-15.243,-66.29,16.1,0.04,56,3.2,-1.0,,,,,,,,,,,,,,
rsi_reversion,ETH-USDT,4h,15.0,20.0,75.0,-59.15,-15.705,-59.15,19.1,0.04,47,2.7,-1.0,,,,,,,,,,,,,,
rsi_reversion,ETH-USDT,4h,15.0,20.0,80.0,-48.22,-16.512,-48.22,16.1,0.03,31,2.8,-1.0,,,,,,,,,,,,,,
rsi_reversion,ETH-USDT,4h,15.0,25.0,60.0,-81.42,-13.238,-81.43,14.1,0.04,78,5.2,-1.0,,,,,,,,,,,,,,
rsi_reversion,ETH-USDT,4h,15.0,25.0,65.0,-78.36,-12.765,-78.38,15.7,0.04,70,4.6,-1.0,,,,,,,,,,,,,,
rsi_reversion,ETH-USDT,4h,15.0,25.0,70.0,-71.76,-12.513,-71.78,15.8,0.04,57,4.0,-1.0,,,,,,,,,,,,,,
rsi_reversion,ETH-USDT,4h,15.0,25.0,75.0,-65.78,-12.323,-65.8,18.8,0.04,48,3.6,-1.0,,,,,,,,,,,,,,
rsi_reversion,ETH-USDT,4h,15.0,25.0,80.0,-56.61,-12.512,-56.65,15.6,0.03,32,4.2,-1.0,,,,,,,,,,,,,,
rsi_reversion,ETH-USDT,4h,15.0,30.0,60.0,-85.26,-14.14,-85.26,11.2,0.04,89,5.2,-1.0,,,,,,,,,,,,,,
rsi_reversion,ETH-USDT,4h,15.0,30.0,65.0,-82.83,-13.712,-82.83,12.3,0.04,81,4.7,-1.0,,,,,,,,,,,,,,
rsi_reversion,ETH-USDT,4h,15.0,30.0,70.0,-77.59,-13.62,-77.59,11.8,0.04,68,4.1,-1.0,,,,,,,,,,,,,,
rsi_reversion,ETH-USDT,4h,15.0,30.0,75.0,-72.85,-13.598,-72.85,13.6,0.03,59,3.9,-1.0,,,,,,,,,,,,,,
rsi_reversion,ETH-USDT,4h,15.0,30.0,80.0,-65.58,-13.909,-65.58,9.3,0.02,43,4.4,-1.0,,,,,,,,,,,,,,
rsi_reversion,ETH-USDT,4h,15.0,35.0,60.0,-89.48,-13.091,-89.5,10.7,0.04,112,5.0,-1.0,,,,,,,,,,,,,,
rsi_reversion,ETH-USDT,4h,15.0,35.0,65.0,-87.75,-12.712,-87.77,11.5,0.04,104,4.5,-1.0,,,,,,,,,,,,,,
rsi_reversion,ETH-USDT,4h,15.0,35.0,70.0,-84.01,-12.513,-84.04,11.0,0.04,91,4.1,-1.0,,,,,,,,,,,,,,
rsi_reversion,ETH-USDT,4h,15.0,35.0,75.0,-80.62,-12.381,-80.66,12.2,0.04,82,3.9,-1.0,,,,,,,,,,,,,,
rsi_reversion,ETH-USDT,4h,15.0,35.0,80.0,-75.43,-12.318,-75.48,9.1,0.03,66,4.3,-1.0,,,,,,,,,,,,,,
rsi_reversion,ETH-USDT,4h,17.0,20.0,60.0,-70.14,-12.202,-70.14,26.2,0.09,65,5.1,-1.0,,,,,,,,,,,,,,
rsi_reversion,ETH-USDT,4h,17.0,20.0,65.0,-65.03,-12.914,-65.28,24.5,0.08,53,4.3,-1.0,,,,,,,,,,,,,,
rsi_reversion,ETH-USDT,4h,17.0,20.0,70.0,-56.31,-12.885,-56.31,19.0,0.04,42,3.4,-1.0,,,,,,,,,,,,,,
rsi_reversion,ETH-USDT,4h,17.0,20.0,75.0,-45.51,-12.198,-45.51,17.2,0.04,29,3.1,-1.0,,,,,,,,,,,,,,
rsi_reversion,ETH-USDT,4h,17.0,20.0,80.0,-40.74,-13.035,-41.31,21.1,0.03,19,3.0,-0.99,,,,,,,,,,,,,,
rsi_reversion,ETH-USDT,4h,17.0,25.0,60.0,-76.31,-11.744,-76.31,26.0,0.08,73,5.2,-1.0,,,,,,,,,,,,,,
rsi_reversion,ETH-USDT,4h,17.0,25.0,65.0,-72.26,-12.253,-72.45,24.6,0.08,61,4.5,-1.0,,,,,,,,,,,,,,
rsi_reversion,ETH-USDT,4h,17.0,25.0,70.0,-65.34,-12.11,-65.34,20.0,0.05,50,3.7,-1.0,,,,,,,,,,,,,,
rsi_reversion,ETH-USDT,4h,17.0,25.0,75.0,-56.78,-11.639,-56.78,18.9,0.05,37,3.6,-1.0,,,,,,,,,,,,,,
rsi_reversion,ETH-USDT,4h,17.0,25.0,80.0,-52.99,-12.325,-53.44,22.2,0.05,27,3.7,-0.99,,,,,,,,,,,,,,
rsi_reversion,ETH-USDT,4h,17.0,30.0,60.0,-80.42,-11.47,-80.42,26.7,0.08,86,5.1,-1.0,,,,,,,,,,,,,,
rsi_reversion,ETH-USDT,4h,17.0,30.0,65.0,-77.07,-11.845,-77.25,25.7,0.08,74,4.6,-1.0,,,,,,,,,,,,,,
rsi_reversion,ETH-USDT,4h,17.0,30.0,70.0,-71.35,-11.659,-71.37,22.2,0.05,63,4.0,-1.0,,,,,,,,,,,,,,
rsi_reversion,ETH-USDT,4h,17.0,30.0,75.0,-64.27,-11.167,-64.3,22.0,0.06,50,3.9,-1.0,,,,,,,,,,,,,,
rsi_reversion,ETH-USDT,4h,17.0,30.0,80.0,-61.14,-11.451,-61.54,25.0,0.05,40,4.1,-0.99,,,,,,,,,,,,,,
rsi_reversion,ETH-USDT,4h,17.0,35.0,60.0,-83.15,-9.901,-83.18,24.8,0.1,101,5.2,-1.0,,,,,,,,,,,,,,
rsi_reversion,ETH-USDT,4h,17.0,35.0,65.0,-80.26,-10.018,-80.58,23.6,0.1,89,4.8,-1.0,,,,,,,,,,,,,,
rsi_reversion,ETH-USDT,4h,17.0,35.0,70.0,-75.34,-9.673,-75.57,20.5,0.08,78,4.3,-1.0,,,,,,,,,,,,,,
rsi_reversion,ETH-USDT,4h,17.0,35.0,75.0,-69.24,-9.119,-69.53,20.0,0.09,65,4.4,-1.0,,,,,,,,,,,,,,
rsi_reversion,ETH-USDT,4h,17.0,35.0,80.0,-66.55,-9.151,-67.5,21.8,0.09,55,4.6,-0.99,,,,,,,,,,,,,,
rsi_reversion,ETH-USDT,4h,19.0,20.0,60.0,-66.73,-10.235,-66.73,21.4,0.12,56,5.4,-1.0,,,,,,,,,,,,,,
rsi_reversion,ETH-USDT,4h,19.0,20.0,65.0,-63.0,-10.923,-63.0,16.4,0.07,55,3.6,-1.0,,,,,,,,,,,,,,
rsi_reversion,ETH-USDT,4h,19.0,20.0,70.0,-55.15,-13.458,-55.15,3.3,0.0,30,3.8,-1.0,,,,,,,,,,,,,,
rsi_reversion,ETH-USDT,4h,19.0,20.0,75.0,-43.98,-12.385,-43.98,10.5,0.01,19,3.6,-1.0,,,,,,,,,,,,,,
rsi_reversion,ETH-USDT,4h,19.0,20.0,80.0,-39.76,-15.688,-39.76,0.0,0.0,11,3.8,-1.0,,,,,,,,,,,,,,
rsi_reversion,ETH-USDT,4h,19.0,25.0,60.0,-69.3,-10.563,-69.3,23.1,0.12,65,5.1,-1.0,,,,,,,,,,,,,,
rsi_reversion,ETH-USDT,4h,19.0,25.0,65.0,-65.86,-11.486,-65.86,18.8,0.08,64,3.5,-1.0,,,,,,,,,,,,,,
rsi_reversion,ETH-USDT,4h,19.0,25.0,70.0,-58.62,-13.605,-58.62,10.3,0.02,39,3.6,-1.0,,,,,,,,,,,,,,
rsi_reversion,ETH-USDT,4h,19.0,25.0,75.0,-48.31,-12.211,-48.31,17.9,0.04,28,3.4,-1.0,,,,,,,,,,,,,,
rsi_reversion,ETH-USDT,4h,19.0,25.0,80.0,-44.42,-13.633,-44.42,15.0,0.03,20,3.5,-1.0,,,,,,,,,,,,,,
rsi_reversion,ETH-USDT,4h,19.0,30.0,60.0,-70.54,-8.673,-70.54,29.6,0.14,71,5.5,-1.0,,,,,,,,,,,,,,
rsi_reversion,ETH-USDT,4h,19.0,30.0,65.0,-67.24,-8.954,-67.24,25.7,0.1,70,4.0,-1.0,,,,,,,,,,,,,,
rsi_reversion,ETH-USDT,4h,19.0,30.0,70.0,-60.29,-9.821,-60.29,22.2,0.06,45,4.4,-1.0,,,,,,,,,,,,,,
rsi_reversion,ETH-USDT,4h,19.0,30.0,75.0,-50.4,-8.58,-50.4,32.4,0.09,34,4.5,-1.0,,,,,,,,,,,,,,
rsi_reversion,ETH-USDT,4h,19.0,30.0,80.0,-46.66,-8.961,-47.08,34.6,0.08,26,4.9,-0.99,,,,,,,,,,,,,,
rsi_reversion,ETH-USDT,4h,19.0,35.0,60.0,-79.48,-9.071,-79.75,31.1,0.13,90,5.4,-1.0,,,,,,,,,,,,,,
rsi_reversion,ETH-USDT,4h,19.0,35.0,65.0,-77.18,-9.333,-77.48,28.1,0.09,89,4.2,-1.0,,,,,,,,,,,,,,
rsi_reversion,ETH-USDT,4h,19.0,35.0,70.0,-72.35,-10.052,-72.71,26.6,0.06,64,4.6,-1.0,,,,,,,,,,,,,,
rsi_reversion,ETH-USDT,4h,19.0,35.0,75.0,-65.46,-9.163,-65.91,34.0,0.08,53,4.7,-0.99,,,,,,,,,,,,,,
rsi_reversion,ETH-USDT,4h,19.0,35.0,80.0,-62.86,-9.41,-63.37,35.6,0.08,45,5.0,-0.99,,,,,,,,,,,,,,
rsi_reversion,ETH-USDT,4h,21.0,20.0,60.0,-62.16,-10.056,-62.16,28.8,0.14,52,5.2,-1.0,,,,,,,,,,,,,,
rsi_reversion,ETH-USDT,4h,21.0,20.0,65.0,-52.09,-12.219,-52.09,17.1,0.06,35,4.4,-1.0,,,,,,,,,,,,,,
rsi_reversion,ETH-USDT,4h,21.0,20.0,70.0,-42.31,-14.273,-42.31,23.5,0.03,17,5.0,-1.0,,,,,,,,,,,,,,
rsi_reversion,ETH-USDT,4h,21.0,20.0,75.0,-33.65,-13.429,-33.65,15.4,0.02,13,4.0,-1.0,,,,,,,,,,,,,,
rsi_reversion,ETH-USDT,4h,21.0,20.0,80.0,-24.5,-12.3,-25.39,28.6,0.04,7,4.6,-0.97,,,,,,,,,,,,,,
rsi_reversion,ETH-USDT,4h,21.0,25.0,60.0,-65.01,-9.832,-65.01,24.6,0.16,61,4.7,-1.0,,,,,,,,,,,,,,
rsi_reversion,ETH-USDT,4h,21.0,25.0,65.0,-55.7,-11.59,-55.7,13.6,0.09,44,3.9,-1.0,,,,,,,,,,,,,,
rsi_reversion,ETH-USDT,4h,21.0,25.0,70.0,-46.66,-12.272,-46.66,15.4,0.07,26,3.9,-1.0,,,,,,,,,,,,,,
rsi_reversion,ETH-USDT,4h,21.0,25.0,75.0,-38.65,-11.411,-38.65,9.1,0.07,22,3.1,-1.0,,,,,,,,,,,,,,
rsi_reversion,ETH-USDT,4h,21.0,25.0,80.0,-30.19,-9.754,-30.6,12.5,0.11,16,3.1,-0.99,,,,,,,,,,,,,,
rsi_reversion,ETH-USDT,4h,21.0,30.0,60.0,-73.52,-10.271,-73.52,22.9,0.11,70,5.1,-1.0,,,,,,,,,,,,,,
rsi_reversion,ETH-USDT,4h,21.0,30.0,65.0,-66.47,-11.75,-66.47,13.2,0.04,53,4.5,-1.0,,,,,,,,,,,,,,
rsi_reversion,ETH-USDT,4h,21.0,30.0,70.0,-59.63,-12.529,-59.63,14.3,0.02,35,4.8,-1.0,,,,,,,,,,,,,,
rsi_reversion,ETH-USDT,4h,21.0,30.0,75.0,-53.57,-11.955,-53.57,9.7,0.0,31,4.4,-1.0,,,,,,,,,,,,,,
rsi_reversion,ETH-USDT,4h,21.0,30.0,80.0,-47.17,-11.032,-47.48,12.0,0.01,25,4.6,-0.99,,,,,,,,,,,,,,
rsi_reversion,ETH-USDT,4h,21.0,35.0,60.0,-78.73,-9.667,-78.82,26.8,0.11,82,5.3,-1.0,,,,,,,,,,,,,,
rsi_reversion,ETH-USDT,4h,21.0,35.0,65.0,-73.07,-10.58,-73.18,20.0,0.05,65,4.9,-1.0,,,,,,,,,,,,,,
rsi_reversion,ETH-USDT,4h,21.0,35.0,70.0,-67.58,-10.95,-67.71,23.4,0.03,47,5.2,-1.0,,,,,,,,,,,,,,
rsi_reversion,ETH-USDT,4h,21.0,35.0,75.0,-62.71,-10.432,-62.87,20.9,0.03,43,5.0,-1.0,,,,,,,,,,,,,,
rsi_reversion,ETH-USDT,4h,21.0,35.0,80.0,-57.57,-9.738,-58.07,24.3,0.04,37,5.2,-0.99,,,,,,,,,,,,,,
macd_crossover,ETH-USDT,4h,,,,349.24,19.23,-0.51,89.1,50.39,119,1.0,691.0,6.0,20.0,5.0,,,,,,,,,,,
macd_crossover,ETH-USDT,4h,,,,323.65,19.378,-1.7,88.9,33.96,117,1.0,190.82,6.0,20.0,7.0,,,,,,,,,,,
macd_crossover,ETH-USDT,4h,,,,371.73,21.421,-0.38,91.9,102.6,111,1.0,968.44,6.0,20.0,9.0,,,,,,,,,,,
macd_crossover,ETH-USDT,4h,,,,366.81,21.325,-1.53,92.5,51.22,107,1.0,239.83,6.0,20.0,11.0,,,,,,,,,,,
macd_crossover,ETH-USDT,4h,,,,365.79,20.103,-0.71,92.6,107.52,121,1.0,514.18,6.0,23.0,5.0,,,,,,,,,,,
macd_crossover,ETH-USDT,4h,,,,383.99,20.39,-0.89,87.4,41.94,119,1.0,429.5,6.0,23.0,7.0,,,,,,,,,,,
macd_crossover,ETH-USDT,4h,,,,326.57,18.857,-1.44,87.6,32.3,113,1.0,226.53,6.0,23.0,9.0,,,,,,,,,,,
macd_crossover,ETH-USDT,4h,,,,345.59,20.898,-0.92,90.8,62.69,109,1.0,376.18,6.0,23.0,11.0,,,,,,,,,,,
macd_crossover,ETH-USDT,4h,,,,406.3,20.518,-0.71,91.2,68.94,125,1.0,571.12,6.0,26.0,5.0,,,,,,,,,,,
macd_crossover,ETH-USDT,4h,,,,362.64,21.18,-0.63,89.2,68.49,111,1.0,578.79,6.0,26.0,7.0,,,,,,,,,,,
macd_crossover,ETH-USDT,4h,,,,341.33,19.677,-1.64,89.9,32.47,109,1.0,208.22,6.0,26.0,9.0,,,,,,,,,,,
macd_crossover,ETH-USDT,4h,,,,370.29,22.047,-0.44,90.8,103.57,109,1.0,846.38,6.0,26.0,11.0,,,,,,,,,,,
macd_crossover,ETH-USDT,4h,,,,388.31,20.438,-0.71,90.9,62.55,121,1.0,545.83,6.0,29.0,5.0,,,,,,,,,,,
macd_crossover,ETH-USDT,4h,,,,363.97,20.043,-0.88,88.0,47.69,117,1.0,411.3,6.0,29.0,7.0,,,,,,,,,,,
macd_crossover,ETH-USDT,4h,,,,345.56,20.598,-0.77,89.2,53.85,111,1.0,445.89,6.0,29.0,9.0,,,,,,,,,,,
macd_crossover,ETH-USDT,4h,,,,309.14,20.148,-1.0,88.8,39.14,107,1.0,308.95,6.0,29.0,11.0,,,,,,,,,,,
macd_crossover,ETH-USDT,4h,,,,415.13,21.053,-0.48,91.1,74.51,123,1.0,868.87,6.0,32.0,5.0,,,,,,,,,,,
macd_crossover,ETH-USDT,4h,,,,368.86,19.902,-1.44,89.9,42.54,119,1.0,255.87,6.0,32.0,7.0,,,,,,,,,,,
macd_crossover,ETH-USDT,4h,,,,367.54,20.802,-0.44,91.5,121.47,117,1.0,840.11,6.0,32.0,9.0,,,,,,,,,,,
macd_crossover,ETH-USDT,4h,,,,288.14,19.234,-0.85,88.3,40.75,103,1.0,337.03,6.0,32.0,11.0,,,,,,,,,,,
macd_crossover,ETH-USDT,4h,,,,423.04,21.251,-0.39,91.1,82.22,123,1.0,1084.92,6.0,35.0,5.0,,,,,,,,,,,
macd_crossover,ETH-USDT,4h,,,,350.88,19.88,-1.44,91.3,46.41,115,1.0,243.4,6.0,35.0,7.0,,,,,,,,,,,
macd_crossover,ETH-USDT,4h,,,,351.52,20.725,-0.47,90.3,92.93,113,1.0,740.67,6.0,35.0,9.0,,,,,,,,,,,
macd_crossover,ETH-USDT,4h,,,,271.0,18.719,-0.89,88.1,36.92,101,1.0,303.57,6.0,35.0,11.0,,,,,,,,,,,
macd_crossover,ETH-USDT,4h,,,,337.18,19.89,-0.62,89.6,57.88,115,1.0,540.76,8.0,20.0,5.0,,,,,,,,,,,
macd_crossover,ETH-USDT,4h,,,,318.08,18.883,-1.67,88.1,27.16,109,1.0,190.45,8.0,20.0,7.0,,,,,,,,,,,
macd_crossover,ETH-USDT,4h,,,,335.29,20.619,-1.64,90.5,43.22,105,1.0,204.53,8.0,20.0,9.0,,,,,,,,,,,
macd_crossover,ETH-USDT,4h,,,,293.47,19.274,-1.0,86.1,32.18,101,1.0,293.28,8.0,20.0,11.0,,,,,,,,,,,
macd_crossover,ETH-USDT,4h,,,,353.98,20.805,-0.63,88.9,51.93,117,1.0,564.96,8.0,23.0,5.0,,,,,,,,,,,
macd_crossover,ETH-USDT,4h,,,,321.83,19.353,-1.53,89.0,35.13,109,1.0,210.43,8.0,23.0,7.0,,,,,,,,,,,
macd_crossover,ETH-USDT,4h,,,,340.55,22.069,-0.44,92.2,128.72,103,1.0,778.42,8.0,23.0,9.0,,,,,,,,,,,
macd_crossover,ETH-USDT,4h,,,,302.91,19.629,-0.85,89.9,42.94,99,1.0,354.3,8.0,23.0,11.0,,,,,,,,,,,
macd_crossover,ETH-USDT,4h,,,,382.94,21.07,-0.63,87.8,54.19,115,1.0,611.19,8.0,26.0,5.0,,,,,,,,,,,
macd_crossover,ETH-USDT,4h,,,,329.5,21.499,-0.44,92.2,89.5,103,1.0,746.1,8.0,26.0,7.0,,,,,,,,,,,
macd_crossover,ETH-USDT,4h,,,,338.57,20.436,-1.0,88.8,44.14,107,1.0,338.36,8.0,26.0,9.0,,,,,,,,,,,
macd_crossover,ETH-USDT,4h,,,,257.36,18.975,-0.66,89.0,47.52,91,1.0,392.02,8.0,26.0,11.0,,,,,,,,,,,
macd_crossover,ETH-USDT,4h,,,,389.85,21.208,-0.62,90.6,71.23,117,1.0,625.24,8.0,29.0,5.0,,,,,,,,,,,
macd_crossover,ETH-USDT,4h,,,,366.94,21.453,-0.77,91.9,78.59,111,1.0,473.48,8.0,29.0,7.0,,,,,,,,,,,
macd_crossover,ETH-USDT,4h,,,,307.14,19.285,-0.89,89.7,33.07,107,1.0,344.06,8.0,29.0,9.0,,,,,,,,,,,
macd_crossover,ETH-USDT,4h,,,,231.16,18.571,-2.06,89.7,34.71,87,1.0,112.45,8.0,29.0,11.0,,,,,,,,,,,
macd_crossover,ETH-USDT,4h,,,,362.94,19.498,-1.44,87.4,32.28,119,1.0,251.76,8.0,32.0,5.0,,,,,,,,,,,
macd_crossover,ETH-USDT,4h,,,,361.9,20.953,-0.44,91.3,120.53,115,1.0,827.22,8.0,32.0,7.0,,,,,,,,,,,
macd_crossover,ETH-USDT,4h,,,,285.26,18.56,-0.89,87.4,34.37,103,1.0,319.55,8.0,32.0,9.0,,,,,,,,,,,
macd_crossover,ETH-USDT,4h,,,,212.39,18.451,-2.06,89.4,34.62,85,1.0,103.31,8.0,32.0,11.0,,,,,,,,,,,
macd_crossover,ETH-USDT,4h,,,,356.66,19.654,-1.44,89.7,37.56,117,1.0,247.41,8.0,35.0,5.0,,,,,,,,,,,
macd_crossover,ETH-USDT,4h,,,,316.34,20.763,-1.0,90.5,66.19,105,1.0,316.15,8.0,35.0,7.0,,,,,,,,,,,
macd_crossover,ETH-USDT,4h,,,,249.67,17.513,-2.06,85.9,26.38,99,1.0,121.45,8.0,35.0,9.0,,,,,,,,,,,
macd_crossover,ETH-USDT,4h,,,,203.93,18.971,-2.06,88.9,37.22,81,1.0,99.2,8.0,35.0,11.0,,,,,,,,,,,
macd_crossover,ETH-USDT,4h,,,,387.58,21.193,-0.38,89.7,74.84,117,1.0,1009.74,10.0,20.0,5.0,,,,,,,,,,,
macd_crossover,ETH-USDT,4h,,,,336.78,20.719,-1.64,91.4,43.44,105,1.0,205.44,10.0,20.0,7.0,,,,,,,,,,,
macd_crossover,ETH-USDT,4h,,,,289.92,18.824,-1.0,86.1,26.77,101,1.0,289.74,10.0,20.0,9.0,,,,,,,,,,,
macd_crossover,ETH-USDT,4h,,,,266.67,19.246,-0.66,89.0,43.16,91,1.0,406.2,10.0,20.0,11.0,,,,,,,,,,,
macd_crossover,ETH-USDT,4h,,,,350.89,19.416,-1.44,88.9,34.64,117,1.0,243.4,10.0,23.0,5.0,,,,,,,,,,,
macd_crossover,ETH-USDT,4h,,,,341.36,21.509,-0.92,91.4,75.93,105,1.0,371.58,10.0,23.0,7.0,,,,,,,,,,,
macd_crossover,ETH-USDT,4h,,,,297.1,19.719,-0.85,89.7,42.51,97,1.0,347.5,10.0,23.0,9.0,,,,,,,,,,,
macd_crossover,ETH-USDT,4h,,,,228.19,18.08,-2.06,89.7,32.23,87,1.0,111.0,10.0,23.0,11.0,,,,,,,,,,,
macd_crossover,ETH-USDT,4h,,,,406.05,20.776,-1.44,92.4,54.42,119,1.0,281.67,10.0,26.0,5.0,,,,,,,,,,,
macd_crossover,ETH-USDT,4h,,,,336.94,20.746,-1.0,89.0,44.01,109,1.0,336.73,10.0,26.0,7.0,,,,,,,,,,,
macd_crossover,ETH-USDT,4h,,,,240.65,18.236,-2.06,89.0,33.09,91,1.0,117.06,10.0,26.0,9.0,,,,,,,,,,,
macd_crossover,ETH-USDT,4h,,,,171.31,16.798,-2.06,84.8,21.64,79,1.0,83.33,10.0,26.0,11.0,,,,,,,,,,,
macd_crossover,ETH-USDT,4h,,,,377.18,21.302,-0.44,93.0,99.25,115,1.0,854.06,10.0,29.0,5.0,,,,,,,,,,,
macd_crossover,ETH-USDT,4h,,,,322.17,20.133,-0.89,90.7,43.17,107,1.0,360.9,10.0,29.0,7.0,,,,,,,,,,,
macd_crossover,ETH-USDT,4h,,,,221.76,18.338,-2.06,89.4,33.9,85,1.0,107.87,10.0,29.0,9.0,,,,,,,,,,,
macd_crossover,ETH-USDT,4h,,,,175.32,17.649,-0.97,84.4,24.88,77,1.0,179.93,10.0,29.0,11.0,,,,,,,,,,,
macd_crossover,ETH-USDT,4h,,,,356.87,20.92,-0.77,91.2,76.21,113,1.0,460.49,10.0,32.0,5.0,,,,,,,,,,,
macd_crossover,ETH-USDT,4h,,,,287.01,19.156,-0.89,88.3,38.08,103,1.0,321.51,10.0,32.0,7.0,,,,,,,,,,,
macd_crossover,ETH-USDT,4h,,,,214.01,19.197,-2.06,89.2,34.77,83,1.0,104.1,10.0,32.0,9.0,,,,,,,,,,,
macd_crossover,ETH-USDT,4h,,,,158.99,17.909,-0.79,87.7,29.97,73,1.0,201.53,10.0,32.0,11.0,,,,,,,,,,,
macd_crossover,ETH-USDT,4h,,,,386.63,21.321,-0.39,92.4,133.7,119,1.0,995.29,10.0,35.0,5.0,,,,,,,,,,,
macd_crossover,ETH-USDT,4h,,,,251.38,17.31,-2.06,86.1,26.48,101,1.0,122.28,10.0,35.0,7.0,,,,,,,,,,,
macd_crossover,ETH-USDT,4h,,,,189.45,17.941,-2.06,84.8,23.03,79,1.0,92.15,10.0,35.0,9.0,,,,,,,,,,,
macd_crossover,ETH-USDT,4h,,,,153.69,16.093,-1.5,82.7,19.0,81,1.0,102.68,10.0,35.0,11.0,,,,,,,,,,,
macd_crossover,ETH-USDT,4h,,,,363.2,19.817,-1.53,88.7,34.81,115,1.0,237.47,12.0,20.0,5.0,,,,,,,,,,,
macd_crossover,ETH-USDT,4h,,,,333.5,20.812,-0.44,89.3,83.72,103,1.0,762.3,12.0,20.0,7.0,,,,,,,,,,,
macd_crossover,ETH-USDT,4h,,,,272.56,19.295,-0.47,90.3,55.02,93,1.0,574.32,12.0,20.0,9.0,,,,,,,,,,,
macd_crossover,ETH-USDT,4h,,,,186.35,16.388,-2.06,84.3,21.42,83,1.0,90.65,12.0,20.0,11.0,,,,,,,,,,,
macd_crossover,ETH-USDT,4h,,,,392.84,21.476,-0.44,93.2,97.81,117,1.0,889.52,12.0,23.0,5.0,,,,,,,,,,,
macd_crossover,ETH-USDT,4h,,,,322.21,19.708,-0.89,89.7,37.58,107,1.0,360.94,12.0,23.0,7.0,,,,,,,,,,,
macd_crossover,ETH-USDT,4h,,,,232.22,17.999,-2.06,88.8,32.32,89,1.0,112.96,12.0,23.0,9.0,,,,,,,,,,,
macd_crossover,ETH-USDT,4h,,,,172.48,16.92,-2.06,86.1,22.94,79,1.0,83.9,12.0,23.0,11.0,,,,,,,,,,,
macd_crossover,ETH-USDT,4h,,,,402.21,21.623,-0.44,91.6,121.69,119,1.0,919.34,12.0,26.0,5.0,,,,,,,,,,,
macd_crossover,ETH-USDT,4h,,,,280.06,19.612,-0.68,89.5,42.9,95,1.0,412.73,12.0,26.0,7.0,,,,,,,,,,,
macd_crossover,ETH-USDT,4h,,,,184.33,17.787,-2.06,87.3,29.06,79,1.0,89.66,12.0,26.0,9.0,,,,,,,,,,,
macd_crossover,ETH-USDT,4h,,,,157.68,16.083,-1.5,83.5,19.11,79,1.0,105.35,12.0,26.0,11.0,,,,,,,,,,,
macd_crossover,ETH-USDT,4h,,,,360.46,21.568,-0.85,91.0,77.95,111,1.0,421.61,12.0,29.0,5.0,,,,,,,,,,,
macd_crossover,ETH-USDT,4h,,,,235.07,18.809,-2.06,89.7,35.03,87,1.0,114.35,12.0,29.0,7.0,,,,,,,,,,,
macd_crossover,ETH-USDT,4h,,,,170.73,16.927,-2.06,83.1,17.69,77,1.0,83.05,12.0,29.0,9.0,,,,,,,,,,,
macd_crossover,ETH-USDT,4h,,,,156.57,16.674,-1.5,85.7,20.78,77,1.0,104.61,12.0,29.0,11.0,,,,,,,,,,,
macd_crossover,ETH-USDT,4h,,,,315.23,20.41,-0.85,89.9,55.46,109,1.0,368.71,12.0,32.0,5.0,,,,,,,,,,,
macd_crossover,ETH-USDT,4h,,,,229.83,19.277,-2.06,91.8,44.15,85,1.0,111.8,12.0,32.0,7.0,,,,,,,,,,,
macd_crossover,ETH-USDT,4h,,,,162.43,18.194,-0.79,87.7,34.16,73,1.0,205.89,12.0,32.0,9.0,,,,,,,,,,,
macd_crossover,ETH-USDT,4h,,,,161.49,16.492,-0.79,83.1,22.42,77,1.0,204.7,12.0,32.0,11.0,,,,,,,,,,,
macd_crossover,ETH-USDT,4h,,,,277.77,20.062,-0.47,89.3,72.56,103,1.0,585.28,12.0,35.0,5.0,,,,,,,,,,,
macd_crossover,ETH-USDT,4h,,,,218.55,19.297,-2.06,90.4,38.75,83,1.0,106.31,12.0,35.0,7.0,,,,,,,,,,,
macd_crossover,ETH-USDT,4h,,,,162.91,16.732,-0.83,84.0,22.45,81,1.0,197.37,12.0,35.0,9.0,,,,,,,,,,,
macd_crossover,ETH-USDT,4h,,,,170.05,16.32,-1.18,78.5,16.9,79,1.0,143.91,12.0,35.0,11.0,,,,,,,,,,,
macd_crossover,ETH-USDT,4h,,,,388.15,21.631,-0.44,92.2,96.67,115,1.0,878.91,14.0,20.0,5.0,,,,,,,,,,,
macd_crossover,ETH-USDT,4h,,,,311.75,20.318,-0.85,91.1,50.56,101,1.0,364.64,14.0,20.0,7.0,,,,,,,,,,,
macd_crossover,ETH-USDT,4h,,,,197.21,16.835,-2.06,87.1,22.61,85,1.0,95.93,14.0,20.0,9.0,,,,,,,,,,,
macd_crossover,ETH-USDT,4h,,,,179.89,16.867,-1.75,85.2,20.68,81,1.0,102.58,14.0,20.0,11.0,,,,,,,,,,,
macd_crossover,ETH-USDT,4h,,,,367.11,21.566,-0.44,91.0,110.39,111,1.0,839.12,14.0,23.0,5.0,,,,,,,,,,,
macd_crossover,ETH-USDT,4h,,,,230.11,17.557,-2.06,87.9,27.74,91,1.0,111.93,14.0,23.0,7.0,,,,,,,,,,,
macd_crossover,ETH-USDT,4h,,,,164.99,16.221,-2.06,83.5,19.15,79,1.0,80.26,14.0,23.0,9.0,,,,,,,,,,,
macd_crossover,ETH-USDT,4h,,,,146.25,15.163,-1.5,82.3,18.62,79,1.0,97.71,14.0,23.0,11.0,,,,,,,,,,,
macd_crossover,ETH-USDT,4h,,,,325.34,20.755,-0.85,89.9,54.49,109,1.0,380.54,14.0,26.0,5.0,,,,,,,,,,,
macd_crossover,ETH-USDT,4h,,,,237.13,19.157,-2.06,90.6,35.49,85,1.0,115.34,14.0,26.0,7.0,,,,,,,,,,,
macd_crossover,ETH-USDT,4h,,,,174.98,17.574,-0.97,84.4,26.96,77,1.0,179.58,14.0,26.0,9.0,,,,,,,,,,,
macd_crossover,ETH-USDT,4h,,,,144.18,14.903,-0.98,81.8,16.46,77,1.0,147.23,14.0,26.0,11.0,,,,,,,,,,,
macd_crossover,ETH-USDT,4h,,,,305.77,20.462,-0.47,91.3,74.29,103,1.0,644.28,14.0,29.0,5.0,,,,,,,,,,,
macd_crossover,ETH-USDT,4h,,,,195.22,18.591,-2.06,87.3,29.01,79,1.0,94.96,14.0,29.0,7.0,,,,,,,,,,,
macd_crossover,ETH-USDT,4h,,,,149.79,15.918,-1.5,82.3,19.08,79,1.0,100.08,14.0,29.0,9.0,,,,,,,,,,,
macd_crossover,ETH-USDT,4h,,,,149.05,15.415,-0.98,80.0,17.32,75,1.0,152.2,14.0,29.0,11.0,,,,,,,,,,,
macd_crossover,ETH-USDT,4h,,,,235.5,17.97,-1.75,87.6,25.04,97,1.0,134.29,14.0,32.0,5.0,,,,,,,,,,,
macd_crossover,ETH-USDT,4h,,,,189.76,19.189,-0.97,87.0,32.99,77,1.0,194.74,14.0,32.0,7.0,,,,,,,,,,,
macd_crossover,ETH-USDT,4h,,,,175.23,16.705,-0.83,84.0,20.36,81,1.0,212.29,14.0,32.0,9.0,,,,,,,,,,,
macd_crossover,ETH-USDT,4h,,,,165.61,16.491,-1.25,82.3,20.14,79,1.0,132.65,14.0,32.0,11.0,,,,,,,,,,,
macd_crossover,ETH-USDT,4h,,,,244.24,18.102,-2.06,87.9,30.94,99,1.0,118.8,14.0,35.0,5.0,,,,,,,,,,,
macd_crossover,ETH-USDT,4h,,,,193.37,19.25,-0.54,88.9,49.75,81,1.0,356.27,14.0,35.0,7.0,,,,,,,,,,,
macd_crossover,ETH-USDT,4h,,,,162.61,16.172,-1.18,77.9,18.98,77,1.0,137.61,14.0,35.0,9.0,,,,,,,,,,,
macd_crossover,ETH-USDT,4h,,,,145.13,16.224,-1.25,80.0,17.12,75,1.0,116.24,14.0,35.0,11.0,,,,,,,,,,,
bb_reversion,ETH-USDT,4h,15.0,,,-96.99,-22.186,-96.99,0.0,0.0,115,2.4,-1.0,,,,1.5,,,,,,,,,,
bb_reversion,ETH-USDT,4h,15.0,,,-90.09,-27.488,-90.09,0.0,0.0,71,1.6,-1.0,,,,2.0,,,,,,,,,,
bb_reversion,ETH-USDT,4h,15.0,,,-70.18,-42.709,-70.18,0.0,0.0,32,1.2,-1.0,,,,2.5,,,,,,,,,,
bb_reversion,ETH-USDT,4h,15.0,,,-18.19,-65.429,-18.19,0.0,0.0,6,1.0,-1.0,,,,3.0,,,,,,,,,,
bb_reversion,ETH-USDT,4h,17.0,,,-96.52,-24.555,-96.52,0.0,0.0,104,2.8,-1.0,,,,1.5,,,,,,,,,,
bb_reversion,ETH-USDT,4h,17.0,,,-88.62,-29.894,-88.62,0.0,0.0,66,1.8,-1.0,,,,2.0,,,,,,,,,,
bb_reversion,ETH-USDT,4h,17.0,,,-64.02,-34.0,-64.02,0.0,0.0,31,1.2,-1.0,,,,2.5,,,,,,,,,,
bb_reversion,ETH-USDT,4h,17.0,,,-31.57,-73.33,-31.57,0.0,0.0,11,1.0,-1.0,,,,3.0,,,,,,,,,,
bb_reversion,ETH-USDT,4h,19.0,,,-95.22,-22.701,-95.22,0.0,0.0,98,2.9,-1.0,,,,1.5,,,,,,,,,,
bb_reversion,ETH-USDT,4h,19.0,,,-88.43,-27.714,-88.43,0.0,0.0,64,2.0,-1.0,,,,2.0,,,,,,,,,,
bb_reversion,ETH-USDT,4h,19.0,,,-64.61,-34.973,-64.61,0.0,0.0,32,1.3,-1.0,,,,2.5,,,,,,,,,,
bb_reversion,ETH-USDT,4h,19.0,,,-34.03,-66.692,-34.03,0.0,0.0,11,1.2,-1.0,,,,3.0,,,,,,,,,,
bb_reversion,ETH-USDT,4h,21.0,,,-94.24,-21.429,-94.24,0.0,0.0,85,3.4,-1.0,,,,1.5,,,,,,,,,,
bb_reversion,ETH-USDT,4h,21.0,,,-88.42,-26.415,-88.42,0.0,0.0,67,2.0,-1.0,,,,2.0,,,,,,,,,,
bb_reversion,ETH-USDT,4h,21.0,,,-64.35,-33.735,-64.35,0.0,0.0,28,1.6,-1.0,,,,2.5,,,,,,,,,,
bb_reversion,ETH-USDT,4h,21.0,,,-39.6,-42.705,-39.6,0.0,0.0,13,1.2,-1.0,,,,3.0,,,,,,,,,,
bb_reversion,ETH-USDT,4h,23.0,,,-93.35,-20.664,-93.35,0.0,0.0,79,3.7,-1.0,,,,1.5,,,,,,,,,,
bb_reversion,ETH-USDT,4h,23.0,,,-87.47,-25.302,-87.47,0.0,0.0,61,2.1,-1.0,,,,2.0,,,,,,,,,,
bb_reversion,ETH-USDT,4h,23.0,,,-66.82,-33.341,-66.82,0.0,0.0,30,1.6,-1.0,,,,2.5,,,,,,,,,,
bb_reversion,ETH-USDT,4h,23.0,,,-43.35,-52.185,-43.35,0.0,0.0,15,1.1,-1.0,,,,3.0,,,,,,,,,,
bb_reversion,ETH-USDT,4h,25.0,,,-91.66,-19.0,-91.66,0.0,0.0,72,3.9,-1.0,,,,1.5,,,,,,,,,,
bb_reversion,ETH-USDT,4h,25.0,,,-86.73,-25.382,-86.73,0.0,0.0,56,2.3,-1.0,,,,2.0,,,,,,,,,,
bb_reversion,ETH-USDT,4h,25.0,,,-67.67,-28.735,-67.67,0.0,0.0,29,1.7,-1.0,,,,2.5,,,,,,,,,,
bb_reversion,ETH-USDT,4h,25.0,,,-45.09,-38.351,-45.09,0.0,0.0,17,1.1,-1.0,,,,3.0,,,,,,,,,,
ema_crossover,ETH-USDT,4h,,,,277.75,8.494,-4.2,71.6,10.75,67,16.1,66.06,5.0,25.0,,,,,,,,,,,,
ema_crossover,ETH-USDT,4h,,,,234.96,8.957,-2.29,72.5,16.86,51,21.2,102.51,5.0,30.0,,,,,,,,,,,,
ema_crossover,ETH-USDT,4h,,,,209.52,7.824,-2.29,71.9,12.27,57,18.9,91.41,5.0,35.0,,,,,,,,,,,,
ema_crossover,ETH-USDT,4h,,,,203.55,8.349,-2.26,75.6,18.04,41,26.3,90.0,5.0,40.0,,,,,,,,,,,,
ema_crossover,ETH-USDT,4h,,,,211.44,8.425,-2.26,76.9,22.78,39,27.7,93.49,5.0,45.0,,,,,,,,,,,,
ema_crossover,ETH-USDT,4h,,,,177.3,7.81,-4.02,66.7,11.63,39,27.7,44.15,5.0,50.0,,,,,,,,,,,,
ema_crossover,ETH-USDT,4h,,,,144.52,6.462,-13.18,60.0,4.61,50,21.6,10.96,8.0,25.0,,,,,,,,,,,,
ema_crossover,ETH-USDT,4h,,,,145.41,6.51,-14.2,66.0,4.97,50,21.6,10.24,8.0,30.0,,,,,,,,,,,,
ema_crossover,ETH-USDT,4h,,,,117.24,5.868,-14.65,55.3,4.47,38,28.4,8.0,8.0,35.0,,,,,,,,,,,,
ema_crossover,ETH-USDT,4h,,,,126.41,6.321,-14.76,61.1,4.82,36,30.0,8.57,8.0,40.0,,,,,,,,,,,,
ema_crossover,ETH-USDT,4h,,,,96.13,5.353,-16.48,52.8,3.44,36,30.0,5.83,8.0,45.0,,,,,,,,,,,,
ema_crossover,ETH-USDT,4h,,,,101.0,5.266,-11.09,53.5,3.68,43,25.1,9.11,8.0,50.0,,,,,,,,,,,,
ema_crossover,ETH-USDT,4h,,,,81.53,4.399,-20.57,54.0,2.65,50,21.6,3.96,11.0,25.0,,,,,,,,,,,,
ema_crossover,ETH-USDT,4h,,,,75.72,4.68,-21.8,47.2,2.6,36,30.0,3.47,11.0,30.0,,,,,,,,,,,,
ema_crossover,ETH-USDT,4h,,,,72.16,4.485,-16.06,33.3,2.7,36,30.0,4.49,11.0,35.0,,,,,,,,,,,,
ema_crossover,ETH-USDT,4h,,,,50.12,3.697,-18.52,32.4,2.13,34,31.8,2.71,11.0,40.0,,,,,,,,,,,,
ema_crossover,ETH-USDT,4h,,,,57.8,4.006,-17.41,36.1,2.32,36,30.0,3.32,11.0,45.0,,,,,,,,,,,,
ema_crossover,ETH-USDT,4h,,,,68.54,4.832,-14.06,38.7,2.63,31,34.8,4.87,11.0,50.0,,,,,,,,,,,,
ema_crossover,ETH-USDT,4h,,,,74.4,4.611,-21.71,47.2,2.53,36,30.0,3.43,14.0,25.0,,,,,,,,,,,,
ema_crossover,ETH-USDT,4h,,,,59.37,3.99,-21.7,38.2,2.23,34,31.8,2.74,14.0,30.0,,,,,,,,,,,,
ema_crossover,ETH-USDT,4h,,,,32.68,2.744,-26.67,32.4,1.7,34,31.8,1.23,14.0,35.0,,,,,,,,,,,,
ema_crossover,ETH-USDT,4h,,,,55.37,3.883,-20.57,35.3,2.19,34,31.8,2.69,14.0,40.0,,,,,,,,,,,,
ema_crossover,ETH-USDT,4h,,,,45.9,3.739,-16.8,33.3,2.01,30,36.0,2.73,14.0,45.0,,,,,,,,,,,,
ema_crossover,ETH-USDT,4h,,,,47.1,3.735,-17.73,35.5,2.05,31,34.8,2.66,14.0,50.0,,,,,,,,,,,,
ema_crossover,ETH-USDT,4h,,,,40.38,3.243,-29.31,30.0,1.81,30,36.0,1.38,17.0,25.0,,,,,,,,,,,,
ema_crossover,ETH-USDT,4h,,,,18.0,1.907,-34.66,34.4,1.41,32,33.8,0.52,17.0,30.0,,,,,,,,,,,,
ema_crossover,ETH-USDT,4h,,,,40.92,3.115,-27.46,38.2,1.85,34,31.8,1.49,17.0,35.0,,,,,,,,,,,,
ema_crossover,ETH-USDT,4h,,,,38.89,3.3,-23.51,40.0,1.86,30,36.0,1.65,17.0,40.0,,,,,,,,,,,,
ema_crossover,ETH-USDT,4h,,,,31.45,3.079,-19.36,26.9,1.75,26,41.5,1.62,17.0,45.0,,,,,,,,,,,,
ema_crossover,ETH-USDT,4h,,,,24.06,2.446,-23.79,27.6,1.56,29,37.2,1.01,17.0,50.0,,,,,,,,,,,,
ema_crossover,ETH-USDT,4h,,,,14.01,1.692,-38.78,30.0,1.34,30,36.0,0.36,20.0,25.0,,,,,,,,,,,,
ema_crossover,ETH-USDT,4h,,,,30.36,2.553,-30.27,32.4,1.62,34,31.8,1.0,20.0,30.0,,,,,,,,,,,,
ema_crossover,ETH-USDT,4h,,,,35.74,3.009,-25.03,40.6,1.79,32,33.8,1.43,20.0,35.0,,,,,,,,,,,,
ema_crossover,ETH-USDT,4h,,,,17.02,2.053,-28.21,23.1,1.43,26,41.5,0.6,20.0,40.0,,,,,,,,,,,,
ema_crossover,ETH-USDT,4h,,,,8.12,1.351,-29.96,22.2,1.26,27,40.0,0.27,20.0,45.0,,,,,,,,,,,,
ema_crossover,ETH-USDT,4h,,,,17.81,2.115,-23.61,22.2,1.45,27,40.0,0.75,20.0,50.0,,,,,,,,,,,,
stoch_rsi,ETH-USDT,4h,7.0,15.0,75.0,46.83,7.687,-2.42,66.7,3.0,99,1.0,19.37,,,,,3.0,3.0,,,,,,,,
stoch_rsi,ETH-USDT,4h,7.0,15.0,80.0,39.05,7.189,-2.42,65.6,2.85,90,1.0,16.16,,,,,3.0,3.0,,,,,,,,
stoch_rsi,ETH-USDT,4h,7.0,15.0,85.0,27.45,6.4,-2.42,67.6,2.51,74,1.0,11.36,,,,,3.0,3.0,,,,,,,,
stoch_rsi,ETH-USDT,4h,7.0,20.0,75.0,68.16,9.024,-2.23,69.4,3.64,111,1.0,30.63,,,,,3.0,3.0,,,,,,,,
stoch_rsi,ETH-USDT,4h,7.0,20.0,80.0,59.25,8.69,-2.23,68.6,3.54,102,1.0,26.63,,,,,3.0,3.0,,,,,,,,
stoch_rsi,ETH-USDT,4h,7.0,20.0,85.0,45.97,8.272,-2.16,70.9,3.28,86,1.0,21.24,,,,,3.0,3.0,,,,,,,,
stoch_rsi,ETH-USDT,4h,7.0,25.0,75.0,73.61,9.015,-2.23,70.2,3.65,121,1.0,33.08,,,,,3.0,3.0,,,,,,,,
stoch_rsi,ETH-USDT,4h,7.0,25.0,80.0,64.41,8.7,-2.23,69.6,3.55,112,1.0,28.94,,,,,3.0,3.0,,,,,,,,
stoch_rsi,ETH-USDT,4h,7.0,25.0,85.0,50.69,8.313,-2.16,71.9,3.31,96,1.0,23.42,,,,,3.0,3.0,,,,,,,,
stoch_rsi,ETH-USDT,4h,9.0,15.0,75.0,57.88,8.384,-3.58,72.6,3.67,106,1.0,16.16,,,,,3.0,3.0,,,,,,,,
stoch_rsi,ETH-USDT,4h,9.0,15.0,80.0,39.39,7.321,-3.58,71.7,2.94,99,1.0,11.0,,,,,3.0,3.0,,,,,,,,
stoch_rsi,ETH-USDT,4h,9.0,15.0,85.0,29.67,6.531,-3.58,72.7,2.61,88,1.0,8.29,,,,,3.0,3.0,,,,,,,,
stoch_rsi,ETH-USDT,4h,9.0,20.0,75.0,75.97,9.291,-3.58,73.7,4.28,114,1.0,21.21,,,,,3.0,3.0,,,,,,,,
stoch_rsi,ETH-USDT,4h,9.0,20.0,80.0,55.36,8.413,-3.58,72.9,3.56,107,1.0,15.46,,,,,3.0,3.0,,,,,,,,
stoch_rsi,ETH-USDT,4h,9.0,20.0,85.0,44.54,7.84,-3.58,74.0,3.26,96,1.0,12.44,,,,,3.0,3.0,,,,,,,,
stoch_rsi,ETH-USDT,4h,9.0,25.0,75.0,85.08,9.55,-3.58,72.4,4.42,123,1.0,23.76,,,,,3.0,3.0,,,,,,,,
stoch_rsi,ETH-USDT,4h,9.0,25.0,80.0,63.41,8.775,-3.58,71.6,3.73,116,1.0,17.7,,,,,3.0,3.0,,,,,,,,
stoch_rsi,ETH-USDT,4h,9.0,25.0,85.0,52.02,8.277,-3.58,72.4,3.45,105,1.0,14.52,,,,,3.0,3.0,,,,,,,,
stoch_rsi,ETH-USDT,4h,11.0,15.0,75.0,54.84,7.968,-2.46,64.2,3.41,106,1.0,22.33,,,,,3.0,3.0,,,,,,,,
stoch_rsi,ETH-USDT,4h,11.0,15.0,80.0,49.03,7.867,-1.79,64.4,3.33,101,1.0,27.45,,,,,3.0,3.0,,,,,,,,
stoch_rsi,ETH-USDT,4h,11.0,15.0,85.0,34.22,6.885,-1.79,63.7,2.75,91,1.0,19.16,,,,,3.0,3.0,,,,,,,,
stoch_rsi,ETH-USDT,4h,11.0,20.0,75.0,66.7,8.624,-2.46,65.5,3.74,113,1.0,27.16,,,,,3.0,3.0,,,,,,,,
stoch_rsi,ETH-USDT,4h,11.0,20.0,80.0,60.44,8.571,-1.79,65.7,3.69,108,1.0,33.84,,,,,3.0,3.0,,,,,,,,
stoch_rsi,ETH-USDT,4h,11.0,20.0,85.0,44.5,7.759,-1.79,65.3,3.14,98,1.0,24.91,,,,,3.0,3.0,,,,,,,,
stoch_rsi,ETH-USDT,4h,11.0,25.0,75.0,89.17,8.608,-2.46,66.1,4.13,121,1.0,36.32,,,,,3.0,3.0,,,,,,,,
stoch_rsi,ETH-USDT,4h,11.0,25.0,80.0,82.07,8.535,-2.05,66.4,4.1,116,1.0,40.03,,,,,3.0,3.0,,,,,,,,
stoch_rsi,ETH-USDT,4h,11.0,25.0,85.0,63.98,7.838,-2.05,66.0,3.61,106,1.0,31.2,,,,,3.0,3.0,,,,,,,,
stoch_rsi,ETH-USDT,4h,13.0,15.0,75.0,83.15,10.198,-2.99,67.9,4.82,112,1.0,27.77,,,,,3.0,3.0,,,,,,,,
stoch_rsi,ETH-USDT,4h,13.0,15.0,80.0,62.75,9.64,-2.99,67.3,4.2,101,1.0,20.95,,,,,3.0,3.0,,,,,,,,
stoch_rsi,ETH-USDT,4h,13.0,15.0,85.0,50.2,8.813,-2.99,67.0,3.76,94,1.0,16.76,,,,,3.0,3.0,,,,,,,,
stoch_rsi,ETH-USDT,4h,13.0,20.0,75.0,93.01,9.899,-2.99,66.7,4.74,117,1.0,31.06,,,,,3.0,3.0,,,,,,,,
stoch_rsi,ETH-USDT,4h,13.0,20.0,80.0,71.51,9.315,-2.99,66.0,4.19,106,1.0,23.88,,,,,3.0,3.0,,,,,,,,
stoch_rsi,ETH-USDT,4h,13.0,20.0,85.0,58.29,8.555,-2.99,65.7,3.79,99,1.0,19.46,,,,,3.0,3.0,,,,,,,,
stoch_rsi,ETH-USDT,4h,13.0,25.0,75.0,96.51,10.03,-2.99,67.5,4.84,120,1.0,32.23,,,,,3.0,3.0,,,,,,,,
stoch_rsi,ETH-USDT,4h,13.0,25.0,80.0,74.62,9.478,-2.99,67.0,4.29,109,1.0,24.92,,,,,3.0,3.0,,,,,,,,
stoch_rsi,ETH-USDT,4h,13.0,25.0,85.0,61.16,8.742,-2.99,66.7,3.89,102,1.0,20.42,,,,,3.0,3.0,,,,,,,,
stoch_rsi,ETH-USDT,4h,15.0,15.0,75.0,65.47,9.647,-2.53,74.2,4.93,97,1.0,25.89,,,,,3.0,3.0,,,,,,,,
stoch_rsi,ETH-USDT,4h,15.0,15.0,80.0,55.36,9.202,-2.53,73.9,4.46,92,1.0,21.9,,,,,3.0,3.0,,,,,,,,
stoch_rsi,ETH-USDT,4h,15.0,15.0,85.0,52.96,9.19,-2.53,73.6,4.45,87,1.0,20.94,,,,,3.0,3.0,,,,,,,,
stoch_rsi,ETH-USDT,4h,15.0,20.0,75.0,69.72,9.185,-2.53,71.3,4.43,108,1.0,27.58,,,,,3.0,3.0,,,,,,,,
stoch_rsi,ETH-USDT,4h,15.0,20.0,80.0,59.35,8.759,-3.0,70.9,4.04,103,1.0,19.77,,,,,3.0,3.0,,,,,,,,
stoch_rsi,ETH-USDT,4h,15.0,20.0,85.0,56.89,8.731,-2.71,70.4,4.01,98,1.0,21.01,,,,,3.0,3.0,,,,,,,,
stoch_rsi,ETH-USDT,4h,15.0,25.0,75.0,70.39,8.598,-2.53,71.3,3.88,115,1.0,27.84,,,,,3.0,3.0,,,,,,,,
stoch_rsi,ETH-USDT,4h,15.0,25.0,80.0,59.98,8.165,-3.0,70.9,3.55,110,1.0,19.98,,,,,3.0,3.0,,,,,,,,
stoch_rsi,ETH-USDT,4h,15.0,25.0,85.0,57.51,8.122,-2.82,70.5,3.52,105,1.0,20.42,,,,,3.0,3.0,,,,,,,,
stoch_rsi,ETH-USDT,4h,17.0,15.0,75.0,108.54,15.102,-1.31,80.2,10.63,96,1.0,82.9,,,,,3.0,3.0,,,,,,,,
stoch_rsi,ETH-USDT,4h,17.0,15.0,80.0,99.52,14.645,-1.31,79.1,10.06,91,1.0,76.0,,,,,3.0,3.0,,,,,,,,
stoch_rsi,ETH-USDT,4h,17.0,15.0,85.0,87.82,14.719,-1.31,78.6,10.24,84,1.0,67.07,,,,,3.0,3.0,,,,,,,,
stoch_rsi,ETH-USDT,4h,17.0,20.0,75.0,113.0,14.78,-1.31,80.6,10.15,103,1.0,86.3,,,,,3.0,3.0,,,,,,,,
stoch_rsi,ETH-USDT,4h,17.0,20.0,80.0,103.79,14.334,-1.31,79.6,9.62,98,1.0,79.26,,,,,3.0,3.0,,,,,,,,
stoch_rsi,ETH-USDT,4h,17.0,20.0,85.0,91.83,14.386,-1.31,79.1,9.74,91,1.0,70.14,,,,,3.0,3.0,,,,,,,,
stoch_rsi,ETH-USDT,4h,17.0,25.0,75.0,110.62,13.939,-1.31,78.5,8.86,107,1.0,84.49,,,,,3.0,3.0,,,,,,,,
stoch_rsi,ETH-USDT,4h,17.0,25.0,80.0,101.51,13.495,-1.31,77.5,8.4,102,1.0,77.52,,,,,3.0,3.0,,,,,,,,
stoch_rsi,ETH-USDT,4h,17.0,25.0,85.0,89.69,13.472,-1.31,76.8,8.39,95,1.0,68.5,,,,,3.0,3.0,,,,,,,,
stoch_rsi,ETH-USDT,4h,19.0,15.0,75.0,69.42,10.788,-3.37,71.7,5.57,99,1.0,20.59,,,,,3.0,3.0,,,,,,,,
stoch_rsi,ETH-USDT,4h,19.0,15.0,80.0,67.6,11.049,-3.37,73.1,5.81,93,1.0,20.05,,,,,3.0,3.0,,,,,,,,
stoch_rsi,ETH-USDT,4h,19.0,15.0,85.0,63.87,10.998,-3.37,72.7,5.73,88,1.0,18.95,,,,,3.0,3.0,,,,,,,,
stoch_rsi,ETH-USDT,4h,19.0,20.0,75.0,85.92,11.502,-3.37,73.4,6.19,109,1.0,25.49,,,,,3.0,3.0,,,,,,,,
stoch_rsi,ETH-USDT,4h,19.0,20.0,80.0,83.93,11.778,-3.37,74.8,6.46,103,1.0,24.9,,,,,3.0,3.0,,,,,,,,
stoch_rsi,ETH-USDT,4h,19.0,20.0,85.0,79.83,11.762,-3.37,74.5,6.41,98,1.0,23.68,,,,,3.0,3.0,,,,,,,,
stoch_rsi,ETH-USDT,4h,19.0,25.0,75.0,95.53,11.616,-3.37,73.2,6.51,112,1.0,28.34,,,,,3.0,3.0,,,,,,,,
stoch_rsi,ETH-USDT,4h,19.0,25.0,80.0,93.44,11.894,-3.37,74.5,6.8,106,1.0,27.72,,,,,3.0,3.0,,,,,,,,
stoch_rsi,ETH-USDT,4h,19.0,25.0,85.0,89.13,11.892,-3.37,74.3,6.76,101,1.0,26.44,,,,,3.0,3.0,,,,,,,,
stoch_rsi,ETH-USDT,4h,21.0,15.0,75.0,69.07,9.454,-2.89,67.0,3.98,103,1.0,23.93,,,,,3.0,3.0,,,,,,,,
stoch_rsi,ETH-USDT,4h,21.0,15.0,80.0,60.81,8.926,-2.89,65.3,3.7,98,1.0,21.07,,,,,3.0,3.0,,,,,,,,
stoch_rsi,ETH-USDT,4h,21.0,15.0,85.0,61.68,9.6,-2.89,66.0,4.14,94,1.0,21.37,,,,,3.0,3.0,,,,,,,,
stoch_rsi,ETH-USDT,4h,21.0,20.0,75.0,67.53,8.816,-2.89,66.7,3.62,108,1.0,23.39,,,,,3.0,3.0,,,,,,,,
stoch_rsi,ETH-USDT,4h,21.0,20.0,80.0,59.34,8.297,-2.89,65.0,3.37,103,1.0,20.56,,,,,3.0,3.0,,,,,,,,
stoch_rsi,ETH-USDT,4h,21.0,20.0,85.0,60.21,8.886,-2.89,65.7,3.71,99,1.0,20.86,,,,,3.0,3.0,,,,,,,,
stoch_rsi,ETH-USDT,4h,21.0,25.0,75.0,76.19,8.997,-2.89,68.1,3.7,116,1.0,26.39,,,,,3.0,3.0,,,,,,,,
stoch_rsi,ETH-USDT,4h,21.0,25.0,80.0,67.58,8.521,-2.89,66.7,3.46,111,1.0,23.41,,,,,3.0,3.0,,,,,,,,
stoch_rsi,ETH-USDT,4h,21.0,25.0,85.0,68.49,9.079,-2.89,67.3,3.79,107,1.0,23.73,,,,,3.0,3.0,,,,,,,,
kc_breakout,ETH-USDT,4h,15.0,,,721.14,24.09,0.0,100.0,999.0,57,3.1,0.0,,,,,,,1.5,,,,,,,
kc_breakout,ETH-USDT,4h,15.0,,,294.96,28.119,0.0,100.0,999.0,34,2.0,0.0,,,,,,,2.0,,,,,,,
kc_breakout,ETH-USDT,4h,15.0,,,62.18,32.579,0.0,100.0,999.0,12,1.4,0.0,,,,,,,2.5,,,,,,,
kc_breakout,ETH-USDT,4h,17.0,,,823.38,22.357,0.0,100.0,999.0,62,3.2,0.0,,,,,,,1.5,,,,,,,
kc_breakout,ETH-USDT,4h,17.0,,,359.04,25.597,0.0,100.0,999.0,35,2.7,0.0,,,,,,,2.0,,,,,,,
kc_breakout,ETH-USDT,4h,17.0,,,79.66,34.347,0.0,100.0,999.0,15,1.6,0.0,,,,,,,2.5,,,,,,,
kc_breakout,ETH-USDT,4h,17.0,,,18.66,65.394,0.0,100.0,999.0,4,1.5,0.0,,,,,,,3.0,,,,,,,
kc_breakout,ETH-USDT,4h,19.0,,,886.14,17.599,0.0,100.0,999.0,66,3.5,0.0,,,,,,,1.5,,,,,,,
kc_breakout,ETH-USDT,4h,19.0,,,401.33,24.005,0.0,100.0,999.0,40,3.0,0.0,,,,,,,2.0,,,,,,,
kc_breakout,ETH-USDT,4h,19.0,,,137.16,26.188,0.0,100.0,999.0,24,1.8,0.0,,,,,,,2.5,,,,,,,
kc_breakout,ETH-USDT,4h,19.0,,,39.11,38.974,0.0,100.0,999.0,7,1.6,0.0,,,,,,,3.0,,,,,,,
kc_breakout,ETH-USDT,4h,21.0,,,895.79,17.134,0.0,100.0,999.0,69,3.6,0.0,,,,,,,1.5,,,,,,,
kc_breakout,ETH-USDT,4h,21.0,,,453.74,23.57,0.0,100.0,999.0,43,3.3,0.0,,,,,,,2.0,,,,,,,
kc_breakout,ETH-USDT,4h,21.0,,,221.63,22.317,0.0,100.0,999.0,30,2.2,0.0,,,,,,,2.5,,,,,,,
kc_breakout,ETH-USDT,4h,21.0,,,52.61,29.183,0.0,100.0,999.0,12,1.3,0.0,,,,,,,3.0,,,,,,,
kc_breakout,ETH-USDT,4h,23.0,,,802.94,16.827,0.0,100.0,999.0,68,4.0,0.0,,,,,,,1.5,,,,,,,
kc_breakout,ETH-USDT,4h,23.0,,,488.5,24.861,0.0,100.0,999.0,42,3.9,0.0,,,,,,,2.0,,,,,,,
kc_breakout,ETH-USDT,4h,23.0,,,236.13,23.146,0.0,100.0,999.0,28,3.0,0.0,,,,,,,2.5,,,,,,,
kc_breakout,ETH-USDT,4h,23.0,,,89.72,30.74,0.0,100.0,999.0,15,2.1,0.0,,,,,,,3.0,,,,,,,
kc_breakout,ETH-USDT,4h,25.0,,,845.68,16.838,0.0,100.0,999.0,68,4.3,0.0,,,,,,,1.5,,,,,,,
kc_breakout,ETH-USDT,4h,25.0,,,521.89,23.152,0.0,100.0,999.0,43,4.3,0.0,,,,,,,2.0,,,,,,,
kc_breakout,ETH-USDT,4h,25.0,,,264.7,24.305,0.0,100.0,999.0,32,3.0,0.0,,,,,,,2.5,,,,,,,
kc_breakout,ETH-USDT,4h,25.0,,,129.58,19.779,0.0,100.0,999.0,20,2.3,0.0,,,,,,,3.0,,,,,,,
rsi_adx_combo,ETH-USDT,4h,,,,83.72,4.664,-25.13,59.6,2.52,52,18.6,3.33,,,,,,,,14.0,25.0,65.0,14.0,20.0,,
rsi_adx_combo,ETH-USDT,4h,,,,10.91,0.995,-38.72,40.3,1.2,72,11.7,0.28,,,,,,,,14.0,25.0,65.0,14.0,25.0,,
rsi_adx_combo,ETH-USDT,4h,,,,85.33,4.823,-25.13,60.0,2.56,50,19.2,3.4,,,,,,,,14.0,25.0,70.0,14.0,20.0,,
rsi_adx_combo,ETH-USDT,4h,,,,16.62,1.352,-38.62,46.2,1.27,65,12.6,0.43,,,,,,,,14.0,25.0,70.0,14.0,25.0,,
rsi_adx_combo,ETH-USDT,4h,,,,84.9,4.805,-25.13,60.0,2.55,50,19.2,3.38,,,,,,,,14.0,25.0,75.0,14.0,20.0,,
rsi_adx_combo,ETH-USDT,4h,,,,35.26,2.38,-32.3,48.3,1.53,60,13.4,1.09,,,,,,,,14.0,25.0,75.0,14.0,25.0,,
rsi_adx_combo,ETH-USDT,4h,,,,84.01,4.585,-25.13,61.1,2.53,54,18.0,3.34,,,,,,,,14.0,30.0,65.0,14.0,20.0,,
rsi_adx_combo,ETH-USDT,4h,,,,10.38,0.954,-38.72,40.5,1.19,74,11.5,0.27,,,,,,,,14.0,30.0,65.0,14.0,25.0,,
rsi_adx_combo,ETH-USDT,4h,,,,85.63,4.737,-25.13,61.5,2.56,52,18.5,3.41,,,,,,,,14.0,30.0,70.0,14.0,20.0,,
rsi_adx_combo,ETH-USDT,4h,,,,16.07,1.303,-38.62,46.3,1.26,67,12.3,0.42,,,,,,,,14.0,30.0,70.0,14.0,25.0,,
rsi_adx_combo,ETH-USDT,4h,,,,85.2,4.719,-25.13,61.5,2.55,52,18.5,3.39,,,,,,,,14.0,30.0,75.0,14.0,20.0,,
rsi_adx_combo,ETH-USDT,4h,,,,34.61,2.311,-32.3,48.4,1.52,62,13.1,1.07,,,,,,,,14.0,30.0,75.0,14.0,25.0,,
rsi_adx_combo,ETH-USDT,4h,,,,75.09,4.107,-27.73,57.9,2.29,57,17.1,2.71,,,,,,,,14.0,35.0,65.0,14.0,20.0,,
rsi_adx_combo,ETH-USDT,4h,,,,-0.15,0.373,-40.69,38.8,1.07,80,10.8,-0.0,,,,,,,,14.0,35.0,65.0,14.0,25.0,,
rsi_adx_combo,ETH-USDT,4h,,,,76.63,4.242,-27.73,58.2,2.32,55,17.6,2.76,,,,,,,,14.0,35.0,70.0,14.0,20.0,,
rsi_adx_combo,ETH-USDT,4h,,,,4.99,0.675,-40.47,43.8,1.13,73,11.5,0.12,,,,,,,,14.0,35.0,70.0,14.0,25.0,,
rsi_adx_combo,ETH-USDT,4h,,,,76.22,4.225,-27.73,58.2,2.31,55,17.5,2.75,,,,,,,,14.0,35.0,75.0,14.0,20.0,,
rsi_adx_combo,ETH-USDT,4h,,,,21.77,1.587,-34.35,45.6,1.34,68,12.1,0.63,,,,,,,,14.0,35.0,75.0,14.0,25.0,,
rsi_vol_combo,ETH-USDT,4h,,,,-76.24,-18.349,-76.35,10.9,0.03,55,1.6,-1.0,,,,,,,,14.0,25.0,65.0,,,20.0,1.5
rsi_vol_combo,ETH-USDT,4h,,,,-66.69,-20.637,-66.85,10.0,0.02,40,1.2,-1.0,,,,,,,,14.0,25.0,65.0,,,20.0,2.0
rsi_vol_combo,ETH-USDT,4h,,,,-73.19,-19.832,-73.31,8.7,0.02,46,1.7,-1.0,,,,,,,,14.0,25.0,70.0,,,20.0,1.5
rsi_vol_combo,ETH-USDT,4h,,,,-62.73,-21.698,-62.91,9.1,0.02,33,1.2,-1.0,,,,,,,,14.0,25.0,70.0,,,20.0,2.0
rsi_vol_combo,ETH-USDT,4h,,,,-63.73,-18.181,-63.9,11.1,0.03,36,1.6,-1.0,,,,,,,,14.0,25.0,75.0,,,20.0,1.5
rsi_vol_combo,ETH-USDT,4h,,,,-52.3,-20.589,-52.53,8.0,0.01,25,1.2,-1.0,,,,,,,,14.0,25.0,75.0,,,20.0,2.0
rsi_vol_combo,ETH-USDT,4h,,,,-77.91,-18.717,-78.01,14.5,0.03,62,1.6,-1.0,,,,,,,,14.0,30.0,65.0,,,20.0,1.5
rsi_vol_combo,ETH-USDT,4h,,,,-67.17,-20.737,-67.33,9.8,0.02,41,1.2,-1.0,,,,,,,,14.0,30.0,65.0,,,20.0,2.0
rsi_vol_combo,ETH-USDT,4h,,,,-75.07,-20.062,-75.19,13.2,0.03,53,1.6,-1.0,,,,,,,,14.0,30.0,70.0,,,20.0,1.5
rsi_vol_combo,ETH-USDT,4h,,,,-63.27,-21.762,-63.44,8.8,0.02,34,1.3,-1.0,,,,,,,,14.0,30.0,70.0,,,20.0,2.0
rsi_vol_combo,ETH-USDT,4h,,,,-66.28,-18.487,-66.44,16.3,0.04,43,1.6,-1.0,,,,,,,,14.0,30.0,75.0,,,20.0,1.5
rsi_vol_combo,ETH-USDT,4h,,,,-52.99,-20.681,-53.22,7.7,0.01,26,1.3,-1.0,,,,,,,,14.0,30.0,75.0,,,20.0,2.0
rsi_vol_combo,ETH-USDT,4h,,,,-82.7,-18.968,-82.78,11.7,0.03,77,1.5,-1.0,,,,,,,,14.0,35.0,65.0,,,20.0,1.5
rsi_vol_combo,ETH-USDT,4h,,,,-70.1,-20.385,-70.24,8.5,0.02,47,1.2,-1.0,,,,,,,,14.0,35.0,65.0,,,20.0,2.0
rsi_vol_combo,ETH-USDT,4h,,,,-80.48,-20.054,-80.57,10.3,0.03,68,1.5,-1.0,,,,,,,,14.0,35.0,70.0,,,20.0,1.5
rsi_vol_combo,ETH-USDT,4h,,,,-66.54,-21.108,-66.7,7.5,0.01,40,1.2,-1.0,,,,,,,,14.0,35.0,70.0,,,20.0,2.0
rsi_vol_combo,ETH-USDT,4h,,,,-73.59,-18.778,-73.72,12.1,0.03,58,1.5,-1.0,,,,,,,,14.0,35.0,75.0,,,20.0,1.5
rsi_vol_combo,ETH-USDT,4h,,,,-57.18,-20.064,-57.38,6.2,0.01,32,1.2,-1.0,,,,,,,,14.0,35.0,75.0,,,20.0,2.0
rsi_reversion,SOL-USDT,1d,7.0,20.0,60.0,-100.0,-10.217,-141.51,10.0,0.02,130,3.9,-0.71,,,,,,,,,,,,,,
rsi_reversion,SOL-USDT,1d,7.0,20.0,65.0,-100.0,-14.924,-100.0,8.0,0.01,125,3.4,-1.0,,,,,,,,,,,,,,
rsi_reversion,SOL-USDT,1d,7.0,20.0,70.0,-100.0,-14.074,-100.0,11.5,0.02,113,3.2,-1.0,,,,,,,,,,,,,,
rsi_reversion,SOL-USDT,1d,7.0,20.0,75.0,-99.99,-17.111,-99.99,13.5,0.02,111,2.7,-1.0,,,,,,,,,,,,,,
rsi_reversion,SOL-USDT,1d,7.0,20.0,80.0,-99.98,-18.086,-99.98,14.0,0.03,100,2.5,-1.0,,,,,,,,,,,,,,
rsi_reversion,SOL-USDT,1d,7.0,25.0,60.0,-100.0,-10.015,-139.42,9.8,0.02,143,3.9,-0.72,,,,,,,,,,,,,,
rsi_reversion,SOL-USDT,1d,7.0,25.0,65.0,-100.0,-14.473,-100.0,8.0,0.02,138,3.5,-1.0,,,,,,,,,,,,,,
rsi_reversion,SOL-USDT,1d,7.0,25.0,70.0,-100.0,-13.652,-100.0,11.1,0.03,126,3.3,-1.0,,,,,,,,,,,,,,
rsi_reversion,SOL-USDT,1d,7.0,25.0,75.0,-99.99,-16.447,-99.99,12.9,0.03,124,2.8,-1.0,,,,,,,,,,,,,,
rsi_reversion,SOL-USDT,1d,7.0,25.0,80.0,-99.99,-17.242,-99.99,13.3,0.04,113,2.7,-1.0,,,,,,,,,,,,,,
rsi_reversion,SOL-USDT,1d,7.0,30.0,60.0,-100.0,-10.108,-138.02,12.5,0.02,144,4.3,-0.72,,,,,,,,,,,,,,
rsi_reversion,SOL-USDT,1d,7.0,30.0,65.0,-100.0,-14.458,-100.0,10.8,0.02,139,3.9,-1.0,,,,,,,,,,,,,,
rsi_reversion,SOL-USDT,1d,7.0,30.0,70.0,-100.0,-13.664,-100.0,14.2,0.03,127,3.8,-1.0,,,,,,,,,,,,,,
rsi_reversion,SOL-USDT,1d,7.0,30.0,75.0,-100.0,-16.234,-100.0,16.0,0.03,125,3.3,-1.0,,,,,,,,,,,,,,
rsi_reversion,SOL-USDT,1d,7.0,30.0,80.0,-99.99,-16.918,-99.99,16.7,0.04,114,3.2,-1.0,,,,,,,,,,,,,,
rsi_reversion,SOL-USDT,1d,7.0,35.0,60.0,-100.0,-9.744,-138.46,13.3,0.04,158,4.4,-0.72,,,,,,,,,,,,,,
rsi_reversion,SOL-USDT,1d,7.0,35.0,65.0,-100.0,-13.698,-100.0,11.8,0.04,153,4.0,-1.0,,,,,,,,,,,,,,
rsi_reversion,SOL-USDT,1d,7.0,35.0,70.0,-100.0,-12.934,-100.0,14.9,0.05,141,3.9,-1.0,,,,,,,,,,,,,,
rsi_reversion,SOL-USDT,1d,7.0,35.0,75.0,-100.0,-15.133,-100.0,16.5,0.05,139,3.5,-1.0,,,,,,,,,,,,,,
rsi_reversion,SOL-USDT,1d,7.0,35.0,80.0,-99.99,-15.601,-99.99,17.2,0.06,128,3.4,-1.0,,,,,,,,,,,,,,
rsi_reversion,SOL-USDT,1d,9.0,20.0,60.0,-100.01,-9.437,-136.43,12.4,0.03,105,4.2,-0.73,,,,,,,,,,,,,,
rsi_reversion,SOL-USDT,1d,9.0,20.0,65.0,-100.02,-9.899,-136.52,10.5,0.02,95,3.8,-0.73,,,,,,,,,,,,,,
rsi_reversion,SOL-USDT,1d,9.0,20.0,70.0,-100.06,-8.937,-162.07,6.0,0.01,84,3.7,-0.62,,,,,,,,,,,,,,
rsi_reversion,SOL-USDT,1d,9.0,20.0,75.0,-99.95,-15.81,-99.95,7.5,0.02,80,3.0,-1.0,,,,,,,,,,,,,,
rsi_reversion,SOL-USDT,1d,9.0,20.0,80.0,-99.84,-18.572,-99.84,4.3,0.01,70,2.5,-1.0,,,,,,,,,,,,,,
rsi_reversion,SOL-USDT,1d,9.0,25.0,60.0,-100.01,-9.351,-135.5,13.6,0.03,125,3.9,-0.74,,,,,,,,,,,,,,
rsi_reversion,SOL-USDT,1d,9.0,25.0,65.0,-100.01,-9.725,-135.58,12.2,0.02,115,3.6,-0.74,,,,,,,,,,,,,,
rsi_reversion,SOL-USDT,1d,9.0,25.0,70.0,-100.03,-8.718,-160.48,8.7,0.02,104,3.4,-0.62,,,,,,,,,,,,,,
rsi_reversion,SOL-USDT,1d,9.0,25.0,75.0,-99.98,-15.195,-99.98,10.0,0.03,100,2.9,-1.0,,,,,,,,,,,,,,
rsi_reversion,SOL-USDT,1d,9.0,25.0,80.0,-99.93,-17.479,-99.93,7.8,0.02,90,2.5,-1.0,,,,,,,,,,,,,,
rsi_reversion,SOL-USDT,1d,9.0,30.0,60.0,-100.0,-9.498,-131.34,12.7,0.03,142,4.1,-0.76,,,,,,,,,,,,,,
rsi_reversion,SOL-USDT,1d,9.0,30.0,65.0,-100.0,-9.835,-131.41,11.4,0.02,132,3.8,-0.76,,,,,,,,,,,,,,
rsi_reversion,SOL-USDT,1d,9.0,30.0,70.0,-100.01,-8.827,-153.39,8.3,0.02,121,3.7,-0.65,,,,,,,,,,,,,,
rsi_reversion,SOL-USDT,1d,9.0,30.0,75.0,-99.99,-14.806,-99.99,9.4,0.03,117,3.3,-1.0,,,,,,,,,,,,,,
rsi_reversion,SOL-USDT,1d,9.0,30.0,80.0,-99.98,-16.576,-99.98,7.5,0.02,107,2.9,-1.0,,,,,,,,,,,,,,
rsi_reversion,SOL-USDT,1d,9.0,35.0,60.0,-100.0,-9.47,-130.93,13.9,0.04,144,4.5,-0.76,,,,,,,,,,,,,,
rsi_reversion,SOL-USDT,1d,9.0,35.0,65.0,-100.0,-9.8,-131.0,12.7,0.03,134,4.3,-0.76,,,,,,,,,,,,,,
rsi_reversion,SOL-USDT,1d,9.0,35.0,70.0,-100.01,-8.788,-152.69,9.8,0.02,123,4.2,-0.65,,,,,,,,,,,,,,
rsi_reversion,SOL-USDT,1d,9.0,35.0,75.0,-99.99,-14.77,-99.99,10.9,0.03,119,3.8,-1.0,,,,,,,,,,,,,,
rsi_reversion,SOL-USDT,1d,9.0,35.0,80.0,-99.98,-16.546,-99.98,9.2,0.03,109,3.5,-1.0,,,,,,,,,,,,,,
rsi_reversion,SOL-USDT,1d,11.0,20.0,60.0,-100.03,-9.561,-132.87,16.5,0.04,85,4.8,-0.75,,,,,,,,,,,,,,
rsi_reversion,SOL-USDT,1d,11.0,20.0,65.0,-100.08,-9.554,-136.99,9.1,0.01,77,4.1,-0.73,,,,,,,,,,,,,,
rsi_reversion,SOL-USDT,1d,11.0,20.0,70.0,-100.26,-9.341,-154.87,8.1,0.01,62,3.9,-0.65,,,,,,,,,,,,,,
rsi_reversion,SOL-USDT,1d,11.0,20.0,75.0,-99.84,-15.164,-99.84,8.9,0.01,56,3.2,-1.0,,,,,,,,,,,,,,
rsi_reversion,SOL-USDT,1d,11.0,20.0,80.0,-99.07,-18.289,-99.08,5.9,0.01,51,2.1,-1.0,,,,,,,,,,,,,,
rsi_reversion,SOL-USDT,1d,11.0,25.0,60.0,-100.02,-9.219,-128.49,16.0,0.04,100,4.5,-0.78,,,,,,,,,,,,,,
rsi_reversion,SOL-USDT,1d,11.0,25.0,65.0,-100.04,-9.177,-131.35,9.8,0.02,92,3.9,-0.76,,,,,,,,,,,,,,
rsi_reversion,SOL-USDT,1d,11.0,25.0,70.0,-100.15,-8.841,-146.5,9.1,0.02,77,3.8,-0.68,,,,,,,,,,,,,,
rsi_reversion,SOL-USDT,1d,11.0,25.0,75.0,-99.91,-13.768,-99.91,9.9,0.02,71,3.2,-1.0,,,,,,,,,,,,,,
rsi_reversion,SOL-USDT,1d,11.0,25.0,80.0,-99.47,-15.986,-99.47,7.6,0.02,66,2.3,-1.0,,,,,,,,,,,,,,
rsi_reversion,SOL-USDT,1d,11.0,30.0,60.0,-100.01,-9.416,-126.75,15.8,0.04,114,4.6,-0.79,,,,,,,,,,,,,,
rsi_reversion,SOL-USDT,1d,11.0,30.0,65.0,-100.02,-9.386,-129.43,10.4,0.02,106,4.1,-0.77,,,,,,,,,,,,,,
rsi_reversion,SOL-USDT,1d,11.0,30.0,70.0,-100.06,-8.998,-143.65,9.9,0.02,91,4.0,-0.7,,,,,,,,,,,,,,
rsi_reversion,SOL-USDT,1d,11.0,30.0,75.0,-99.96,-13.881,-99.96,10.6,0.02,85,3.6,-1.0,,,,,,,,,,,,,,
rsi_reversion,SOL-USDT,1d,11.0,30.0,80.0,-99.78,-16.09,-99.78,8.8,0.02,80,2.9,-1.0,,,,,,,,,,,,,,
rsi_reversion,SOL-USDT,1d,11.0,35.0,60.0,-100.0,-9.651,-129.91,16.3,0.04,123,5.0,-0.77,,,,,,,,,,,,,,
rsi_reversion,SOL-USDT,1d,11.0,35.0,65.0,-100.01,-9.636,-132.9,11.3,0.02,115,4.5,-0.75,,,,,,,,,,,,,,
rsi_reversion,SOL-USDT,1d,11.0,35.0,70.0,-100.03,-9.233,-148.81,11.0,0.02,100,4.5,-0.67,,,,,,,,,,,,,,
rsi_reversion,SOL-USDT,1d,11.0,35.0,75.0,-99.98,-14.113,-99.98,11.7,0.02,94,4.1,-1.0,,,,,,,,,,,,,,
rsi_reversion,SOL-USDT,1d,11.0,35.0,80.0,-99.9,-16.242,-99.9,10.1,0.02,89,3.5,-1.0,,,,,,,,,,,,,,
rsi_reversion,SOL-USDT,1d,13.0,20.0,60.0,-100.08,-9.493,-136.4,13.1,0.03,61,6.2,-0.73,,,,,,,,,,,,,,
rsi_reversion,SOL-USDT,1d,13.0,20.0,65.0,-100.2,-9.706,-140.92,10.7,0.01,56,5.3,-0.71,,,,,,,,,,,,,,
rsi_reversion,SOL-USDT,1d,13.0,20.0,70.0,-100.63,-8.688,-151.96,11.1,0.01,54,3.7,-0.66,,,,,,,,,,,,,,
rsi_reversion,SOL-USDT,1d,13.0,20.0,75.0,-99.23,-13.826,-99.24,6.8,0.01,44,2.9,-1.0,,,,,,,,,,,,,,
rsi_reversion,SOL-USDT,1d,13.0,20.0,80.0,-97.22,-19.725,-97.22,0.0,0.0,30,2.5,-1.0,,,,,,,,,,,,,,
rsi_reversion,SOL-USDT,1d,13.0,25.0,60.0,-100.03,-9.689,-136.79,13.2,0.03,76,5.5,-0.73,,,,,,,,,,,,,,
rsi_reversion,SOL-USDT,1d,13.0,25.0,65.0,-100.06,-9.881,-141.37,11.3,0.01,71,4.7,-0.71,,,,,,,,,,,,,,
rsi_reversion,SOL-USDT,1d,13.0,25.0,70.0,-100.2,-8.932,-152.52,11.6,0.01,69,3.4,-0.66,,,,,,,,,,,,,,
rsi_reversion,SOL-USDT,1d,13.0,25.0,75.0,-99.75,-14.032,-99.76,8.5,0.01,59,2.8,-1.0,,,,,,,,,,,,,,
rsi_reversion,SOL-USDT,1d,13.0,25.0,80.0,-99.11,-18.412,-99.11,4.4,0.0,45,2.4,-1.0,,,,,,,,,,,,,,
rsi_reversion,SOL-USDT,1d,13.0,30.0,60.0,-100.02,-9.077,-133.97,18.3,0.04,93,5.3,-0.75,,,,,,,,,,,,,,
rsi_reversion,SOL-USDT,1d,13.0,30.0,65.0,-100.04,-9.205,-138.19,17.0,0.02,88,4.6,-0.72,,,,,,,,,,,,,,
rsi_reversion,SOL-USDT,1d,13.0,30.0,70.0,-100.12,-8.363,-148.49,17.4,0.02,86,3.6,-0.67,,,,,,,,,,,,,,
rsi_reversion,SOL-USDT,1d,13.0,30.0,75.0,-99.85,-12.562,-99.85,15.8,0.02,76,3.1,-1.0,,,,,,,,,,,,,,
rsi_reversion,SOL-USDT,1d,13.0,30.0,80.0,-99.48,-15.177,-99.48,14.5,0.02,62,3.0,-1.0,,,,,,,,,,,,,,
rsi_reversion,SOL-USDT,1d,13.0,35.0,60.0,-100.01,-9.222,-132.03,15.5,0.04,103,5.4,-0.76,,,,,,,,,,,,,,
rsi_reversion,SOL-USDT,1d,13.0,35.0,65.0,-100.02,-9.353,-136.02,14.3,0.03,98,4.8,-0.74,,,,,,,,,,,,,,
rsi_reversion,SOL-USDT,1d,13.0,35.0,70.0,-100.07,-8.524,-145.73,14.6,0.03,96,4.0,-0.69,,,,,,,,,,,,,,
rsi_reversion,SOL-USDT,1d,13.0,35.0,75.0,-99.92,-12.984,-99.92,12.8,0.03,86,3.6,-1.0,,,,,,,,,,,,,,
rsi_reversion,SOL-USDT,1d,13.0,35.0,80.0,-99.7,-15.743,-99.7,11.1,0.03,72,3.5,-1.0,,,,,,,,,,,,,,
rsi_reversion,SOL-USDT,1d,15.0,20.0,60.0,-100.17,-10.77,-136.27,11.8,0.01,51,7.2,-0.74,,,,,,,,,,,,,,
rsi_reversion,SOL-USDT,1d,15.0,20.0,65.0,-100.21,-10.462,-122.83,17.3,0.03,52,5.3,-0.82,,,,,,,,,,,,,,
rsi_reversion,SOL-USDT,1d,15.0,20.0,70.0,-100.96,-8.653,-154.65,10.0,0.01,50,3.5,-0.65,,,,,,,,,,,,,,
rsi_reversion,SOL-USDT,1d,15.0,20.0,75.0,-98.76,-14.939,-98.76,8.8,0.02,34,2.8,-1.0,,,,,,,,,,,,,,
rsi_reversion,SOL-USDT,1d,15.0,20.0,80.0,-92.57,-22.147,-92.57,5.0,0.01,20,2.5,-1.0,,,,,,,,,,,,,,
rsi_reversion,SOL-USDT,1d,15.0,25.0,60.0,-100.07,-10.723,-136.27,8.2,0.01,61,6.4,-0.73,,,,,,,,,,,,,,
rsi_reversion,SOL-USDT,1d,15.0,25.0,65.0,-100.1,-10.541,-122.83,12.9,0.02,62,4.9,-0.81,,,,,,,,,,,,,,
rsi_reversion,SOL-USDT,1d,15.0,25.0,70.0,-100.43,-8.789,-154.65,6.7,0.01,60,3.4,-0.65,,,,,,,,,,,,,,
rsi_reversion,SOL-USDT,1d,15.0,25.0,75.0,-99.44,-14.56,-99.44,4.5,0.01,44,2.8,-1.0,,,,,,,,,,,,,,
rsi_reversion,SOL-USDT,1d,15.0,25.0,80.0,-96.65,-19.046,-96.65,0.0,0.0,30,2.6,-1.0,,,,,,,,,,,,,,
rsi_reversion,SOL-USDT,1d,15.0,30.0,60.0,-100.06,-9.864,-135.87,15.1,0.02,73,6.1,-0.74,,,,,,,,,,,,,,
rsi_reversion,SOL-USDT,1d,15.0,30.0,65.0,-100.08,-9.745,-122.59,18.9,0.04,74,4.8,-0.82,,,,,,,,,,,,,,
rsi_reversion,SOL-USDT,1d,15.0,30.0,70.0,-100.34,-8.166,-154.06,13.9,0.02,72,3.5,-0.65,,,,,,,,,,,,,,
rsi_reversion,SOL-USDT,1d,15.0,30.0,75.0,-99.55,-12.757,-99.56,14.3,0.03,56,3.1,-1.0,,,,,,,,,,,,,,
rsi_reversion,SOL-USDT,1d,15.0,30.0,80.0,-97.33,-15.135,-97.34,14.3,0.04,42,3.1,-1.0,,,,,,,,,,,,,,
rsi_reversion,SOL-USDT,1d,15.0,35.0,60.0,-100.04,-9.392,-133.24,20.5,0.04,88,5.9,-0.75,,,,,,,,,,,,,,
rsi_reversion,SOL-USDT,1d,15.0,35.0,65.0,-100.05,-9.348,-120.93,23.6,0.05,89,4.8,-0.83,,,,,,,,,,,,,,
rsi_reversion,SOL-USDT,1d,15.0,35.0,70.0,-100.22,-7.866,-150.09,19.5,0.04,87,3.8,-0.67,,,,,,,,,,,,,,
rsi_reversion,SOL-USDT,1d,15.0,35.0,75.0,-99.72,-11.994,-99.72,21.1,0.06,71,3.6,-1.0,,,,,,,,,,,,,,
rsi_reversion,SOL-USDT,1d,15.0,35.0,80.0,-98.32,-13.846,-98.34,22.8,0.07,57,3.6,-1.0,,,,,,,,,,,,,,
rsi_reversion,SOL-USDT,1d,17.0,20.0,60.0,-100.08,-10.477,-120.05,8.3,0.02,48,7.4,-0.83,,,,,,,,,,,,,,
rsi_reversion,SOL-USDT,1d,17.0,20.0,65.0,-100.4,-10.457,-119.24,13.3,0.03,45,5.2,-0.84,,,,,,,,,,,,,,
rsi_reversion,SOL-USDT,1d,17.0,20.0,70.0,-100.25,-11.223,-111.78,9.3,0.01,43,3.5,-0.9,,,,,,,,,,,,,,
rsi_reversion,SOL-USDT,1d,17.0,20.0,75.0,-101.44,-10.309,-113.47,3.4,0.0,29,2.9,-0.89,,,,,,,,,,,,,,
rsi_reversion,SOL-USDT,1d,17.0,20.0,80.0,-88.08,-25.831,-88.08,0.0,0.0,13,2.7,-1.0,,,,,,,,,,,,,,
rsi_reversion,SOL-USDT,1d,17.0,25.0,60.0,-100.04,-10.376,-120.05,10.9,0.03,55,6.8,-0.83,,,,,,,,,,,,,,
rsi_reversion,SOL-USDT,1d,17.0,25.0,65.0,-100.22,-10.391,-119.24,15.4,0.04,52,4.9,-0.84,,,,,,,,,,,,,,
rsi_reversion,SOL-USDT,1d,17.0,25.0,70.0,-100.13,-11.097,-111.78,12.0,0.02,50,3.4,-0.9,,,,,,,,,,,,,,
rsi_reversion,SOL-USDT,1d,17.0,25.0,75.0,-100.78,-10.204,-113.47,8.3,0.02,36,2.9,-0.89,,,,,,,,,,,,,,
rsi_reversion,SOL-USDT,1d,17.0,25.0,80.0,-93.54,-18.911,-93.54,10.0,0.03,20,2.9,-1.0,,,,,,,,,,,,,,
rsi_reversion,SOL-USDT,1d,17.0,30.0,60.0,-100.03,-10.599,-118.62,11.5,0.03,61,6.9,-0.84,,,,,,,,,,,,,,
rsi_reversion,SOL-USDT,1d,17.0,30.0,65.0,-100.13,-10.698,-117.87,15.5,0.04,58,5.2,-0.85,,,,,,,,,,,,,,
rsi_reversion,SOL-USDT,1d,17.0,30.0,70.0,-100.08,-11.447,-110.94,12.5,0.02,56,3.9,-0.9,,,,,,,,,,,,,,
rsi_reversion,SOL-USDT,1d,17.0,30.0,75.0,-100.47,-10.61,-112.51,9.5,0.02,42,3.6,-0.89,,,,,,,,,,,,,,
rsi_reversion,SOL-USDT,1d,17.0,30.0,80.0,-96.11,-19.674,-96.11,11.5,0.03,26,4.0,-1.0,,,,,,,,,,,,,,
rsi_reversion,SOL-USDT,1d,17.0,35.0,60.0,-100.0,-10.075,-116.98,13.5,0.03,96,5.3,-0.85,,,,,,,,,,,,,,
rsi_reversion,SOL-USDT,1d,17.0,35.0,65.0,-100.02,-10.294,-116.29,16.1,0.04,93,4.2,-0.86,,,,,,,,,,,,,,
rsi_reversion,SOL-USDT,1d,17.0,35.0,70.0,-100.01,-10.963,-109.97,14.3,0.03,91,3.4,-0.91,,,,,,,,,,,,,,
rsi_reversion,SOL-USDT,1d,17.0,35.0,75.0,-100.08,-10.174,-111.4,13.0,0.03,77,3.1,-0.9,,,,,,,,,,,,,,
rsi_reversion,SOL-USDT,1d,17.0,35.0,80.0,-99.32,-15.981,-99.32,14.8,0.03,61,3.1,-1.0,,,,,,,,,,,,,,
rsi_reversion,SOL-USDT,1d,19.0,20.0,60.0,-100.34,-9.627,-155.32,14.6,0.02,41,8.3,-0.65,,,,,,,,,,,,,,
rsi_reversion,SOL-USDT,1d,19.0,20.0,65.0,-100.35,-10.365,-119.72,15.6,0.03,45,4.9,-0.84,,,,,,,,,,,,,,
rsi_reversion,SOL-USDT,1d,19.0,20.0,70.0,-100.8,-10.59,-121.72,11.8,0.01,34,3.7,-0.83,,,,,,,,,,,,,,
rsi_reversion,SOL-USDT,1d,19.0,20.0,75.0,-100.78,-12.201,-104.61,5.3,0.0,19,3.4,-0.96,,,,,,,,,,,,,,
rsi_reversion,SOL-USDT,1d,19.0,20.0,80.0,-87.06,-27.105,-87.06,7.7,0.01,13,2.7,-1.0,,,,,,,,,,,,,,
rsi_reversion,SOL-USDT,1d,19.0,25.0,60.0,-100.22,-9.41,-155.32,16.7,0.02,48,7.6,-0.65,,,,,,,,,,,,,,
rsi_reversion,SOL-USDT,1d,19.0,25.0,65.0,-100.23,-10.305,-119.72,17.3,0.03,52,4.7,-0.84,,,,,,,,,,,,,,
rsi_reversion,SOL-USDT,1d,19.0,25.0,70.0,-100.54,-10.406,-121.72,14.6,0.02,41,3.6,-0.83,,,,,,,,,,,,,,
rsi_reversion,SOL-USDT,1d,19.0,25.0,75.0,-100.52,-11.55,-104.61,11.5,0.01,26,3.4,-0.96,,,,,,,,,,,,,,
rsi_reversion,SOL-USDT,1d,19.0,25.0,80.0,-91.37,-22.686,-91.42,15.0,0.01,20,2.9,-1.0,,,,,,,,,,,,,,
rsi_reversion,SOL-USDT,1d,19.0,30.0,60.0,-100.15,-8.927,-153.78,17.5,0.02,57,7.0,-0.65,,,,,,,,,,,,,,
rsi_reversion,SOL-USDT,1d,19.0,30.0,65.0,-100.16,-9.855,-119.17,18.0,0.03,61,4.6,-0.84,,,,,,,,,,,,,,
rsi_reversion,SOL-USDT,1d,19.0,30.0,70.0,-100.37,-9.81,-121.11,16.0,0.02,50,3.7,-0.83,,,,,,,,,,,,,,
rsi_reversion,SOL-USDT,1d,19.0,30.0,75.0,-100.36,-10.457,-104.48,14.3,0.01,35,3.6,-0.96,,,,,,,,,,,,,,
rsi_reversion,SOL-USDT,1d,19.0,30.0,80.0,-94.07,-17.344,-94.12,17.2,0.01,29,3.3,-1.0,,,,,,,,,,,,,,
rsi_reversion,SOL-USDT,1d,19.0,35.0,60.0,-100.05,-8.753,-148.31,18.7,0.03,75,6.5,-0.67,,,,,,,,,,,,,,
rsi_reversion,SOL-USDT,1d,19.0,35.0,65.0,-100.05,-9.833,-117.23,19.0,0.04,79,4.6,-0.85,,,,,,,,,,,,,,
rsi_reversion,SOL-USDT,1d,19.0,35.0,70.0,-100.13,-9.729,-118.97,17.6,0.03,68,4.0,-0.84,,,,,,,,,,,,,,
rsi_reversion,SOL-USDT,1d,19.0,35.0,75.0,-100.12,-10.272,-104.03,17.0,0.03,53,4.0,-0.96,,,,,,,,,,,,,,
rsi_reversion,SOL-USDT,1d,19.0,35.0,80.0,-97.98,-15.649,-97.98,19.1,0.04,47,3.8,-1.0,,,,,,,,,,,,,,
rsi_reversion,SOL-USDT,1d,21.0,20.0,60.0,-100.61,-9.324,-164.23,12.5,0.02,40,8.3,-0.61,,,,,,,,,,,,,,
rsi_reversion,SOL-USDT,1d,21.0,20.0,65.0,-101.32,-8.99,-152.86,9.5,0.01,42,4.9,-0.66,,,,,,,,,,,,,,
rsi_reversion,SOL-USDT,1d,21.0,20.0,70.0,-100.22,-10.648,-101.69,25.0,0.03,28,4.0,-0.99,,,,,,,,,,,,,,
rsi_reversion,SOL-USDT,1d,21.0,20.0,75.0,-96.41,-16.971,-96.41,0.0,0.0,17,3.2,-1.0,,,,,,,,,,,,,,
rsi_reversion,SOL-USDT,1d,21.0,20.0,80.0,-81.52,-37.054,-81.52,0.0,0.0,8,3.1,-1.0,,,,,,,,,,,,,,
rsi_reversion,SOL-USDT,1d,21.0,25.0,60.0,-100.41,-9.437,-164.23,11.4,0.02,44,7.9,-0.61,,,,,,,,,,,,,,
rsi_reversion,SOL-USDT,1d,21.0,25.0,65.0,-100.89,-9.194,-152.86,8.7,0.01,46,4.8,-0.66,,,,,,,,,,,,,,
rsi_reversion,SOL-USDT,1d,21.0,25.0,70.0,-100.15,-11.013,-101.69,21.9,0.03,32,3.9,-0.98,,,,,,,,,,,,,,
rsi_reversion,SOL-USDT,1d,21.0,25.0,75.0,-97.59,-16.939,-97.59,0.0,0.0,21,3.3,-1.0,,,,,,,,,,,,,,
rsi_reversion,SOL-USDT,1d,21.0,25.0,80.0,-87.62,-29.49,-87.62,0.0,0.0,12,3.2,-1.0,,,,,,,,,,,,,,
rsi_reversion,SOL-USDT,1d,21.0,30.0,60.0,-100.26,-9.131,-164.11,9.4,0.02,53,7.4,-0.61,,,,,,,,,,,,,,
rsi_reversion,SOL-USDT,1d,21.0,30.0,65.0,-100.57,-9.022,-152.76,7.3,0.01,55,4.7,-0.66,,,,,,,,,,,,,,
rsi_reversion,SOL-USDT,1d,21.0,30.0,70.0,-100.1,-10.757,-101.69,17.1,0.03,41,4.1,-0.98,,,,,,,,,,,,,,
rsi_reversion,SOL-USDT,1d,21.0,30.0,75.0,-98.44,-15.407,-98.44,0.0,0.0,30,3.7,-1.0,,,,,,,,,,,,,,
rsi_reversion,SOL-USDT,1d,21.0,30.0,80.0,-91.99,-22.072,-91.99,0.0,0.0,21,3.9,-1.0,,,,,,,,,,,,,,
rsi_reversion,SOL-USDT,1d,21.0,35.0,60.0,-100.06,-9.376,-160.07,12.7,0.03,71,6.6,-0.63,,,,,,,,,,,,,,
rsi_reversion,SOL-USDT,1d,21.0,35.0,65.0,-100.13,-9.472,-149.43,11.0,0.02,73,4.6,-0.67,,,,,,,,,,,,,,
rsi_reversion,SOL-USDT,1d,21.0,35.0,70.0,-100.02,-11.45,-101.58,18.6,0.04,59,4.1,-0.98,,,,,,,,,,,,,,
rsi_reversion,SOL-USDT,1d,21.0,35.0,75.0,-99.66,-15.347,-99.66,8.3,0.02,48,3.9,-1.0,,,,,,,,,,,,,,
rsi_reversion,SOL-USDT,1d,21.0,35.0,80.0,-98.24,-19.489,-98.24,10.3,0.03,39,4.0,-1.0,,,,,,,,,,,,,,
macd_crossover,SOL-USDT,1d,,,,10503.48,18.772,-4.61,90.0,21.61,140,1.0,2276.0,6.0,20.0,5.0,,,,,,,,,,,
macd_crossover,SOL-USDT,1d,,,,7923.88,18.533,-5.25,88.3,20.79,120,1.0,1509.34,6.0,20.0,7.0,,,,,,,,,,,
macd_crossover,SOL-USDT,1d,,,,4819.8,19.062,-4.27,87.0,27.73,100,1.0,1128.05,6.0,20.0,9.0,,,,,,,,,,,
macd_crossover,SOL-USDT,1d,,,,2671.02,16.892,-5.28,84.4,17.91,90,1.0,505.56,6.0,20.0,11.0,,,,,,,,,,,
macd_crossover,SOL-USDT,1d,,,,9646.89,19.922,-4.61,89.8,23.67,128,1.0,2090.38,6.0,23.0,5.0,,,,,,,,,,,
macd_crossover,SOL-USDT,1d,,,,7222.19,19.726,-5.25,92.0,25.51,112,1.0,1375.68,6.0,23.0,7.0,,,,,,,,,,,
macd_crossover,SOL-USDT,1d,,,,4084.25,18.061,-4.27,84.0,23.21,100,1.0,955.9,6.0,23.0,9.0,,,,,,,,,,,
macd_crossover,SOL-USDT,1d,,,,2589.85,17.596,-5.28,84.9,24.86,86,1.0,490.2,6.0,23.0,11.0,,,,,,,,,,,
macd_crossover,SOL-USDT,1d,,,,10198.59,20.862,-4.61,90.5,25.62,126,1.0,2209.93,6.0,26.0,5.0,,,,,,,,,,,
macd_crossover,SOL-USDT,1d,,,,4969.97,18.798,-5.25,89.2,18.71,102,1.0,946.68,6.0,26.0,7.0,,,,,,,,,,,
macd_crossover,SOL-USDT,1d,,,,3425.78,18.095,-4.27,83.7,21.63,92,1.0,801.79,6.0,26.0,9.0,,,,,,,,,,,
macd_crossover,SOL-USDT,1d,,,,2499.23,18.43,-5.09,87.2,22.79,86,1.0,491.46,6.0,26.0,11.0,,,,,,,,,,,
macd_crossover,SOL-USDT,1d,,,,14588.99,20.694,-4.61,92.6,37.37,122,1.0,3161.29,6.0,29.0,5.0,,,,,,,,,,,
macd_crossover,SOL-USDT,1d,,,,4109.52,17.538,-5.42,85.3,16.8,102,1.0,758.61,6.0,29.0,7.0,,,,,,,,,,,
macd_crossover,SOL-USDT,1d,,,,3081.86,17.983,-3.08,83.3,23.54,90,1.0,1001.98,6.0,29.0,9.0,,,,,,,,,,,
macd_crossover,SOL-USDT,1d,,,,3453.87,20.428,-5.09,92.0,31.96,88,1.0,679.19,6.0,29.0,11.0,,,,,,,,,,,
macd_crossover,SOL-USDT,1d,,,,17542.82,21.861,-4.61,94.3,43.66,122,1.0,3801.35,6.0,32.0,5.0,,,,,,,,,,,
macd_crossover,SOL-USDT,1d,,,,4298.12,17.969,-5.42,87.3,18.76,102,1.0,793.43,6.0,32.0,7.0,,,,,,,,,,,
macd_crossover,SOL-USDT,1d,,,,3877.53,20.77,-3.0,92.0,55.12,88,1.0,1290.69,6.0,32.0,9.0,,,,,,,,,,,
macd_crossover,SOL-USDT,1d,,,,3886.48,21.275,-5.09,93.2,41.83,88,1.0,764.26,6.0,32.0,11.0,,,,,,,,,,,
macd_crossover,SOL-USDT,1d,,,,13202.03,22.008,-2.58,92.4,46.86,118,1.0,5117.15,6.0,35.0,5.0,,,,,,,,,,,
macd_crossover,SOL-USDT,1d,,,,4985.12,18.944,-6.23,88.2,23.69,102,1.0,800.78,6.0,35.0,7.0,,,,,,,,,,,
macd_crossover,SOL-USDT,1d,,,,3899.55,19.068,-5.25,90.4,27.72,94,1.0,742.79,6.0,35.0,9.0,,,,,,,,,,,
macd_crossover,SOL-USDT,1d,,,,3486.05,22.157,-5.09,96.3,68.83,82,1.0,685.52,6.0,35.0,11.0,,,,,,,,,,,
macd_crossover,SOL-USDT,1d,,,,5058.6,18.174,-5.25,85.0,14.18,120,1.0,963.56,8.0,20.0,5.0,,,,,,,,,,,
macd_crossover,SOL-USDT,1d,,,,4989.17,18.567,-4.27,85.0,29.6,100,1.0,1167.69,8.0,20.0,7.0,,,,,,,,,,,
macd_crossover,SOL-USDT,1d,,,,2695.86,18.281,-5.28,86.9,27.56,84,1.0,510.26,8.0,20.0,9.0,,,,,,,,,,,
macd_crossover,SOL-USDT,1d,,,,2544.08,19.027,-3.63,86.2,28.75,80,1.0,700.62,8.0,20.0,11.0,,,,,,,,,,,
macd_crossover,SOL-USDT,1d,,,,8342.61,19.474,-5.25,90.5,23.29,116,1.0,1589.1,8.0,23.0,5.0,,,,,,,,,,,
macd_crossover,SOL-USDT,1d,,,,3042.64,16.057,-5.48,82.3,13.19,96,1.0,555.73,8.0,23.0,7.0,,,,,,,,,,,
macd_crossover,SOL-USDT,1d,,,,2113.55,17.158,-5.09,85.4,22.63,82,1.0,415.62,8.0,23.0,9.0,,,,,,,,,,,
macd_crossover,SOL-USDT,1d,,,,3119.33,21.914,-1.63,94.9,188.2,78,1.0,1912.76,8.0,23.0,11.0,,,,,,,,,,,
macd_crossover,SOL-USDT,1d,,,,7986.24,20.998,-5.25,91.7,28.06,108,1.0,1521.22,8.0,26.0,5.0,,,,,,,,,,,
macd_crossover,SOL-USDT,1d,,,,2765.44,17.633,-5.28,83.3,21.58,90,1.0,523.43,8.0,26.0,7.0,,,,,,,,,,,
macd_crossover,SOL-USDT,1d,,,,2974.89,20.009,-5.09,92.7,40.19,82,1.0,585.0,8.0,26.0,9.0,,,,,,,,,,,
macd_crossover,SOL-USDT,1d,,,,2626.83,20.115,-2.54,94.9,83.47,78,1.0,1033.36,8.0,26.0,11.0,,,,,,,,,,,
macd_crossover,SOL-USDT,1d,,,,4858.19,18.235,-5.42,85.6,18.27,104,1.0,896.81,8.0,29.0,5.0,,,,,,,,,,,
macd_crossover,SOL-USDT,1d,,,,2710.82,17.196,-5.28,83.3,18.86,90,1.0,513.09,8.0,29.0,7.0,,,,,,,,,,,
macd_crossover,SOL-USDT,1d,,,,3464.73,20.497,-5.09,94.0,45.09,84,1.0,681.33,8.0,29.0,9.0,,,,,,,,,,,
macd_crossover,SOL-USDT,1d,,,,1831.85,17.314,-4.5,90.8,21.69,76,1.0,407.42,8.0,29.0,11.0,,,,,,,,,,,
macd_crossover,SOL-USDT,1d,,,,4458.22,18.139,-5.42,87.3,18.05,102,1.0,822.98,8.0,32.0,5.0,,,,,,,,,,,
macd_crossover,SOL-USDT,1d,,,,3537.81,19.303,-5.09,88.9,26.96,90,1.0,695.7,8.0,32.0,7.0,,,,,,,,,,,
macd_crossover,SOL-USDT,1d,,,,2960.71,21.375,-5.09,95.0,56.68,80,1.0,582.21,8.0,32.0,9.0,,,,,,,,,,,
macd_crossover,SOL-USDT,1d,,,,1847.42,18.342,-4.11,89.2,23.52,74,1.0,449.96,8.0,32.0,11.0,,,,,,,,,,,
macd_crossover,SOL-USDT,1d,,,,4715.93,18.383,-6.23,87.3,19.2,102,1.0,757.54,8.0,35.0,5.0,,,,,,,,,,,
macd_crossover,SOL-USDT,1d,,,,3722.14,19.26,-5.09,89.1,27.31,92,1.0,731.95,8.0,35.0,7.0,,,,,,,,,,,
macd_crossover,SOL-USDT,1d,,,,2842.08,20.367,-5.09,95.1,45.05,82,1.0,558.88,8.0,35.0,9.0,,,,,,,,,,,
macd_crossover,SOL-USDT,1d,,,,1983.15,19.006,-2.5,91.9,43.45,74,1.0,792.88,8.0,35.0,11.0,,,,,,,,,,,
macd_crossover,SOL-USDT,1d,,,,6636.7,19.154,-5.25,90.7,20.59,108,1.0,1264.16,10.0,20.0,5.0,,,,,,,,,,,
macd_crossover,SOL-USDT,1d,,,,2428.06,17.476,-5.28,85.7,21.16,84,1.0,459.58,10.0,20.0,7.0,,,,,,,,,,,
macd_crossover,SOL-USDT,1d,,,,2619.53,19.39,-3.63,87.5,35.21,80,1.0,721.4,10.0,20.0,9.0,,,,,,,,,,,
macd_crossover,SOL-USDT,1d,,,,2499.06,19.777,-1.63,93.6,83.18,78,1.0,1532.41,10.0,20.0,11.0,,,,,,,,,,,
macd_crossover,SOL-USDT,1d,,,,4027.03,17.682,-5.42,85.0,19.04,100,1.0,743.38,10.0,23.0,5.0,,,,,,,,,,,
macd_crossover,SOL-USDT,1d,,,,2275.43,17.628,-5.09,85.4,23.11,82,1.0,447.45,10.0,23.0,7.0,,,,,,,,,,,
macd_crossover,SOL-USDT,1d,,,,2844.75,21.027,-1.63,93.6,104.0,78,1.0,1744.38,10.0,23.0,9.0,,,,,,,,,,,
macd_crossover,SOL-USDT,1d,,,,1536.18,15.84,-4.5,85.5,14.89,76,1.0,341.66,10.0,23.0,11.0,,,,,,,,,,,
macd_crossover,SOL-USDT,1d,,,,3511.92,17.522,-5.42,86.5,18.12,96,1.0,648.29,10.0,26.0,5.0,,,,,,,,,,,
macd_crossover,SOL-USDT,1d,,,,2979.8,19.921,-5.09,91.5,35.08,82,1.0,585.97,10.0,26.0,7.0,,,,,,,,,,,
macd_crossover,SOL-USDT,1d,,,,2318.24,19.224,-2.54,93.6,67.57,78,1.0,911.96,10.0,26.0,9.0,,,,,,,,,,,
macd_crossover,SOL-USDT,1d,,,,1783.87,16.82,-3.47,88.2,21.07,76,1.0,513.78,10.0,26.0,11.0,,,,,,,,,,,
macd_crossover,SOL-USDT,1d,,,,3347.97,17.101,-6.23,84.4,16.57,96,1.0,537.8,10.0,29.0,5.0,,,,,,,,,,,
macd_crossover,SOL-USDT,1d,,,,3586.68,20.815,-5.09,94.0,45.5,84,1.0,705.31,10.0,29.0,7.0,,,,,,,,,,,
macd_crossover,SOL-USDT,1d,,,,1831.85,17.314,-4.5,90.8,21.69,76,1.0,407.42,10.0,29.0,9.0,,,,,,,,,,,
macd_crossover,SOL-USDT,1d,,,,1549.6,16.848,-4.44,87.5,20.27,72,1.0,348.94,10.0,29.0,11.0,,,,,,,,,,,
macd_crossover,SOL-USDT,1d,,,,3295.3,17.794,-5.25,86.2,21.2,94,1.0,627.69,10.0,32.0,5.0,,,,,,,,,,,
macd_crossover,SOL-USDT,1d,,,,3196.84,20.911,-5.09,92.9,47.16,84,1.0,628.65,10.0,32.0,7.0,,,,,,,,,,,
macd_crossover,SOL-USDT,1d,,,,1571.45,17.777,-3.13,88.9,25.87,72,1.0,501.58,10.0,32.0,9.0,,,,,,,,,,,
macd_crossover,SOL-USDT,1d,,,,2163.53,18.173,-3.47,90.0,36.07,70,1.0,623.13,10.0,32.0,11.0,,,,,,,,,,,
macd_crossover,SOL-USDT,1d,,,,4271.31,19.452,-5.25,91.7,32.85,96,1.0,813.6,10.0,35.0,5.0,,,,,,,,,,,
macd_crossover,SOL-USDT,1d,,,,3252.49,21.635,-5.09,96.3,56.53,82,1.0,639.59,10.0,35.0,7.0,,,,,,,,,,,
macd_crossover,SOL-USDT,1d,,,,1672.95,17.897,-6.83,90.3,25.78,72,1.0,244.91,10.0,35.0,9.0,,,,,,,,,,,
macd_crossover,SOL-USDT,1d,,,,1252.02,19.791,-3.47,88.2,24.61,68,1.0,360.6,10.0,35.0,11.0,,,,,,,,,,,
macd_crossover,SOL-USDT,1d,,,,3796.36,18.295,-4.27,85.4,23.39,96,1.0,888.52,12.0,20.0,5.0,,,,,,,,,,,
macd_crossover,SOL-USDT,1d,,,,2226.11,18.335,-3.63,86.2,33.0,80,1.0,613.05,12.0,20.0,7.0,,,,,,,,,,,
macd_crossover,SOL-USDT,1d,,,,2499.06,19.777,-1.63,93.6,83.18,78,1.0,1532.41,12.0,20.0,9.0,,,,,,,,,,,
macd_crossover,SOL-USDT,1d,,,,1865.12,17.474,-3.47,88.2,28.95,76,1.0,537.18,12.0,20.0,11.0,,,,,,,,,,,
macd_crossover,SOL-USDT,1d,,,,3830.1,19.653,-3.0,86.7,36.78,90,1.0,1274.9,12.0,23.0,5.0,,,,,,,,,,,
macd_crossover,SOL-USDT,1d,,,,3431.82,21.92,-3.63,93.8,94.52,80,1.0,945.1,12.0,23.0,7.0,,,,,,,,,,,
macd_crossover,SOL-USDT,1d,,,,1540.08,15.862,-4.5,86.8,14.95,76,1.0,342.53,12.0,23.0,9.0,,,,,,,,,,,
macd_crossover,SOL-USDT,1d,,,,1596.08,16.833,-4.51,88.9,23.89,72,1.0,353.84,12.0,23.0,11.0,,,,,,,,,,,
macd_crossover,SOL-USDT,1d,,,,3946.9,19.052,-3.0,86.2,28.55,94,1.0,1313.78,12.0,26.0,5.0,,,,,,,,,,,
macd_crossover,SOL-USDT,1d,,,,3708.24,22.102,-1.63,96.3,204.74,82,1.0,2273.87,12.0,26.0,7.0,,,,,,,,,,,
macd_crossover,SOL-USDT,1d,,,,1715.21,16.613,-3.47,88.2,20.82,76,1.0,494.0,12.0,26.0,9.0,,,,,,,,,,,
macd_crossover,SOL-USDT,1d,,,,2120.91,18.321,-2.17,90.0,45.46,70,1.0,977.84,12.0,26.0,11.0,,,,,,,,,,,
macd_crossover,SOL-USDT,1d,,,,4237.04,20.669,-3.63,90.0,43.08,90,1.0,1166.85,12.0,29.0,5.0,,,,,,,,,,,
macd_crossover,SOL-USDT,1d,,,,2699.18,22.159,-1.41,97.4,226.58,76,1.0,1916.91,12.0,29.0,7.0,,,,,,,,,,,
macd_crossover,SOL-USDT,1d,,,,1396.74,16.048,-4.44,86.1,16.43,72,1.0,314.52,12.0,29.0,9.0,,,,,,,,,,,
macd_crossover,SOL-USDT,1d,,,,1428.44,21.262,-2.37,89.4,31.43,66,1.0,603.46,12.0,29.0,11.0,,,,,,,,,,,
macd_crossover,SOL-USDT,1d,,,,4390.27,20.669,-5.25,91.1,31.21,90,1.0,836.26,12.0,32.0,5.0,,,,,,,,,,,
macd_crossover,SOL-USDT,1d,,,,2232.06,18.869,-4.5,90.8,20.74,76,1.0,496.43,12.0,32.0,7.0,,,,,,,,,,,
macd_crossover,SOL-USDT,1d,,,,2163.53,18.173,-3.47,90.0,36.07,70,1.0,623.13,12.0,32.0,9.0,,,,,,,,,,,
macd_crossover,SOL-USDT,1d,,,,1228.45,19.312,-6.49,86.4,20.47,66,1.0,189.39,12.0,32.0,11.0,,,,,,,,,,,
macd_crossover,SOL-USDT,1d,,,,4474.96,20.871,-5.25,93.3,34.63,90,1.0,852.39,12.0,35.0,5.0,,,,,,,,,,,
macd_crossover,SOL-USDT,1d,,,,2259.46,19.247,-3.13,89.5,28.81,76,1.0,721.18,12.0,35.0,7.0,,,,,,,,,,,
macd_crossover,SOL-USDT,1d,,,,1926.53,17.551,-3.47,88.6,28.53,70,1.0,554.87,12.0,35.0,9.0,,,,,,,,,,,
macd_crossover,SOL-USDT,1d,,,,1048.87,16.818,-6.45,81.4,11.52,70,1.0,162.7,12.0,35.0,11.0,,,,,,,,,,,
macd_crossover,SOL-USDT,1d,,,,2929.01,18.371,-5.28,86.4,25.86,88,1.0,554.39,14.0,20.0,5.0,,,,,,,,,,,
macd_crossover,SOL-USDT,1d,,,,3012.88,21.681,-1.63,94.9,186.38,78,1.0,1847.48,14.0,20.0,7.0,,,,,,,,,,,
macd_crossover,SOL-USDT,1d,,,,1585.77,16.171,-4.5,86.8,16.1,76,1.0,352.69,14.0,20.0,9.0,,,,,,,,,,,
macd_crossover,SOL-USDT,1d,,,,1330.63,16.042,-8.05,86.8,18.81,68,1.0,165.3,14.0,20.0,11.0,,,,,,,,,,,
macd_crossover,SOL-USDT,1d,,,,3191.18,18.852,-5.09,88.6,23.03,88,1.0,627.53,14.0,23.0,5.0,,,,,,,,,,,
macd_crossover,SOL-USDT,1d,,,,2900.18,20.425,-2.54,95.0,82.98,80,1.0,1140.89,14.0,23.0,7.0,,,,,,,,,,,
macd_crossover,SOL-USDT,1d,,,,1479.31,16.191,-4.51,87.5,18.6,72,1.0,327.95,14.0,23.0,9.0,,,,,,,,,,,
macd_crossover,SOL-USDT,1d,,,,2029.91,18.362,-2.37,88.2,39.24,68,1.0,857.56,14.0,23.0,11.0,,,,,,,,,,,
macd_crossover,SOL-USDT,1d,,,,3798.64,19.857,-5.09,91.1,26.42,90,1.0,746.99,14.0,26.0,5.0,,,,,,,,,,,
macd_crossover,SOL-USDT,1d,,,,1643.65,17.402,-4.5,90.8,20.94,76,1.0,365.56,14.0,26.0,7.0,,,,,,,,,,,
macd_crossover,SOL-USDT,1d,,,,1454.9,17.312,-4.44,88.2,22.23,68,1.0,327.62,14.0,26.0,9.0,,,,,,,,,,,
macd_crossover,SOL-USDT,1d,,,,1496.86,22.506,-2.37,90.9,52.82,66,1.0,632.37,14.0,26.0,11.0,,,,,,,,,,,
macd_crossover,SOL-USDT,1d,,,,4636.38,21.363,-5.09,92.2,36.51,90,1.0,911.73,14.0,29.0,5.0,,,,,,,,,,,
macd_crossover,SOL-USDT,1d,,,,1432.39,17.183,-3.13,88.9,25.11,72,1.0,457.19,14.0,29.0,7.0,,,,,,,,,,,
macd_crossover,SOL-USDT,1d,,,,2139.83,18.495,-3.47,89.7,31.04,68,1.0,616.3,14.0,29.0,9.0,,,,,,,,,,,
macd_crossover,SOL-USDT,1d,,,,908.4,16.084,-10.33,83.3,9.85,66,1.0,87.96,14.0,29.0,11.0,,,,,,,,,,,
macd_crossover,SOL-USDT,1d,,,,3694.85,22.004,-5.09,95.1,65.57,82,1.0,726.58,14.0,32.0,5.0,,,,,,,,,,,
macd_crossover,SOL-USDT,1d,,,,1969.25,18.629,-4.44,90.3,32.7,72,1.0,443.44,14.0,32.0,7.0,,,,,,,,,,,
macd_crossover,SOL-USDT,1d,,,,1333.4,20.219,-3.47,86.4,20.09,66,1.0,384.04,14.0,32.0,9.0,,,,,,,,,,,
macd_crossover,SOL-USDT,1d,,,,945.52,16.896,-6.45,83.3,10.9,66,1.0,146.67,14.0,32.0,11.0,,,,,,,,,,,
macd_crossover,SOL-USDT,1d,,,,3641.84,19.774,-5.25,91.9,26.98,86,1.0,693.7,14.0,35.0,5.0,,,,,,,,,,,
macd_crossover,SOL-USDT,1d,,,,3532.07,20.115,-2.17,93.6,73.81,78,1.0,1628.45,14.0,35.0,7.0,,,,,,,,,,,
macd_crossover,SOL-USDT,1d,,,,936.03,16.158,-10.33,80.9,10.09,68,1.0,90.64,14.0,35.0,9.0,,,,,,,,,,,
macd_crossover,SOL-USDT,1d,,,,887.22,20.432,-1.57,87.1,44.27,62,1.0,563.97,14.0,35.0,11.0,,,,,,,,,,,
bb_reversion,SOL-USDT,1d,15.0,,,-100.0,-22.752,-100.0,0.0,0.0,115,2.4,-1.0,,,,1.5,,,,,,,,,,
bb_reversion,SOL-USDT,1d,15.0,,,-99.98,-24.335,-99.98,0.0,0.0,67,1.8,-1.0,,,,2.0,,,,,,,,,,
bb_reversion,SOL-USDT,1d,15.0,,,-91.9,-34.5,-91.9,0.0,0.0,20,1.4,-1.0,,,,2.5,,,,,,,,,,
bb_reversion,SOL-USDT,1d,15.0,,,-33.15,-172.226,-33.15,0.0,0.0,3,1.0,-1.0,,,,3.0,,,,,,,,,,
bb_reversion,SOL-USDT,1d,17.0,,,-100.0,-24.05,-100.0,0.0,0.0,103,2.8,-1.0,,,,1.5,,,,,,,,,,
bb_reversion,SOL-USDT,1d,17.0,,,-99.98,-22.811,-99.98,0.0,0.0,69,1.9,-1.0,,,,2.0,,,,,,,,,,
bb_reversion,SOL-USDT,1d,17.0,,,-94.25,-28.428,-94.25,0.0,0.0,22,1.4,-1.0,,,,2.5,,,,,,,,,,
bb_reversion,SOL-USDT,1d,17.0,,,-33.44,-55.367,-33.44,0.0,0.0,3,1.3,-1.0,,,,3.0,,,,,,,,,,
bb_reversion,SOL-USDT,1d,19.0,,,-100.0,-23.566,-100.0,0.0,0.0,105,2.9,-1.0,,,,1.5,,,,,,,,,,
bb_reversion,SOL-USDT,1d,19.0,,,-99.99,-24.875,-99.99,0.0,0.0,66,2.1,-1.0,,,,2.0,,,,,,,,,,
bb_reversion,SOL-USDT,1d,19.0,,,-95.81,-29.789,-95.81,0.0,0.0,23,1.5,-1.0,,,,2.5,,,,,,,,,,
bb_reversion,SOL-USDT,1d,19.0,,,-43.59,-37.795,-43.59,0.0,0.0,5,1.0,-1.0,,,,3.0,,,,,,,,,,
bb_reversion,SOL-USDT,1d,21.0,,,-100.0,-23.243,-100.0,0.0,0.0,101,2.9,-1.0,,,,1.5,,,,,,,,,,
bb_reversion,SOL-USDT,1d,21.0,,,-99.98,-25.382,-99.98,0.0,0.0,60,2.3,-1.0,,,,2.0,,,,,,,,,,
bb_reversion,SOL-USDT,1d,21.0,,,-97.39,-28.495,-97.39,0.0,0.0,29,1.5,-1.0,,,,2.5,,,,,,,,,,
bb_reversion,SOL-USDT,1d,21.0,,,-48.47,-39.0,-48.47,0.0,0.0,6,1.0,-1.0,,,,3.0,,,,,,,,,,
bb_reversion,SOL-USDT,1d,23.0,,,-100.0,-21.976,-100.0,1.1,0.0,94,3.3,-1.0,,,,1.5,,,,,,,,,,
bb_reversion,SOL-USDT,1d,23.0,,,-99.99,-24.276,-99.99,1.6,0.0,63,2.3,-1.0,,,,2.0,,,,,,,,,,
bb_reversion,SOL-USDT,1d,23.0,,,-98.21,-25.554,-98.21,0.0,0.0,28,1.8,-1.0,,,,2.5,,,,,,,,,,
bb_reversion,SOL-USDT,1d,23.0,,,-47.43,-53.231,-47.43,0.0,0.0,5,1.0,-1.0,,,,3.0,,,,,,,,,,
bb_reversion,SOL-USDT,1d,25.0,,,-100.0,-21.776,-100.0,0.0,0.0,86,3.7,-1.0,,,,1.5,,,,,,,,,,
bb_reversion,SOL-USDT,1d,25.0,,,-99.98,-23.663,-99.98,0.0,0.0,61,2.4,-1.0,,,,2.0,,,,,,,,,,
bb_reversion,SOL-USDT,1d,25.0,,,-97.93,-25.037,-97.93,0.0,0.0,29,1.7,-1.0,,,,2.5,,,,,,,,,,
bb_reversion,SOL-USDT,1d,25.0,,,-50.93,-47.948,-50.93,0.0,0.0,6,1.0,-1.0,,,,3.0,,,,,,,,,,
ema_crossover,SOL-USDT,1d,,,,17241.59,5.43,-9.2,64.8,19.29,54,20.2,1873.37,5.0,25.0,,,,,,,,,,,,
ema_crossover,SOL-USDT,1d,,,,11757.0,5.231,-11.39,68.5,17.22,54,20.2,1032.18,5.0,30.0,,,,,,,,,,,,
ema_crossover,SOL-USDT,1d,,,,7548.41,5.166,-11.39,58.0,14.04,50,21.9,662.7,5.0,35.0,,,,,,,,,,,,
ema_crossover,SOL-USDT,1d,,,,6848.22,5.201,-18.54,64.6,12.28,48,22.8,369.3,5.0,40.0,,,,,,,,,,,,
ema_crossover,SOL-USDT,1d,,,,2935.69,5.14,-18.54,56.8,8.53,44,24.8,158.31,5.0,45.0,,,,,,,,,,,,
ema_crossover,SOL-USDT,1d,,,,3208.52,3.812,-20.77,57.1,13.51,42,26.0,154.46,5.0,50.0,,,,,,,,,,,,
ema_crossover,SOL-USDT,1d,,,,6831.16,5.514,-15.16,64.3,11.79,42,26.0,450.52,8.0,25.0,,,,,,,,,,,,
ema_crossover,SOL-USDT,1d,,,,2670.02,4.763,-26.18,57.1,7.2,42,26.0,102.0,8.0,30.0,,,,,,,,,,,,
ema_crossover,SOL-USDT,1d,,,,3071.25,4.901,-15.59,54.5,8.73,44,24.8,197.04,8.0,35.0,,,,,,,,,,,,
ema_crossover,SOL-USDT,1d,,,,2051.53,5.162,-17.56,55.3,7.19,38,28.8,116.84,8.0,40.0,,,,,,,,,,,,
ema_crossover,SOL-USDT,1d,,,,1760.24,4.189,-33.88,50.0,9.54,32,34.2,51.96,8.0,45.0,,,,,,,,,,,,
ema_crossover,SOL-USDT,1d,,,,2038.59,4.135,-25.38,50.0,11.11,32,34.2,80.33,8.0,50.0,,,,,,,,,,,,
ema_crossover,SOL-USDT,1d,,,,3362.16,5.081,-15.62,55.0,8.81,40,27.3,215.18,11.0,25.0,,,,,,,,,,,,
ema_crossover,SOL-USDT,1d,,,,2722.94,5.175,-20.1,52.6,8.42,38,28.8,135.47,11.0,30.0,,,,,,,,,,,,
ema_crossover,SOL-USDT,1d,,,,1691.83,5.443,-32.04,50.0,6.45,32,34.2,52.81,11.0,35.0,,,,,,,,,,,,
ema_crossover,SOL-USDT,1d,,,,1225.06,4.584,-43.47,41.7,8.21,24,45.5,28.18,11.0,40.0,,,,,,,,,,,,
ema_crossover,SOL-USDT,1d,,,,1269.65,4.457,-33.16,45.8,9.98,24,45.5,38.28,11.0,45.0,,,,,,,,,,,,
ema_crossover,SOL-USDT,1d,,,,859.83,3.989,-36.35,43.3,7.31,30,36.4,23.66,11.0,50.0,,,,,,,,,,,,
ema_crossover,SOL-USDT,1d,,,,2511.99,5.41,-23.25,50.0,7.92,34,32.1,108.03,14.0,25.0,,,,,,,,,,,,
ema_crossover,SOL-USDT,1d,,,,1201.5,5.213,-40.85,53.3,5.77,30,36.4,29.41,14.0,30.0,,,,,,,,,,,,
ema_crossover,SOL-USDT,1d,,,,1777.55,4.516,-34.18,46.2,10.91,26,42.0,52.01,14.0,35.0,,,,,,,,,,,,
ema_crossover,SOL-USDT,1d,,,,668.77,4.189,-38.82,41.7,6.44,24,45.5,17.23,14.0,40.0,,,,,,,,,,,,
ema_crossover,SOL-USDT,1d,,,,345.6,3.682,-53.66,38.5,4.44,26,42.0,6.44,14.0,45.0,,,,,,,,,,,,
ema_crossover,SOL-USDT,1d,,,,474.87,3.748,-47.88,39.3,5.26,28,39.0,9.92,14.0,50.0,,,,,,,,,,,,
ema_crossover,SOL-USDT,1d,,,,1421.29,5.315,-30.59,51.6,6.52,31,35.3,46.46,17.0,25.0,,,,,,,,,,,,
ema_crossover,SOL-USDT,1d,,,,1373.68,5.705,-35.37,44.0,6.86,25,43.7,38.84,17.0,30.0,,,,,,,,,,,,
ema_crossover,SOL-USDT,1d,,,,492.94,4.366,-50.91,42.9,5.27,21,52.0,9.68,17.0,35.0,,,,,,,,,,,,
ema_crossover,SOL-USDT,1d,,,,477.18,4.039,-40.02,37.5,5.8,24,45.5,11.92,17.0,40.0,,,,,,,,,,,,
ema_crossover,SOL-USDT,1d,,,,614.6,3.925,-42.51,42.9,5.5,28,39.0,14.46,17.0,45.0,,,,,,,,,,,,
ema_crossover,SOL-USDT,1d,,,,552.64,3.802,-50.58,46.4,5.31,28,39.0,10.93,17.0,50.0,,,,,,,,,,,,
ema_crossover,SOL-USDT,1d,,,,1279.54,5.39,-35.37,48.1,6.39,27,40.5,36.18,20.0,25.0,,,,,,,,,,,,
ema_crossover,SOL-USDT,1d,,,,662.97,4.377,-42.77,47.8,6.13,23,47.5,15.5,20.0,30.0,,,,,,,,,,,,
ema_crossover,SOL-USDT,1d,,,,618.57,4.149,-35.96,44.0,6.35,25,43.7,17.2,20.0,35.0,,,,,,,,,,,,
ema_crossover,SOL-USDT,1d,,,,453.25,4.186,-49.16,45.5,5.26,22,49.7,9.22,20.0,40.0,,,,,,,,,,,,
ema_crossover,SOL-USDT,1d,,,,487.24,4.032,-50.6,41.7,5.2,24,45.5,9.63,20.0,45.0,,,,,,,,,,,,
ema_crossover,SOL-USDT,1d,,,,555.3,3.884,-52.67,46.2,6.08,26,42.0,10.54,20.0,50.0,,,,,,,,,,,,
stoch_rsi,SOL-USDT,1d,7.0,15.0,75.0,102.53,4.266,-15.1,58.1,1.79,105,1.0,6.79,,,,,3.0,3.0,,,,,,,,
stoch_rsi,SOL-USDT,1d,7.0,15.0,80.0,62.03,3.309,-17.85,57.0,1.58,93,1.0,3.47,,,,,3.0,3.0,,,,,,,,
stoch_rsi,SOL-USDT,1d,7.0,15.0,85.0,49.88,3.292,-17.85,53.7,1.58,82,1.0,2.79,,,,,3.0,3.0,,,,,,,,
stoch_rsi,SOL-USDT,1d,7.0,20.0,75.0,168.76,5.148,-15.1,58.3,2.04,115,1.0,11.18,,,,,3.0,3.0,,,,,,,,
stoch_rsi,SOL-USDT,1d,7.0,20.0,80.0,115.01,4.402,-17.85,57.3,1.85,103,1.0,6.44,,,,,3.0,3.0,,,,,,,,
stoch_rsi,SOL-USDT,1d,7.0,20.0,85.0,98.89,4.55,-17.85,54.3,1.9,92,1.0,5.54,,,,,3.0,3.0,,,,,,,,
stoch_rsi,SOL-USDT,1d,7.0,25.0,75.0,228.66,5.748,-15.1,59.5,2.21,121,1.0,15.14,,,,,3.0,3.0,,,,,,,,
stoch_rsi,SOL-USDT,1d,7.0,25.0,80.0,162.92,5.104,-17.85,58.7,2.04,109,1.0,9.13,,,,,3.0,3.0,,,,,,,,
stoch_rsi,SOL-USDT,1d,7.0,25.0,85.0,143.21,5.338,-17.85,56.1,2.12,98,1.0,8.02,,,,,3.0,3.0,,,,,,,,
stoch_rsi,SOL-USDT,1d,9.0,15.0,75.0,514.04,9.231,-11.66,74.3,3.56,105,1.0,44.1,,,,,3.0,3.0,,,,,,,,
stoch_rsi,SOL-USDT,1d,9.0,15.0,80.0,454.54,9.301,-11.66,73.5,3.63,98,1.0,38.99,,,,,3.0,3.0,,,,,,,,
stoch_rsi,SOL-USDT,1d,9.0,15.0,85.0,322.08,8.51,-11.66,72.7,3.24,88,1.0,27.63,,,,,3.0,3.0,,,,,,,,
stoch_rsi,SOL-USDT,1d,9.0,20.0,75.0,568.86,8.625,-15.78,72.4,3.24,116,1.0,36.04,,,,,3.0,3.0,,,,,,,,
stoch_rsi,SOL-USDT,1d,9.0,20.0,80.0,504.05,8.651,-15.78,71.6,3.27,109,1.0,31.94,,,,,3.0,3.0,,,,,,,,
stoch_rsi,SOL-USDT,1d,9.0,20.0,85.0,359.76,7.921,-15.78,70.7,2.95,99,1.0,22.8,,,,,3.0,3.0,,,,,,,,
stoch_rsi,SOL-USDT,1d,9.0,25.0,75.0,736.64,8.979,-15.78,72.6,3.42,124,1.0,46.68,,,,,3.0,3.0,,,,,,,,
stoch_rsi,SOL-USDT,1d,9.0,25.0,80.0,655.57,9.023,-15.78,71.8,3.47,117,1.0,41.54,,,,,3.0,3.0,,,,,,,,
stoch_rsi,SOL-USDT,1d,9.0,25.0,85.0,475.09,8.37,-15.78,71.0,3.16,107,1.0,30.1,,,,,3.0,3.0,,,,,,,,
stoch_rsi,SOL-USDT,1d,11.0,15.0,75.0,772.66,11.253,-8.25,78.6,5.28,98,1.0,93.61,,,,,3.0,3.0,,,,,,,,
stoch_rsi,SOL-USDT,1d,11.0,15.0,80.0,612.89,10.754,-8.25,76.9,4.89,91,1.0,74.26,,,,,3.0,3.0,,,,,,,,
stoch_rsi,SOL-USDT,1d,11.0,15.0,85.0,479.12,10.781,-8.25,75.3,4.93,77,1.0,58.05,,,,,3.0,3.0,,,,,,,,
stoch_rsi,SOL-USDT,1d,11.0,20.0,75.0,1176.15,11.217,-10.77,77.9,5.37,113,1.0,109.19,,,,,3.0,3.0,,,,,,,,
stoch_rsi,SOL-USDT,1d,11.0,20.0,80.0,942.52,10.8,-10.77,76.4,5.03,106,1.0,87.5,,,,,3.0,3.0,,,,,,,,
stoch_rsi,SOL-USDT,1d,11.0,20.0,85.0,746.89,10.841,-10.77,75.0,5.08,92,1.0,69.34,,,,,3.0,3.0,,,,,,,,
stoch_rsi,SOL-USDT,1d,11.0,25.0,75.0,1434.41,11.054,-12.24,77.6,5.31,125,1.0,117.2,,,,,3.0,3.0,,,,,,,,
stoch_rsi,SOL-USDT,1d,11.0,25.0,80.0,1153.49,10.664,-14.36,76.3,4.99,118,1.0,80.35,,,,,3.0,3.0,,,,,,,,
stoch_rsi,SOL-USDT,1d,11.0,25.0,85.0,918.28,10.673,-14.36,75.0,5.03,104,1.0,63.96,,,,,3.0,3.0,,,,,,,,
stoch_rsi,SOL-USDT,1d,13.0,15.0,75.0,540.35,10.692,-9.32,68.9,4.33,103,1.0,57.96,,,,,3.0,3.0,,,,,,,,
stoch_rsi,SOL-USDT,1d,13.0,15.0,80.0,453.08,10.326,-14.1,68.4,4.1,98,1.0,32.14,,,,,3.0,3.0,,,,,,,,
stoch_rsi,SOL-USDT,1d,13.0,15.0,85.0,393.99,10.742,-14.1,68.5,4.36,89,1.0,27.95,,,,,3.0,3.0,,,,,,,,
stoch_rsi,SOL-USDT,1d,13.0,20.0,75.0,642.26,10.824,-9.32,69.8,4.6,106,1.0,68.9,,,,,3.0,3.0,,,,,,,,
stoch_rsi,SOL-USDT,1d,13.0,20.0,80.0,541.11,10.485,-14.1,69.3,4.37,101,1.0,38.39,,,,,3.0,3.0,,,,,,,,
stoch_rsi,SOL-USDT,1d,13.0,20.0,85.0,472.61,10.888,-14.1,69.6,4.67,92,1.0,33.53,,,,,3.0,3.0,,,,,,,,
stoch_rsi,SOL-USDT,1d,13.0,25.0,75.0,861.57,11.436,-9.32,70.9,5.06,110,1.0,92.42,,,,,3.0,3.0,,,,,,,,
stoch_rsi,SOL-USDT,1d,13.0,25.0,80.0,730.53,11.139,-14.1,70.5,4.84,105,1.0,51.83,,,,,3.0,3.0,,,,,,,,
stoch_rsi,SOL-USDT,1d,13.0,25.0,85.0,641.8,11.586,-14.1,70.8,5.22,96,1.0,45.53,,,,,3.0,3.0,,,,,,,,
stoch_rsi,SOL-USDT,1d,15.0,15.0,75.0,1159.82,12.968,-8.06,74.5,6.58,110,1.0,143.85,,,,,3.0,3.0,,,,,,,,
stoch_rsi,SOL-USDT,1d,15.0,15.0,80.0,875.81,12.595,-8.06,73.5,6.1,98,1.0,108.62,,,,,3.0,3.0,,,,,,,,
stoch_rsi,SOL-USDT,1d,15.0,15.0,85.0,791.5,12.784,-4.79,74.2,6.34,93,1.0,165.3,,,,,3.0,3.0,,,,,,,,
stoch_rsi,SOL-USDT,1d,15.0,20.0,75.0,1330.6,13.031,-8.06,74.1,6.59,116,1.0,165.03,,,,,3.0,3.0,,,,,,,,
stoch_rsi,SOL-USDT,1d,15.0,20.0,80.0,1008.09,12.676,-8.06,73.1,6.13,104,1.0,125.03,,,,,3.0,3.0,,,,,,,,
stoch_rsi,SOL-USDT,1d,15.0,20.0,85.0,912.36,12.86,-4.79,73.7,6.37,99,1.0,190.55,,,,,3.0,3.0,,,,,,,,
stoch_rsi,SOL-USDT,1d,15.0,25.0,75.0,1569.76,12.818,-8.06,74.0,6.56,123,1.0,194.69,,,,,3.0,3.0,,,,,,,,
stoch_rsi,SOL-USDT,1d,15.0,25.0,80.0,1193.34,12.481,-8.06,73.0,6.13,111,1.0,148.0,,,,,3.0,3.0,,,,,,,,
stoch_rsi,SOL-USDT,1d,15.0,25.0,85.0,1081.6,12.64,-4.79,73.6,6.35,106,1.0,225.89,,,,,3.0,3.0,,,,,,,,
stoch_rsi,SOL-USDT,1d,17.0,15.0,75.0,924.5,10.83,-11.92,73.8,4.73,107,1.0,77.57,,,,,3.0,3.0,,,,,,,,
stoch_rsi,SOL-USDT,1d,17.0,15.0,80.0,817.7,10.892,-11.92,74.3,4.87,101,1.0,68.61,,,,,3.0,3.0,,,,,,,,
stoch_rsi,SOL-USDT,1d,17.0,15.0,85.0,506.66,10.178,-14.5,74.4,4.38,86,1.0,34.93,,,,,3.0,3.0,,,,,,,,
stoch_rsi,SOL-USDT,1d,17.0,20.0,75.0,1023.46,10.929,-11.92,73.0,4.81,111,1.0,85.87,,,,,3.0,3.0,,,,,,,,
stoch_rsi,SOL-USDT,1d,17.0,20.0,80.0,906.34,10.994,-11.92,73.3,4.95,105,1.0,76.04,,,,,3.0,3.0,,,,,,,,
stoch_rsi,SOL-USDT,1d,17.0,20.0,85.0,565.26,10.317,-14.5,73.3,4.48,90,1.0,38.97,,,,,3.0,3.0,,,,,,,,
stoch_rsi,SOL-USDT,1d,17.0,25.0,75.0,1221.07,11.301,-11.92,73.9,5.06,115,1.0,102.45,,,,,3.0,3.0,,,,,,,,
stoch_rsi,SOL-USDT,1d,17.0,25.0,80.0,1083.34,11.385,-11.92,74.3,5.22,109,1.0,90.9,,,,,3.0,3.0,,,,,,,,
stoch_rsi,SOL-USDT,1d,17.0,25.0,85.0,682.27,10.779,-14.5,74.5,4.77,94,1.0,47.04,,,,,3.0,3.0,,,,,,,,
stoch_rsi,SOL-USDT,1d,19.0,15.0,75.0,580.67,10.95,-13.23,77.7,4.5,94,1.0,43.9,,,,,3.0,3.0,,,,,,,,
stoch_rsi,SOL-USDT,1d,19.0,15.0,80.0,559.14,10.919,-13.23,78.3,4.46,92,1.0,42.27,,,,,3.0,3.0,,,,,,,,
stoch_rsi,SOL-USDT,1d,19.0,15.0,85.0,557.8,11.656,-13.23,78.2,4.98,87,1.0,42.17,,,,,3.0,3.0,,,,,,,,
stoch_rsi,SOL-USDT,1d,19.0,20.0,75.0,917.94,11.662,-13.23,76.9,5.04,104,1.0,69.4,,,,,3.0,3.0,,,,,,,,
stoch_rsi,SOL-USDT,1d,19.0,20.0,80.0,885.75,11.647,-13.23,77.5,5.0,102,1.0,66.96,,,,,3.0,3.0,,,,,,,,
stoch_rsi,SOL-USDT,1d,19.0,20.0,85.0,883.74,12.351,-13.23,77.3,5.56,97,1.0,66.81,,,,,3.0,3.0,,,,,,,,
stoch_rsi,SOL-USDT,1d,19.0,25.0,75.0,1161.32,12.189,-13.23,78.0,5.4,109,1.0,87.8,,,,,3.0,3.0,,,,,,,,
stoch_rsi,SOL-USDT,1d,19.0,25.0,80.0,1121.43,12.182,-13.23,78.5,5.37,107,1.0,84.78,,,,,3.0,3.0,,,,,,,,
stoch_rsi,SOL-USDT,1d,19.0,25.0,85.0,1118.94,12.896,-13.23,78.4,5.99,102,1.0,84.59,,,,,3.0,3.0,,,,,,,,
stoch_rsi,SOL-USDT,1d,21.0,15.0,75.0,772.99,11.658,-9.24,72.2,5.21,97,1.0,83.61,,,,,3.0,3.0,,,,,,,,
stoch_rsi,SOL-USDT,1d,21.0,15.0,80.0,709.92,11.534,-9.24,71.3,5.07,94,1.0,76.79,,,,,3.0,3.0,,,,,,,,
stoch_rsi,SOL-USDT,1d,21.0,15.0,85.0,600.64,11.139,-9.24,70.3,4.79,91,1.0,64.97,,,,,3.0,3.0,,,,,,,,
stoch_rsi,SOL-USDT,1d,21.0,20.0,75.0,850.86,11.292,-9.24,71.2,4.88,104,1.0,92.04,,,,,3.0,3.0,,,,,,,,
stoch_rsi,SOL-USDT,1d,21.0,20.0,80.0,782.16,11.169,-9.24,70.3,4.75,101,1.0,84.61,,,,,3.0,3.0,,,,,,,,
stoch_rsi,SOL-USDT,1d,21.0,20.0,85.0,663.13,10.795,-9.24,69.4,4.5,98,1.0,71.73,,,,,3.0,3.0,,,,,,,,
stoch_rsi,SOL-USDT,1d,21.0,25.0,75.0,1274.88,12.002,-9.24,72.3,5.31,112,1.0,137.9,,,,,3.0,3.0,,,,,,,,
stoch_rsi,SOL-USDT,1d,21.0,25.0,80.0,1175.54,11.905,-9.24,71.6,5.19,109,1.0,127.16,,,,,3.0,3.0,,,,,,,,
stoch_rsi,SOL-USDT,1d,21.0,25.0,85.0,1003.44,11.576,-9.24,70.8,4.95,106,1.0,108.54,,,,,3.0,3.0,,,,,,,,
kc_breakout,SOL-USDT,1d,15.0,,,112534.54,20.281,0.0,100.0,999.0,62,2.9,0.0,,,,,,,1.5,,,,,,,
kc_breakout,SOL-USDT,1d,15.0,,,5087.97,28.866,0.0,100.0,999.0,31,2.0,0.0,,,,,,,2.0,,,,,,,
kc_breakout,SOL-USDT,1d,15.0,,,604.0,35.12,0.0,100.0,999.0,16,1.6,0.0,,,,,,,2.5,,,,,,,
kc_breakout,SOL-USDT,1d,15.0,,,85.49,33.994,0.0,100.0,999.0,5,1.2,0.0,,,,,,,3.0,,,,,,,
kc_breakout,SOL-USDT,1d,17.0,,,253927.18,13.52,0.0,100.0,999.0,70,3.1,0.0,,,,,,,1.5,,,,,,,
kc_breakout,SOL-USDT,1d,17.0,,,7399.51,25.427,0.0,100.0,999.0,37,2.2,0.0,,,,,,,2.0,,,,,,,
kc_breakout,SOL-USDT,1d,17.0,,,1296.52,28.984,0.0,100.0,999.0,20,1.9,0.0,,,,,,,2.5,,,,,,,
kc_breakout,SOL-USDT,1d,17.0,,,278.32,36.382,0.0,100.0,999.0,11,1.3,0.0,,,,,,,3.0,,,,,,,
kc_breakout,SOL-USDT,1d,19.0,,,488873.7,13.853,0.0,100.0,999.0,78,3.2,0.0,,,,,,,1.5,,,,,,,
kc_breakout,SOL-USDT,1d,19.0,,,8232.68,18.203,0.0,100.0,999.0,37,3.0,0.0,,,,,,,2.0,,,,,,,
kc_breakout,SOL-USDT,1d,19.0,,,2964.29,28.368,0.0,100.0,999.0,26,2.0,0.0,,,,,,,2.5,,,,,,,
kc_breakout,SOL-USDT,1d,19.0,,,377.15,35.721,0.0,100.0,999.0,13,1.4,0.0,,,,,,,3.0,,,,,,,
kc_breakout,SOL-USDT,1d,21.0,,,599403.31,12.999,0.0,100.0,999.0,80,3.5,0.0,,,,,,,1.5,,,,,,,
kc_breakout,SOL-USDT,1d,21.0,,,13061.47,19.049,0.0,100.0,999.0,40,3.3,0.0,,,,,,,2.0,,,,,,,
kc_breakout,SOL-USDT,1d,21.0,,,4018.22,27.114,0.0,100.0,999.0,29,2.2,0.0,,,,,,,2.5,,,,,,,
kc_breakout,SOL-USDT,1d,21.0,,,620.19,39.59,0.0,100.0,999.0,15,1.7,0.0,,,,,,,3.0,,,,,,,
kc_breakout,SOL-USDT,1d,23.0,,,667927.16,12.229,0.0,100.0,999.0,83,3.7,0.0,,,,,,,1.5,,,,,,,
kc_breakout,SOL-USDT,1d,23.0,,,26008.78,14.805,0.0,100.0,999.0,41,3.6,0.0,,,,,,,2.0,,,,,,,
kc_breakout,SOL-USDT,1d,23.0,,,4422.26,21.328,0.0,100.0,999.0,25,3.4,0.0,,,,,,,2.5,,,,,,,
kc_breakout,SOL-USDT,1d,23.0,,,1247.89,29.277,0.0,100.0,999.0,19,2.0,0.0,,,,,,,3.0,,,,,,,
kc_breakout,SOL-USDT,1d,25.0,,,864950.13,12.782,0.0,100.0,999.0,81,4.0,0.0,,,,,,,1.5,,,,,,,
kc_breakout,SOL-USDT,1d,25.0,,,33247.61,13.414,0.0,100.0,999.0,48,3.6,0.0,,,,,,,2.0,,,,,,,
kc_breakout,SOL-USDT,1d,25.0,,,4469.99,20.149,0.0,100.0,999.0,27,3.6,0.0,,,,,,,2.5,,,,,,,
kc_breakout,SOL-USDT,1d,25.0,,,2364.4,27.997,0.0,100.0,999.0,25,2.0,0.0,,,,,,,3.0,,,,,,,
rsi_adx_combo,SOL-USDT,1d,,,,3068.63,3.963,-27.9,50.0,5.59,56,17.7,109.98,,,,,,,,14.0,25.0,65.0,14.0,20.0,,
rsi_adx_combo,SOL-USDT,1d,,,,488.38,2.998,-42.43,40.3,2.45,72,11.7,11.51,,,,,,,,14.0,25.0,65.0,14.0,25.0,,
rsi_adx_combo,SOL-USDT,1d,,,,4232.81,4.362,-21.38,54.9,7.08,51,19.3,197.94,,,,,,,,14.0,25.0,70.0,14.0,20.0,,
rsi_adx_combo,SOL-USDT,1d,,,,1385.66,4.286,-25.63,48.3,3.97,58,14.2,54.06,,,,,,,,14.0,25.0,70.0,14.0,25.0,,
rsi_adx_combo,SOL-USDT,1d,,,,4496.91,4.447,-21.38,56.0,7.47,50,19.6,210.29,,,,,,,,14.0,25.0,75.0,14.0,20.0,,
rsi_adx_combo,SOL-USDT,1d,,,,1591.05,4.589,-25.63,50.0,4.41,54,15.1,62.07,,,,,,,,14.0,25.0,75.0,14.0,25.0,,
rsi_adx_combo,SOL-USDT,1d,,,,3069.77,3.927,-27.9,50.9,5.59,57,17.4,110.03,,,,,,,,14.0,30.0,65.0,14.0,20.0,,
rsi_adx_combo,SOL-USDT,1d,,,,478.18,2.922,-42.24,42.7,2.43,75,11.3,11.32,,,,,,,,14.0,30.0,65.0,14.0,25.0,,
rsi_adx_combo,SOL-USDT,1d,,,,4234.38,4.319,-21.38,55.8,7.08,52,18.9,198.01,,,,,,,,14.0,30.0,70.0,14.0,20.0,,
rsi_adx_combo,SOL-USDT,1d,,,,1359.91,4.158,-25.63,50.8,3.91,61,13.6,53.06,,,,,,,,14.0,30.0,70.0,14.0,25.0,,
rsi_adx_combo,SOL-USDT,1d,,,,4498.57,4.402,-21.38,56.9,7.47,51,19.3,210.36,,,,,,,,14.0,30.0,75.0,14.0,20.0,,
rsi_adx_combo,SOL-USDT,1d,,,,1561.74,4.443,-25.63,52.6,4.34,57,14.4,60.93,,,,,,,,14.0,30.0,75.0,14.0,25.0,,
rsi_adx_combo,SOL-USDT,1d,,,,3014.71,3.916,-27.9,50.9,5.58,57,17.5,108.05,,,,,,,,14.0,35.0,65.0,14.0,20.0,,
rsi_adx_combo,SOL-USDT,1d,,,,353.41,2.607,-46.98,39.5,2.2,81,10.6,7.52,,,,,,,,14.0,35.0,65.0,14.0,25.0,,
rsi_adx_combo,SOL-USDT,1d,,,,4159.08,4.307,-21.38,55.8,7.07,52,19.0,194.49,,,,,,,,14.0,35.0,70.0,14.0,20.0,,
rsi_adx_combo,SOL-USDT,1d,,,,1044.87,3.729,-27.46,46.3,3.33,67,12.5,38.05,,,,,,,,14.0,35.0,70.0,14.0,25.0,,
rsi_adx_combo,SOL-USDT,1d,,,,4418.68,4.39,-21.38,56.9,7.45,51,19.3,206.63,,,,,,,,14.0,35.0,75.0,14.0,20.0,,
rsi_adx_combo,SOL-USDT,1d,,,,1203.14,3.977,-25.63,47.6,3.63,63,13.2,46.94,,,,,,,,14.0,35.0,75.0,14.0,25.0,,
rsi_vol_combo,SOL-USDT,1d,,,,-96.6,-13.16,-96.6,22.7,0.15,44,1.8,-1.0,,,,,,,,14.0,25.0,65.0,,,20.0,1.5
rsi_vol_combo,SOL-USDT,1d,,,,-66.11,-10.967,-66.11,35.0,0.25,20,1.5,-1.0,,,,,,,,14.0,25.0,65.0,,,20.0,2.0
rsi_vol_combo,SOL-USDT,1d,,,,-94.55,-16.36,-94.55,15.8,0.09,38,1.7,-1.0,,,,,,,,14.0,25.0,70.0,,,20.0,1.5
rsi_vol_combo,SOL-USDT,1d,,,,-62.34,-14.716,-62.34,26.7,0.15,15,1.6,-1.0,,,,,,,,14.0,25.0,70.0,,,20.0,2.0
rsi_vol_combo,SOL-USDT,1d,,,,-91.62,-18.123,-91.62,10.0,0.06,30,1.6,-1.0,,,,,,,,14.0,25.0,75.0,,,20.0,1.5
rsi_vol_combo,SOL-USDT,1d,,,,-65.32,-19.806,-65.32,15.4,0.08,13,1.5,-1.0,,,,,,,,14.0,25.0,75.0,,,20.0,2.0
rsi_vol_combo,SOL-USDT,1d,,,,-98.17,-13.803,-98.17,19.2,0.13,52,1.8,-1.0,,,,,,,,14.0,30.0,65.0,,,20.0,1.5
rsi_vol_combo,SOL-USDT,1d,,,,-67.77,-12.034,-67.77,33.3,0.24,21,1.6,-1.0,,,,,,,,14.0,30.0,65.0,,,20.0,2.0
rsi_vol_combo,SOL-USDT,1d,,,,-97.07,-16.816,-97.07,13.0,0.08,46,1.8,-1.0,,,,,,,,14.0,30.0,70.0,,,20.0,1.5
rsi_vol_combo,SOL-USDT,1d,,,,-64.18,-16.79,-64.18,25.0,0.14,16,1.7,-1.0,,,,,,,,14.0,30.0,70.0,,,20.0,2.0
rsi_vol_combo,SOL-USDT,1d,,,,-95.49,-18.358,-95.49,7.9,0.06,38,1.7,-1.0,,,,,,,,14.0,30.0,75.0,,,20.0,1.5
rsi_vol_combo,SOL-USDT,1d,,,,-67.02,-23.188,-67.02,14.3,0.08,14,1.6,-1.0,,,,,,,,14.0,30.0,75.0,,,20.0,2.0
rsi_vol_combo,SOL-USDT,1d,,,,-98.82,-13.705,-98.82,21.3,0.13,61,1.8,-1.0,,,,,,,,14.0,35.0,65.0,,,20.0,1.5
rsi_vol_combo,SOL-USDT,1d,,,,-73.85,-13.438,-73.85,29.2,0.21,24,1.5,-1.0,,,,,,,,14.0,35.0,65.0,,,20.0,2.0
rsi_vol_combo,SOL-USDT,1d,,,,-98.1,-16.363,-98.1,16.4,0.08,55,1.7,-1.0,,,,,,,,14.0,35.0,70.0,,,20.0,1.5
rsi_vol_combo,SOL-USDT,1d,,,,-70.94,-18.724,-70.94,21.1,0.12,19,1.6,-1.0,,,,,,,,14.0,35.0,70.0,,,20.0,2.0
rsi_vol_combo,SOL-USDT,1d,,,,-97.09,-17.521,-97.09,12.8,0.06,47,1.7,-1.0,,,,,,,,14.0,35.0,75.0,,,20.0,1.5
rsi_vol_combo,SOL-USDT,1d,,,,-73.24,-25.246,-73.24,11.8,0.06,17,1.5,-1.0,,,,,,,,14.0,35.0,75.0,,,20.0,2.0
rsi_reversion,SOL-USDT,4h,7.0,20.0,60.0,-94.45,-14.108,-94.5,15.3,0.05,137,3.7,-1.0,,,,,,,,,,,,,,
rsi_reversion,SOL-USDT,4h,7.0,20.0,65.0,-94.17,-14.376,-94.17,13.7,0.04,131,3.4,-1.0,,,,,,,,,,,,,,
rsi_reversion,SOL-USDT,4h,7.0,20.0,70.0,-92.28,-13.189,-92.28,12.4,0.05,129,3.0,-1.0,,,,,,,,,,,,,,
rsi_reversion,SOL-USDT,4h,7.0,20.0,75.0,-89.45,-13.772,-89.45,13.0,0.05,108,2.9,-1.0,,,,,,,,,,,,,,
rsi_reversion,SOL-USDT,4h,7.0,20.0,80.0,-88.25,-14.455,-88.25,10.5,0.04,95,2.8,-1.0,,,,,,,,,,,,,,
rsi_reversion,SOL-USDT,4h,7.0,25.0,60.0,-96.43,-13.142,-96.46,15.0,0.05,153,3.9,-1.0,,,,,,,,,,,,,,
rsi_reversion,SOL-USDT,4h,7.0,25.0,65.0,-96.25,-13.343,-96.25,13.6,0.04,147,3.6,-1.0,,,,,,,,,,,,,,
rsi_reversion,SOL-USDT,4h,7.0,25.0,70.0,-95.03,-12.357,-95.03,12.4,0.05,145,3.2,-1.0,,,,,,,,,,,,,,
rsi_reversion,SOL-USDT,4h,7.0,25.0,75.0,-93.21,-12.711,-93.21,12.9,0.05,124,3.2,-1.0,,,,,,,,,,,,,,
rsi_reversion,SOL-USDT,4h,7.0,25.0,80.0,-92.44,-13.203,-92.44,10.8,0.04,111,3.1,-1.0,,,,,,,,,,,,,,
rsi_reversion,SOL-USDT,4h,7.0,30.0,60.0,-97.63,-14.025,-97.65,15.5,0.04,161,4.1,-1.0,,,,,,,,,,,,,,
rsi_reversion,SOL-USDT,4h,7.0,30.0,65.0,-97.51,-14.253,-97.51,14.2,0.03,155,3.8,-1.0,,,,,,,,,,,,,,
rsi_reversion,SOL-USDT,4h,7.0,30.0,70.0,-96.7,-13.298,-96.7,13.1,0.04,153,3.5,-1.0,,,,,,,,,,,,,,
rsi_reversion,SOL-USDT,4h,7.0,30.0,75.0,-95.49,-13.788,-95.49,13.6,0.04,132,3.5,-1.0,,,,,,,,,,,,,,
rsi_reversion,SOL-USDT,4h,7.0,30.0,80.0,-94.98,-14.37,-94.98,11.8,0.03,119,3.5,-1.0,,,,,,,,,,,,,,
rsi_reversion,SOL-USDT,4h,7.0,35.0,60.0,-97.87,-13.019,-97.89,16.5,0.04,164,4.3,-1.0,,,,,,,,,,,,,,
rsi_reversion,SOL-USDT,4h,7.0,35.0,65.0,-97.76,-13.207,-97.76,15.2,0.03,158,4.1,-1.0,,,,,,,,,,,,,,
rsi_reversion,SOL-USDT,4h,7.0,35.0,70.0,-97.04,-12.335,-97.04,14.1,0.04,156,3.8,-1.0,,,,,,,,,,,,,,
rsi_reversion,SOL-USDT,4h,7.0,35.0,75.0,-95.95,-12.673,-95.95,14.8,0.04,135,3.8,-1.0,,,,,,,,,,,,,,
rsi_reversion,SOL-USDT,4h,7.0,35.0,80.0,-95.5,-13.144,-95.5,13.1,0.03,122,3.8,-1.0,,,,,,,,,,,,,,
rsi_reversion,SOL-USDT,4h,9.0,20.0,60.0,-92.45,-15.694,-92.45,12.7,0.02,110,4.3,-1.0,,,,,,,,,,,,,,
rsi_reversion,SOL-USDT,4h,9.0,20.0,65.0,-92.12,-16.314,-92.12,12.3,0.03,106,3.6,-1.0,,,,,,,,,,,,,,
rsi_reversion,SOL-USDT,4h,9.0,20.0,70.0,-89.79,-18.433,-89.79,10.8,0.01,93,3.3,-1.0,,,,,,,,,,,,,,
rsi_reversion,SOL-USDT,4h,9.0,20.0,75.0,-85.91,-18.278,-85.91,10.1,0.01,79,3.1,-1.0,,,,,,,,,,,,,,
rsi_reversion,SOL-USDT,4h,9.0,20.0,80.0,-82.6,-18.71,-82.6,6.2,0.01,65,2.9,-1.0,,,,,,,,,,,,,,
rsi_reversion,SOL-USDT,4h,9.0,25.0,60.0,-94.95,-14.877,-94.95,10.9,0.03,128,4.2,-1.0,,,,,,,,,,,,,,
rsi_reversion,SOL-USDT,4h,9.0,25.0,65.0,-94.73,-15.332,-94.73,10.5,0.03,124,3.6,-1.0,,,,,,,,,,,,,,
rsi_reversion,SOL-USDT,4h,9.0,25.0,70.0,-93.17,-16.691,-93.17,9.0,0.02,111,3.3,-1.0,,,,,,,,,,,,,,
rsi_reversion,SOL-USDT,4h,9.0,25.0,75.0,-90.58,-16.399,-90.58,8.2,0.02,97,3.2,-1.0,,,,,,,,,,,,,,
rsi_reversion,SOL-USDT,4h,9.0,25.0,80.0,-88.37,-16.551,-88.37,4.8,0.01,83,3.0,-1.0,,,,,,,,,,,,,,
rsi_reversion,SOL-USDT,4h,9.0,30.0,60.0,-95.48,-14.141,-95.49,12.4,0.03,129,4.7,-1.0,,,,,,,,,,,,,,
rsi_reversion,SOL-USDT,4h,9.0,30.0,65.0,-95.29,-14.519,-95.29,12.0,0.04,125,4.1,-1.0,,,,,,,,,,,,,,
rsi_reversion,SOL-USDT,4h,9.0,30.0,70.0,-93.89,-15.531,-93.89,10.7,0.02,112,3.9,-1.0,,,,,,,,,,,,,,
rsi_reversion,SOL-USDT,4h,9.0,30.0,75.0,-91.58,-15.197,-91.58,10.2,0.03,98,3.9,-1.0,,,,,,,,,,,,,,
rsi_reversion,SOL-USDT,4h,9.0,30.0,80.0,-89.6,-15.322,-89.6,7.1,0.02,84,3.9,-1.0,,,,,,,,,,,,,,
rsi_reversion,SOL-USDT,4h,9.0,35.0,60.0,-96.39,-13.291,-96.39,13.8,0.03,138,5.0,-1.0,,,,,,,,,,,,,,
rsi_reversion,SOL-USDT,4h,9.0,35.0,65.0,-96.23,-13.587,-96.23,13.4,0.04,134,4.5,-1.0,,,,,,,,,,,,,,
rsi_reversion,SOL-USDT,4h,9.0,35.0,70.0,-95.12,-14.282,-95.12,12.4,0.02,121,4.3,-1.0,,,,,,,,,,,,,,
rsi_reversion,SOL-USDT,4h,9.0,35.0,75.0,-93.27,-13.924,-93.27,12.1,0.03,107,4.3,-1.0,,,,,,,,,,,,,,
rsi_reversion,SOL-USDT,4h,9.0,35.0,80.0,-91.69,-13.971,-91.69,9.7,0.02,93,4.4,-1.0,,,,,,,,,,,,,,
rsi_reversion,SOL-USDT,4h,11.0,20.0,60.0,-89.29,-13.533,-89.29,19.4,0.04,98,4.3,-1.0,,,,,,,,,,,,,,
rsi_reversion,SOL-USDT,4h,11.0,20.0,65.0,-89.88,-16.804,-89.88,9.3,0.02,86,3.8,-1.0,,,,,,,,,,,,,,
rsi_reversion,SOL-USDT,4h,11.0,20.0,70.0,-85.2,-15.351,-85.2,11.2,0.02,80,3.1,-1.0,,,,,,,,,,,,,,
rsi_reversion,SOL-USDT,4h,11.0,20.0,75.0,-79.78,-15.302,-79.78,12.3,0.02,65,2.8,-1.0,,,,,,,,,,,,,,
rsi_reversion,SOL-USDT,4h,11.0,20.0,80.0,-75.8,-15.791,-75.8,9.6,0.01,52,2.7,-1.0,,,,,,,,,,,,,,
rsi_reversion,SOL-USDT,4h,11.0,25.0,60.0,-92.05,-13.71,-92.05,20.2,0.04,114,4.2,-1.0,,,,,,,,,,,,,,
rsi_reversion,SOL-USDT,4h,11.0,25.0,65.0,-92.49,-16.574,-92.49,11.8,0.01,102,3.7,-1.0,,,,,,,,,,,,,,
rsi_reversion,SOL-USDT,4h,11.0,25.0,70.0,-89.01,-15.36,-89.01,13.5,0.02,96,3.2,-1.0,,,,,,,,,,,,,,
rsi_reversion,SOL-USDT,4h,11.0,25.0,75.0,-84.99,-15.297,-84.99,14.8,0.01,81,2.9,-1.0,,,,,,,,,,,,,,
rsi_reversion,SOL-USDT,4h,11.0,25.0,80.0,-82.04,-15.599,-82.04,13.2,0.01,68,2.8,-1.0,,,,,,,,,,,,,,
rsi_reversion,SOL-USDT,4h,11.0,30.0,60.0,-93.34,-13.563,-93.34,17.2,0.04,122,4.4,-1.0,,,,,,,,,,,,,,
rsi_reversion,SOL-USDT,4h,11.0,30.0,65.0,-93.71,-16.134,-93.71,9.1,0.02,110,4.0,-1.0,,,,,,,,,,,,,,
rsi_reversion,SOL-USDT,4h,11.0,30.0,70.0,-90.8,-15.002,-90.8,10.6,0.02,104,3.6,-1.0,,,,,,,,,,,,,,
rsi_reversion,SOL-USDT,4h,11.0,30.0,75.0,-87.42,-14.9,-87.42,11.2,0.02,89,3.4,-1.0,,,,,,,,,,,,,,
rsi_reversion,SOL-USDT,4h,11.0,30.0,80.0,-84.95,-15.13,-84.95,9.2,0.02,76,3.4,-1.0,,,,,,,,,,,,,,
rsi_reversion,SOL-USDT,4h,11.0,35.0,60.0,-93.26,-11.911,-93.26,18.3,0.05,131,4.7,-1.0,,,,,,,,,,,,,,
rsi_reversion,SOL-USDT,4h,11.0,35.0,65.0,-93.63,-13.809,-93.63,10.9,0.03,119,4.4,-1.0,,,,,,,,,,,,,,
rsi_reversion,SOL-USDT,4h,11.0,35.0,70.0,-90.68,-12.731,-90.68,12.4,0.03,113,4.0,-1.0,,,,,,,,,,,,,,
rsi_reversion,SOL-USDT,4h,11.0,35.0,75.0,-87.27,-12.389,-87.27,13.3,0.03,98,3.9,-1.0,,,,,,,,,,,,,,
rsi_reversion,SOL-USDT,4h,11.0,35.0,80.0,-84.76,-12.349,-84.76,11.8,0.03,85,3.9,-1.0,,,,,,,,,,,,,,
rsi_reversion,SOL-USDT,4h,13.0,20.0,60.0,-81.16,-14.268,-81.22,20.0,0.07,80,4.7,-1.0,,,,,,,,,,,,,,
rsi_reversion,SOL-USDT,4h,13.0,20.0,65.0,-80.81,-16.581,-80.87,13.7,0.03,73,3.9,-1.0,,,,,,,,,,,,,,
rsi_reversion,SOL-USDT,4h,13.0,20.0,70.0,-72.38,-15.249,-72.47,14.1,0.02,64,3.2,-1.0,,,,,,,,,,,,,,
rsi_reversion,SOL-USDT,4h,13.0,20.0,75.0,-62.01,-15.789,-62.13,6.8,0.01,44,3.1,-1.0,,,,,,,,,,,,,,
rsi_reversion,SOL-USDT,4h,13.0,20.0,80.0,-51.26,-17.406,-51.42,3.4,0.0,29,3.3,-1.0,,,,,,,,,,,,,,
rsi_reversion,SOL-USDT,4h,13.0,25.0,60.0,-87.49,-14.098,-87.51,20.7,0.06,92,4.6,-1.0,,,,,,,,,,,,,,
rsi_reversion,SOL-USDT,4h,13.0,25.0,65.0,-87.25,-15.823,-87.27,15.3,0.03,85,3.9,-1.0,,,,,,,,,,,,,,
rsi_reversion,SOL-USDT,4h,13.0,25.0,70.0,-81.65,-14.635,-81.68,15.8,0.03,76,3.4,-1.0,,,,,,,,,,,,,,
rsi_reversion,SOL-USDT,4h,13.0,25.0,75.0,-74.76,-15.047,-74.8,10.7,0.02,56,3.3,-1.0,,,,,,,,,,,,,,
rsi_reversion,SOL-USDT,4h,13.0,25.0,80.0,-67.62,-15.983,-67.82,9.8,0.02,41,3.5,-1.0,,,,,,,,,,,,,,
rsi_reversion,SOL-USDT,4h,13.0,30.0,60.0,-88.52,-12.207,-88.52,21.3,0.07,108,4.6,-1.0,,,,,,,,,,,,,,
rsi_reversion,SOL-USDT,4h,13.0,30.0,65.0,-88.31,-13.343,-88.31,16.8,0.03,101,4.0,-1.0,,,,,,,,,,,,,,
rsi_reversion,SOL-USDT,4h,13.0,30.0,70.0,-83.17,-12.23,-83.17,17.4,0.03,92,3.5,-1.0,,,,,,,,,,,,,,
rsi_reversion,SOL-USDT,4h,13.0,30.0,75.0,-76.85,-12.011,-76.85,13.9,0.02,72,3.5,-1.0,,,,,,,,,,,,,,
rsi_reversion,SOL-USDT,4h,13.0,30.0,80.0,-70.3,-11.949,-70.3,14.0,0.03,57,3.7,-1.0,,,,,,,,,,,,,,
rsi_reversion,SOL-USDT,4h,13.0,35.0,60.0,-92.8,-12.686,-92.8,16.1,0.06,118,5.1,-1.0,,,,,,,,,,,,,,
rsi_reversion,SOL-USDT,4h,13.0,35.0,65.0,-92.67,-13.699,-92.67,11.7,0.03,111,4.6,-1.0,,,,,,,,,,,,,,
rsi_reversion,SOL-USDT,4h,13.0,35.0,70.0,-89.45,-12.753,-89.45,11.8,0.03,102,4.2,-1.0,,,,,,,,,,,,,,
rsi_reversion,SOL-USDT,4h,13.0,35.0,75.0,-85.49,-12.764,-85.49,7.3,0.02,82,4.4,-1.0,,,,,,,,,,,,,,
rsi_reversion,SOL-USDT,4h,13.0,35.0,80.0,-81.38,-12.929,-81.38,6.0,0.03,67,4.7,-1.0,,,,,,,,,,,,,,
rsi_reversion,SOL-USDT,4h,15.0,20.0,60.0,-74.66,-14.05,-74.77,11.8,0.04,76,4.6,-1.0,,,,,,,,,,,,,,
rsi_reversion,SOL-USDT,4h,15.0,20.0,65.0,-67.6,-14.055,-67.73,13.6,0.03,59,4.2,-1.0,,,,,,,,,,,,,,
rsi_reversion,SOL-USDT,4h,15.0,20.0,70.0,-62.92,-13.999,-63.07,14.6,0.02,48,3.5,-1.0,,,,,,,,,,,,,,
rsi_reversion,SOL-USDT,4h,15.0,20.0,75.0,-52.64,-12.542,-52.83,20.0,0.04,40,2.5,-1.0,,,,,,,,,,,,,,
rsi_reversion,SOL-USDT,4h,15.0,20.0,80.0,-45.99,-15.078,-46.22,16.7,0.02,24,2.6,-1.0,,,,,,,,,,,,,,
rsi_reversion,SOL-USDT,4h,15.0,25.0,60.0,-82.71,-14.533,-82.74,12.3,0.04,81,4.9,-1.0,,,,,,,,,,,,,,
rsi_reversion,SOL-USDT,4h,15.0,25.0,65.0,-77.88,-14.849,-77.93,14.1,0.03,64,4.5,-1.0,,,,,,,,,,,,,,
rsi_reversion,SOL-USDT,4h,15.0,25.0,70.0,-74.69,-15.189,-74.75,15.1,0.02,53,4.0,-1.0,,,,,,,,,,,,,,
rsi_reversion,SOL-USDT,4h,15.0,25.0,75.0,-67.67,-14.183,-67.74,20.0,0.03,45,3.2,-1.0,,,,,,,,,,,,,,
rsi_reversion,SOL-USDT,4h,15.0,25.0,80.0,-63.14,-17.635,-63.29,17.2,0.01,29,3.6,-1.0,,,,,,,,,,,,,,
rsi_reversion,SOL-USDT,4h,15.0,30.0,60.0,-86.12,-13.873,-86.23,10.9,0.05,101,4.6,-1.0,,,,,,,,,,,,,,
rsi_reversion,SOL-USDT,4h,15.0,30.0,65.0,-82.25,-13.929,-82.39,11.9,0.04,84,4.3,-1.0,,,,,,,,,,,,,,
rsi_reversion,SOL-USDT,4h,15.0,30.0,70.0,-79.69,-13.965,-79.84,12.3,0.03,73,3.9,-1.0,,,,,,,,,,,,,,
rsi_reversion,SOL-USDT,4h,15.0,30.0,75.0,-74.05,-13.092,-74.25,15.4,0.04,65,3.3,-1.0,,,,,,,,,,,,,,
rsi_reversion,SOL-USDT,4h,15.0,30.0,80.0,-70.41,-14.56,-70.64,12.2,0.03,49,3.6,-1.0,,,,,,,,,,,,,,
rsi_reversion,SOL-USDT,4h,15.0,35.0,60.0,-86.44,-12.447,-86.44,12.8,0.05,109,5.2,-1.0,,,,,,,,,,,,,,
rsi_reversion,SOL-USDT,4h,15.0,35.0,65.0,-82.66,-12.316,-82.66,14.1,0.05,92,5.1,-1.0,,,,,,,,,,,,,,
rsi_reversion,SOL-USDT,4h,15.0,35.0,70.0,-80.16,-12.224,-80.16,14.8,0.04,81,4.8,-1.0,,,,,,,,,,,,,,
rsi_reversion,SOL-USDT,4h,15.0,35.0,75.0,-74.66,-11.35,-74.66,17.8,0.05,73,4.4,-1.0,,,,,,,,,,,,,,
rsi_reversion,SOL-USDT,4h,15.0,35.0,80.0,-71.1,-12.159,-71.1,15.8,0.04,57,4.9,-1.0,,,,,,,,,,,,,,
rsi_reversion,SOL-USDT,4h,17.0,20.0,60.0,-64.86,-10.032,-64.92,24.6,0.11,61,4.9,-1.0,,,,,,,,,,,,,,
rsi_reversion,SOL-USDT,4h,17.0,20.0,65.0,-65.89,-13.066,-65.96,18.6,0.05,59,3.5,-1.0,,,,,,,,,,,,,,
rsi_reversion,SOL-USDT,4h,17.0,20.0,70.0,-59.62,-15.032,-59.7,14.3,0.04,42,3.1,-1.0,,,,,,,,,,,,,,
rsi_reversion,SOL-USDT,4h,17.0,20.0,75.0,-43.93,-12.638,-44.03,18.2,0.08,33,2.1,-1.0,,,,,,,,,,,,,,
rsi_reversion,SOL-USDT,4h,17.0,20.0,80.0,-36.07,-15.557,-36.19,17.6,0.02,17,2.5,-1.0,,,,,,,,,,,,,,
rsi_reversion,SOL-USDT,4h,17.0,25.0,60.0,-73.35,-10.122,-73.48,23.4,0.11,64,5.2,-1.0,,,,,,,,,,,,,,
rsi_reversion,SOL-USDT,4h,17.0,25.0,65.0,-74.13,-12.144,-74.26,17.7,0.06,62,3.9,-1.0,,,,,,,,,,,,,,
rsi_reversion,SOL-USDT,4h,17.0,25.0,70.0,-69.37,-13.623,-69.53,13.3,0.06,45,3.7,-1.0,,,,,,,,,,,,,,
rsi_reversion,SOL-USDT,4h,17.0,25.0,75.0,-57.47,-11.656,-57.69,16.7,0.08,36,2.9,-1.0,,,,,,,,,,,,,,
rsi_reversion,SOL-USDT,4h,17.0,25.0,80.0,-51.52,-14.473,-51.76,15.0,0.05,20,3.9,-1.0,,,,,,,,,,,,,,
rsi_reversion,SOL-USDT,4h,17.0,30.0,60.0,-76.3,-10.016,-76.37,21.0,0.1,81,4.9,-1.0,,,,,,,,,,,,,,
rsi_reversion,SOL-USDT,4h,17.0,30.0,65.0,-76.99,-11.961,-77.07,16.5,0.06,79,3.8,-1.0,,,,,,,,,,,,,,
rsi_reversion,SOL-USDT,4h,17.0,30.0,70.0,-72.77,-12.94,-72.85,12.9,0.06,62,3.7,-1.0,,,,,,,,,,,,,,
rsi_reversion,SOL-USDT,4h,17.0,30.0,75.0,-62.18,-11.282,-62.3,15.1,0.08,53,3.1,-1.0,,,,,,,,,,,,,,
rsi_reversion,SOL-USDT,4h,17.0,30.0,80.0,-56.88,-12.3,-57.02,13.5,0.05,37,3.7,-1.0,,,,,,,,,,,,,,
rsi_reversion,SOL-USDT,4h,17.0,35.0,60.0,-84.06,-10.079,-84.06,20.0,0.1,100,5.1,-1.0,,,,,,,,,,,,,,
rsi_reversion,SOL-USDT,4h,17.0,35.0,65.0,-84.53,-11.529,-84.53,16.3,0.07,98,4.2,-1.0,,,,,,,,,,,,,,
rsi_reversion,SOL-USDT,4h,17.0,35.0,70.0,-81.68,-12.197,-81.68,13.6,0.07,81,4.2,-1.0,,,,,,,,,,,,,,
rsi_reversion,SOL-USDT,4h,17.0,35.0,75.0,-74.57,-10.958,-74.57,15.3,0.08,72,3.9,-1.0,,,,,,,,,,,,,,
rsi_reversion,SOL-USDT,4h,17.0,35.0,80.0,-71.0,-11.612,-71.0,14.3,0.07,56,4.5,-1.0,,,,,,,,,,,,,,
rsi_reversion,SOL-USDT,4h,19.0,20.0,60.0,-65.58,-10.468,-65.58,23.7,0.15,59,4.8,-1.0,,,,,,,,,,,,,,
rsi_reversion,SOL-USDT,4h,19.0,20.0,65.0,-66.16,-14.73,-66.16,14.6,0.08,48,3.6,-1.0,,,,,,,,,,,,,,
rsi_reversion,SOL-USDT,4h,19.0,20.0,70.0,-59.07,-18.417,-59.07,3.1,0.01,32,3.1,-1.0,,,,,,,,,,,,,,
rsi_reversion,SOL-USDT,4h,19.0,20.0,75.0,-44.39,-20.936,-44.39,0.0,0.0,20,2.8,-1.0,,,,,,,,,,,,,,
rsi_reversion,SOL-USDT,4h,19.0,20.0,80.0,-35.14,-23.32,-35.14,0.0,0.0,11,3.0,-1.0,,,,,,,,,,,,,,
rsi_reversion,SOL-USDT,4h,19.0,25.0,60.0,-69.35,-10.281,-69.35,24.6,0.15,61,5.0,-1.0,,,,,,,,,,,,,,
rsi_reversion,SOL-USDT,4h,19.0,25.0,65.0,-69.86,-13.803,-69.86,16.0,0.08,50,3.9,-1.0,,,,,,,,,,,,,,
rsi_reversion,SOL-USDT,4h,19.0,25.0,70.0,-63.54,-16.498,-63.54,5.9,0.02,34,3.6,-1.0,,,,,,,,,,,,,,
rsi_reversion,SOL-USDT,4h,19.0,25.0,75.0,-50.47,-17.219,-50.47,4.5,0.01,22,3.5,-1.0,,,,,,,,,,,,,,
rsi_reversion,SOL-USDT,4h,19.0,25.0,80.0,-42.23,-18.627,-42.23,7.7,0.02,13,4.3,-1.0,,,,,,,,,,,,,,
rsi_reversion,SOL-USDT,4h,19.0,30.0,60.0,-75.46,-9.653,-75.6,24.7,0.14,73,5.0,-1.0,,,,,,,,,,,,,,
rsi_reversion,SOL-USDT,4h,19.0,30.0,65.0,-75.87,-12.059,-76.01,17.7,0.08,62,4.1,-1.0,,,,,,,,,,,,,,
rsi_reversion,SOL-USDT,4h,19.0,30.0,70.0,-70.82,-13.324,-70.98,10.9,0.03,46,4.0,-1.0,,,,,,,,,,,,,,
rsi_reversion,SOL-USDT,4h,19.0,30.0,75.0,-60.35,-12.839,-60.57,11.8,0.04,34,4.1,-1.0,,,,,,,,,,,,,,
rsi_reversion,SOL-USDT,4h,19.0,30.0,80.0,-53.76,-12.584,-54.02,16.0,0.04,25,4.6,-1.0,,,,,,,,,,,,,,
rsi_reversion,SOL-USDT,4h,19.0,35.0,60.0,-83.6,-10.052,-83.6,19.8,0.11,96,4.9,-1.0,,,,,,,,,,,,,,
rsi_reversion,SOL-USDT,4h,19.0,35.0,65.0,-83.87,-11.983,-83.87,14.1,0.07,85,4.3,-1.0,,,,,,,,,,,,,,
rsi_reversion,SOL-USDT,4h,19.0,35.0,70.0,-80.5,-12.799,-80.5,8.7,0.03,69,4.3,-1.0,,,,,,,,,,,,,,
rsi_reversion,SOL-USDT,4h,19.0,35.0,75.0,-73.5,-12.353,-73.5,8.8,0.03,57,4.4,-1.0,,,,,,,,,,,,,,
rsi_reversion,SOL-USDT,4h,19.0,35.0,80.0,-69.09,-11.949,-69.09,10.4,0.03,48,4.7,-1.0,,,,,,,,,,,,,,
rsi_reversion,SOL-USDT,4h,21.0,20.0,60.0,-65.41,-15.121,-65.41,15.7,0.06,51,4.6,-1.0,,,,,,,,,,,,,,
rsi_reversion,SOL-USDT,4h,21.0,20.0,65.0,-57.19,-16.266,-57.19,18.4,0.04,38,3.8,-1.0,,,,,,,,,,,,,,
rsi_reversion,SOL-USDT,4h,21.0,20.0,70.0,-42.97,-15.661,-42.97,16.7,0.04,24,3.5,-1.0,,,,,,,,,,,,,,
rsi_reversion,SOL-USDT,4h,21.0,20.0,75.0,-31.02,-19.249,-31.02,12.5,0.01,16,2.2,-1.0,,,,,,,,,,,,,,
rsi_reversion,SOL-USDT,4h,21.0,20.0,80.0,-18.54,-16.045,-18.73,11.1,0.01,9,2.4,-0.99,,,,,,,,,,,,,,
rsi_reversion,SOL-USDT,4h,21.0,25.0,60.0,-70.73,-15.037,-70.73,13.2,0.05,53,4.9,-1.0,,,,,,,,,,,,,,
rsi_reversion,SOL-USDT,4h,21.0,25.0,65.0,-63.78,-16.073,-63.78,15.0,0.03,40,4.2,-1.0,,,,,,,,,,,,,,
rsi_reversion,SOL-USDT,4h,21.0,25.0,70.0,-51.75,-15.872,-51.75,11.5,0.03,26,4.2,-1.0,,,,,,,,,,,,,,
rsi_reversion,SOL-USDT,4h,21.0,25.0,75.0,-41.64,-17.889,-41.64,5.6,0.0,18,3.4,-1.0,,,,,,,,,,,,,,
rsi_reversion,SOL-USDT,4h,21.0,25.0,80.0,-31.08,-16.695,-31.08,0.0,0.0,11,4.3,-1.0,,,,,,,,,,,,,,
rsi_reversion,SOL-USDT,4h,21.0,30.0,60.0,-79.25,-13.781,-79.25,12.3,0.04,65,4.8,-1.0,,,,,,,,,,,,,,
rsi_reversion,SOL-USDT,4h,21.0,30.0,65.0,-74.33,-14.297,-74.33,13.5,0.03,52,4.3,-1.0,,,,,,,,,,,,,,
rsi_reversion,SOL-USDT,4h,21.0,30.0,70.0,-65.8,-13.953,-65.8,10.5,0.02,38,4.3,-1.0,,,,,,,,,,,,,,
rsi_reversion,SOL-USDT,4h,21.0,30.0,75.0,-58.63,-14.405,-58.63,6.7,0.0,30,3.8,-1.0,,,,,,,,,,,,,,
rsi_reversion,SOL-USDT,4h,21.0,30.0,80.0,-51.14,-13.591,-51.14,4.3,0.0,23,4.4,-1.0,,,,,,,,,,,,,,
rsi_reversion,SOL-USDT,4h,21.0,35.0,60.0,-83.87,-11.947,-83.97,19.0,0.07,84,4.9,-1.0,,,,,,,,,,,,,,
rsi_reversion,SOL-USDT,4h,21.0,35.0,65.0,-80.04,-12.026,-80.16,21.1,0.06,71,4.5,-1.0,,,,,,,,,,,,,,
rsi_reversion,SOL-USDT,4h,21.0,35.0,70.0,-73.41,-11.415,-73.57,21.1,0.06,57,4.5,-1.0,,,,,,,,,,,,,,
rsi_reversion,SOL-USDT,4h,21.0,35.0,75.0,-67.84,-11.281,-68.02,20.4,0.05,49,4.3,-1.0,,,,,,,,,,,,,,
rsi_reversion,SOL-USDT,4h,21.0,35.0,80.0,-62.02,-10.49,-62.24,21.4,0.06,42,4.7,-1.0,,,,,,,,,,,,,,
macd_crossover,SOL-USDT,4h,,,,614.84,20.582,-0.64,89.9,45.6,149,1.0,954.07,6.0,20.0,5.0,,,,,,,,,,,
macd_crossover,SOL-USDT,4h,,,,478.17,20.749,-0.59,90.6,51.65,127,1.0,809.3,6.0,20.0,7.0,,,,,,,,,,,
macd_crossover,SOL-USDT,4h,,,,388.35,19.841,-0.66,90.4,37.96,115,1.0,591.61,6.0,20.0,9.0,,,,,,,,,,,
macd_crossover,SOL-USDT,4h,,,,351.84,18.193,-0.79,85.0,30.53,113,1.0,447.76,6.0,20.0,11.0,,,,,,,,,,,
macd_crossover,SOL-USDT,4h,,,,584.76,21.571,-0.79,92.1,44.25,139,1.0,740.79,6.0,23.0,5.0,,,,,,,,,,,
macd_crossover,SOL-USDT,4h,,,,434.34,20.465,-0.66,89.1,43.69,119,1.0,661.67,6.0,23.0,7.0,,,,,,,,,,,
macd_crossover,SOL-USDT,4h,,,,403.34,19.704,-2.34,88.7,35.0,115,1.0,172.39,6.0,23.0,9.0,,,,,,,,,,,
macd_crossover,SOL-USDT,4h,,,,315.37,18.048,-0.75,85.0,30.86,107,1.0,420.24,6.0,23.0,11.0,,,,,,,,,,,
macd_crossover,SOL-USDT,4h,,,,590.56,22.107,-0.59,94.2,81.12,137,1.0,999.52,6.0,26.0,5.0,,,,,,,,,,,
macd_crossover,SOL-USDT,4h,,,,464.67,21.047,-0.66,92.7,60.88,123,1.0,707.88,6.0,26.0,7.0,,,,,,,,,,,
macd_crossover,SOL-USDT,4h,,,,353.97,17.662,-1.81,85.2,23.46,115,1.0,195.08,6.0,26.0,9.0,,,,,,,,,,,
macd_crossover,SOL-USDT,4h,,,,301.21,20.111,-1.02,90.3,48.96,103,1.0,294.06,6.0,26.0,11.0,,,,,,,,,,,
macd_crossover,SOL-USDT,4h,,,,602.04,21.757,-1.48,94.2,51.69,137,1.0,407.7,6.0,29.0,5.0,,,,,,,,,,,
macd_crossover,SOL-USDT,4h,,,,460.21,20.234,-0.66,91.1,47.82,123,1.0,696.48,6.0,29.0,7.0,,,,,,,,,,,
macd_crossover,SOL-USDT,4h,,,,310.84,17.564,-1.81,85.0,24.93,107,1.0,171.31,6.0,29.0,9.0,,,,,,,,,,,
macd_crossover,SOL-USDT,4h,,,,335.14,20.342,-1.02,91.6,45.23,107,1.0,327.18,6.0,29.0,11.0,,,,,,,,,,,
macd_crossover,SOL-USDT,4h,,,,532.37,20.347,-1.48,91.2,39.39,137,1.0,360.52,6.0,32.0,5.0,,,,,,,,,,,
macd_crossover,SOL-USDT,4h,,,,486.1,20.222,-2.34,92.1,40.8,127,1.0,207.38,6.0,32.0,7.0,,,,,,,,,,,
macd_crossover,SOL-USDT,4h,,,,340.99,20.585,-1.02,89.7,48.32,107,1.0,332.89,6.0,32.0,9.0,,,,,,,,,,,
macd_crossover,SOL-USDT,4h,,,,339.79,21.095,-1.02,92.2,51.35,103,1.0,331.72,6.0,32.0,11.0,,,,,,,,,,,
macd_crossover,SOL-USDT,4h,,,,535.73,20.888,-0.66,90.4,50.92,135,1.0,816.14,6.0,35.0,5.0,,,,,,,,,,,
macd_crossover,SOL-USDT,4h,,,,493.16,19.797,-0.83,90.7,35.71,129,1.0,595.24,6.0,35.0,7.0,,,,,,,,,,,
macd_crossover,SOL-USDT,4h,,,,347.04,19.962,-1.02,89.2,38.58,111,1.0,338.8,6.0,35.0,9.0,,,,,,,,,,,
macd_crossover,SOL-USDT,4h,,,,349.4,21.475,-1.28,94.1,63.36,101,1.0,273.57,6.0,35.0,11.0,,,,,,,,,,,
macd_crossover,SOL-USDT,4h,,,,511.83,21.065,-0.56,91.6,61.91,131,1.0,907.92,8.0,20.0,5.0,,,,,,,,,,,
macd_crossover,SOL-USDT,4h,,,,374.46,18.97,-0.79,88.0,29.99,117,1.0,471.07,8.0,20.0,7.0,,,,,,,,,,,
macd_crossover,SOL-USDT,4h,,,,266.17,14.852,-2.14,79.6,13.22,113,1.0,124.15,8.0,20.0,9.0,,,,,,,,,,,
macd_crossover,SOL-USDT,4h,,,,238.58,16.811,-1.02,83.2,17.69,101,1.0,232.91,8.0,20.0,11.0,,,,,,,,,,,
macd_crossover,SOL-USDT,4h,,,,439.27,20.236,-0.66,88.4,39.4,121,1.0,669.2,8.0,23.0,5.0,,,,,,,,,,,
macd_crossover,SOL-USDT,4h,,,,362.57,18.408,-2.68,87.0,25.94,115,1.0,135.1,8.0,23.0,7.0,,,,,,,,,,,
macd_crossover,SOL-USDT,4h,,,,256.3,16.421,-1.33,82.5,21.81,103,1.0,192.36,8.0,23.0,9.0,,,,,,,,,,,
macd_crossover,SOL-USDT,4h,,,,250.24,17.973,-1.03,87.6,22.16,97,1.0,243.16,8.0,23.0,11.0,,,,,,,,,,,
macd_crossover,SOL-USDT,4h,,,,468.47,20.662,-0.66,91.2,48.35,125,1.0,713.67,8.0,26.0,5.0,,,,,,,,,,,
macd_crossover,SOL-USDT,4h,,,,303.39,16.735,-1.81,83.8,20.03,111,1.0,167.2,8.0,26.0,7.0,,,,,,,,,,,
macd_crossover,SOL-USDT,4h,,,,266.56,18.378,-1.02,88.1,27.9,101,1.0,260.23,8.0,26.0,9.0,,,,,,,,,,,
macd_crossover,SOL-USDT,4h,,,,298.46,20.593,-0.71,91.4,50.26,93,1.0,418.38,8.0,26.0,11.0,,,,,,,,,,,
macd_crossover,SOL-USDT,4h,,,,551.78,21.365,-0.66,91.6,50.16,131,1.0,835.08,8.0,29.0,5.0,,,,,,,,,,,
macd_crossover,SOL-USDT,4h,,,,310.16,18.639,-0.75,86.4,41.67,103,1.0,413.31,8.0,29.0,7.0,,,,,,,,,,,
macd_crossover,SOL-USDT,4h,,,,318.97,19.988,-1.02,91.3,35.74,103,1.0,311.39,8.0,29.0,9.0,,,,,,,,,,,
macd_crossover,SOL-USDT,4h,,,,282.03,19.919,-0.98,90.1,32.89,91,1.0,289.02,8.0,29.0,11.0,,,,,,,,,,,
macd_crossover,SOL-USDT,4h,,,,591.37,21.336,-0.66,92.6,54.5,135,1.0,894.98,8.0,32.0,5.0,,,,,,,,,,,
macd_crossover,SOL-USDT,4h,,,,330.62,20.151,-1.02,88.8,40.83,107,1.0,322.77,8.0,32.0,7.0,,,,,,,,,,,
macd_crossover,SOL-USDT,4h,,,,321.48,20.362,-1.03,92.9,43.82,99,1.0,312.39,8.0,32.0,9.0,,,,,,,,,,,
macd_crossover,SOL-USDT,4h,,,,242.31,18.59,-0.96,85.4,27.77,89,1.0,251.91,8.0,32.0,11.0,,,,,,,,,,,
macd_crossover,SOL-USDT,4h,,,,543.81,20.588,-0.66,91.7,49.54,133,1.0,828.87,8.0,35.0,5.0,,,,,,,,,,,
macd_crossover,SOL-USDT,4h,,,,329.98,19.901,-1.02,88.8,32.93,107,1.0,322.15,8.0,35.0,7.0,,,,,,,,,,,
macd_crossover,SOL-USDT,4h,,,,318.31,20.773,-1.03,92.8,48.97,97,1.0,309.31,8.0,35.0,9.0,,,,,,,,,,,
macd_crossover,SOL-USDT,4h,,,,197.86,18.212,-0.96,85.5,30.47,83,1.0,205.7,8.0,35.0,11.0,,,,,,,,,,,
macd_crossover,SOL-USDT,4h,,,,424.94,20.526,-0.66,91.5,52.71,117,1.0,647.37,10.0,20.0,5.0,,,,,,,,,,,
macd_crossover,SOL-USDT,4h,,,,263.72,14.714,-2.14,79.6,12.45,113,1.0,123.01,10.0,20.0,7.0,,,,,,,,,,,
macd_crossover,SOL-USDT,4h,,,,234.63,16.813,-1.03,83.8,16.82,99,1.0,228.0,10.0,20.0,9.0,,,,,,,,,,,
macd_crossover,SOL-USDT,4h,,,,221.29,18.116,-0.71,88.8,31.53,89,1.0,310.2,10.0,20.0,11.0,,,,,,,,,,,
macd_crossover,SOL-USDT,4h,,,,446.57,20.719,-0.66,90.6,46.21,117,1.0,680.31,10.0,23.0,5.0,,,,,,,,,,,
macd_crossover,SOL-USDT,4h,,,,264.22,16.717,-1.76,82.5,23.4,103,1.0,150.33,10.0,23.0,7.0,,,,,,,,,,,
macd_crossover,SOL-USDT,4h,,,,246.26,18.303,-1.02,88.4,26.3,95,1.0,240.41,10.0,23.0,9.0,,,,,,,,,,,
macd_crossover,SOL-USDT,4h,,,,267.54,19.361,-0.98,89.0,30.11,91,1.0,274.17,10.0,23.0,11.0,,,,,,,,,,,
macd_crossover,SOL-USDT,4h,,,,433.15,20.583,-0.79,90.6,50.29,117,1.0,551.23,10.0,26.0,5.0,,,,,,,,,,,
macd_crossover,SOL-USDT,4h,,,,263.01,18.217,-1.02,88.1,26.58,101,1.0,256.76,10.0,26.0,7.0,,,,,,,,,,,
macd_crossover,SOL-USDT,4h,,,,289.64,20.64,-0.71,91.2,49.46,91,1.0,406.02,10.0,26.0,9.0,,,,,,,,,,,
macd_crossover,SOL-USDT,4h,,,,247.05,18.607,-0.96,86.8,32.79,91,1.0,256.84,10.0,26.0,11.0,,,,,,,,,,,
macd_crossover,SOL-USDT,4h,,,,377.79,18.105,-1.81,84.9,24.42,119,1.0,208.2,10.0,29.0,5.0,,,,,,,,,,,
macd_crossover,SOL-USDT,4h,,,,322.84,19.775,-1.02,90.5,33.86,105,1.0,315.17,10.0,29.0,7.0,,,,,,,,,,,
macd_crossover,SOL-USDT,4h,,,,262.16,18.648,-0.98,86.8,24.62,91,1.0,268.66,10.0,29.0,9.0,,,,,,,,,,,
macd_crossover,SOL-USDT,4h,,,,186.85,17.366,-0.96,81.9,24.43,83,1.0,194.26,10.0,29.0,11.0,,,,,,,,,,,
macd_crossover,SOL-USDT,4h,,,,362.7,21.211,-0.75,90.1,70.46,111,1.0,483.32,10.0,32.0,5.0,,,,,,,,,,,
macd_crossover,SOL-USDT,4h,,,,314.1,20.492,-1.02,92.9,44.3,99,1.0,306.64,10.0,32.0,7.0,,,,,,,,,,,
macd_crossover,SOL-USDT,4h,,,,232.22,18.829,-0.96,85.9,30.16,85,1.0,241.42,10.0,32.0,9.0,,,,,,,,,,,
macd_crossover,SOL-USDT,4h,,,,182.78,17.015,-0.96,81.9,22.27,83,1.0,190.02,10.0,32.0,11.0,,,,,,,,,,,
macd_crossover,SOL-USDT,4h,,,,352.45,20.376,-1.02,89.2,40.82,111,1.0,344.08,10.0,35.0,5.0,,,,,,,,,,,
macd_crossover,SOL-USDT,4h,,,,334.52,21.606,-1.03,93.8,61.71,97,1.0,325.06,10.0,35.0,7.0,,,,,,,,,,,
macd_crossover,SOL-USDT,4h,,,,192.83,17.705,-0.96,84.3,24.81,83,1.0,200.47,10.0,35.0,9.0,,,,,,,,,,,
macd_crossover,SOL-USDT,4h,,,,151.95,16.731,-0.96,80.8,21.8,73,1.0,157.97,10.0,35.0,11.0,,,,,,,,,,,
macd_crossover,SOL-USDT,4h,,,,387.33,18.85,-2.34,86.1,25.91,115,1.0,165.55,12.0,20.0,5.0,,,,,,,,,,,
macd_crossover,SOL-USDT,4h,,,,250.74,16.264,-1.02,83.2,18.19,101,1.0,244.79,12.0,20.0,7.0,,,,,,,,,,,
macd_crossover,SOL-USDT,4h,,,,230.96,18.531,-0.71,90.1,40.11,91,1.0,323.76,12.0,20.0,9.0,,,,,,,,,,,
macd_crossover,SOL-USDT,4h,,,,225.1,17.162,-2.11,85.4,17.96,89,1.0,106.51,12.0,20.0,11.0,,,,,,,,,,,
macd_crossover,SOL-USDT,4h,,,,323.07,17.28,-1.81,84.1,24.14,113,1.0,178.05,12.0,23.0,5.0,,,,,,,,,,,
macd_crossover,SOL-USDT,4h,,,,273.8,18.806,-1.03,89.7,25.99,97,1.0,266.05,12.0,23.0,7.0,,,,,,,,,,,
macd_crossover,SOL-USDT,4h,,,,259.82,18.803,-0.98,87.9,25.74,91,1.0,266.25,12.0,23.0,9.0,,,,,,,,,,,
macd_crossover,SOL-USDT,4h,,,,185.87,15.555,-2.11,82.4,16.45,85,1.0,87.95,12.0,23.0,11.0,,,,,,,,,,,
macd_crossover,SOL-USDT,4h,,,,350.89,20.578,-0.75,89.0,53.24,109,1.0,467.58,12.0,26.0,5.0,,,,,,,,,,,
macd_crossover,SOL-USDT,4h,,,,306.79,21.29,-0.71,93.7,79.15,95,1.0,430.06,12.0,26.0,7.0,,,,,,,,,,,
macd_crossover,SOL-USDT,4h,,,,248.07,18.62,-0.96,85.7,30.59,91,1.0,257.9,12.0,26.0,9.0,,,,,,,,,,,
macd_crossover,SOL-USDT,4h,,,,191.38,17.714,-0.96,84.3,24.76,83,1.0,198.96,12.0,26.0,11.0,,,,,,,,,,,
macd_crossover,SOL-USDT,4h,,,,339.23,20.233,-1.02,89.7,40.05,107,1.0,331.17,12.0,29.0,5.0,,,,,,,,,,,
macd_crossover,SOL-USDT,4h,,,,297.76,19.947,-0.98,91.6,38.06,95,1.0,305.14,12.0,29.0,7.0,,,,,,,,,,,
macd_crossover,SOL-USDT,4h,,,,186.85,17.366,-0.96,81.9,24.43,83,1.0,194.26,12.0,29.0,9.0,,,,,,,,,,,
macd_crossover,SOL-USDT,4h,,,,144.32,17.644,-0.82,83.6,27.6,67,1.0,175.71,12.0,29.0,11.0,,,,,,,,,,,
macd_crossover,SOL-USDT,4h,,,,346.94,19.982,-1.02,91.0,37.69,111,1.0,338.7,12.0,32.0,5.0,,,,,,,,,,,
macd_crossover,SOL-USDT,4h,,,,284.66,19.061,-0.98,86.3,28.36,95,1.0,291.72,12.0,32.0,7.0,,,,,,,,,,,
macd_crossover,SOL-USDT,4h,,,,180.25,16.773,-0.96,80.7,21.07,83,1.0,187.4,12.0,32.0,9.0,,,,,,,,,,,
macd_crossover,SOL-USDT,4h,,,,133.07,16.701,-0.78,80.6,30.15,67,1.0,171.24,12.0,32.0,11.0,,,,,,,,,,,
macd_crossover,SOL-USDT,4h,,,,340.07,21.187,-1.02,94.3,58.86,105,1.0,332.0,12.0,35.0,5.0,,,,,,,,,,,
macd_crossover,SOL-USDT,4h,,,,217.31,19.101,-0.96,87.1,32.83,85,1.0,225.93,12.0,35.0,7.0,,,,,,,,,,,
macd_crossover,SOL-USDT,4h,,,,157.54,16.816,-0.96,81.3,22.29,75,1.0,163.78,12.0,35.0,9.0,,,,,,,,,,,
macd_crossover,SOL-USDT,4h,,,,131.23,17.681,-0.71,84.6,44.56,65,1.0,183.96,12.0,35.0,11.0,,,,,,,,,,,
macd_crossover,SOL-USDT,4h,,,,336.08,17.846,-1.81,84.7,23.46,111,1.0,185.21,14.0,20.0,5.0,,,,,,,,,,,
macd_crossover,SOL-USDT,4h,,,,249.59,18.557,-1.02,89.5,28.16,95,1.0,243.66,14.0,20.0,7.0,,,,,,,,,,,
macd_crossover,SOL-USDT,4h,,,,248.94,18.835,-0.98,87.9,26.86,91,1.0,255.11,14.0,20.0,9.0,,,,,,,,,,,
macd_crossover,SOL-USDT,4h,,,,186.84,16.424,-0.96,83.1,23.32,83,1.0,194.25,14.0,20.0,11.0,,,,,,,,,,,
macd_crossover,SOL-USDT,4h,,,,338.18,20.382,-1.02,89.7,43.46,107,1.0,330.15,14.0,23.0,5.0,,,,,,,,,,,
macd_crossover,SOL-USDT,4h,,,,298.29,20.671,-0.71,91.4,50.24,93,1.0,418.15,14.0,23.0,7.0,,,,,,,,,,,
macd_crossover,SOL-USDT,4h,,,,213.23,17.713,-0.96,87.4,32.98,87,1.0,221.68,14.0,23.0,9.0,,,,,,,,,,,
macd_crossover,SOL-USDT,4h,,,,180.42,17.031,-2.11,86.1,18.94,79,1.0,85.37,14.0,23.0,11.0,,,,,,,,,,,
macd_crossover,SOL-USDT,4h,,,,331.85,20.147,-1.02,91.6,40.65,107,1.0,323.97,14.0,26.0,5.0,,,,,,,,,,,
macd_crossover,SOL-USDT,4h,,,,265.33,19.394,-0.81,87.6,34.41,89,1.0,329.01,14.0,26.0,7.0,,,,,,,,,,,
macd_crossover,SOL-USDT,4h,,,,192.54,17.819,-0.96,84.3,26.12,83,1.0,200.18,14.0,26.0,9.0,,,,,,,,,,,
macd_crossover,SOL-USDT,4h,,,,131.62,16.543,-0.82,78.5,23.49,65,1.0,160.24,14.0,26.0,11.0,,,,,,,,,,,
macd_crossover,SOL-USDT,4h,,,,340.25,21.805,-1.02,94.1,81.04,101,1.0,332.17,14.0,29.0,5.0,,,,,,,,,,,
macd_crossover,SOL-USDT,4h,,,,216.26,19.32,-0.96,88.2,37.56,85,1.0,224.83,14.0,29.0,7.0,,,,,,,,,,,
macd_crossover,SOL-USDT,4h,,,,149.21,16.515,-0.96,80.8,21.86,73,1.0,155.13,14.0,29.0,9.0,,,,,,,,,,,
macd_crossover,SOL-USDT,4h,,,,136.7,17.422,-1.55,82.1,33.11,67,1.0,88.31,14.0,29.0,11.0,,,,,,,,,,,
macd_crossover,SOL-USDT,4h,,,,344.67,22.387,-0.3,96.0,236.07,99,1.0,1130.94,14.0,32.0,5.0,,,,,,,,,,,
macd_crossover,SOL-USDT,4h,,,,193.91,17.74,-0.96,84.3,25.66,83,1.0,201.6,14.0,32.0,7.0,,,,,,,,,,,
macd_crossover,SOL-USDT,4h,,,,130.42,16.205,-0.82,79.1,23.49,67,1.0,158.78,14.0,32.0,9.0,,,,,,,,,,,
macd_crossover,SOL-USDT,4h,,,,109.87,16.146,-0.97,79.4,26.72,63,1.0,113.76,14.0,32.0,11.0,,,,,,,,,,,
macd_crossover,SOL-USDT,4h,,,,333.21,21.713,-0.57,92.8,95.63,97,1.0,583.12,14.0,35.0,5.0,,,,,,,,,,,
macd_crossover,SOL-USDT,4h,,,,174.29,17.193,-0.96,82.3,21.01,79,1.0,181.19,14.0,35.0,7.0,,,,,,,,,,,
macd_crossover,SOL-USDT,4h,,,,135.43,17.231,-0.71,82.1,37.17,67,1.0,189.85,14.0,35.0,9.0,,,,,,,,,,,
macd_crossover,SOL-USDT,4h,,,,106.73,15.695,-1.13,80.0,18.53,65,1.0,94.2,14.0,35.0,11.0,,,,,,,,,,,
bb_reversion,SOL-USDT,4h,15.0,,,-97.84,-24.991,-97.84,0.0,0.0,121,2.5,-1.0,,,,1.5,,,,,,,,,,
bb_reversion,SOL-USDT,4h,15.0,,,-88.75,-26.833,-88.75,0.0,0.0,68,1.5,-1.0,,,,2.0,,,,,,,,,,
bb_reversion,SOL-USDT,4h,15.0,,,-60.4,-29.581,-60.4,0.0,0.0,25,1.1,-1.0,,,,2.5,,,,,,,,,,
bb_reversion,SOL-USDT,4h,15.0,,,-12.18,-35.996,-12.18,0.0,0.0,3,1.0,-1.0,,,,3.0,,,,,,,,,,
bb_reversion,SOL-USDT,4h,17.0,,,-97.76,-23.632,-97.76,0.0,0.0,124,2.5,-1.0,,,,1.5,,,,,,,,,,
bb_reversion,SOL-USDT,4h,17.0,,,-89.77,-27.126,-89.77,0.0,0.0,67,1.6,-1.0,,,,2.0,,,,,,,,,,
bb_reversion,SOL-USDT,4h,17.0,,,-65.61,-43.454,-65.61,0.0,0.0,32,1.1,-1.0,,,,2.5,,,,,,,,,,
bb_reversion,SOL-USDT,4h,17.0,,,-7.87,-24.465,-7.87,0.0,0.0,2,1.0,-1.0,,,,3.0,,,,,,,,,,
bb_reversion,SOL-USDT,4h,19.0,,,-97.05,-21.064,-97.05,0.0,0.0,107,2.9,-1.0,,,,1.5,,,,,,,,,,
bb_reversion,SOL-USDT,4h,19.0,,,-88.8,-25.457,-88.8,0.0,0.0,64,1.8,-1.0,,,,2.0,,,,,,,,,,
bb_reversion,SOL-USDT,4h,19.0,,,-66.11,-42.923,-66.11,0.0,0.0,32,1.2,-1.0,,,,2.5,,,,,,,,,,
bb_reversion,SOL-USDT,4h,19.0,,,-18.32,-38.918,-18.32,0.0,0.0,5,1.0,-1.0,,,,3.0,,,,,,,,,,
bb_reversion,SOL-USDT,4h,21.0,,,-95.52,-22.41,-95.52,0.0,0.0,89,3.3,-1.0,,,,1.5,,,,,,,,,,
bb_reversion,SOL-USDT,4h,21.0,,,-88.49,-22.097,-88.49,0.0,0.0,67,1.8,-1.0,,,,2.0,,,,,,,,,,
bb_reversion,SOL-USDT,4h,21.0,,,-61.99,-35.382,-61.99,0.0,0.0,29,1.2,-1.0,,,,2.5,,,,,,,,,,
bb_reversion,SOL-USDT,4h,21.0,,,-21.63,-42.027,-21.63,0.0,0.0,6,1.0,-1.0,,,,3.0,,,,,,,,,,
bb_reversion,SOL-USDT,4h,23.0,,,-94.86,-21.603,-94.86,1.1,0.0,90,3.3,-1.0,,,,1.5,,,,,,,,,,
bb_reversion,SOL-USDT,4h,23.0,,,-87.73,-22.105,-87.73,0.0,0.0,63,1.9,-1.0,,,,2.0,,,,,,,,,,
bb_reversion,SOL-USDT,4h,23.0,,,-63.57,-34.763,-63.57,0.0,0.0,29,1.3,-1.0,,,,2.5,,,,,,,,,,
bb_reversion,SOL-USDT,4h,23.0,,,-18.87,-36.891,-18.87,0.0,0.0,6,1.0,-1.0,,,,3.0,,,,,,,,,,
bb_reversion,SOL-USDT,4h,25.0,,,-93.95,-19.574,-93.95,0.0,0.0,84,3.6,-1.0,,,,1.5,,,,,,,,,,
bb_reversion,SOL-USDT,4h,25.0,,,-85.97,-21.917,-85.97,0.0,0.0,59,2.0,-1.0,,,,2.0,,,,,,,,,,
bb_reversion,SOL-USDT,4h,25.0,,,-61.42,-33.815,-61.42,0.0,0.0,26,1.5,-1.0,,,,2.5,,,,,,,,,,
bb_reversion,SOL-USDT,4h,25.0,,,-24.31,-35.504,-24.31,0.0,0.0,9,1.0,-1.0,,,,3.0,,,,,,,,,,
ema_crossover,SOL-USDT,4h,,,,274.21,8.103,-6.46,72.4,9.89,58,18.6,42.44,5.0,25.0,,,,,,,,,,,,
ema_crossover,SOL-USDT,4h,,,,240.02,8.139,-5.63,72.0,9.37,50,21.6,42.6,5.0,30.0,,,,,,,,,,,,
ema_crossover,SOL-USDT,4h,,,,177.9,7.457,-5.88,65.2,7.83,46,23.5,30.28,5.0,35.0,,,,,,,,,,,,
ema_crossover,SOL-USDT,4h,,,,146.31,6.809,-6.35,67.4,8.59,46,23.5,23.03,5.0,40.0,,,,,,,,,,,,
ema_crossover,SOL-USDT,4h,,,,146.54,6.802,-5.97,63.0,6.63,46,23.5,24.56,5.0,45.0,,,,,,,,,,,,
ema_crossover,SOL-USDT,4h,,,,97.15,5.097,-9.45,52.2,3.74,46,23.5,10.28,5.0,50.0,,,,,,,,,,,,
ema_crossover,SOL-USDT,4h,,,,128.0,6.182,-7.95,54.8,4.34,42,25.7,16.11,8.0,25.0,,,,,,,,,,,,
ema_crossover,SOL-USDT,4h,,,,87.34,4.993,-9.73,50.0,3.19,42,25.7,8.97,8.0,30.0,,,,,,,,,,,,
ema_crossover,SOL-USDT,4h,,,,79.4,4.769,-9.95,47.5,3.0,40,27.0,7.98,8.0,35.0,,,,,,,,,,,,
ema_crossover,SOL-USDT,4h,,,,77.26,4.878,-14.94,55.3,2.82,38,28.4,5.17,8.0,40.0,,,,,,,,,,,,
ema_crossover,SOL-USDT,4h,,,,66.56,4.291,-16.42,52.6,2.6,38,28.4,4.05,8.0,45.0,,,,,,,,,,,,
ema_crossover,SOL-USDT,4h,,,,29.56,2.463,-24.35,42.1,1.67,38,28.4,1.21,8.0,50.0,,,,,,,,,,,,
ema_crossover,SOL-USDT,4h,,,,69.78,4.163,-10.64,50.0,2.55,44,24.5,6.56,11.0,25.0,,,,,,,,,,,,
ema_crossover,SOL-USDT,4h,,,,58.56,3.905,-17.13,44.7,2.26,38,28.4,3.42,11.0,30.0,,,,,,,,,,,,
ema_crossover,SOL-USDT,4h,,,,54.12,3.789,-17.27,44.4,2.2,36,30.0,3.13,11.0,35.0,,,,,,,,,,,,
ema_crossover,SOL-USDT,4h,,,,30.08,2.731,-22.1,40.6,1.74,32,33.8,1.36,11.0,40.0,,,,,,,,,,,,
ema_crossover,SOL-USDT,4h,,,,24.62,2.174,-27.15,42.1,1.58,38,28.4,0.91,11.0,45.0,,,,,,,,,,,,
ema_crossover,SOL-USDT,4h,,,,25.85,2.399,-27.31,47.1,1.61,34,31.8,0.95,11.0,50.0,,,,,,,,,,,,
ema_crossover,SOL-USDT,4h,,,,49.87,3.537,-18.68,44.7,2.05,38,28.4,2.67,14.0,25.0,,,,,,,,,,,,
ema_crossover,SOL-USDT,4h,,,,53.15,3.752,-17.07,44.4,2.16,36,30.0,3.11,14.0,30.0,,,,,,,,,,,,
ema_crossover,SOL-USDT,4h,,,,30.8,2.818,-23.24,36.7,1.73,30,36.0,1.33,14.0,35.0,,,,,,,,,,,,
ema_crossover,SOL-USDT,4h,,,,7.88,1.262,-34.69,33.3,1.26,30,36.0,0.23,14.0,40.0,,,,,,,,,,,,
ema_crossover,SOL-USDT,4h,,,,20.65,2.04,-30.1,50.0,1.48,34,31.8,0.69,14.0,45.0,,,,,,,,,,,,
ema_crossover,SOL-USDT,4h,,,,1.13,0.739,-35.8,30.0,1.13,30,36.0,0.03,14.0,50.0,,,,,,,,,,,,
ema_crossover,SOL-USDT,4h,,,,48.65,3.518,-21.44,42.1,1.97,38,28.4,2.27,17.0,25.0,,,,,,,,,,,,
ema_crossover,SOL-USDT,4h,,,,33.93,2.83,-21.66,38.2,1.78,34,31.8,1.57,17.0,30.0,,,,,,,,,,,,
ema_crossover,SOL-USDT,4h,,,,12.58,1.598,-31.14,33.3,1.34,30,36.0,0.4,17.0,35.0,,,,,,,,,,,,
ema_crossover,SOL-USDT,4h,,,,10.29,1.443,-34.44,43.3,1.29,30,36.0,0.3,17.0,40.0,,,,,,,,,,,,
ema_crossover,SOL-USDT,4h,,,,11.18,1.519,-35.7,36.7,1.32,30,36.0,0.31,17.0,45.0,,,,,,,,,,,,
ema_crossover,SOL-USDT,4h,,,,29.24,2.809,-27.12,46.4,1.7,28,38.6,1.08,17.0,50.0,,,,,,,,,,,,
ema_crossover,SOL-USDT,4h,,,,10.65,1.335,-33.64,33.3,1.29,36,30.0,0.32,20.0,25.0,,,,,,,,,,,,
ema_crossover,SOL-USDT,4h,,,,-0.09,0.675,-39.59,34.4,1.13,32,33.8,-0.0,20.0,30.0,,,,,,,,,,,,
ema_crossover,SOL-USDT,4h,,,,7.36,1.199,-36.01,43.8,1.24,32,33.8,0.2,20.0,35.0,,,,,,,,,,,,
ema_crossover,SOL-USDT,4h,,,,12.51,1.569,-36.47,40.6,1.34,32,33.8,0.34,20.0,40.0,,,,,,,,,,,,
ema_crossover,SOL-USDT,4h,,,,52.33,4.644,-17.99,50.0,2.58,24,45.0,2.91,20.0,45.0,,,,,,,,,,,,
ema_crossover,SOL-USDT,4h,,,,27.51,3.09,-28.72,45.5,1.73,22,49.1,0.96,20.0,50.0,,,,,,,,,,,,
stoch_rsi,SOL-USDT,4h,7.0,15.0,75.0,57.19,7.733,-3.45,71.3,2.98,101,1.0,16.59,,,,,3.0,3.0,,,,,,,,
stoch_rsi,SOL-USDT,4h,7.0,15.0,80.0,48.3,7.082,-4.95,70.1,2.73,97,1.0,9.76,,,,,3.0,3.0,,,,,,,,
stoch_rsi,SOL-USDT,4h,7.0,15.0,85.0,34.59,5.943,-6.11,68.2,2.35,85,1.0,5.66,,,,,3.0,3.0,,,,,,,,
stoch_rsi,SOL-USDT,4h,7.0,20.0,75.0,65.63,7.649,-3.41,71.1,3.0,114,1.0,19.26,,,,,3.0,3.0,,,,,,,,
stoch_rsi,SOL-USDT,4h,7.0,20.0,80.0,56.27,7.072,-4.91,70.0,2.77,110,1.0,11.46,,,,,3.0,3.0,,,,,,,,
stoch_rsi,SOL-USDT,4h,7.0,20.0,85.0,41.83,6.079,-6.07,68.4,2.43,98,1.0,6.89,,,,,3.0,3.0,,,,,,,,
stoch_rsi,SOL-USDT,4h,7.0,25.0,75.0,78.6,8.046,-3.06,71.1,3.22,121,1.0,25.68,,,,,3.0,3.0,,,,,,,,
stoch_rsi,SOL-USDT,4h,7.0,25.0,80.0,68.5,7.527,-3.34,70.1,3.0,117,1.0,20.52,,,,,3.0,3.0,,,,,,,,
stoch_rsi,SOL-USDT,4h,7.0,25.0,85.0,52.93,6.664,-4.52,68.6,2.68,105,1.0,11.72,,,,,3.0,3.0,,,,,,,,
stoch_rsi,SOL-USDT,4h,9.0,15.0,75.0,68.65,7.908,-6.39,69.9,3.16,113,1.0,10.75,,,,,3.0,3.0,,,,,,,,
stoch_rsi,SOL-USDT,4h,9.0,15.0,80.0,60.38,8.844,-2.9,68.3,3.44,104,1.0,20.83,,,,,3.0,3.0,,,,,,,,
stoch_rsi,SOL-USDT,4h,9.0,15.0,85.0,55.52,8.985,-2.9,68.8,3.58,96,1.0,19.16,,,,,3.0,3.0,,,,,,,,
stoch_rsi,SOL-USDT,4h,9.0,20.0,75.0,97.16,8.9,-6.39,72.0,3.75,125,1.0,15.21,,,,,3.0,3.0,,,,,,,,
stoch_rsi,SOL-USDT,4h,9.0,20.0,80.0,87.5,9.817,-2.9,70.7,4.17,116,1.0,30.19,,,,,3.0,3.0,,,,,,,,
stoch_rsi,SOL-USDT,4h,9.0,20.0,85.0,81.82,10.009,-2.9,71.3,4.4,108,1.0,28.23,,,,,3.0,3.0,,,,,,,,
stoch_rsi,SOL-USDT,4h,9.0,25.0,75.0,102.97,9.114,-6.39,72.9,3.87,129,1.0,16.12,,,,,3.0,3.0,,,,,,,,
stoch_rsi,SOL-USDT,4h,9.0,25.0,80.0,93.02,10.069,-2.9,71.7,4.32,120,1.0,32.09,,,,,3.0,3.0,,,,,,,,
stoch_rsi,SOL-USDT,4h,9.0,25.0,85.0,87.17,10.275,-2.9,72.3,4.56,112,1.0,30.08,,,,,3.0,3.0,,,,,,,,
stoch_rsi,SOL-USDT,4h,11.0,15.0,75.0,101.41,9.727,-2.74,72.2,4.56,108,1.0,37.07,,,,,3.0,3.0,,,,,,,,
stoch_rsi,SOL-USDT,4h,11.0,15.0,80.0,87.42,9.55,-3.19,72.7,4.41,99,1.0,27.4,,,,,3.0,3.0,,,,,,,,
stoch_rsi,SOL-USDT,4h,11.0,15.0,85.0,79.16,10.981,-2.38,75.8,5.2,91,1.0,33.2,,,,,3.0,3.0,,,,,,,,
stoch_rsi,SOL-USDT,4h,11.0,20.0,75.0,106.33,9.228,-4.51,73.3,4.16,116,1.0,23.59,,,,,3.0,3.0,,,,,,,,
stoch_rsi,SOL-USDT,4h,11.0,20.0,80.0,92.0,9.026,-4.51,73.8,4.02,107,1.0,20.41,,,,,3.0,3.0,,,,,,,,
stoch_rsi,SOL-USDT,4h,11.0,20.0,85.0,83.54,10.151,-4.51,76.8,4.55,99,1.0,18.54,,,,,3.0,3.0,,,,,,,,
stoch_rsi,SOL-USDT,4h,11.0,25.0,75.0,129.47,9.713,-4.51,73.8,4.5,126,1.0,28.73,,,,,3.0,3.0,,,,,,,,
stoch_rsi,SOL-USDT,4h,11.0,25.0,80.0,113.54,9.564,-4.51,74.4,4.38,117,1.0,25.19,,,,,3.0,3.0,,,,,,,,
stoch_rsi,SOL-USDT,4h,11.0,25.0,85.0,104.12,10.661,-4.51,77.1,4.98,109,1.0,23.1,,,,,3.0,3.0,,,,,,,,
stoch_rsi,SOL-USDT,4h,13.0,15.0,75.0,48.43,6.125,-4.69,63.5,2.51,104,1.0,10.33,,,,,3.0,3.0,,,,,,,,
stoch_rsi,SOL-USDT,4h,13.0,15.0,80.0,46.07,6.132,-4.69,63.4,2.54,101,1.0,9.82,,,,,3.0,3.0,,,,,,,,
stoch_rsi,SOL-USDT,4h,13.0,15.0,85.0,38.37,5.716,-4.1,62.6,2.43,91,1.0,9.36,,,,,3.0,3.0,,,,,,,,
stoch_rsi,SOL-USDT,4h,13.0,20.0,75.0,62.02,6.866,-4.69,66.4,2.84,113,1.0,13.23,,,,,3.0,3.0,,,,,,,,
stoch_rsi,SOL-USDT,4h,13.0,20.0,80.0,59.44,6.902,-4.69,66.4,2.89,110,1.0,12.68,,,,,3.0,3.0,,,,,,,,
stoch_rsi,SOL-USDT,4h,13.0,20.0,85.0,51.03,6.581,-4.1,66.0,2.81,100,1.0,12.45,,,,,3.0,3.0,,,,,,,,
stoch_rsi,SOL-USDT,4h,13.0,25.0,75.0,74.05,7.522,-4.69,67.5,3.11,117,1.0,15.79,,,,,3.0,3.0,,,,,,,,
stoch_rsi,SOL-USDT,4h,13.0,25.0,80.0,71.28,7.579,-4.69,67.5,3.18,114,1.0,15.2,,,,,3.0,3.0,,,,,,,,
stoch_rsi,SOL-USDT,4h,13.0,25.0,85.0,62.25,7.324,-4.1,67.3,3.12,104,1.0,15.18,,,,,3.0,3.0,,,,,,,,
stoch_rsi,SOL-USDT,4h,15.0,15.0,75.0,80.65,9.026,-3.99,70.6,3.94,109,1.0,20.22,,,,,3.0,3.0,,,,,,,,
stoch_rsi,SOL-USDT,4h,15.0,15.0,80.0,75.09,8.876,-3.99,69.6,3.79,102,1.0,18.83,,,,,3.0,3.0,,,,,,,,
stoch_rsi,SOL-USDT,4h,15.0,15.0,85.0,70.81,8.795,-3.99,70.1,3.72,97,1.0,17.76,,,,,3.0,3.0,,,,,,,,
stoch_rsi,SOL-USDT,4h,15.0,20.0,75.0,79.59,8.431,-5.78,67.5,3.56,117,1.0,13.78,,,,,3.0,3.0,,,,,,,,
stoch_rsi,SOL-USDT,4h,15.0,20.0,80.0,74.07,8.265,-5.78,66.4,3.42,110,1.0,12.82,,,,,3.0,3.0,,,,,,,,
stoch_rsi,SOL-USDT,4h,15.0,20.0,85.0,69.81,8.166,-5.78,66.7,3.36,105,1.0,12.09,,,,,3.0,3.0,,,,,,,,
stoch_rsi,SOL-USDT,4h,15.0,25.0,75.0,85.3,8.45,-5.93,67.2,3.58,122,1.0,14.38,,,,,3.0,3.0,,,,,,,,
stoch_rsi,SOL-USDT,4h,15.0,25.0,80.0,79.6,8.295,-5.93,66.1,3.45,115,1.0,13.42,,,,,3.0,3.0,,,,,,,,
stoch_rsi,SOL-USDT,4h,15.0,25.0,85.0,75.21,8.203,-5.93,66.4,3.39,110,1.0,12.67,,,,,3.0,3.0,,,,,,,,
stoch_rsi,SOL-USDT,4h,17.0,15.0,75.0,91.66,9.991,-1.97,71.4,4.22,105,1.0,46.5,,,,,3.0,3.0,,,,,,,,
stoch_rsi,SOL-USDT,4h,17.0,15.0,80.0,76.63,9.34,-3.5,70.0,3.82,100,1.0,21.9,,,,,3.0,3.0,,,,,,,,
stoch_rsi,SOL-USDT,4h,17.0,15.0,85.0,66.2,9.3,-1.97,70.0,3.93,90,1.0,33.59,,,,,3.0,3.0,,,,,,,,
stoch_rsi,SOL-USDT,4h,17.0,20.0,75.0,105.19,10.324,-1.97,71.7,4.47,113,1.0,53.37,,,,,3.0,3.0,,,,,,,,
stoch_rsi,SOL-USDT,4h,17.0,20.0,80.0,89.11,9.733,-3.34,70.4,4.08,108,1.0,26.64,,,,,3.0,3.0,,,,,,,,
stoch_rsi,SOL-USDT,4h,17.0,20.0,85.0,77.94,9.738,-1.97,70.4,4.22,98,1.0,39.54,,,,,3.0,3.0,,,,,,,,
stoch_rsi,SOL-USDT,4h,17.0,25.0,75.0,118.22,10.544,-1.97,71.9,4.75,121,1.0,59.98,,,,,3.0,3.0,,,,,,,,
stoch_rsi,SOL-USDT,4h,17.0,25.0,80.0,101.11,10.001,-3.34,70.7,4.36,116,1.0,30.23,,,,,3.0,3.0,,,,,,,,
stoch_rsi,SOL-USDT,4h,17.0,25.0,85.0,89.24,10.033,-1.97,70.8,4.55,106,1.0,45.27,,,,,3.0,3.0,,,,,,,,
stoch_rsi,SOL-USDT,4h,19.0,15.0,75.0,98.32,10.151,-3.38,67.3,4.6,104,1.0,29.06,,,,,3.0,3.0,,,,,,,,
stoch_rsi,SOL-USDT,4h,19.0,15.0,80.0,97.73,10.333,-3.38,68.3,4.73,101,1.0,28.89,,,,,3.0,3.0,,,,,,,,
stoch_rsi,SOL-USDT,4h,19.0,15.0,85.0,75.1,9.439,-3.38,65.2,4.13,89,1.0,22.2,,,,,3.0,3.0,,,,,,,,
stoch_rsi,SOL-USDT,4h,19.0,20.0,75.0,107.19,10.273,-3.38,67.9,4.76,112,1.0,31.68,,,,,3.0,3.0,,,,,,,,
stoch_rsi,SOL-USDT,4h,19.0,20.0,80.0,106.58,10.446,-3.38,68.8,4.9,109,1.0,31.5,,,,,3.0,3.0,,,,,,,,
stoch_rsi,SOL-USDT,4h,19.0,20.0,85.0,82.93,9.61,-3.38,66.0,4.31,97,1.0,24.51,,,,,3.0,3.0,,,,,,,,
stoch_rsi,SOL-USDT,4h,19.0,25.0,75.0,116.75,10.563,-3.38,68.1,4.94,116,1.0,34.51,,,,,3.0,3.0,,,,,,,,
stoch_rsi,SOL-USDT,4h,19.0,25.0,80.0,116.11,10.738,-3.38,69.0,5.09,113,1.0,34.32,,,,,3.0,3.0,,,,,,,,
stoch_rsi,SOL-USDT,4h,19.0,25.0,85.0,91.38,9.956,-3.38,66.3,4.51,101,1.0,27.01,,,,,3.0,3.0,,,,,,,,
stoch_rsi,SOL-USDT,4h,21.0,15.0,75.0,73.84,8.182,-3.66,70.2,3.3,104,1.0,20.15,,,,,3.0,3.0,,,,,,,,
stoch_rsi,SOL-USDT,4h,21.0,15.0,80.0,71.43,8.109,-3.66,70.3,3.26,101,1.0,19.5,,,,,3.0,3.0,,,,,,,,
stoch_rsi,SOL-USDT,4h,21.0,15.0,85.0,66.77,8.44,-3.79,70.3,3.48,91,1.0,17.62,,,,,3.0,3.0,,,,,,,,
stoch_rsi,SOL-USDT,4h,21.0,20.0,75.0,74.09,7.795,-3.66,67.9,3.14,112,1.0,20.22,,,,,3.0,3.0,,,,,,,,
stoch_rsi,SOL-USDT,4h,21.0,20.0,80.0,71.68,7.717,-3.89,67.9,3.09,109,1.0,18.41,,,,,3.0,3.0,,,,,,,,
stoch_rsi,SOL-USDT,4h,21.0,20.0,85.0,67.01,7.986,-4.01,67.7,3.27,99,1.0,16.72,,,,,3.0,3.0,,,,,,,,
stoch_rsi,SOL-USDT,4h,21.0,25.0,75.0,73.91,7.579,-3.76,66.7,3.09,117,1.0,19.68,,,,,3.0,3.0,,,,,,,,
stoch_rsi,SOL-USDT,4h,21.0,25.0,80.0,71.5,7.498,-3.89,66.7,3.05,114,1.0,18.36,,,,,3.0,3.0,,,,,,,,
stoch_rsi,SOL-USDT,4h,21.0,25.0,85.0,66.83,7.737,-4.1,66.3,3.22,104,1.0,16.31,,,,,3.0,3.0,,,,,,,,
kc_breakout,SOL-USDT,4h,15.0,,,870.57,23.169,0.0,100.0,999.0,70,2.5,0.0,,,,,,,1.5,,,,,,,
kc_breakout,SOL-USDT,4h,15.0,,,296.24,24.498,0.0,100.0,999.0,34,1.7,0.0,,,,,,,2.0,,,,,,,
kc_breakout,SOL-USDT,4h,15.0,,,68.26,30.003,0.0,100.0,999.0,11,1.4,0.0,,,,,,,2.5,,,,,,,
kc_breakout,SOL-USDT,4h,15.0,,,14.5,64.364,0.0,100.0,999.0,3,1.3,0.0,,,,,,,3.0,,,,,,,
kc_breakout,SOL-USDT,4h,17.0,,,1089.49,19.857,0.0,100.0,999.0,77,2.8,0.0,,,,,,,1.5,,,,,,,
kc_breakout,SOL-USDT,4h,17.0,,,354.62,26.362,0.0,100.0,999.0,40,2.1,0.0,,,,,,,2.0,,,,,,,
kc_breakout,SOL-USDT,4h,17.0,,,130.17,26.152,0.0,100.0,999.0,18,1.4,0.0,,,,,,,2.5,,,,,,,
kc_breakout,SOL-USDT,4h,17.0,,,29.9,56.284,0.0,100.0,999.0,6,1.2,0.0,,,,,,,3.0,,,,,,,
kc_breakout,SOL-USDT,4h,19.0,,,1051.45,18.518,0.0,100.0,999.0,72,3.5,0.0,,,,,,,1.5,,,,,,,
kc_breakout,SOL-USDT,4h,19.0,,,409.39,25.485,0.0,100.0,999.0,45,2.6,0.0,,,,,,,2.0,,,,,,,
kc_breakout,SOL-USDT,4h,19.0,,,162.68,25.468,0.0,100.0,999.0,22,1.5,0.0,,,,,,,2.5,,,,,,,
kc_breakout,SOL-USDT,4h,19.0,,,58.83,32.357,0.0,100.0,999.0,9,1.3,0.0,,,,,,,3.0,,,,,,,
kc_breakout,SOL-USDT,4h,21.0,,,1036.26,17.56,0.0,100.0,999.0,73,3.8,0.0,,,,,,,1.5,,,,,,,
kc_breakout,SOL-USDT,4h,21.0,,,465.52,19.455,0.0,100.0,999.0,47,3.0,0.0,,,,,,,2.0,,,,,,,
kc_breakout,SOL-USDT,4h,21.0,,,188.82,24.824,0.0,100.0,999.0,26,1.7,0.0,,,,,,,2.5,,,,,,,
kc_breakout,SOL-USDT,4h,21.0,,,69.78,29.201,0.0,100.0,999.0,11,1.4,0.0,,,,,,,3.0,,,,,,,
kc_breakout,SOL-USDT,4h,23.0,,,1063.06,16.522,0.0,100.0,999.0,77,3.8,0.0,,,,,,,1.5,,,,,,,
kc_breakout,SOL-USDT,4h,23.0,,,537.82,21.017,0.0,100.0,999.0,51,3.3,0.0,,,,,,,2.0,,,,,,,
kc_breakout,SOL-USDT,4h,23.0,,,221.16,25.424,0.0,100.0,999.0,29,2.3,0.0,,,,,,,2.5,,,,,,,
kc_breakout,SOL-USDT,4h,23.0,,,103.73,24.67,0.0,100.0,999.0,15,1.5,0.0,,,,,,,3.0,,,,,,,
kc_breakout,SOL-USDT,4h,25.0,,,1066.87,16.714,0.0,100.0,999.0,76,4.2,0.0,,,,,,,1.5,,,,,,,
kc_breakout,SOL-USDT,4h,25.0,,,546.46,19.072,0.0,100.0,999.0,48,3.8,0.0,,,,,,,2.0,,,,,,,
kc_breakout,SOL-USDT,4h,25.0,,,283.32,20.124,0.0,100.0,999.0,33,3.0,0.0,,,,,,,2.5,,,,,,,
kc_breakout,SOL-USDT,4h,25.0,,,157.36,26.1,0.0,100.0,999.0,21,1.7,0.0,,,,,,,3.0,,,,,,,
rsi_adx_combo,SOL-USDT,4h,,,,30.95,2.124,-28.65,42.1,1.52,57,17.5,1.08,,,,,,,,14.0,25.0,65.0,14.0,20.0,,
rsi_adx_combo,SOL-USDT,4h,,,,23.99,1.636,-29.13,37.7,1.41,69,12.6,0.82,,,,,,,,14.0,25.0,65.0,14.0,25.0,,
rsi_adx_combo,SOL-USDT,4h,,,,30.98,2.124,-28.98,42.1,1.51,57,17.4,1.07,,,,,,,,14.0,25.0,70.0,14.0,20.0,,
rsi_adx_combo,SOL-USDT,4h,,,,22.46,1.634,-29.61,38.1,1.39,63,13.6,0.76,,,,,,,,14.0,25.0,70.0,14.0,25.0,,
rsi_adx_combo,SOL-USDT,4h,,,,42.65,2.752,-22.37,44.4,1.73,54,18.2,1.91,,,,,,,,14.0,25.0,75.0,14.0,20.0,,
rsi_adx_combo,SOL-USDT,4h,,,,36.52,2.303,-24.42,39.3,1.62,61,13.8,1.5,,,,,,,,14.0,25.0,75.0,14.0,25.0,,
rsi_adx_combo,SOL-USDT,4h,,,,26.35,1.883,-28.65,41.4,1.44,58,17.2,0.92,,,,,,,,14.0,30.0,65.0,14.0,20.0,,
rsi_adx_combo,SOL-USDT,4h,,,,19.23,1.372,-30.21,35.6,1.33,73,11.9,0.64,,,,,,,,14.0,30.0,65.0,14.0,25.0,,
rsi_adx_combo,SOL-USDT,4h,,,,26.38,1.883,-28.98,41.4,1.44,58,17.1,0.91,,,,,,,,14.0,30.0,70.0,14.0,20.0,,
rsi_adx_combo,SOL-USDT,4h,,,,17.76,1.358,-30.69,35.8,1.32,67,12.8,0.58,,,,,,,,14.0,30.0,70.0,14.0,25.0,,
rsi_adx_combo,SOL-USDT,4h,,,,37.64,2.49,-22.37,43.6,1.63,55,17.9,1.68,,,,,,,,14.0,30.0,75.0,14.0,20.0,,
rsi_adx_combo,SOL-USDT,4h,,,,31.28,2.0,-25.58,36.9,1.53,65,13.0,1.22,,,,,,,,14.0,30.0,75.0,14.0,25.0,,
rsi_adx_combo,SOL-USDT,4h,,,,24.61,1.785,-28.65,40.7,1.42,59,16.9,0.86,,,,,,,,14.0,35.0,65.0,14.0,20.0,,
rsi_adx_combo,SOL-USDT,4h,,,,10.86,0.926,-32.0,33.8,1.21,80,11.1,0.34,,,,,,,,14.0,35.0,65.0,14.0,25.0,,
rsi_adx_combo,SOL-USDT,4h,,,,24.65,1.785,-28.98,40.7,1.41,59,16.8,0.85,,,,,,,,14.0,35.0,70.0,14.0,20.0,,
rsi_adx_combo,SOL-USDT,4h,,,,9.49,0.895,-31.85,33.8,1.2,74,11.8,0.3,,,,,,,,14.0,35.0,70.0,14.0,25.0,,
rsi_adx_combo,SOL-USDT,4h,,,,35.75,2.383,-22.37,42.9,1.6,56,17.6,1.6,,,,,,,,14.0,35.0,75.0,14.0,20.0,,
rsi_adx_combo,SOL-USDT,4h,,,,22.06,1.497,-26.83,34.7,1.37,72,11.9,0.82,,,,,,,,14.0,35.0,75.0,14.0,25.0,,
rsi_vol_combo,SOL-USDT,4h,,,,-73.31,-16.628,-73.39,10.6,0.02,47,1.5,-1.0,,,,,,,,14.0,25.0,65.0,,,20.0,1.5
rsi_vol_combo,SOL-USDT,4h,,,,-60.64,-19.373,-60.64,4.0,0.01,25,1.4,-1.0,,,,,,,,14.0,25.0,65.0,,,20.0,2.0
rsi_vol_combo,SOL-USDT,4h,,,,-67.85,-16.418,-67.85,10.8,0.03,37,1.5,-1.0,,,,,,,,14.0,25.0,70.0,,,20.0,1.5
rsi_vol_combo,SOL-USDT,4h,,,,-56.19,-18.892,-56.19,4.8,0.01,21,1.4,-1.0,,,,,,,,14.0,25.0,70.0,,,20.0,2.0
rsi_vol_combo,SOL-USDT,4h,,,,-61.03,-15.608,-61.03,13.3,0.03,30,1.5,-1.0,,,,,,,,14.0,25.0,75.0,,,20.0,1.5
rsi_vol_combo,SOL-USDT,4h,,,,-50.16,-18.165,-50.16,5.9,0.01,17,1.5,-1.0,,,,,,,,14.0,25.0,75.0,,,20.0,2.0
rsi_vol_combo,SOL-USDT,4h,,,,-76.4,-16.484,-76.77,10.5,0.03,57,1.5,-1.0,,,,,,,,14.0,30.0,65.0,,,20.0,1.5
rsi_vol_combo,SOL-USDT,4h,,,,-61.03,-17.55,-61.03,7.1,0.02,28,1.3,-1.0,,,,,,,,14.0,30.0,65.0,,,20.0,2.0
rsi_vol_combo,SOL-USDT,4h,,,,-71.58,-16.052,-71.93,10.6,0.03,47,1.5,-1.0,,,,,,,,14.0,30.0,70.0,,,20.0,1.5
rsi_vol_combo,SOL-USDT,4h,,,,-56.61,-16.884,-56.61,8.3,0.03,24,1.3,-1.0,,,,,,,,14.0,30.0,70.0,,,20.0,2.0
rsi_vol_combo,SOL-USDT,4h,,,,-65.55,-15.204,-65.98,12.5,0.04,40,1.5,-0.99,,,,,,,,14.0,30.0,75.0,,,20.0,1.5
rsi_vol_combo,SOL-USDT,4h,,,,-50.65,-15.951,-50.65,10.0,0.03,20,1.4,-1.0,,,,,,,,14.0,30.0,75.0,,,20.0,2.0
rsi_vol_combo,SOL-USDT,4h,,,,-79.66,-17.5,-79.91,10.3,0.03,68,1.5,-1.0,,,,,,,,14.0,35.0,65.0,,,20.0,1.5
rsi_vol_combo,SOL-USDT,4h,,,,-65.73,-18.042,-65.73,5.9,0.02,34,1.4,-1.0,,,,,,,,14.0,35.0,65.0,,,20.0,2.0
rsi_vol_combo,SOL-USDT,4h,,,,-75.5,-16.991,-75.8,10.3,0.03,58,1.5,-1.0,,,,,,,,14.0,35.0,70.0,,,20.0,1.5
rsi_vol_combo,SOL-USDT,4h,,,,-61.85,-17.374,-61.85,6.7,0.02,30,1.4,-1.0,,,,,,,,14.0,35.0,70.0,,,20.0,2.0
rsi_vol_combo,SOL-USDT,4h,,,,-70.3,-16.233,-70.67,11.8,0.04,51,1.5,-0.99,,,,,,,,14.0,35.0,75.0,,,20.0,1.5
rsi_vol_combo,SOL-USDT,4h,,,,-56.6,-16.518,-56.6,7.7,0.03,26,1.5,-1.0,,,,,,,,14.0,35.0,75.0,,,20.0,2.0
rsi_reversion,BNB-USDT,1d,7.0,20.0,60.0,-99.72,-12.144,-99.74,19.7,0.07,132,3.7,-1.0,,,,,,,,,,,,,,
rsi_reversion,BNB-USDT,1d,7.0,20.0,65.0,-99.49,-11.7,-99.52,20.5,0.07,127,3.3,-1.0,,,,,,,,,,,,,,
rsi_reversion,BNB-USDT,1d,7.0,20.0,70.0,-99.47,-12.282,-99.49,15.0,0.05,113,3.2,-1.0,,,,,,,,,,,,,,
rsi_reversion,BNB-USDT,1d,7.0,20.0,75.0,-99.4,-12.105,-99.42,16.1,0.06,112,2.5,-1.0,,,,,,,,,,,,,,
rsi_reversion,BNB-USDT,1d,7.0,20.0,80.0,-98.92,-13.228,-98.97,11.2,0.04,98,2.2,-1.0,,,,,,,,,,,,,,
rsi_reversion,BNB-USDT,1d,7.0,25.0,60.0,-99.86,-12.15,-99.86,19.5,0.07,149,3.7,-1.0,,,,,,,,,,,,,,
rsi_reversion,BNB-USDT,1d,7.0,25.0,65.0,-99.74,-11.761,-99.74,20.1,0.07,144,3.3,-1.0,,,,,,,,,,,,,,
rsi_reversion,BNB-USDT,1d,7.0,25.0,70.0,-99.73,-12.268,-99.73,15.4,0.05,130,3.2,-1.0,,,,,,,,,,,,,,
rsi_reversion,BNB-USDT,1d,7.0,25.0,75.0,-99.69,-12.113,-99.69,16.3,0.06,129,2.6,-1.0,,,,,,,,,,,,,,
rsi_reversion,BNB-USDT,1d,7.0,25.0,80.0,-99.45,-13.089,-99.45,12.2,0.04,115,2.4,-1.0,,,,,,,,,,,,,,
rsi_reversion,BNB-USDT,1d,7.0,30.0,60.0,-99.92,-12.329,-99.92,19.0,0.06,163,3.7,-1.0,,,,,,,,,,,,,,
rsi_reversion,BNB-USDT,1d,7.0,30.0,65.0,-99.85,-11.986,-99.85,19.6,0.06,158,3.4,-1.0,,,,,,,,,,,,,,
rsi_reversion,BNB-USDT,1d,7.0,30.0,70.0,-99.84,-12.453,-99.84,15.3,0.05,144,3.3,-1.0,,,,,,,,,,,,,,
rsi_reversion,BNB-USDT,1d,7.0,30.0,75.0,-99.82,-12.312,-99.82,16.1,0.05,143,2.8,-1.0,,,,,,,,,,,,,,
rsi_reversion,BNB-USDT,1d,7.0,30.0,80.0,-99.68,-13.26,-99.68,12.4,0.04,129,2.6,-1.0,,,,,,,,,,,,,,
rsi_reversion,BNB-USDT,1d,7.0,35.0,60.0,-99.93,-12.178,-99.93,17.6,0.06,176,3.8,-1.0,,,,,,,,,,,,,,
rsi_reversion,BNB-USDT,1d,7.0,35.0,65.0,-99.88,-11.866,-99.88,18.1,0.06,171,3.6,-1.0,,,,,,,,,,,,,,
rsi_reversion,BNB-USDT,1d,7.0,35.0,70.0,-99.87,-12.268,-99.87,14.0,0.05,157,3.5,-1.0,,,,,,,,,,,,,,
rsi_reversion,BNB-USDT,1d,7.0,35.0,75.0,-99.85,-12.137,-99.85,14.7,0.05,156,3.0,-1.0,,,,,,,,,,,,,,
rsi_reversion,BNB-USDT,1d,7.0,35.0,80.0,-99.74,-13.035,-99.74,11.3,0.04,142,2.9,-1.0,,,,,,,,,,,,,,
rsi_reversion,BNB-USDT,1d,9.0,20.0,60.0,-99.37,-12.119,-99.37,16.3,0.02,98,4.4,-1.0,,,,,,,,,,,,,,
rsi_reversion,BNB-USDT,1d,9.0,20.0,65.0,-98.88,-13.113,-98.9,12.2,0.02,90,4.0,-1.0,,,,,,,,,,,,,,
rsi_reversion,BNB-USDT,1d,9.0,20.0,70.0,-98.81,-13.362,-98.81,10.0,0.02,80,3.7,-1.0,,,,,,,,,,,,,,
rsi_reversion,BNB-USDT,1d,9.0,20.0,75.0,-96.52,-14.473,-96.52,12.3,0.04,73,3.1,-1.0,,,,,,,,,,,,,,
rsi_reversion,BNB-USDT,1d,9.0,20.0,80.0,-95.81,-16.037,-95.81,8.8,0.02,57,2.7,-1.0,,,,,,,,,,,,,,
rsi_reversion,BNB-USDT,1d,9.0,25.0,60.0,-99.72,-12.35,-99.72,15.2,0.02,112,4.4,-1.0,,,,,,,,,,,,,,
rsi_reversion,BNB-USDT,1d,9.0,25.0,65.0,-99.49,-13.24,-99.5,11.5,0.02,104,4.0,-1.0,,,,,,,,,,,,,,
rsi_reversion,BNB-USDT,1d,9.0,25.0,70.0,-99.46,-13.467,-99.46,9.6,0.01,94,3.7,-1.0,,,,,,,,,,,,,,
rsi_reversion,BNB-USDT,1d,9.0,25.0,75.0,-98.42,-14.321,-98.42,11.5,0.03,87,3.2,-1.0,,,,,,,,,,,,,,
rsi_reversion,BNB-USDT,1d,9.0,25.0,80.0,-98.1,-15.583,-98.1,8.5,0.02,71,2.9,-1.0,,,,,,,,,,,,,,
rsi_reversion,BNB-USDT,1d,9.0,30.0,60.0,-99.8,-12.06,-99.8,14.6,0.02,130,4.1,-1.0,,,,,,,,,,,,,,
rsi_reversion,BNB-USDT,1d,9.0,30.0,65.0,-99.65,-12.898,-99.65,11.5,0.02,122,3.8,-1.0,,,,,,,,,,,,,,
rsi_reversion,BNB-USDT,1d,9.0,30.0,70.0,-99.63,-13.0,-99.63,9.8,0.02,112,3.5,-1.0,,,,,,,,,,,,,,
rsi_reversion,BNB-USDT,1d,9.0,30.0,75.0,-98.9,-13.91,-98.9,11.4,0.03,105,3.1,-1.0,,,,,,,,,,,,,,
rsi_reversion,BNB-USDT,1d,9.0,30.0,80.0,-98.68,-14.757,-98.68,9.0,0.02,89,2.8,-1.0,,,,,,,,,,,,,,
rsi_reversion,BNB-USDT,1d,9.0,35.0,60.0,-99.85,-11.545,-99.85,18.0,0.03,150,4.1,-1.0,,,,,,,,,,,,,,
rsi_reversion,BNB-USDT,1d,9.0,35.0,65.0,-99.74,-12.283,-99.74,15.5,0.03,142,3.8,-1.0,,,,,,,,,,,,,,
rsi_reversion,BNB-USDT,1d,9.0,35.0,70.0,-99.73,-12.296,-99.73,14.4,0.02,132,3.6,-1.0,,,,,,,,,,,,,,
rsi_reversion,BNB-USDT,1d,9.0,35.0,75.0,-99.19,-13.124,-99.19,16.0,0.04,125,3.2,-1.0,,,,,,,,,,,,,,
rsi_reversion,BNB-USDT,1d,9.0,35.0,80.0,-99.03,-13.658,-99.03,14.7,0.03,109,3.0,-1.0,,,,,,,,,,,,,,
rsi_reversion,BNB-USDT,1d,11.0,20.0,60.0,-99.35,-12.647,-99.35,14.0,0.03,86,4.8,-1.0,,,,,,,,,,,,,,
rsi_reversion,BNB-USDT,1d,11.0,20.0,65.0,-99.02,-14.5,-99.04,14.9,0.03,74,4.3,-1.0,,,,,,,,,,,,,,
rsi_reversion,BNB-USDT,1d,11.0,20.0,70.0,-97.81,-15.715,-97.81,7.7,0.01,65,3.7,-1.0,,,,,,,,,,,,,,
rsi_reversion,BNB-USDT,1d,11.0,20.0,75.0,-95.33,-18.754,-95.33,5.7,0.01,53,3.1,-1.0,,,,,,,,,,,,,,
rsi_reversion,BNB-USDT,1d,11.0,20.0,80.0,-94.01,-18.769,-94.01,4.3,0.01,47,2.5,-1.0,,,,,,,,,,,,,,
rsi_reversion,BNB-USDT,1d,11.0,25.0,60.0,-99.55,-12.755,-99.55,14.6,0.04,89,5.1,-1.0,,,,,,,,,,,,,,
rsi_reversion,BNB-USDT,1d,11.0,25.0,65.0,-99.32,-14.496,-99.33,15.6,0.03,77,4.6,-1.0,,,,,,,,,,,,,,
rsi_reversion,BNB-USDT,1d,11.0,25.0,70.0,-98.47,-15.5,-98.47,8.8,0.02,68,4.1,-1.0,,,,,,,,,,,,,,
rsi_reversion,BNB-USDT,1d,11.0,25.0,75.0,-96.75,-17.818,-96.75,7.1,0.01,56,3.6,-1.0,,,,,,,,,,,,,,
rsi_reversion,BNB-USDT,1d,11.0,25.0,80.0,-95.83,-17.839,-95.83,6.0,0.01,50,3.1,-1.0,,,,,,,,,,,,,,
rsi_reversion,BNB-USDT,1d,11.0,30.0,60.0,-99.74,-12.354,-99.74,17.0,0.05,106,4.7,-1.0,,,,,,,,,,,,,,
rsi_reversion,BNB-USDT,1d,11.0,30.0,65.0,-99.61,-13.756,-99.61,18.1,0.04,94,4.3,-1.0,,,,,,,,,,,,,,
rsi_reversion,BNB-USDT,1d,11.0,30.0,70.0,-99.12,-14.51,-99.12,12.9,0.03,85,3.8,-1.0,,,,,,,,,,,,,,
rsi_reversion,BNB-USDT,1d,11.0,30.0,75.0,-98.12,-16.056,-98.14,12.3,0.04,73,3.4,-1.0,,,,,,,,,,,,,,
rsi_reversion,BNB-USDT,1d,11.0,30.0,80.0,-97.59,-15.918,-97.61,11.9,0.04,67,3.0,-1.0,,,,,,,,,,,,,,
rsi_reversion,BNB-USDT,1d,11.0,35.0,60.0,-99.87,-12.03,-99.87,19.2,0.05,130,4.4,-1.0,,,,,,,,,,,,,,
rsi_reversion,BNB-USDT,1d,11.0,35.0,65.0,-99.8,-13.18,-99.8,20.3,0.05,118,4.0,-1.0,,,,,,,,,,,,,,
rsi_reversion,BNB-USDT,1d,11.0,35.0,70.0,-99.56,-13.811,-99.56,16.5,0.04,109,3.6,-1.0,,,,,,,,,,,,,,
rsi_reversion,BNB-USDT,1d,11.0,35.0,75.0,-99.05,-14.969,-99.06,16.5,0.04,97,3.3,-1.0,,,,,,,,,,,,,,
rsi_reversion,BNB-USDT,1d,11.0,35.0,80.0,-98.79,-14.78,-98.8,16.5,0.05,91,3.0,-1.0,,,,,,,,,,,,,,
rsi_reversion,BNB-USDT,1d,13.0,20.0,60.0,-98.73,-12.798,-98.73,15.7,0.04,70,5.4,-1.0,,,,,,,,,,,,,,
rsi_reversion,BNB-USDT,1d,13.0,20.0,65.0,-98.1,-15.054,-98.1,12.3,0.04,57,5.1,-1.0,,,,,,,,,,,,,,
rsi_reversion,BNB-USDT,1d,13.0,20.0,70.0,-96.38,-15.505,-96.38,19.6,0.03,51,4.1,-1.0,,,,,,,,,,,,,,
rsi_reversion,BNB-USDT,1d,13.0,20.0,75.0,-95.32,-13.236,-95.32,11.6,0.02,43,3.4,-1.0,,,,,,,,,,,,,,
rsi_reversion,BNB-USDT,1d,13.0,20.0,80.0,-83.68,-20.748,-83.68,7.1,0.01,28,2.6,-1.0,,,,,,,,,,,,,,
rsi_reversion,BNB-USDT,1d,13.0,25.0,60.0,-99.03,-12.617,-99.03,15.2,0.04,79,5.2,-1.0,,,,,,,,,,,,,,
rsi_reversion,BNB-USDT,1d,13.0,25.0,65.0,-98.54,-14.588,-98.54,12.1,0.04,66,4.9,-1.0,,,,,,,,,,,,,,
rsi_reversion,BNB-USDT,1d,13.0,25.0,70.0,-97.23,-15.006,-97.23,18.3,0.03,60,4.0,-1.0,,,,,,,,,,,,,,
rsi_reversion,BNB-USDT,1d,13.0,25.0,75.0,-96.41,-12.828,-96.41,11.5,0.02,52,3.4,-1.0,,,,,,,,,,,,,,
rsi_reversion,BNB-USDT,1d,13.0,25.0,80.0,-87.49,-18.899,-87.49,8.1,0.01,37,2.9,-1.0,,,,,,,,,,,,,,
rsi_reversion,BNB-USDT,1d,13.0,30.0,60.0,-99.25,-12.061,-99.25,20.9,0.05,86,5.2,-1.0,,,,,,,,,,,,,,
rsi_reversion,BNB-USDT,1d,13.0,30.0,65.0,-98.88,-13.646,-98.88,19.2,0.05,73,4.9,-1.0,,,,,,,,,,,,,,
rsi_reversion,BNB-USDT,1d,13.0,30.0,70.0,-97.88,-13.828,-97.88,25.4,0.05,67,4.1,-1.0,,,,,,,,,,,,,,
rsi_reversion,BNB-USDT,1d,13.0,30.0,75.0,-97.25,-12.032,-97.25,20.3,0.04,59,3.6,-1.0,,,,,,,,,,,,,,
rsi_reversion,BNB-USDT,1d,13.0,30.0,80.0,-90.43,-15.451,-90.43,20.5,0.04,44,3.2,-1.0,,,,,,,,,,,,,,
rsi_reversion,BNB-USDT,1d,13.0,35.0,60.0,-99.53,-10.93,-99.53,21.2,0.07,113,4.6,-1.0,,,,,,,,,,,,,,
rsi_reversion,BNB-USDT,1d,13.0,35.0,65.0,-99.3,-11.961,-99.3,20.0,0.07,100,4.3,-1.0,,,,,,,,,,,,,,
rsi_reversion,BNB-USDT,1d,13.0,35.0,70.0,-98.67,-12.016,-98.67,24.5,0.07,94,3.7,-1.0,,,,,,,,,,,,,,
rsi_reversion,BNB-USDT,1d,13.0,35.0,75.0,-98.27,-10.528,-98.28,20.9,0.06,86,3.3,-1.0,,,,,,,,,,,,,,
rsi_reversion,BNB-USDT,1d,13.0,35.0,80.0,-93.98,-12.471,-93.99,21.1,0.07,71,3.0,-1.0,,,,,,,,,,,,,,
rsi_reversion,BNB-USDT,1d,15.0,20.0,60.0,-99.04,-9.385,-99.04,19.0,0.03,63,5.7,-1.0,,,,,,,,,,,,,,
rsi_reversion,BNB-USDT,1d,15.0,20.0,65.0,-97.66,-14.518,-97.69,7.1,0.01,56,4.7,-1.0,,,,,,,,,,,,,,
rsi_reversion,BNB-USDT,1d,15.0,20.0,70.0,-95.77,-13.445,-95.77,12.5,0.02,48,3.8,-1.0,,,,,,,,,,,,,,
rsi_reversion,BNB-USDT,1d,15.0,20.0,75.0,-90.38,-15.153,-90.38,5.7,0.01,35,3.1,-1.0,,,,,,,,,,,,,,
rsi_reversion,BNB-USDT,1d,15.0,20.0,80.0,-79.82,-17.465,-79.82,7.1,0.01,28,2.2,-1.0,,,,,,,,,,,,,,
rsi_reversion,BNB-USDT,1d,15.0,25.0,60.0,-99.37,-9.92,-99.37,19.4,0.03,67,5.8,-1.0,,,,,,,,,,,,,,
rsi_reversion,BNB-USDT,1d,15.0,25.0,65.0,-98.47,-15.055,-98.47,8.3,0.01,60,4.9,-1.0,,,,,,,,,,,,,,
rsi_reversion,BNB-USDT,1d,15.0,25.0,70.0,-97.23,-14.113,-97.23,13.5,0.02,52,4.1,-1.0,,,,,,,,,,,,,,
rsi_reversion,BNB-USDT,1d,15.0,25.0,75.0,-93.71,-15.941,-93.71,7.7,0.02,39,3.6,-1.0,,,,,,,,,,,,,,
rsi_reversion,BNB-USDT,1d,15.0,25.0,80.0,-86.8,-17.97,-86.8,9.4,0.01,32,2.9,-1.0,,,,,,,,,,,,,,
rsi_reversion,BNB-USDT,1d,15.0,30.0,60.0,-99.67,-10.623,-99.67,15.8,0.02,76,5.7,-1.0,,,,,,,,,,,,,,
rsi_reversion,BNB-USDT,1d,15.0,30.0,65.0,-99.2,-15.858,-99.21,5.8,0.01,69,4.9,-1.0,,,,,,,,,,,,,,
rsi_reversion,BNB-USDT,1d,15.0,30.0,70.0,-98.56,-15.058,-98.56,9.8,0.02,61,4.2,-1.0,,,,,,,,,,,,,,
rsi_reversion,BNB-USDT,1d,15.0,30.0,75.0,-96.73,-17.069,-96.73,4.2,0.01,48,3.8,-1.0,,,,,,,,,,,,,,
rsi_reversion,BNB-USDT,1d,15.0,30.0,80.0,-93.14,-19.326,-93.14,4.9,0.01,41,3.3,-1.0,,,,,,,,,,,,,,
rsi_reversion,BNB-USDT,1d,15.0,35.0,60.0,-99.78,-10.133,-99.78,18.5,0.03,92,5.2,-1.0,,,,,,,,,,,,,,
rsi_reversion,BNB-USDT,1d,15.0,35.0,65.0,-99.47,-14.483,-99.47,10.6,0.01,85,4.5,-1.0,,,,,,,,,,,,,,
rsi_reversion,BNB-USDT,1d,15.0,35.0,70.0,-99.04,-13.723,-99.04,14.3,0.02,77,3.9,-1.0,,,,,,,,,,,,,,
rsi_reversion,BNB-USDT,1d,15.0,35.0,75.0,-97.82,-14.913,-97.82,10.9,0.02,64,3.5,-1.0,,,,,,,,,,,,,,
rsi_reversion,BNB-USDT,1d,15.0,35.0,80.0,-95.42,-16.117,-95.42,12.3,0.02,57,3.1,-1.0,,,,,,,,,,,,,,
rsi_reversion,BNB-USDT,1d,17.0,20.0,60.0,-98.87,-9.117,-98.88,20.3,0.04,59,5.8,-1.0,,,,,,,,,,,,,,
rsi_reversion,BNB-USDT,1d,17.0,20.0,65.0,-96.9,-14.25,-96.94,14.9,0.03,47,5.1,-1.0,,,,,,,,,,,,,,
rsi_reversion,BNB-USDT,1d,17.0,20.0,70.0,-96.26,-11.457,-96.37,23.3,0.04,43,3.7,-1.0,,,,,,,,,,,,,,
rsi_reversion,BNB-USDT,1d,17.0,20.0,75.0,-88.95,-13.949,-89.28,8.3,0.02,24,3.5,-1.0,,,,,,,,,,,,,,
rsi_reversion,BNB-USDT,1d,17.0,20.0,80.0,-72.0,-22.391,-72.83,5.9,0.02,17,2.6,-0.99,,,,,,,,,,,,,,
rsi_reversion,BNB-USDT,1d,17.0,25.0,60.0,-99.18,-9.415,-99.18,17.2,0.03,64,5.7,-1.0,,,,,,,,,,,,,,
rsi_reversion,BNB-USDT,1d,17.0,25.0,65.0,-97.74,-14.469,-97.77,11.5,0.02,52,5.1,-1.0,,,,,,,,,,,,,,
rsi_reversion,BNB-USDT,1d,17.0,25.0,70.0,-97.27,-11.779,-97.27,18.8,0.03,48,3.8,-1.0,,,,,,,,,,,,,,
rsi_reversion,BNB-USDT,1d,17.0,25.0,75.0,-91.94,-14.172,-91.94,3.4,0.0,29,3.8,-1.0,,,,,,,,,,,,,,
rsi_reversion,BNB-USDT,1d,17.0,25.0,80.0,-79.58,-21.413,-79.58,0.0,0.0,22,3.3,-1.0,,,,,,,,,,,,,,
rsi_reversion,BNB-USDT,1d,17.0,30.0,60.0,-99.42,-9.409,-99.42,20.8,0.05,72,5.7,-1.0,,,,,,,,,,,,,,
rsi_reversion,BNB-USDT,1d,17.0,30.0,65.0,-98.41,-13.913,-98.41,16.7,0.04,60,5.2,-1.0,,,,,,,,,,,,,,
rsi_reversion,BNB-USDT,1d,17.0,30.0,70.0,-98.08,-11.533,-98.08,23.2,0.05,56,4.1,-1.0,,,,,,,,,,,,,,
rsi_reversion,BNB-USDT,1d,17.0,30.0,75.0,-94.32,-13.307,-94.32,13.5,0.04,37,4.1,-1.0,,,,,,,,,,,,,,
rsi_reversion,BNB-USDT,1d,17.0,30.0,80.0,-85.6,-17.621,-85.6,13.3,0.05,30,3.8,-1.0,,,,,,,,,,,,,,
rsi_reversion,BNB-USDT,1d,17.0,35.0,60.0,-99.58,-9.52,-99.58,22.2,0.04,81,5.6,-1.0,,,,,,,,,,,,,,
rsi_reversion,BNB-USDT,1d,17.0,35.0,65.0,-98.85,-13.867,-98.85,18.8,0.03,69,5.1,-1.0,,,,,,,,,,,,,,
rsi_reversion,BNB-USDT,1d,17.0,35.0,70.0,-98.61,-11.58,-98.62,24.6,0.04,65,4.1,-1.0,,,,,,,,,,,,,,
rsi_reversion,BNB-USDT,1d,17.0,35.0,75.0,-95.9,-13.161,-95.91,17.4,0.03,46,4.2,-1.0,,,,,,,,,,,,,,
rsi_reversion,BNB-USDT,1d,17.0,35.0,80.0,-89.6,-17.381,-89.63,17.9,0.03,39,4.0,-1.0,,,,,,,,,,,,,,
rsi_reversion,BNB-USDT,1d,19.0,20.0,60.0,-98.19,-8.907,-98.19,22.4,0.06,49,6.4,-1.0,,,,,,,,,,,,,,
rsi_reversion,BNB-USDT,1d,19.0,20.0,65.0,-95.31,-14.039,-95.31,13.2,0.03,38,5.4,-1.0,,,,,,,,,,,,,,
rsi_reversion,BNB-USDT,1d,19.0,20.0,70.0,-93.45,-14.58,-93.45,3.2,0.01,31,4.4,-1.0,,,,,,,,,,,,,,
rsi_reversion,BNB-USDT,1d,19.0,20.0,75.0,-88.65,-14.909,-88.65,0.0,0.0,22,3.4,-1.0,,,,,,,,,,,,,,
rsi_reversion,BNB-USDT,1d,19.0,20.0,80.0,-70.98,-28.625,-70.98,0.0,0.0,14,2.3,-1.0,,,,,,,,,,,,,,
rsi_reversion,BNB-USDT,1d,19.0,25.0,60.0,-98.57,-8.914,-98.58,21.8,0.06,55,6.3,-1.0,,,,,,,,,,,,,,
rsi_reversion,BNB-USDT,1d,19.0,25.0,65.0,-96.28,-13.65,-96.32,13.6,0.04,44,5.3,-1.0,,,,,,,,,,,,,,
rsi_reversion,BNB-USDT,1d,19.0,25.0,70.0,-94.81,-14.008,-94.86,5.4,0.01,37,4.5,-1.0,,,,,,,,,,,,,,
rsi_reversion,BNB-USDT,1d,19.0,25.0,75.0,-91.01,-14.019,-91.09,3.6,0.01,28,3.7,-1.0,,,,,,,,,,,,,,
rsi_reversion,BNB-USDT,1d,19.0,25.0,80.0,-77.01,-22.192,-77.23,5.0,0.01,20,3.0,-1.0,,,,,,,,,,,,,,
rsi_reversion,BNB-USDT,1d,19.0,30.0,60.0,-99.06,-9.424,-99.06,21.0,0.06,62,6.0,-1.0,,,,,,,,,,,,,,
rsi_reversion,BNB-USDT,1d,19.0,30.0,65.0,-97.57,-14.297,-97.57,13.7,0.04,51,5.2,-1.0,,,,,,,,,,,,,,
rsi_reversion,BNB-USDT,1d,19.0,30.0,70.0,-96.61,-14.68,-96.61,6.8,0.01,44,4.4,-1.0,,,,,,,,,,,,,,
rsi_reversion,BNB-USDT,1d,19.0,30.0,75.0,-94.13,-14.759,-94.13,5.7,0.01,35,3.8,-1.0,,,,,,,,,,,,,,
rsi_reversion,BNB-USDT,1d,19.0,30.0,80.0,-84.98,-23.392,-84.98,7.4,0.01,27,3.4,-1.0,,,,,,,,,,,,,,
rsi_reversion,BNB-USDT,1d,19.0,35.0,60.0,-99.46,-9.379,-99.46,21.9,0.07,73,5.8,-1.0,,,,,,,,,,,,,,
rsi_reversion,BNB-USDT,1d,19.0,35.0,65.0,-98.59,-13.374,-98.59,16.1,0.05,62,5.0,-1.0,,,,,,,,,,,,,,
rsi_reversion,BNB-USDT,1d,19.0,35.0,70.0,-98.03,-13.563,-98.03,10.9,0.04,55,4.4,-1.0,,,,,,,,,,,,,,
rsi_reversion,BNB-USDT,1d,19.0,35.0,75.0,-96.59,-13.428,-96.59,10.9,0.04,46,3.9,-1.0,,,,,,,,,,,,,,
rsi_reversion,BNB-USDT,1d,19.0,35.0,80.0,-91.27,-17.061,-91.27,13.2,0.05,38,3.6,-1.0,,,,,,,,,,,,,,
rsi_reversion,BNB-USDT,1d,21.0,20.0,60.0,-99.07,-8.941,-99.09,17.6,0.03,51,5.7,-1.0,,,,,,,,,,,,,,
rsi_reversion,BNB-USDT,1d,21.0,20.0,65.0,-95.64,-10.367,-95.65,22.2,0.03,36,5.1,-1.0,,,,,,,,,,,,,,
rsi_reversion,BNB-USDT,1d,21.0,20.0,70.0,-91.6,-17.124,-91.62,4.0,0.0,25,4.8,-1.0,,,,,,,,,,,,,,
rsi_reversion,BNB-USDT,1d,21.0,20.0,75.0,-80.58,-19.999,-80.62,6.2,0.0,16,3.5,-1.0,,,,,,,,,,,,,,
rsi_reversion,BNB-USDT,1d,21.0,20.0,80.0,-66.49,-25.427,-66.56,7.7,0.0,13,2.0,-1.0,,,,,,,,,,,,,,
rsi_reversion,BNB-USDT,1d,21.0,25.0,60.0,-99.14,-8.598,-99.14,17.5,0.04,57,5.5,-1.0,,,,,,,,,,,,,,
rsi_reversion,BNB-USDT,1d,21.0,25.0,65.0,-95.94,-9.773,-95.94,21.4,0.04,42,4.9,-1.0,,,,,,,,,,,,,,
rsi_reversion,BNB-USDT,1d,21.0,25.0,70.0,-92.18,-15.133,-92.18,6.5,0.01,31,4.6,-1.0,,,,,,,,,,,,,,
rsi_reversion,BNB-USDT,1d,21.0,25.0,75.0,-81.91,-16.328,-81.91,9.1,0.01,22,3.6,-1.0,,,,,,,,,,,,,,
rsi_reversion,BNB-USDT,1d,21.0,25.0,80.0,-68.79,-19.429,-68.79,10.5,0.02,19,2.6,-1.0,,,,,,,,,,,,,,
rsi_reversion,BNB-USDT,1d,21.0,30.0,60.0,-99.6,-9.828,-99.6,15.4,0.03,65,5.4,-1.0,,,,,,,,,,,,,,
rsi_reversion,BNB-USDT,1d,21.0,30.0,65.0,-98.14,-11.53,-98.15,18.0,0.03,50,4.9,-1.0,,,,,,,,,,,,,,
rsi_reversion,BNB-USDT,1d,21.0,30.0,70.0,-96.43,-17.945,-96.44,5.1,0.0,39,4.6,-1.0,,,,,,,,,,,,,,
rsi_reversion,BNB-USDT,1d,21.0,30.0,75.0,-91.73,-20.698,-91.77,6.7,0.0,30,3.9,-1.0,,,,,,,,,,,,,,
rsi_reversion,BNB-USDT,1d,21.0,30.0,80.0,-85.74,-26.363,-85.81,7.4,0.0,27,3.2,-1.0,,,,,,,,,,,,,,
rsi_reversion,BNB-USDT,1d,21.0,35.0,60.0,-99.66,-9.535,-99.66,14.7,0.03,68,5.8,-1.0,,,,,,,,,,,,,,
rsi_reversion,BNB-USDT,1d,21.0,35.0,65.0,-98.42,-10.953,-98.42,17.0,0.04,53,5.4,-1.0,,,,,,,,,,,,,,
rsi_reversion,BNB-USDT,1d,21.0,35.0,70.0,-96.96,-15.867,-96.96,4.8,0.02,42,5.3,-1.0,,,,,,,,,,,,,,
rsi_reversion,BNB-USDT,1d,21.0,35.0,75.0,-92.96,-16.958,-92.96,6.1,0.02,33,4.8,-1.0,,,,,,,,,,,,,,
rsi_reversion,BNB-USDT,1d,21.0,35.0,80.0,-87.86,-18.311,-87.86,6.7,0.02,30,4.3,-1.0,,,,,,,,,,,,,,
macd_crossover,BNB-USDT,1d,,,,2713.53,17.575,-2.36,89.8,35.8,147,1.0,1151.51,6.0,20.0,5.0,,,,,,,,,,,
macd_crossover,BNB-USDT,1d,,,,2425.21,18.103,-0.99,89.8,70.92,137,1.0,2451.82,6.0,20.0,7.0,,,,,,,,,,,
macd_crossover,BNB-USDT,1d,,,,1662.05,17.312,-1.7,88.4,46.76,121,1.0,974.82,6.0,20.0,9.0,,,,,,,,,,,
macd_crossover,BNB-USDT,1d,,,,1420.24,18.592,-1.7,91.4,69.55,105,1.0,833.0,6.0,20.0,11.0,,,,,,,,,,,
macd_crossover,BNB-USDT,1d,,,,2360.56,17.241,-1.7,88.1,35.94,143,1.0,1384.51,6.0,23.0,5.0,,,,,,,,,,,
macd_crossover,BNB-USDT,1d,,,,1862.0,17.568,-1.7,88.4,52.53,129,1.0,1092.1,6.0,23.0,7.0,,,,,,,,,,,
macd_crossover,BNB-USDT,1d,,,,1152.0,17.867,-5.49,90.1,26.75,111,1.0,210.0,6.0,23.0,9.0,,,,,,,,,,,
macd_crossover,BNB-USDT,1d,,,,1365.89,18.497,-3.05,89.4,42.63,113,1.0,447.98,6.0,23.0,11.0,,,,,,,,,,,
macd_crossover,BNB-USDT,1d,,,,2653.48,18.194,-1.7,91.2,61.26,147,1.0,1556.32,6.0,26.0,5.0,,,,,,,,,,,
macd_crossover,BNB-USDT,1d,,,,1626.83,17.159,-1.7,88.8,45.81,125,1.0,954.16,6.0,26.0,7.0,,,,,,,,,,,
macd_crossover,BNB-USDT,1d,,,,1393.42,18.815,-0.94,91.4,107.89,105,1.0,1477.63,6.0,26.0,9.0,,,,,,,,,,,
macd_crossover,BNB-USDT,1d,,,,1247.62,18.257,-3.05,88.8,33.35,107,1.0,409.19,6.0,26.0,11.0,,,,,,,,,,,
macd_crossover,BNB-USDT,1d,,,,2476.92,18.122,-1.7,90.9,61.17,143,1.0,1452.76,6.0,29.0,5.0,,,,,,,,,,,
macd_crossover,BNB-USDT,1d,,,,1419.42,18.648,-1.15,89.7,53.52,117,1.0,1231.35,6.0,29.0,7.0,,,,,,,,,,,
macd_crossover,BNB-USDT,1d,,,,1434.72,18.093,-0.94,91.0,81.17,111,1.0,1521.43,6.0,29.0,9.0,,,,,,,,,,,
macd_crossover,BNB-USDT,1d,,,,1102.47,18.249,-3.05,88.7,24.64,97,1.0,361.58,6.0,29.0,11.0,,,,,,,,,,,
macd_crossover,BNB-USDT,1d,,,,2589.95,18.142,-0.64,89.5,70.52,143,1.0,4035.55,6.0,32.0,5.0,,,,,,,,,,,
macd_crossover,BNB-USDT,1d,,,,1403.94,19.316,-0.62,92.2,109.56,115,1.0,2259.3,6.0,32.0,7.0,,,,,,,,,,,
macd_crossover,BNB-USDT,1d,,,,1232.63,19.05,-3.05,90.5,43.16,105,1.0,404.27,6.0,32.0,9.0,,,,,,,,,,,
macd_crossover,BNB-USDT,1d,,,,1118.51,18.866,-3.05,91.8,32.42,97,1.0,366.84,6.0,32.0,11.0,,,,,,,,,,,
macd_crossover,BNB-USDT,1d,,,,2591.9,18.481,-0.63,91.5,83.51,141,1.0,4110.75,6.0,35.0,5.0,,,,,,,,,,,
macd_crossover,BNB-USDT,1d,,,,1638.79,18.589,-0.5,94.0,172.26,117,1.0,3272.97,6.0,35.0,7.0,,,,,,,,,,,
macd_crossover,BNB-USDT,1d,,,,1076.61,18.207,-3.05,89.1,28.28,101,1.0,353.1,6.0,35.0,9.0,,,,,,,,,,,
macd_crossover,BNB-USDT,1d,,,,1157.86,20.101,-3.05,94.7,49.67,95,1.0,379.75,6.0,35.0,11.0,,,,,,,,,,,
macd_crossover,BNB-USDT,1d,,,,2467.24,17.944,-0.9,89.4,64.04,141,1.0,2739.3,8.0,20.0,5.0,,,,,,,,,,,
macd_crossover,BNB-USDT,1d,,,,1387.43,18.054,-1.15,88.2,49.55,119,1.0,1203.59,8.0,20.0,7.0,,,,,,,,,,,
macd_crossover,BNB-USDT,1d,,,,1102.51,17.712,-3.05,89.3,31.52,103,1.0,361.6,8.0,20.0,9.0,,,,,,,,,,,
macd_crossover,BNB-USDT,1d,,,,1176.09,17.82,-3.05,86.7,27.42,105,1.0,385.73,8.0,20.0,11.0,,,,,,,,,,,
macd_crossover,BNB-USDT,1d,,,,2383.34,18.185,-1.7,89.1,55.41,137,1.0,1397.87,8.0,23.0,5.0,,,,,,,,,,,
macd_crossover,BNB-USDT,1d,,,,1204.91,18.156,-5.49,90.8,29.97,109,1.0,219.65,8.0,23.0,7.0,,,,,,,,,,,
macd_crossover,BNB-USDT,1d,,,,1186.36,17.705,-3.05,88.1,31.17,109,1.0,389.1,8.0,23.0,9.0,,,,,,,,,,,
macd_crossover,BNB-USDT,1d,,,,853.89,17.208,-3.05,89.2,22.23,93,1.0,280.06,8.0,23.0,11.0,,,,,,,,,,,
macd_crossover,BNB-USDT,1d,,,,1711.24,17.474,-1.7,88.0,42.92,125,1.0,1003.67,8.0,26.0,5.0,,,,,,,,,,,
macd_crossover,BNB-USDT,1d,,,,1425.6,18.711,-0.94,91.6,108.72,107,1.0,1511.76,8.0,26.0,7.0,,,,,,,,,,,
macd_crossover,BNB-USDT,1d,,,,1225.07,18.254,-3.05,88.3,25.05,103,1.0,401.79,8.0,26.0,9.0,,,,,,,,,,,
macd_crossover,BNB-USDT,1d,,,,961.73,19.968,-3.05,93.3,50.59,89,1.0,315.42,8.0,26.0,11.0,,,,,,,,,,,
macd_crossover,BNB-USDT,1d,,,,1706.56,17.815,-1.15,90.2,58.58,123,1.0,1480.44,8.0,29.0,5.0,,,,,,,,,,,
macd_crossover,BNB-USDT,1d,,,,1269.93,18.081,-3.05,89.2,41.59,111,1.0,416.51,8.0,29.0,7.0,,,,,,,,,,,
macd_crossover,BNB-USDT,1d,,,,1112.67,18.523,-3.05,91.8,25.97,97,1.0,364.93,8.0,29.0,9.0,,,,,,,,,,,
macd_crossover,BNB-USDT,1d,,,,885.98,19.88,-3.05,94.3,60.01,87,1.0,290.58,8.0,29.0,11.0,,,,,,,,,,,
macd_crossover,BNB-USDT,1d,,,,1481.3,19.273,-0.62,93.3,123.76,119,1.0,2383.8,8.0,32.0,5.0,,,,,,,,,,,
macd_crossover,BNB-USDT,1d,,,,1203.51,19.127,-3.05,90.3,42.8,103,1.0,394.72,8.0,32.0,7.0,,,,,,,,,,,
macd_crossover,BNB-USDT,1d,,,,1089.36,19.349,-3.05,92.6,41.8,95,1.0,357.29,8.0,32.0,9.0,,,,,,,,,,,
macd_crossover,BNB-USDT,1d,,,,788.13,19.303,-3.05,91.6,49.96,83,1.0,258.49,8.0,32.0,11.0,,,,,,,,,,,
macd_crossover,BNB-USDT,1d,,,,1519.24,17.932,-0.5,94.0,148.02,117,1.0,3034.2,8.0,35.0,5.0,,,,,,,,,,,
macd_crossover,BNB-USDT,1d,,,,1208.82,18.398,-3.05,89.1,27.61,101,1.0,396.46,8.0,35.0,7.0,,,,,,,,,,,
macd_crossover,BNB-USDT,1d,,,,983.94,20.007,-3.05,93.4,46.95,91,1.0,322.71,8.0,35.0,9.0,,,,,,,,,,,
macd_crossover,BNB-USDT,1d,,,,709.24,18.908,-3.05,89.2,34.61,83,1.0,232.61,8.0,35.0,11.0,,,,,,,,,,,
macd_crossover,BNB-USDT,1d,,,,1725.01,17.198,-1.7,88.0,43.36,125,1.0,1011.75,10.0,20.0,5.0,,,,,,,,,,,
macd_crossover,BNB-USDT,1d,,,,1143.65,18.114,-3.05,90.3,36.97,103,1.0,375.09,10.0,20.0,7.0,,,,,,,,,,,
macd_crossover,BNB-USDT,1d,,,,1071.36,16.79,-3.3,85.7,18.82,105,1.0,324.79,10.0,20.0,9.0,,,,,,,,,,,
macd_crossover,BNB-USDT,1d,,,,934.3,19.727,-3.05,93.3,47.88,89,1.0,306.43,10.0,20.0,11.0,,,,,,,,,,,
macd_crossover,BNB-USDT,1d,,,,1304.97,18.405,-1.7,90.4,42.38,115,1.0,765.39,10.0,23.0,5.0,,,,,,,,,,,
macd_crossover,BNB-USDT,1d,,,,1315.16,18.581,-3.05,89.9,38.72,109,1.0,431.34,10.0,23.0,7.0,,,,,,,,,,,
macd_crossover,BNB-USDT,1d,,,,954.26,18.276,-3.05,92.5,25.85,93,1.0,312.97,10.0,23.0,9.0,,,,,,,,,,,
macd_crossover,BNB-USDT,1d,,,,738.54,18.294,-3.05,90.4,29.97,83,1.0,242.22,10.0,23.0,11.0,,,,,,,,,,,
macd_crossover,BNB-USDT,1d,,,,1344.66,17.562,-3.77,91.9,49.08,111,1.0,357.05,10.0,26.0,5.0,,,,,,,,,,,
macd_crossover,BNB-USDT,1d,,,,1208.27,17.84,-3.05,87.4,24.6,103,1.0,396.28,10.0,26.0,7.0,,,,,,,,,,,
macd_crossover,BNB-USDT,1d,,,,920.17,19.582,-3.05,93.3,49.75,89,1.0,301.79,10.0,26.0,9.0,,,,,,,,,,,
macd_crossover,BNB-USDT,1d,,,,466.62,16.71,-5.23,83.5,13.99,79,1.0,89.23,10.0,26.0,11.0,,,,,,,,,,,
macd_crossover,BNB-USDT,1d,,,,1267.42,17.725,-0.94,90.7,77.81,107,1.0,1344.02,10.0,29.0,5.0,,,,,,,,,,,
macd_crossover,BNB-USDT,1d,,,,1195.18,18.949,-3.05,91.9,29.88,99,1.0,391.99,10.0,29.0,7.0,,,,,,,,,,,
macd_crossover,BNB-USDT,1d,,,,829.97,19.136,-3.05,93.1,51.65,87,1.0,272.21,10.0,29.0,9.0,,,,,,,,,,,
macd_crossover,BNB-USDT,1d,,,,401.46,16.997,-5.08,85.7,12.24,77,1.0,79.0,10.0,29.0,11.0,,,,,,,,,,,
macd_crossover,BNB-USDT,1d,,,,1400.51,18.379,-0.94,90.8,66.92,109,1.0,1483.01,10.0,32.0,5.0,,,,,,,,,,,
macd_crossover,BNB-USDT,1d,,,,1098.32,19.109,-3.05,93.7,36.34,95,1.0,360.22,10.0,32.0,7.0,,,,,,,,,,,
macd_crossover,BNB-USDT,1d,,,,758.22,18.741,-3.05,90.4,37.41,83,1.0,248.68,10.0,32.0,9.0,,,,,,,,,,,
macd_crossover,BNB-USDT,1d,,,,411.3,18.594,-2.18,86.3,17.3,73,1.0,188.97,10.0,32.0,11.0,,,,,,,,,,,
macd_crossover,BNB-USDT,1d,,,,1393.55,18.197,-2.81,91.7,46.79,109,1.0,495.57,10.0,35.0,5.0,,,,,,,,,,,
macd_crossover,BNB-USDT,1d,,,,1044.57,19.668,-3.05,93.5,42.73,93,1.0,342.59,10.0,35.0,7.0,,,,,,,,,,,
macd_crossover,BNB-USDT,1d,,,,627.17,22.006,-1.48,90.1,61.88,81,1.0,422.97,10.0,35.0,9.0,,,,,,,,,,,
macd_crossover,BNB-USDT,1d,,,,362.75,18.862,-1.66,90.1,29.97,71,1.0,218.81,10.0,35.0,11.0,,,,,,,,,,,
macd_crossover,BNB-USDT,1d,,,,1121.37,18.462,-3.87,90.7,35.62,107,1.0,290.11,12.0,20.0,5.0,,,,,,,,,,,
macd_crossover,BNB-USDT,1d,,,,1207.94,17.476,-3.05,86.9,27.36,107,1.0,396.18,12.0,20.0,7.0,,,,,,,,,,,
macd_crossover,BNB-USDT,1d,,,,983.22,19.543,-3.05,93.4,48.82,91,1.0,322.47,12.0,20.0,9.0,,,,,,,,,,,
macd_crossover,BNB-USDT,1d,,,,470.22,17.798,-3.05,85.7,18.79,77,1.0,154.3,12.0,20.0,11.0,,,,,,,,,,,
macd_crossover,BNB-USDT,1d,,,,1491.11,18.469,-0.94,91.0,82.22,111,1.0,1581.23,12.0,23.0,5.0,,,,,,,,,,,
macd_crossover,BNB-USDT,1d,,,,1062.86,18.054,-3.05,89.9,25.87,99,1.0,348.59,12.0,23.0,7.0,,,,,,,,,,,
macd_crossover,BNB-USDT,1d,,,,828.74,19.428,-3.05,92.9,48.42,85,1.0,271.81,12.0,23.0,9.0,,,,,,,,,,,
macd_crossover,BNB-USDT,1d,,,,360.91,16.108,-5.08,84.4,13.45,77,1.0,71.02,12.0,23.0,11.0,,,,,,,,,,,
macd_crossover,BNB-USDT,1d,,,,1352.33,17.861,-0.94,89.9,78.12,109,1.0,1431.99,12.0,26.0,5.0,,,,,,,,,,,
macd_crossover,BNB-USDT,1d,,,,1150.76,19.597,-3.05,91.6,32.99,95,1.0,377.42,12.0,26.0,7.0,,,,,,,,,,,
macd_crossover,BNB-USDT,1d,,,,618.29,20.439,-2.18,88.9,38.76,81,1.0,284.08,12.0,26.0,9.0,,,,,,,,,,,
macd_crossover,BNB-USDT,1d,,,,349.64,17.727,-2.12,87.3,20.07,71,1.0,164.92,12.0,26.0,11.0,,,,,,,,,,,
macd_crossover,BNB-USDT,1d,,,,1103.12,18.387,-3.05,90.1,29.32,101,1.0,361.8,12.0,29.0,5.0,,,,,,,,,,,
macd_crossover,BNB-USDT,1d,,,,943.89,19.678,-3.05,93.4,58.09,91,1.0,309.57,12.0,29.0,7.0,,,,,,,,,,,
macd_crossover,BNB-USDT,1d,,,,464.55,17.684,-5.08,86.1,14.42,79,1.0,91.41,12.0,29.0,9.0,,,,,,,,,,,
macd_crossover,BNB-USDT,1d,,,,267.21,14.858,-9.65,88.1,10.61,67,1.0,27.68,12.0,29.0,11.0,,,,,,,,,,,
macd_crossover,BNB-USDT,1d,,,,1187.14,18.713,-3.05,92.9,31.84,99,1.0,389.35,12.0,32.0,5.0,,,,,,,,,,,
macd_crossover,BNB-USDT,1d,,,,765.62,18.748,-3.05,90.6,47.0,85,1.0,251.1,12.0,32.0,7.0,,,,,,,,,,,
macd_crossover,BNB-USDT,1d,,,,406.32,17.82,-2.18,85.3,14.45,75,1.0,186.69,12.0,32.0,9.0,,,,,,,,,,,
macd_crossover,BNB-USDT,1d,,,,255.89,12.869,-9.65,84.5,7.21,71,1.0,26.51,12.0,32.0,11.0,,,,,,,,,,,
macd_crossover,BNB-USDT,1d,,,,1267.76,19.532,-3.05,93.9,43.67,99,1.0,415.8,12.0,35.0,5.0,,,,,,,,,,,
macd_crossover,BNB-USDT,1d,,,,782.81,18.448,-3.05,89.4,34.8,85,1.0,256.74,12.0,35.0,7.0,,,,,,,,,,,
macd_crossover,BNB-USDT,1d,,,,369.05,18.017,-2.18,87.7,20.46,73,1.0,169.56,12.0,35.0,9.0,,,,,,,,,,,
macd_crossover,BNB-USDT,1d,,,,260.21,13.226,-9.65,84.1,7.09,69,1.0,26.96,12.0,35.0,11.0,,,,,,,,,,,
macd_crossover,BNB-USDT,1d,,,,1588.2,18.632,-0.94,90.3,82.44,113,1.0,1684.19,14.0,20.0,5.0,,,,,,,,,,,
macd_crossover,BNB-USDT,1d,,,,1025.74,17.697,-3.05,88.9,22.64,99,1.0,336.42,14.0,20.0,7.0,,,,,,,,,,,
macd_crossover,BNB-USDT,1d,,,,671.52,17.989,-3.05,90.1,26.67,81,1.0,220.24,14.0,20.0,9.0,,,,,,,,,,,
macd_crossover,BNB-USDT,1d,,,,355.75,15.982,-5.08,82.7,11.59,75,1.0,70.0,14.0,20.0,11.0,,,,,,,,,,,
macd_crossover,BNB-USDT,1d,,,,1169.05,17.755,-3.05,87.9,32.56,107,1.0,383.42,14.0,23.0,5.0,,,,,,,,,,,
macd_crossover,BNB-USDT,1d,,,,1078.31,20.273,-3.05,93.4,52.78,91,1.0,353.66,14.0,23.0,7.0,,,,,,,,,,,
macd_crossover,BNB-USDT,1d,,,,432.56,16.019,-5.08,83.1,11.56,77,1.0,85.12,14.0,23.0,9.0,,,,,,,,,,,
macd_crossover,BNB-USDT,1d,,,,277.42,14.466,-9.65,85.5,9.24,69,1.0,28.74,14.0,23.0,11.0,,,,,,,,,,,
macd_crossover,BNB-USDT,1d,,,,1126.25,18.222,-3.05,90.9,27.6,99,1.0,369.38,14.0,26.0,5.0,,,,,,,,,,,
macd_crossover,BNB-USDT,1d,,,,791.67,18.635,-3.05,92.0,42.86,87,1.0,259.65,14.0,26.0,7.0,,,,,,,,,,,
macd_crossover,BNB-USDT,1d,,,,391.74,17.267,-3.05,85.3,13.96,75,1.0,128.55,14.0,26.0,9.0,,,,,,,,,,,
macd_crossover,BNB-USDT,1d,,,,298.22,14.513,-9.65,87.3,10.35,71,1.0,30.89,14.0,26.0,11.0,,,,,,,,,,,
macd_crossover,BNB-USDT,1d,,,,1265.89,19.165,-3.05,94.1,43.64,101,1.0,415.18,14.0,29.0,5.0,,,,,,,,,,,
macd_crossover,BNB-USDT,1d,,,,778.45,19.085,-3.05,91.6,37.8,83,1.0,255.31,14.0,29.0,7.0,,,,,,,,,,,
macd_crossover,BNB-USDT,1d,,,,321.4,16.757,-3.05,84.1,13.8,69,1.0,105.47,14.0,29.0,9.0,,,,,,,,,,,
macd_crossover,BNB-USDT,1d,,,,304.09,18.217,-3.34,90.8,21.35,65,1.0,91.16,14.0,29.0,11.0,,,,,,,,,,,
macd_crossover,BNB-USDT,1d,,,,1219.24,20.713,-3.05,95.8,50.58,95,1.0,399.88,14.0,32.0,5.0,,,,,,,,,,,
macd_crossover,BNB-USDT,1d,,,,520.58,19.63,-5.08,89.6,23.02,77,1.0,102.44,14.0,32.0,7.0,,,,,,,,,,,
macd_crossover,BNB-USDT,1d,,,,310.48,14.456,-9.65,87.7,9.6,73,1.0,32.16,14.0,32.0,9.0,,,,,,,,,,,
macd_crossover,BNB-USDT,1d,,,,206.19,13.528,-3.34,81.5,9.1,65,1.0,61.81,14.0,32.0,11.0,,,,,,,,,,,
macd_crossover,BNB-USDT,1d,,,,1163.27,20.476,-3.05,94.6,44.42,93,1.0,381.53,14.0,35.0,5.0,,,,,,,,,,,
macd_crossover,BNB-USDT,1d,,,,407.48,17.075,-5.08,88.3,14.72,77,1.0,80.18,14.0,35.0,7.0,,,,,,,,,,,
macd_crossover,BNB-USDT,1d,,,,287.49,14.346,-9.65,87.0,8.84,69,1.0,29.78,14.0,35.0,9.0,,,,,,,,,,,
macd_crossover,BNB-USDT,1d,,,,190.8,13.429,-3.34,81.0,9.98,63,1.0,57.2,14.0,35.0,11.0,,,,,,,,,,,
bb_reversion,BNB-USDT,1d,15.0,,,-99.96,-17.634,-99.96,0.0,0.0,110,2.4,-1.0,,,,1.5,,,,,,,,,,
bb_reversion,BNB-USDT,1d,15.0,,,-99.13,-26.368,-99.13,0.0,0.0,65,1.6,-1.0,,,,2.0,,,,,,,,,,
bb_reversion,BNB-USDT,1d,15.0,,,-87.1,-36.244,-87.1,0.0,0.0,20,1.5,-1.0,,,,2.5,,,,,,,,,,
bb_reversion,BNB-USDT,1d,15.0,,,-38.04,-77.44,-38.04,0.0,0.0,5,1.2,-1.0,,,,3.0,,,,,,,,,,
bb_reversion,BNB-USDT,1d,17.0,,,-99.94,-17.056,-99.94,0.0,0.0,105,2.6,-1.0,,,,1.5,,,,,,,,,,
bb_reversion,BNB-USDT,1d,17.0,,,-99.22,-25.761,-99.22,0.0,0.0,63,1.8,-1.0,,,,2.0,,,,,,,,,,
bb_reversion,BNB-USDT,1d,17.0,,,-92.5,-35.658,-92.5,0.0,0.0,26,1.4,-1.0,,,,2.5,,,,,,,,,,
bb_reversion,BNB-USDT,1d,17.0,,,-56.71,-58.101,-56.71,0.0,0.0,9,1.0,-1.0,,,,3.0,,,,,,,,,,
bb_reversion,BNB-USDT,1d,19.0,,,-99.94,-17.103,-99.94,0.0,0.0,100,2.8,-1.0,,,,1.5,,,,,,,,,,
bb_reversion,BNB-USDT,1d,19.0,,,-99.16,-26.044,-99.16,0.0,0.0,63,1.9,-1.0,,,,2.0,,,,,,,,,,
bb_reversion,BNB-USDT,1d,19.0,,,-93.39,-36.33,-93.39,0.0,0.0,27,1.5,-1.0,,,,2.5,,,,,,,,,,
bb_reversion,BNB-USDT,1d,19.0,,,-57.0,-53.726,-57.0,0.0,0.0,10,1.0,-1.0,,,,3.0,,,,,,,,,,
bb_reversion,BNB-USDT,1d,21.0,,,-99.91,-16.776,-99.91,0.0,0.0,93,2.9,-1.0,,,,1.5,,,,,,,,,,
bb_reversion,BNB-USDT,1d,21.0,,,-99.12,-19.745,-99.12,0.0,0.0,55,2.2,-1.0,,,,2.0,,,,,,,,,,
bb_reversion,BNB-USDT,1d,21.0,,,-93.64,-37.283,-93.64,0.0,0.0,29,1.5,-1.0,,,,2.5,,,,,,,,,,
bb_reversion,BNB-USDT,1d,21.0,,,-67.74,-51.621,-67.74,0.0,0.0,13,1.1,-1.0,,,,3.0,,,,,,,,,,
bb_reversion,BNB-USDT,1d,23.0,,,-99.86,-16.182,-99.86,0.0,0.0,84,3.3,-1.0,,,,1.5,,,,,,,,,,
bb_reversion,BNB-USDT,1d,23.0,,,-98.97,-17.849,-98.97,0.0,0.0,54,2.4,-1.0,,,,2.0,,,,,,,,,,
bb_reversion,BNB-USDT,1d,23.0,,,-93.11,-31.05,-93.11,0.0,0.0,32,1.3,-1.0,,,,2.5,,,,,,,,,,
bb_reversion,BNB-USDT,1d,23.0,,,-60.82,-62.273,-60.82,0.0,0.0,10,1.1,-1.0,,,,3.0,,,,,,,,,,
bb_reversion,BNB-USDT,1d,25.0,,,-99.84,-15.305,-99.84,0.0,0.0,82,3.4,-1.0,,,,1.5,,,,,,,,,,
bb_reversion,BNB-USDT,1d,25.0,,,-98.98,-17.979,-98.98,0.0,0.0,56,2.3,-1.0,,,,2.0,,,,,,,,,,
bb_reversion,BNB-USDT,1d,25.0,,,-93.91,-31.162,-93.91,0.0,0.0,32,1.6,-1.0,,,,2.5,,,,,,,,,,
bb_reversion,BNB-USDT,1d,25.0,,,-68.62,-59.162,-68.62,0.0,0.0,13,1.2,-1.0,,,,3.0,,,,,,,,,,
ema_crossover,BNB-USDT,1d,,,,1202.59,6.505,-7.54,60.0,8.92,60,18.2,159.43,5.0,25.0,,,,,,,,,,,,
ema_crossover,BNB-USDT,1d,,,,982.21,6.156,-11.66,58.3,7.88,60,18.2,84.23,5.0,30.0,,,,,,,,,,,,
ema_crossover,BNB-USDT,1d,,,,920.43,5.448,-10.61,63.5,10.25,52,21.0,86.77,5.0,35.0,,,,,,,,,,,,
ema_crossover,BNB-USDT,1d,,,,1104.95,5.624,-11.79,61.4,15.21,44,24.8,93.72,5.0,40.0,,,,,,,,,,,,
ema_crossover,BNB-USDT,1d,,,,1044.27,5.908,-10.79,57.9,16.44,38,28.8,96.79,5.0,45.0,,,,,,,,,,,,
ema_crossover,BNB-USDT,1d,,,,847.59,5.763,-13.95,55.6,11.91,36,30.4,60.78,5.0,50.0,,,,,,,,,,,,
ema_crossover,BNB-USDT,1d,,,,700.48,6.131,-11.07,62.0,6.62,50,21.9,63.3,8.0,25.0,,,,,,,,,,,,
ema_crossover,BNB-USDT,1d,,,,892.63,6.346,-8.98,70.0,10.59,40,27.3,99.4,8.0,30.0,,,,,,,,,,,,
ema_crossover,BNB-USDT,1d,,,,995.2,5.969,-9.45,68.4,12.72,38,28.8,105.36,8.0,35.0,,,,,,,,,,,,
ema_crossover,BNB-USDT,1d,,,,665.59,6.019,-13.02,53.3,8.49,30,36.4,51.13,8.0,40.0,,,,,,,,,,,,
ema_crossover,BNB-USDT,1d,,,,719.59,6.029,-11.97,56.7,10.7,30,36.4,60.14,8.0,45.0,,,,,,,,,,,,
ema_crossover,BNB-USDT,1d,,,,661.45,6.193,-10.91,53.6,10.74,28,39.0,60.64,8.0,50.0,,,,,,,,,,,,
ema_crossover,BNB-USDT,1d,,,,757.28,6.236,-17.9,55.6,8.02,36,30.4,42.3,11.0,25.0,,,,,,,,,,,,
ema_crossover,BNB-USDT,1d,,,,594.48,5.563,-23.1,53.1,6.42,32,34.2,25.74,11.0,30.0,,,,,,,,,,,,
ema_crossover,BNB-USDT,1d,,,,519.94,5.711,-25.35,46.4,6.09,28,39.0,20.51,11.0,35.0,,,,,,,,,,,,
ema_crossover,BNB-USDT,1d,,,,552.5,5.906,-19.32,50.0,6.77,28,39.0,28.59,11.0,40.0,,,,,,,,,,,,
ema_crossover,BNB-USDT,1d,,,,662.19,6.452,-9.67,53.8,12.0,26,42.0,68.46,11.0,45.0,,,,,,,,,,,,
ema_crossover,BNB-USDT,1d,,,,651.81,6.819,-11.04,58.3,12.17,24,45.5,59.05,11.0,50.0,,,,,,,,,,,,
ema_crossover,BNB-USDT,1d,,,,554.21,5.492,-23.75,52.9,6.1,34,32.1,23.34,14.0,25.0,,,,,,,,,,,,
ema_crossover,BNB-USDT,1d,,,,477.65,5.659,-26.01,46.4,5.5,28,39.0,18.36,14.0,30.0,,,,,,,,,,,,
ema_crossover,BNB-USDT,1d,,,,536.6,5.603,-19.68,53.3,5.97,30,36.4,27.26,14.0,35.0,,,,,,,,,,,,
ema_crossover,BNB-USDT,1d,,,,410.29,5.261,-27.14,46.7,5.01,30,36.4,15.12,14.0,40.0,,,,,,,,,,,,
ema_crossover,BNB-USDT,1d,,,,519.51,6.959,-12.78,50.0,10.49,20,54.6,40.65,14.0,45.0,,,,,,,,,,,,
ema_crossover,BNB-USDT,1d,,,,512.5,6.818,-13.09,65.0,10.76,20,54.6,39.15,14.0,50.0,,,,,,,,,,,,
ema_crossover,BNB-USDT,1d,,,,570.7,6.331,-20.92,46.2,6.92,26,42.0,27.28,17.0,25.0,,,,,,,,,,,,
ema_crossover,BNB-USDT,1d,,,,530.79,6.021,-25.04,46.2,6.3,26,42.0,21.2,17.0,30.0,,,,,,,,,,,,
ema_crossover,BNB-USDT,1d,,,,546.79,6.04,-23.29,53.6,7.56,28,39.0,23.48,17.0,35.0,,,,,,,,,,,,
ema_crossover,BNB-USDT,1d,,,,566.29,6.818,-13.97,63.6,10.96,22,49.7,40.53,17.0,40.0,,,,,,,,,,,,
ema_crossover,BNB-USDT,1d,,,,454.68,6.881,-17.67,55.6,8.79,18,60.7,25.73,17.0,45.0,,,,,,,,,,,,
ema_crossover,BNB-USDT,1d,,,,514.74,7.681,-13.5,50.0,12.03,16,68.3,38.13,17.0,50.0,,,,,,,,,,,,
ema_crossover,BNB-USDT,1d,,,,570.02,6.188,-22.01,46.2,6.88,26,42.0,25.89,20.0,25.0,,,,,,,,,,,,
ema_crossover,BNB-USDT,1d,,,,504.39,5.845,-22.95,50.0,6.7,28,39.0,21.98,20.0,30.0,,,,,,,,,,,,
ema_crossover,BNB-USDT,1d,,,,580.42,7.236,-14.14,60.0,11.6,20,54.6,41.05,20.0,35.0,,,,,,,,,,,,
ema_crossover,BNB-USDT,1d,,,,427.85,6.726,-17.98,50.0,8.33,18,60.7,23.79,20.0,40.0,,,,,,,,,,,,
ema_crossover,BNB-USDT,1d,,,,410.05,7.057,-11.99,56.2,8.91,16,68.3,34.19,20.0,45.0,,,,,,,,,,,,
ema_crossover,BNB-USDT,1d,,,,441.52,7.85,-12.03,57.1,13.13,14,78.1,36.69,20.0,50.0,,,,,,,,,,,,
stoch_rsi,BNB-USDT,1d,7.0,15.0,75.0,123.6,7.73,-4.44,70.0,3.13,110,1.0,27.85,,,,,3.0,3.0,,,,,,,,
stoch_rsi,BNB-USDT,1d,7.0,15.0,80.0,96.34,7.08,-5.2,68.7,2.93,99,1.0,18.54,,,,,3.0,3.0,,,,,,,,
stoch_rsi,BNB-USDT,1d,7.0,15.0,85.0,83.63,7.359,-4.46,69.4,3.07,85,1.0,18.77,,,,,3.0,3.0,,,,,,,,
stoch_rsi,BNB-USDT,1d,7.0,20.0,75.0,103.02,5.874,-9.59,68.7,2.4,115,1.0,10.75,,,,,3.0,3.0,,,,,,,,
stoch_rsi,BNB-USDT,1d,7.0,20.0,80.0,78.27,5.206,-10.73,67.3,2.21,104,1.0,7.29,,,,,3.0,3.0,,,,,,,,
stoch_rsi,BNB-USDT,1d,7.0,20.0,85.0,66.73,5.203,-10.88,67.8,2.21,90,1.0,6.13,,,,,3.0,3.0,,,,,,,,
stoch_rsi,BNB-USDT,1d,7.0,25.0,75.0,136.74,5.741,-9.59,67.5,2.55,123,1.0,14.26,,,,,3.0,3.0,,,,,,,,
stoch_rsi,BNB-USDT,1d,7.0,25.0,80.0,107.88,5.223,-10.73,66.1,2.39,112,1.0,10.05,,,,,3.0,3.0,,,,,,,,
stoch_rsi,BNB-USDT,1d,7.0,25.0,85.0,94.42,5.248,-10.88,66.3,2.41,98,1.0,8.68,,,,,3.0,3.0,,,,,,,,
stoch_rsi,BNB-USDT,1d,9.0,15.0,75.0,136.01,6.966,-8.32,63.9,2.68,97,1.0,16.34,,,,,3.0,3.0,,,,,,,,
stoch_rsi,BNB-USDT,1d,9.0,15.0,80.0,95.61,5.908,-8.32,62.6,2.33,91,1.0,11.49,,,,,3.0,3.0,,,,,,,,
stoch_rsi,BNB-USDT,1d,9.0,15.0,85.0,86.19,5.686,-8.32,60.0,2.23,85,1.0,10.36,,,,,3.0,3.0,,,,,,,,
stoch_rsi,BNB-USDT,1d,9.0,20.0,75.0,146.84,6.202,-10.56,65.1,2.39,109,1.0,13.91,,,,,3.0,3.0,,,,,,,,
stoch_rsi,BNB-USDT,1d,9.0,20.0,80.0,104.59,5.274,-10.56,64.1,2.11,103,1.0,9.91,,,,,3.0,3.0,,,,,,,,
stoch_rsi,BNB-USDT,1d,9.0,20.0,85.0,94.74,5.082,-10.56,61.9,2.04,97,1.0,8.98,,,,,3.0,3.0,,,,,,,,
stoch_rsi,BNB-USDT,1d,9.0,25.0,75.0,196.81,6.478,-14.42,65.3,2.45,124,1.0,13.65,,,,,3.0,3.0,,,,,,,,
stoch_rsi,BNB-USDT,1d,9.0,25.0,80.0,146.01,5.689,-14.42,64.4,2.21,118,1.0,10.13,,,,,3.0,3.0,,,,,,,,
stoch_rsi,BNB-USDT,1d,9.0,25.0,85.0,134.16,5.538,-14.42,62.5,2.15,112,1.0,9.3,,,,,3.0,3.0,,,,,,,,
stoch_rsi,BNB-USDT,1d,11.0,15.0,75.0,147.66,7.666,-12.99,64.1,2.99,103,1.0,11.37,,,,,3.0,3.0,,,,,,,,
stoch_rsi,BNB-USDT,1d,11.0,15.0,80.0,105.1,6.614,-12.99,62.1,2.6,95,1.0,8.09,,,,,3.0,3.0,,,,,,,,
stoch_rsi,BNB-USDT,1d,11.0,15.0,85.0,87.61,6.358,-11.41,61.4,2.53,83,1.0,7.68,,,,,3.0,3.0,,,,,,,,
stoch_rsi,BNB-USDT,1d,11.0,20.0,75.0,158.3,6.775,-11.29,63.9,2.66,119,1.0,14.02,,,,,3.0,3.0,,,,,,,,
stoch_rsi,BNB-USDT,1d,11.0,20.0,80.0,113.91,5.849,-11.29,62.2,2.35,111,1.0,10.09,,,,,3.0,3.0,,,,,,,,
stoch_rsi,BNB-USDT,1d,11.0,20.0,85.0,95.67,5.587,-9.68,61.6,2.27,99,1.0,9.89,,,,,3.0,3.0,,,,,,,,
stoch_rsi,BNB-USDT,1d,11.0,25.0,75.0,187.03,6.996,-7.18,64.8,2.74,128,1.0,26.04,,,,,3.0,3.0,,,,,,,,
stoch_rsi,BNB-USDT,1d,11.0,25.0,80.0,137.7,6.149,-9.14,63.3,2.44,120,1.0,15.07,,,,,3.0,3.0,,,,,,,,
stoch_rsi,BNB-USDT,1d,11.0,25.0,85.0,117.43,5.93,-9.14,63.0,2.38,108,1.0,12.85,,,,,3.0,3.0,,,,,,,,
stoch_rsi,BNB-USDT,1d,13.0,15.0,75.0,207.97,10.738,-6.33,75.0,4.35,104,1.0,32.85,,,,,3.0,3.0,,,,,,,,
stoch_rsi,BNB-USDT,1d,13.0,15.0,80.0,165.58,10.264,-6.33,74.0,3.99,96,1.0,26.15,,,,,3.0,3.0,,,,,,,,
stoch_rsi,BNB-USDT,1d,13.0,15.0,85.0,143.47,9.95,-7.55,74.2,3.81,89,1.0,19.01,,,,,3.0,3.0,,,,,,,,
stoch_rsi,BNB-USDT,1d,13.0,20.0,75.0,208.14,9.984,-6.33,73.2,3.96,112,1.0,32.87,,,,,3.0,3.0,,,,,,,,
stoch_rsi,BNB-USDT,1d,13.0,20.0,80.0,165.73,9.49,-6.33,72.1,3.62,104,1.0,26.18,,,,,3.0,3.0,,,,,,,,
stoch_rsi,BNB-USDT,1d,13.0,20.0,85.0,143.6,9.161,-7.55,72.2,3.46,97,1.0,19.02,,,,,3.0,3.0,,,,,,,,
stoch_rsi,BNB-USDT,1d,13.0,25.0,75.0,272.67,10.741,-6.33,74.2,4.35,120,1.0,43.07,,,,,3.0,3.0,,,,,,,,
stoch_rsi,BNB-USDT,1d,13.0,25.0,80.0,221.37,10.336,-6.33,73.2,4.03,112,1.0,34.97,,,,,3.0,3.0,,,,,,,,
stoch_rsi,BNB-USDT,1d,13.0,25.0,85.0,194.62,10.079,-7.55,73.3,3.89,105,1.0,25.78,,,,,3.0,3.0,,,,,,,,
stoch_rsi,BNB-USDT,1d,15.0,15.0,75.0,139.97,8.869,-6.37,65.2,3.55,89,1.0,21.96,,,,,3.0,3.0,,,,,,,,
stoch_rsi,BNB-USDT,1d,15.0,15.0,80.0,127.15,8.635,-6.37,64.4,3.39,87,1.0,19.95,,,,,3.0,3.0,,,,,,,,
stoch_rsi,BNB-USDT,1d,15.0,15.0,85.0,98.5,7.965,-7.06,63.3,3.07,79,1.0,13.95,,,,,3.0,3.0,,,,,,,,
stoch_rsi,BNB-USDT,1d,15.0,20.0,75.0,167.48,8.775,-5.9,64.4,3.45,101,1.0,28.38,,,,,3.0,3.0,,,,,,,,
stoch_rsi,BNB-USDT,1d,15.0,20.0,80.0,153.19,8.567,-5.9,63.6,3.31,99,1.0,25.96,,,,,3.0,3.0,,,,,,,,
stoch_rsi,BNB-USDT,1d,15.0,20.0,85.0,121.25,7.982,-6.59,62.6,3.03,91,1.0,18.4,,,,,3.0,3.0,,,,,,,,
stoch_rsi,BNB-USDT,1d,15.0,25.0,75.0,212.96,9.073,-5.43,65.5,3.79,110,1.0,39.25,,,,,3.0,3.0,,,,,,,,
stoch_rsi,BNB-USDT,1d,15.0,25.0,80.0,196.24,8.89,-5.43,64.8,3.66,108,1.0,36.17,,,,,3.0,3.0,,,,,,,,
stoch_rsi,BNB-USDT,1d,15.0,25.0,85.0,158.87,8.392,-6.12,64.0,3.39,100,1.0,25.97,,,,,3.0,3.0,,,,,,,,
stoch_rsi,BNB-USDT,1d,17.0,15.0,75.0,185.57,7.688,-7.95,68.0,2.97,103,1.0,23.33,,,,,3.0,3.0,,,,,,,,
stoch_rsi,BNB-USDT,1d,17.0,15.0,80.0,164.3,7.471,-7.95,68.0,2.87,100,1.0,20.65,,,,,3.0,3.0,,,,,,,,
stoch_rsi,BNB-USDT,1d,17.0,15.0,85.0,113.46,6.363,-7.95,65.6,2.48,90,1.0,14.26,,,,,3.0,3.0,,,,,,,,
stoch_rsi,BNB-USDT,1d,17.0,20.0,75.0,209.17,7.987,-7.95,67.9,3.11,109,1.0,26.3,,,,,3.0,3.0,,,,,,,,
stoch_rsi,BNB-USDT,1d,17.0,20.0,80.0,186.14,7.794,-7.95,67.9,3.02,106,1.0,23.4,,,,,3.0,3.0,,,,,,,,
stoch_rsi,BNB-USDT,1d,17.0,20.0,85.0,131.1,6.745,-7.95,65.6,2.63,96,1.0,16.48,,,,,3.0,3.0,,,,,,,,
stoch_rsi,BNB-USDT,1d,17.0,25.0,75.0,226.86,7.939,-7.95,69.5,3.11,118,1.0,28.52,,,,,3.0,3.0,,,,,,,,
stoch_rsi,BNB-USDT,1d,17.0,25.0,80.0,202.52,7.759,-7.95,69.6,3.02,115,1.0,25.46,,,,,3.0,3.0,,,,,,,,
stoch_rsi,BNB-USDT,1d,17.0,25.0,85.0,144.32,6.769,-7.95,67.6,2.65,105,1.0,18.14,,,,,3.0,3.0,,,,,,,,
stoch_rsi,BNB-USDT,1d,19.0,15.0,75.0,238.95,9.854,-8.23,77.1,4.16,105,1.0,29.02,,,,,3.0,3.0,,,,,,,,
stoch_rsi,BNB-USDT,1d,19.0,15.0,80.0,203.41,9.55,-8.23,77.0,3.91,100,1.0,24.7,,,,,3.0,3.0,,,,,,,,
stoch_rsi,BNB-USDT,1d,19.0,15.0,85.0,193.56,10.09,-8.23,78.9,4.2,90,1.0,23.5,,,,,3.0,3.0,,,,,,,,
stoch_rsi,BNB-USDT,1d,19.0,20.0,75.0,250.63,9.746,-8.23,76.6,4.09,111,1.0,30.44,,,,,3.0,3.0,,,,,,,,
stoch_rsi,BNB-USDT,1d,19.0,20.0,80.0,213.87,9.452,-8.23,76.4,3.86,106,1.0,25.97,,,,,3.0,3.0,,,,,,,,
stoch_rsi,BNB-USDT,1d,19.0,20.0,85.0,203.68,9.952,-8.23,78.1,4.13,96,1.0,24.73,,,,,3.0,3.0,,,,,,,,
stoch_rsi,BNB-USDT,1d,19.0,25.0,75.0,338.31,9.865,-8.23,77.6,4.65,116,1.0,41.08,,,,,3.0,3.0,,,,,,,,
stoch_rsi,BNB-USDT,1d,19.0,25.0,80.0,292.36,9.598,-8.23,77.5,4.42,111,1.0,35.5,,,,,3.0,3.0,,,,,,,,
stoch_rsi,BNB-USDT,1d,19.0,25.0,85.0,279.61,10.072,-8.23,79.2,4.77,101,1.0,33.95,,,,,3.0,3.0,,,,,,,,
stoch_rsi,BNB-USDT,1d,21.0,15.0,75.0,204.81,9.591,-8.19,68.3,3.79,104,1.0,25.0,,,,,3.0,3.0,,,,,,,,
stoch_rsi,BNB-USDT,1d,21.0,15.0,80.0,158.42,9.136,-8.19,68.4,3.48,95,1.0,19.33,,,,,3.0,3.0,,,,,,,,
stoch_rsi,BNB-USDT,1d,21.0,15.0,85.0,119.49,8.081,-8.64,66.3,3.05,89,1.0,13.83,,,,,3.0,3.0,,,,,,,,
stoch_rsi,BNB-USDT,1d,21.0,20.0,75.0,220.19,9.743,-8.19,68.5,3.86,108,1.0,26.88,,,,,3.0,3.0,,,,,,,,
stoch_rsi,BNB-USDT,1d,21.0,20.0,80.0,171.46,9.319,-8.19,68.7,3.56,99,1.0,20.93,,,,,3.0,3.0,,,,,,,,
stoch_rsi,BNB-USDT,1d,21.0,20.0,85.0,130.57,8.307,-8.64,66.7,3.15,93,1.0,15.11,,,,,3.0,3.0,,,,,,,,
stoch_rsi,BNB-USDT,1d,21.0,25.0,75.0,245.4,9.836,-8.19,68.7,3.84,115,1.0,29.95,,,,,3.0,3.0,,,,,,,,
stoch_rsi,BNB-USDT,1d,21.0,25.0,80.0,192.83,9.448,-8.19,68.9,3.55,106,1.0,23.54,,,,,3.0,3.0,,,,,,,,
stoch_rsi,BNB-USDT,1d,21.0,25.0,85.0,148.72,8.503,-8.64,67.0,3.17,100,1.0,17.22,,,,,3.0,3.0,,,,,,,,
kc_breakout,BNB-USDT,1d,15.0,,,4980.59,19.867,0.0,100.0,999.0,51,2.9,0.0,,,,,,,1.5,,,,,,,
kc_breakout,BNB-USDT,1d,15.0,,,1153.55,21.16,0.0,100.0,999.0,28,2.5,0.0,,,,,,,2.0,,,,,,,
kc_breakout,BNB-USDT,1d,15.0,,,369.99,30.754,0.0,100.0,999.0,19,1.6,0.0,,,,,,,2.5,,,,,,,
kc_breakout,BNB-USDT,1d,15.0,,,89.07,53.79,0.0,100.0,999.0,6,1.3,0.0,,,,,,,3.0,,,,,,,
kc_breakout,BNB-USDT,1d,17.0,,,5488.35,19.214,0.0,100.0,999.0,53,3.3,0.0,,,,,,,1.5,,,,,,,
kc_breakout,BNB-USDT,1d,17.0,,,1683.06,22.324,0.0,100.0,999.0,28,3.1,0.0,,,,,,,2.0,,,,,,,
kc_breakout,BNB-USDT,1d,17.0,,,648.09,21.238,0.0,100.0,999.0,20,2.4,0.0,,,,,,,2.5,,,,,,,
kc_breakout,BNB-USDT,1d,17.0,,,158.54,44.75,0.0,100.0,999.0,11,1.3,0.0,,,,,,,3.0,,,,,,,
kc_breakout,BNB-USDT,1d,19.0,,,6636.52,18.891,0.0,100.0,999.0,56,3.6,0.0,,,,,,,1.5,,,,,,,
kc_breakout,BNB-USDT,1d,19.0,,,1648.43,21.681,0.0,100.0,999.0,29,3.5,0.0,,,,,,,2.0,,,,,,,
kc_breakout,BNB-USDT,1d,19.0,,,868.33,21.409,0.0,100.0,999.0,24,2.5,0.0,,,,,,,2.5,,,,,,,
kc_breakout,BNB-USDT,1d,19.0,,,271.85,23.185,0.0,100.0,999.0,16,1.8,0.0,,,,,,,3.0,,,,,,,
kc_breakout,BNB-USDT,1d,21.0,,,8729.23,18.679,0.0,100.0,999.0,61,3.8,0.0,,,,,,,1.5,,,,,,,
kc_breakout,BNB-USDT,1d,21.0,,,2409.24,18.78,0.0,100.0,999.0,41,3.0,0.0,,,,,,,2.0,,,,,,,
kc_breakout,BNB-USDT,1d,21.0,,,960.37,23.613,0.0,100.0,999.0,22,3.3,0.0,,,,,,,2.5,,,,,,,
kc_breakout,BNB-USDT,1d,21.0,,,534.19,18.921,0.0,100.0,999.0,20,2.1,0.0,,,,,,,3.0,,,,,,,
kc_breakout,BNB-USDT,1d,23.0,,,8901.87,18.644,0.0,100.0,999.0,62,4.0,0.0,,,,,,,1.5,,,,,,,
kc_breakout,BNB-USDT,1d,23.0,,,2256.04,20.438,0.0,100.0,999.0,39,3.8,0.0,,,,,,,2.0,,,,,,,
kc_breakout,BNB-USDT,1d,23.0,,,1122.24,22.714,0.0,100.0,999.0,23,3.7,0.0,,,,,,,2.5,,,,,,,
kc_breakout,BNB-USDT,1d,23.0,,,606.44,19.55,0.0,100.0,999.0,21,2.4,0.0,,,,,,,3.0,,,,,,,
kc_breakout,BNB-USDT,1d,25.0,,,9412.27,18.927,0.0,100.0,999.0,60,4.3,0.0,,,,,,,1.5,,,,,,,
kc_breakout,BNB-USDT,1d,25.0,,,2631.01,17.875,0.0,100.0,999.0,42,3.8,0.0,,,,,,,2.0,,,,,,,
kc_breakout,BNB-USDT,1d,25.0,,,1236.67,20.972,0.0,100.0,999.0,26,3.7,0.0,,,,,,,2.5,,,,,,,
kc_breakout,BNB-USDT,1d,25.0,,,598.84,20.433,0.0,100.0,999.0,19,3.1,0.0,,,,,,,3.0,,,,,,,
rsi_adx_combo,BNB-USDT,1d,,,,508.95,4.828,-33.8,50.0,3.32,70,13.3,15.06,,,,,,,,14.0,25.0,65.0,14.0,20.0,,
rsi_adx_combo,BNB-USDT,1d,,,,264.27,3.724,-43.46,41.7,2.37,72,10.8,6.08,,,,,,,,14.0,25.0,65.0,14.0,25.0,,
rsi_adx_combo,BNB-USDT,1d,,,,563.85,5.269,-29.2,51.6,3.74,64,14.4,19.31,,,,,,,,14.0,25.0,70.0,14.0,20.0,,
rsi_adx_combo,BNB-USDT,1d,,,,336.85,4.418,-37.3,42.2,2.88,64,11.8,9.03,,,,,,,,14.0,25.0,70.0,14.0,25.0,,
rsi_adx_combo,BNB-USDT,1d,,,,609.47,5.527,-29.52,53.2,4.05,62,14.8,20.65,,,,,,,,14.0,25.0,75.0,14.0,20.0,,
rsi_adx_combo,BNB-USDT,1d,,,,414.32,5.045,-36.74,45.8,3.43,59,12.6,11.28,,,,,,,,14.0,25.0,75.0,14.0,25.0,,
rsi_adx_combo,BNB-USDT,1d,,,,516.04,4.818,-33.8,50.7,3.33,71,13.1,15.27,,,,,,,,14.0,30.0,65.0,14.0,20.0,,
rsi_adx_combo,BNB-USDT,1d,,,,247.85,3.495,-46.62,42.9,2.24,77,10.2,5.32,,,,,,,,14.0,30.0,65.0,14.0,25.0,,
rsi_adx_combo,BNB-USDT,1d,,,,571.58,5.254,-29.2,52.3,3.76,65,14.2,19.58,,,,,,,,14.0,30.0,70.0,14.0,20.0,,
rsi_adx_combo,BNB-USDT,1d,,,,317.16,4.135,-40.79,43.5,2.67,69,11.1,7.77,,,,,,,,14.0,30.0,70.0,14.0,25.0,,
rsi_adx_combo,BNB-USDT,1d,,,,617.73,5.508,-29.52,54.0,4.07,63,14.5,20.93,,,,,,,,14.0,30.0,75.0,14.0,20.0,,
rsi_adx_combo,BNB-USDT,1d,,,,391.15,4.712,-40.27,46.9,3.13,64,11.7,9.71,,,,,,,,14.0,30.0,75.0,14.0,25.0,,
rsi_adx_combo,BNB-USDT,1d,,,,518.23,4.722,-33.8,50.0,3.32,74,12.7,15.33,,,,,,,,14.0,35.0,65.0,14.0,20.0,,
rsi_adx_combo,BNB-USDT,1d,,,,233.61,3.236,-46.62,42.4,2.16,85,9.4,5.01,,,,,,,,14.0,35.0,65.0,14.0,25.0,,
rsi_adx_combo,BNB-USDT,1d,,,,573.97,5.138,-29.2,51.5,3.74,68,13.6,19.66,,,,,,,,14.0,35.0,70.0,14.0,20.0,,
rsi_adx_combo,BNB-USDT,1d,,,,300.08,3.814,-40.79,42.9,2.55,77,10.1,7.36,,,,,,,,14.0,35.0,70.0,14.0,25.0,,
rsi_adx_combo,BNB-USDT,1d,,,,620.28,5.382,-29.52,53.0,4.05,66,13.9,21.01,,,,,,,,14.0,35.0,75.0,14.0,20.0,,
rsi_adx_combo,BNB-USDT,1d,,,,371.03,4.331,-40.27,45.8,2.96,72,10.6,9.21,,,,,,,,14.0,35.0,75.0,14.0,25.0,,
rsi_vol_combo,BNB-USDT,1d,,,,-92.46,-21.118,-92.46,2.3,0.02,43,2.2,-1.0,,,,,,,,14.0,25.0,65.0,,,20.0,1.5
rsi_vol_combo,BNB-USDT,1d,,,,-86.23,-22.107,-86.23,8.3,0.03,36,1.5,-1.0,,,,,,,,14.0,25.0,65.0,,,20.0,2.0
rsi_vol_combo,BNB-USDT,1d,,,,-86.23,-18.816,-86.23,2.8,0.02,36,2.1,-1.0,,,,,,,,14.0,25.0,70.0,,,20.0,1.5
rsi_vol_combo,BNB-USDT,1d,,,,-75.18,-20.712,-75.18,10.3,0.04,29,1.4,-1.0,,,,,,,,14.0,25.0,70.0,,,20.0,2.0
rsi_vol_combo,BNB-USDT,1d,,,,-79.91,-14.795,-79.91,3.6,0.03,28,2.1,-1.0,,,,,,,,14.0,25.0,75.0,,,20.0,1.5
rsi_vol_combo,BNB-USDT,1d,,,,-68.17,-22.52,-68.17,12.0,0.05,25,1.4,-1.0,,,,,,,,14.0,25.0,75.0,,,20.0,2.0
rsi_vol_combo,BNB-USDT,1d,,,,-93.44,-21.022,-93.44,2.2,0.02,45,2.2,-1.0,,,,,,,,14.0,30.0,65.0,,,20.0,1.5
rsi_vol_combo,BNB-USDT,1d,,,,-86.25,-21.461,-86.25,8.1,0.03,37,1.5,-1.0,,,,,,,,14.0,30.0,65.0,,,20.0,2.0
rsi_vol_combo,BNB-USDT,1d,,,,-88.04,-18.839,-88.04,2.6,0.02,38,2.1,-1.0,,,,,,,,14.0,30.0,70.0,,,20.0,1.5
rsi_vol_combo,BNB-USDT,1d,,,,-75.22,-20.026,-75.22,10.0,0.04,30,1.4,-1.0,,,,,,,,14.0,30.0,70.0,,,20.0,2.0
rsi_vol_combo,BNB-USDT,1d,,,,-82.54,-15.097,-82.54,3.3,0.03,30,2.1,-1.0,,,,,,,,14.0,30.0,75.0,,,20.0,1.5
rsi_vol_combo,BNB-USDT,1d,,,,-68.22,-21.583,-68.22,11.5,0.05,26,1.4,-1.0,,,,,,,,14.0,30.0,75.0,,,20.0,2.0
rsi_vol_combo,BNB-USDT,1d,,,,-94.0,-17.212,-94.0,9.4,0.07,53,2.0,-1.0,,,,,,,,14.0,35.0,65.0,,,20.0,1.5
rsi_vol_combo,BNB-USDT,1d,,,,-85.08,-18.024,-85.08,12.8,0.07,39,1.4,-1.0,,,,,,,,14.0,35.0,65.0,,,20.0,2.0
rsi_vol_combo,BNB-USDT,1d,,,,-89.05,-15.27,-89.05,10.9,0.08,46,1.9,-1.0,,,,,,,,14.0,35.0,70.0,,,20.0,1.5
rsi_vol_combo,BNB-USDT,1d,,,,-73.1,-16.067,-73.1,15.6,0.1,32,1.4,-1.0,,,,,,,,14.0,35.0,70.0,,,20.0,2.0
rsi_vol_combo,BNB-USDT,1d,,,,-84.02,-12.435,-84.02,13.2,0.09,38,1.9,-1.0,,,,,,,,14.0,35.0,75.0,,,20.0,1.5
rsi_vol_combo,BNB-USDT,1d,,,,-65.51,-16.29,-65.51,17.9,0.12,28,1.4,-1.0,,,,,,,,14.0,35.0,75.0,,,20.0,2.0
rsi_reversion,BNB-USDT,4h,7.0,20.0,60.0,-86.4,-12.912,-86.41,12.5,0.04,152,3.4,-1.0,,,,,,,,,,,,,,
rsi_reversion,BNB-USDT,4h,7.0,20.0,65.0,-83.67,-12.375,-83.68,15.7,0.05,140,3.0,-1.0,,,,,,,,,,,,,,
rsi_reversion,BNB-USDT,4h,7.0,20.0,70.0,-81.77,-12.814,-81.77,15.2,0.02,125,2.6,-1.0,,,,,,,,,,,,,,
rsi_reversion,BNB-USDT,4h,7.0,20.0,75.0,-77.13,-12.987,-77.13,9.7,0.01,103,2.7,-1.0,,,,,,,,,,,,,,
rsi_reversion,BNB-USDT,4h,7.0,20.0,80.0,-75.77,-13.056,-75.77,7.4,0.01,95,2.5,-1.0,,,,,,,,,,,,,,
rsi_reversion,BNB-USDT,4h,7.0,25.0,60.0,-88.88,-13.054,-88.88,13.4,0.04,164,3.5,-1.0,,,,,,,,,,,,,,
rsi_reversion,BNB-USDT,4h,7.0,25.0,65.0,-86.64,-12.572,-86.65,16.4,0.05,152,3.2,-1.0,,,,,,,,,,,,,,
rsi_reversion,BNB-USDT,4h,7.0,25.0,70.0,-85.09,-12.996,-85.09,16.1,0.03,137,2.9,-1.0,,,,,,,,,,,,,,
rsi_reversion,BNB-USDT,4h,7.0,25.0,75.0,-81.3,-13.186,-81.3,11.3,0.02,115,2.9,-1.0,,,,,,,,,,,,,,
rsi_reversion,BNB-USDT,4h,7.0,25.0,80.0,-80.18,-13.26,-80.18,9.3,0.01,107,2.9,-1.0,,,,,,,,,,,,,,
rsi_reversion,BNB-USDT,4h,7.0,30.0,60.0,-91.3,-12.897,-91.31,13.7,0.04,175,3.7,-1.0,,,,,,,,,,,,,,
rsi_reversion,BNB-USDT,4h,7.0,30.0,65.0,-89.56,-12.477,-89.56,16.6,0.05,163,3.4,-1.0,,,,,,,,,,,,,,
rsi_reversion,BNB-USDT,4h,7.0,30.0,70.0,-88.34,-12.861,-88.34,16.2,0.03,148,3.1,-1.0,,,,,,,,,,,,,,
rsi_reversion,BNB-USDT,4h,7.0,30.0,75.0,-85.37,-13.043,-85.37,11.9,0.02,126,3.2,-1.0,,,,,,,,,,,,,,
rsi_reversion,BNB-USDT,4h,7.0,30.0,80.0,-84.5,-13.13,-84.5,10.2,0.01,118,3.1,-1.0,,,,,,,,,,,,,,
rsi_reversion,BNB-USDT,4h,7.0,35.0,60.0,-93.56,-12.68,-93.57,12.7,0.04,189,3.8,-1.0,,,,,,,,,,,,,,
rsi_reversion,BNB-USDT,4h,7.0,35.0,65.0,-92.27,-12.32,-92.27,15.3,0.04,177,3.5,-1.0,,,,,,,,,,,,,,
rsi_reversion,BNB-USDT,4h,7.0,35.0,70.0,-91.37,-12.661,-91.37,14.8,0.03,162,3.3,-1.0,,,,,,,,,,,,,,
rsi_reversion,BNB-USDT,4h,7.0,35.0,75.0,-89.18,-12.827,-89.18,10.7,0.02,140,3.4,-1.0,,,,,,,,,,,,,,
rsi_reversion,BNB-USDT,4h,7.0,35.0,80.0,-88.53,-12.918,-88.53,9.1,0.02,132,3.4,-1.0,,,,,,,,,,,,,,
rsi_reversion,BNB-USDT,4h,9.0,20.0,60.0,-84.82,-13.501,-84.82,12.6,0.03,135,3.4,-1.0,,,,,,,,,,,,,,
rsi_reversion,BNB-USDT,4h,9.0,20.0,65.0,-81.5,-13.293,-81.5,14.0,0.03,121,3.0,-1.0,,,,,,,,,,,,,,
rsi_reversion,BNB-USDT,4h,9.0,20.0,70.0,-77.45,-13.536,-77.45,9.6,0.01,94,2.9,-1.0,,,,,,,,,,,,,,
rsi_reversion,BNB-USDT,4h,9.0,20.0,75.0,-71.19,-12.245,-71.19,12.7,0.02,79,2.7,-1.0,,,,,,,,,,,,,,
rsi_reversion,BNB-USDT,4h,9.0,20.0,80.0,-67.25,-12.491,-67.25,12.5,0.02,64,2.7,-1.0,,,,,,,,,,,,,,
rsi_reversion,BNB-USDT,4h,9.0,25.0,60.0,-88.8,-13.558,-88.8,12.2,0.03,147,3.5,-1.0,,,,,,,,,,,,,,
rsi_reversion,BNB-USDT,4h,9.0,25.0,65.0,-86.36,-13.398,-86.36,13.5,0.04,133,3.2,-1.0,,,,,,,,,,,,,,
rsi_reversion,BNB-USDT,4h,9.0,25.0,70.0,-83.37,-13.746,-83.37,9.4,0.02,106,3.2,-1.0,,,,,,,,,,,,,,
rsi_reversion,BNB-USDT,4h,9.0,25.0,75.0,-78.75,-12.731,-78.75,12.1,0.03,91,3.1,-1.0,,,,,,,,,,,,,,
rsi_reversion,BNB-USDT,4h,9.0,25.0,80.0,-75.84,-13.056,-75.84,11.8,0.03,76,3.1,-1.0,,,,,,,,,,,,,,
rsi_reversion,BNB-USDT,4h,9.0,30.0,60.0,-91.51,-13.709,-91.51,11.6,0.03,155,3.8,-1.0,,,,,,,,,,,,,,
rsi_reversion,BNB-USDT,4h,9.0,30.0,65.0,-89.65,-13.595,-89.65,12.8,0.03,141,3.5,-1.0,,,,,,,,,,,,,,
rsi_reversion,BNB-USDT,4h,9.0,30.0,70.0,-87.39,-14.051,-87.39,8.8,0.02,114,3.6,-1.0,,,,,,,,,,,,,,
rsi_reversion,BNB-USDT,4h,9.0,30.0,75.0,-83.88,-13.226,-83.88,11.1,0.02,99,3.5,-1.0,,,,,,,,,,,,,,
rsi_reversion,BNB-USDT,4h,9.0,30.0,80.0,-81.68,-13.638,-81.68,10.7,0.02,84,3.7,-1.0,,,,,,,,,,,,,,
rsi_reversion,BNB-USDT,4h,9.0,35.0,60.0,-91.34,-12.076,-91.34,13.2,0.04,167,4.0,-1.0,,,,,,,,,,,,,,
rsi_reversion,BNB-USDT,4h,9.0,35.0,65.0,-89.45,-11.868,-89.45,14.4,0.04,153,3.8,-1.0,,,,,,,,,,,,,,
rsi_reversion,BNB-USDT,4h,9.0,35.0,70.0,-87.14,-12.044,-87.14,11.1,0.03,126,3.9,-1.0,,,,,,,,,,,,,,
rsi_reversion,BNB-USDT,4h,9.0,35.0,75.0,-83.56,-11.239,-83.56,13.5,0.04,111,3.9,-1.0,,,,,,,,,,,,,,
rsi_reversion,BNB-USDT,4h,9.0,35.0,80.0,-81.31,-11.372,-81.31,13.5,0.03,96,4.1,-1.0,,,,,,,,,,,,,,
rsi_reversion,BNB-USDT,4h,11.0,20.0,60.0,-78.05,-15.379,-78.05,13.1,0.02,107,3.8,-1.0,,,,,,,,,,,,,,
rsi_reversion,BNB-USDT,4h,11.0,20.0,65.0,-72.9,-13.805,-72.91,12.1,0.02,99,3.0,-1.0,,,,,,,,,,,,,,
rsi_reversion,BNB-USDT,4h,11.0,20.0,70.0,-72.28,-15.006,-72.28,10.6,0.02,85,2.6,-1.0,,,,,,,,,,,,,,
rsi_reversion,BNB-USDT,4h,11.0,20.0,75.0,-61.1,-13.075,-61.1,11.7,0.02,60,2.5,-1.0,,,,,,,,,,,,,,
rsi_reversion,BNB-USDT,4h,11.0,20.0,80.0,-56.17,-12.733,-56.17,10.0,0.02,50,2.3,-1.0,,,,,,,,,,,,,,
rsi_reversion,BNB-USDT,4h,11.0,25.0,60.0,-82.38,-14.293,-82.38,14.2,0.02,113,4.1,-1.0,,,,,,,,,,,,,,
rsi_reversion,BNB-USDT,4h,11.0,25.0,65.0,-78.24,-13.01,-78.24,13.3,0.02,105,3.4,-1.0,,,,,,,,,,,,,,
rsi_reversion,BNB-USDT,4h,11.0,25.0,70.0,-77.74,-14.074,-77.74,12.1,0.02,91,3.0,-1.0,,,,,,,,,,,,,,
rsi_reversion,BNB-USDT,4h,11.0,25.0,75.0,-68.77,-12.752,-68.77,13.6,0.02,66,3.1,-1.0,,,,,,,,,,,,,,
rsi_reversion,BNB-USDT,4h,11.0,25.0,80.0,-64.81,-12.592,-64.81,12.5,0.01,56,3.0,-1.0,,,,,,,,,,,,,,
rsi_reversion,BNB-USDT,4h,11.0,30.0,60.0,-85.31,-12.832,-85.31,11.9,0.02,126,4.3,-1.0,,,,,,,,,,,,,,
rsi_reversion,BNB-USDT,4h,11.0,30.0,65.0,-81.86,-11.786,-81.86,11.0,0.02,118,3.6,-1.0,,,,,,,,,,,,,,
rsi_reversion,BNB-USDT,4h,11.0,30.0,70.0,-81.45,-12.579,-81.45,9.6,0.02,104,3.4,-1.0,,,,,,,,,,,,,,
rsi_reversion,BNB-USDT,4h,11.0,30.0,75.0,-73.97,-11.474,-73.97,10.1,0.01,79,3.6,-1.0,,,,,,,,,,,,,,
rsi_reversion,BNB-USDT,4h,11.0,30.0,80.0,-70.67,-11.283,-70.67,8.7,0.01,69,3.6,-1.0,,,,,,,,,,,,,,
rsi_reversion,BNB-USDT,4h,11.0,35.0,60.0,-87.07,-11.104,-87.07,14.5,0.02,131,4.7,-1.0,,,,,,,,,,,,,,
rsi_reversion,BNB-USDT,4h,11.0,35.0,65.0,-84.03,-10.252,-84.03,13.8,0.02,123,4.2,-1.0,,,,,,,,,,,,,,
rsi_reversion,BNB-USDT,4h,11.0,35.0,70.0,-83.66,-10.874,-83.66,12.8,0.03,109,4.0,-1.0,,,,,,,,,,,,,,
rsi_reversion,BNB-USDT,4h,11.0,35.0,75.0,-77.07,-10.005,-77.07,14.3,0.03,84,4.3,-1.0,,,,,,,,,,,,,,
rsi_reversion,BNB-USDT,4h,11.0,35.0,80.0,-74.17,-9.841,-74.17,13.5,0.02,74,4.4,-1.0,,,,,,,,,,,,,,
rsi_reversion,BNB-USDT,4h,13.0,20.0,60.0,-68.94,-15.726,-69.3,16.0,0.04,75,4.6,-0.99,,,,,,,,,,,,,,
rsi_reversion,BNB-USDT,4h,13.0,20.0,65.0,-64.88,-15.755,-64.88,14.8,0.05,61,4.2,-1.0,,,,,,,,,,,,,,
rsi_reversion,BNB-USDT,4h,13.0,20.0,70.0,-60.17,-15.413,-60.17,17.9,0.04,56,3.0,-1.0,,,,,,,,,,,,,,
rsi_reversion,BNB-USDT,4h,13.0,20.0,75.0,-55.3,-15.925,-55.3,12.5,0.03,40,2.8,-1.0,,,,,,,,,,,,,,
rsi_reversion,BNB-USDT,4h,13.0,20.0,80.0,-46.99,-16.574,-46.99,15.4,0.02,26,2.8,-1.0,,,,,,,,,,,,,,
rsi_reversion,BNB-USDT,4h,13.0,25.0,60.0,-75.23,-15.151,-75.59,14.6,0.03,89,4.5,-1.0,,,,,,,,,,,,,,
rsi_reversion,BNB-USDT,4h,13.0,25.0,65.0,-71.98,-15.159,-72.07,13.3,0.04,75,4.2,-1.0,,,,,,,,,,,,,,
rsi_reversion,BNB-USDT,4h,13.0,25.0,70.0,-68.23,-14.838,-68.33,15.7,0.03,70,3.2,-1.0,,,,,,,,,,,,,,
rsi_reversion,BNB-USDT,4h,13.0,25.0,75.0,-64.35,-15.139,-64.46,11.1,0.03,54,3.1,-1.0,,,,,,,,,,,,,,
rsi_reversion,BNB-USDT,4h,13.0,25.0,80.0,-57.72,-15.265,-57.86,12.5,0.02,40,3.3,-1.0,,,,,,,,,,,,,,
rsi_reversion,BNB-USDT,4h,13.0,30.0,60.0,-79.41,-13.981,-79.65,15.0,0.04,100,4.7,-1.0,,,,,,,,,,,,,,
rsi_reversion,BNB-USDT,4h,13.0,30.0,65.0,-76.72,-13.973,-76.72,14.0,0.05,86,4.5,-1.0,,,,,,,,,,,,,,
rsi_reversion,BNB-USDT,4h,13.0,30.0,70.0,-73.6,-13.627,-73.6,16.0,0.04,81,3.6,-1.0,,,,,,,,,,,,,,
rsi_reversion,BNB-USDT,4h,13.0,30.0,75.0,-70.37,-13.84,-70.37,12.3,0.04,65,3.7,-1.0,,,,,,,,,,,,,,
rsi_reversion,BNB-USDT,4h,13.0,30.0,80.0,-64.87,-13.781,-64.87,13.7,0.03,51,3.9,-1.0,,,,,,,,,,,,,,
rsi_reversion,BNB-USDT,4h,13.0,35.0,60.0,-82.84,-12.044,-83.03,16.5,0.03,115,4.9,-1.0,,,,,,,,,,,,,,
rsi_reversion,BNB-USDT,4h,13.0,35.0,65.0,-80.59,-11.976,-80.59,15.8,0.04,101,4.7,-1.0,,,,,,,,,,,,,,
rsi_reversion,BNB-USDT,4h,13.0,35.0,70.0,-77.99,-11.617,-77.99,17.7,0.04,96,4.0,-1.0,,,,,,,,,,,,,,
rsi_reversion,BNB-USDT,4h,13.0,35.0,75.0,-75.3,-11.685,-75.3,15.0,0.03,80,4.1,-1.0,,,,,,,,,,,,,,
rsi_reversion,BNB-USDT,4h,13.0,35.0,80.0,-70.71,-11.447,-70.71,16.7,0.02,66,4.4,-1.0,,,,,,,,,,,,,,
rsi_reversion,BNB-USDT,4h,15.0,20.0,60.0,-62.81,-16.311,-62.81,13.9,0.03,72,4.5,-1.0,,,,,,,,,,,,,,
rsi_reversion,BNB-USDT,4h,15.0,20.0,65.0,-56.37,-15.54,-56.37,15.0,0.06,60,3.8,-1.0,,,,,,,,,,,,,,
rsi_reversion,BNB-USDT,4h,15.0,20.0,70.0,-47.57,-13.724,-47.57,17.9,0.05,56,2.5,-1.0,,,,,,,,,,,,,,
rsi_reversion,BNB-USDT,4h,15.0,20.0,75.0,-42.42,-14.455,-42.42,19.4,0.04,36,2.3,-1.0,,,,,,,,,,,,,,
rsi_reversion,BNB-USDT,4h,15.0,20.0,80.0,-39.51,-14.794,-39.51,12.0,0.01,25,2.3,-1.0,,,,,,,,,,,,,,
rsi_reversion,BNB-USDT,4h,15.0,25.0,60.0,-68.35,-15.622,-68.35,14.5,0.03,76,5.0,-1.0,,,,,,,,,,,,,,
rsi_reversion,BNB-USDT,4h,15.0,25.0,65.0,-62.88,-15.047,-62.88,15.6,0.05,64,4.3,-1.0,,,,,,,,,,,,,,
rsi_reversion,BNB-USDT,4h,15.0,25.0,70.0,-55.39,-13.329,-55.39,18.3,0.04,60,3.1,-1.0,,,,,,,,,,,,,,
rsi_reversion,BNB-USDT,4h,15.0,25.0,75.0,-51.01,-14.56,-51.01,20.0,0.03,40,3.3,-1.0,,,,,,,,,,,,,,
rsi_reversion,BNB-USDT,4h,15.0,25.0,80.0,-48.53,-15.472,-48.53,13.8,0.01,29,3.7,-1.0,,,,,,,,,,,,,,
rsi_reversion,BNB-USDT,4h,15.0,30.0,60.0,-77.62,-13.063,-77.62,12.0,0.03,92,4.9,-1.0,,,,,,,,,,,,,,
rsi_reversion,BNB-USDT,4h,15.0,30.0,65.0,-73.75,-12.668,-73.75,12.5,0.05,80,4.4,-1.0,,,,,,,,,,,,,,
rsi_reversion,BNB-USDT,4h,15.0,30.0,70.0,-68.45,-11.436,-68.45,14.5,0.04,76,3.4,-1.0,,,,,,,,,,,,,,
rsi_reversion,BNB-USDT,4h,15.0,30.0,75.0,-65.35,-12.347,-65.35,14.3,0.04,56,3.7,-1.0,,,,,,,,,,,,,,
rsi_reversion,BNB-USDT,4h,15.0,30.0,80.0,-63.6,-12.956,-63.6,8.9,0.02,45,4.0,-1.0,,,,,,,,,,,,,,
rsi_reversion,BNB-USDT,4h,15.0,35.0,60.0,-79.73,-12.79,-79.73,15.5,0.04,97,5.4,-1.0,,,,,,,,,,,,,,
rsi_reversion,BNB-USDT,4h,15.0,35.0,65.0,-76.23,-12.43,-76.24,16.5,0.06,85,4.9,-1.0,,,,,,,,,,,,,,
rsi_reversion,BNB-USDT,4h,15.0,35.0,70.0,-71.43,-11.294,-71.44,18.5,0.06,81,4.1,-1.0,,,,,,,,,,,,,,
rsi_reversion,BNB-USDT,4h,15.0,35.0,75.0,-68.62,-12.141,-68.64,19.7,0.05,61,4.5,-1.0,,,,,,,,,,,,,,
rsi_reversion,BNB-USDT,4h,15.0,35.0,80.0,-67.04,-12.683,-67.05,16.0,0.04,50,5.0,-1.0,,,,,,,,,,,,,,
rsi_reversion,BNB-USDT,4h,17.0,20.0,60.0,-57.96,-14.15,-57.96,14.3,0.07,70,4.3,-1.0,,,,,,,,,,,,,,
rsi_reversion,BNB-USDT,4h,17.0,20.0,65.0,-53.09,-14.194,-53.09,14.1,0.07,64,2.8,-1.0,,,,,,,,,,,,,,
rsi_reversion,BNB-USDT,4h,17.0,20.0,70.0,-41.76,-14.923,-41.76,12.5,0.04,40,2.5,-1.0,,,,,,,,,,,,,,
rsi_reversion,BNB-USDT,4h,17.0,20.0,75.0,-33.59,-16.941,-33.59,4.3,0.0,23,2.4,-1.0,,,,,,,,,,,,,,
rsi_reversion,BNB-USDT,4h,17.0,20.0,80.0,-27.61,-17.55,-27.61,6.7,0.01,15,2.5,-1.0,,,,,,,,,,,,,,
rsi_reversion,BNB-USDT,4h,17.0,25.0,60.0,-64.71,-14.45,-64.71,13.9,0.06,72,4.8,-1.0,,,,,,,,,,,,,,
rsi_reversion,BNB-USDT,4h,17.0,25.0,65.0,-60.62,-14.409,-60.62,13.6,0.06,66,3.4,-1.0,,,,,,,,,,,,,,
rsi_reversion,BNB-USDT,4h,17.0,25.0,70.0,-51.11,-15.605,-51.11,11.9,0.03,42,3.4,-1.0,,,,,,,,,,,,,,
rsi_reversion,BNB-USDT,4h,17.0,25.0,75.0,-44.25,-18.775,-44.25,4.0,0.01,25,3.9,-1.0,,,,,,,,,,,,,,
rsi_reversion,BNB-USDT,4h,17.0,25.0,80.0,-39.23,-21.174,-39.23,5.9,0.01,17,4.8,-1.0,,,,,,,,,,,,,,
rsi_reversion,BNB-USDT,4h,17.0,30.0,60.0,-70.62,-11.792,-70.62,16.3,0.07,86,4.8,-1.0,,,,,,,,,,,,,,
rsi_reversion,BNB-USDT,4h,17.0,30.0,65.0,-67.22,-11.544,-67.22,16.2,0.06,80,3.7,-1.0,,,,,,,,,,,,,,
rsi_reversion,BNB-USDT,4h,17.0,30.0,70.0,-59.31,-11.763,-59.31,16.1,0.04,56,3.8,-1.0,,,,,,,,,,,,,,
rsi_reversion,BNB-USDT,4h,17.0,30.0,75.0,-53.59,-12.563,-53.59,12.8,0.03,39,4.3,-1.0,,,,,,,,,,,,,,
rsi_reversion,BNB-USDT,4h,17.0,30.0,80.0,-49.41,-12.691,-49.41,16.1,0.03,31,4.9,-1.0,,,,,,,,,,,,,,
rsi_reversion,BNB-USDT,4h,17.0,35.0,60.0,-73.3,-10.965,-73.52,18.9,0.08,95,5.1,-1.0,,,,,,,,,,,,,,
rsi_reversion,BNB-USDT,4h,17.0,35.0,65.0,-70.21,-10.701,-70.46,19.1,0.08,89,4.2,-1.0,,,,,,,,,,,,,,
rsi_reversion,BNB-USDT,4h,17.0,35.0,70.0,-63.02,-10.735,-63.33,20.0,0.06,65,4.4,-1.0,,,,,,,,,,,,,,
rsi_reversion,BNB-USDT,4h,17.0,35.0,75.0,-57.83,-11.16,-58.18,18.8,0.05,48,5.1,-0.99,,,,,,,,,,,,,,
rsi_reversion,BNB-USDT,4h,17.0,35.0,80.0,-54.03,-11.086,-54.41,22.5,0.06,40,5.7,-0.99,,,,,,,,,,,,,,
rsi_reversion,BNB-USDT,4h,19.0,20.0,60.0,-54.14,-15.252,-54.14,20.3,0.07,64,4.3,-1.0,,,,,,,,,,,,,,
rsi_reversion,BNB-USDT,4h,19.0,20.0,65.0,-48.67,-15.959,-48.67,14.3,0.03,56,2.6,-1.0,,,,,,,,,,,,,,
rsi_reversion,BNB-USDT,4h,19.0,20.0,70.0,-33.74,-17.55,-33.74,3.4,0.02,29,2.5,-1.0,,,,,,,,,,,,,,
rsi_reversion,BNB-USDT,4h,19.0,20.0,75.0,-25.3,-23.734,-25.3,0.0,0.0,13,3.1,-1.0,,,,,,,,,,,,,,
rsi_reversion,BNB-USDT,4h,19.0,20.0,80.0,-21.47,-20.357,-21.47,0.0,0.0,12,2.4,-1.0,,,,,,,,,,,,,,
rsi_reversion,BNB-USDT,4h,19.0,25.0,60.0,-63.02,-13.729,-63.02,20.3,0.07,69,4.4,-1.0,,,,,,,,,,,,,,
rsi_reversion,BNB-USDT,4h,19.0,25.0,65.0,-58.61,-13.845,-58.61,14.8,0.04,61,2.9,-1.0,,,,,,,,,,,,,,
rsi_reversion,BNB-USDT,4h,19.0,25.0,70.0,-46.57,-14.841,-46.57,5.9,0.04,34,3.1,-1.0,,,,,,,,,,,,,,
rsi_reversion,BNB-USDT,4h,19.0,25.0,75.0,-39.77,-18.809,-39.77,5.6,0.03,18,4.0,-1.0,,,,,,,,,,,,,,
rsi_reversion,BNB-USDT,4h,19.0,25.0,80.0,-36.68,-17.192,-36.68,5.9,0.03,17,3.6,-1.0,,,,,,,,,,,,,,
rsi_reversion,BNB-USDT,4h,19.0,30.0,60.0,-63.66,-11.631,-63.66,24.4,0.07,78,4.7,-1.0,,,,,,,,,,,,,,
rsi_reversion,BNB-USDT,4h,19.0,30.0,65.0,-59.33,-11.491,-59.33,20.0,0.04,70,3.5,-1.0,,,,,,,,,,,,,,
rsi_reversion,BNB-USDT,4h,19.0,30.0,70.0,-47.5,-11.292,-47.5,16.3,0.04,43,3.9,-1.0,,,,,,,,,,,,,,
rsi_reversion,BNB-USDT,4h,19.0,30.0,75.0,-40.82,-12.064,-40.82,22.2,0.03,27,5.0,-1.0,,,,,,,,,,,,,,
rsi_reversion,BNB-USDT,4h,19.0,30.0,80.0,-37.78,-11.129,-37.78,23.1,0.04,26,4.8,-1.0,,,,,,,,,,,,,,
rsi_reversion,BNB-USDT,4h,19.0,35.0,60.0,-70.0,-11.69,-70.0,21.3,0.07,89,5.2,-1.0,,,,,,,,,,,,,,
rsi_reversion,BNB-USDT,4h,19.0,35.0,65.0,-66.42,-11.579,-66.42,17.3,0.05,81,4.1,-1.0,,,,,,,,,,,,,,
rsi_reversion,BNB-USDT,4h,19.0,35.0,70.0,-56.65,-11.527,-56.65,13.0,0.05,54,4.8,-1.0,,,,,,,,,,,,,,
rsi_reversion,BNB-USDT,4h,19.0,35.0,75.0,-51.13,-12.153,-51.13,15.8,0.04,38,5.9,-1.0,,,,,,,,,,,,,,
rsi_reversion,BNB-USDT,4h,19.0,35.0,80.0,-48.62,-11.47,-48.62,16.2,0.05,37,5.8,-1.0,,,,,,,,,,,,,,
rsi_reversion,BNB-USDT,4h,21.0,20.0,60.0,-47.35,-16.658,-47.35,14.8,0.07,54,4.2,-1.0,,,,,,,,,,,,,,
rsi_reversion,BNB-USDT,4h,21.0,20.0,65.0,-39.03,-19.695,-39.03,7.9,0.02,38,2.8,-1.0,,,,,,,,,,,,,,
rsi_reversion,BNB-USDT,4h,21.0,20.0,70.0,-25.92,-25.081,-25.92,5.0,0.0,20,2.5,-1.0,,,,,,,,,,,,,,
rsi_reversion,BNB-USDT,4h,21.0,20.0,75.0,-22.51,-20.236,-22.51,8.3,0.01,12,2.3,-1.0,,,,,,,,,,,,,,
rsi_reversion,BNB-USDT,4h,21.0,20.0,80.0,-14.59,-24.397,-14.59,12.5,0.01,8,2.4,-1.0,,,,,,,,,,,,,,
rsi_reversion,BNB-USDT,4h,21.0,25.0,60.0,-57.32,-14.378,-57.32,12.7,0.05,63,4.2,-1.0,,,,,,,,,,,,,,
rsi_reversion,BNB-USDT,4h,21.0,25.0,65.0,-50.58,-15.452,-50.58,6.4,0.02,47,3.0,-1.0,,,,,,,,,,,,,,
rsi_reversion,BNB-USDT,4h,21.0,25.0,70.0,-39.95,-16.18,-39.95,3.4,0.0,29,2.9,-1.0,,,,,,,,,,,,,,
rsi_reversion,BNB-USDT,4h,21.0,25.0,75.0,-37.19,-16.13,-37.19,4.8,0.01,21,3.0,-1.0,,,,,,,,,,,,,,
rsi_reversion,BNB-USDT,4h,21.0,25.0,80.0,-30.77,-15.758,-30.77,5.9,0.0,17,3.2,-1.0,,,,,,,,,,,,,,
rsi_reversion,BNB-USDT,4h,21.0,30.0,60.0,-60.86,-13.391,-60.86,17.4,0.06,69,4.6,-1.0,,,,,,,,,,,,,,
rsi_reversion,BNB-USDT,4h,21.0,30.0,65.0,-54.68,-14.062,-54.68,13.2,0.02,53,3.8,-1.0,,,,,,,,,,,,,,
rsi_reversion,BNB-USDT,4h,21.0,30.0,70.0,-44.93,-14.258,-44.93,14.3,0.01,35,4.1,-1.0,,,,,,,,,,,,,,
rsi_reversion,BNB-USDT,4h,21.0,30.0,75.0,-42.4,-14.179,-42.4,18.5,0.01,27,4.5,-1.0,,,,,,,,,,,,,,
rsi_reversion,BNB-USDT,4h,21.0,30.0,80.0,-36.51,-13.614,-36.53,21.7,0.01,23,4.9,-1.0,,,,,,,,,,,,,,
rsi_reversion,BNB-USDT,4h,21.0,35.0,60.0,-65.75,-12.47,-65.75,21.5,0.07,79,5.0,-1.0,,,,,,,,,,,,,,
rsi_reversion,BNB-USDT,4h,21.0,35.0,65.0,-60.34,-12.85,-60.34,19.0,0.04,63,4.4,-1.0,,,,,,,,,,,,,,
rsi_reversion,BNB-USDT,4h,21.0,35.0,70.0,-51.81,-12.752,-51.81,22.2,0.04,45,4.9,-1.0,,,,,,,,,,,,,,
rsi_reversion,BNB-USDT,4h,21.0,35.0,75.0,-49.59,-12.624,-49.59,27.0,0.04,37,5.4,-1.0,,,,,,,,,,,,,,
rsi_reversion,BNB-USDT,4h,21.0,35.0,80.0,-44.44,-12.08,-44.44,30.3,0.05,33,5.7,-1.0,,,,,,,,,,,,,,
macd_crossover,BNB-USDT,4h,,,,264.93,22.91,-0.5,91.3,56.98,149,1.0,526.33,6.0,20.0,5.0,,,,,,,,,,,
macd_crossover,BNB-USDT,4h,,,,176.86,20.364,-1.05,88.4,24.92,121,1.0,167.87,6.0,20.0,7.0,,,,,,,,,,,
macd_crossover,BNB-USDT,4h,,,,167.19,21.28,-1.05,88.8,37.23,107,1.0,158.69,6.0,20.0,9.0,,,,,,,,,,,
macd_crossover,BNB-USDT,4h,,,,142.93,23.656,-0.39,88.9,68.55,99,1.0,363.63,6.0,20.0,11.0,,,,,,,,,,,
macd_crossover,BNB-USDT,4h,,,,258.49,23.493,-0.39,92.3,62.58,143,1.0,657.64,6.0,23.0,5.0,,,,,,,,,,,
macd_crossover,BNB-USDT,4h,,,,160.76,20.794,-1.05,89.2,26.42,111,1.0,152.59,6.0,23.0,7.0,,,,,,,,,,,
macd_crossover,BNB-USDT,4h,,,,149.83,21.894,-1.05,89.3,31.37,103,1.0,142.21,6.0,23.0,9.0,,,,,,,,,,,
macd_crossover,BNB-USDT,4h,,,,129.32,22.424,-0.67,89.0,40.88,91,1.0,192.87,6.0,23.0,11.0,,,,,,,,,,,
macd_crossover,BNB-USDT,4h,,,,241.41,23.336,-0.51,92.6,54.94,135,1.0,477.35,6.0,26.0,5.0,,,,,,,,,,,
macd_crossover,BNB-USDT,4h,,,,170.01,21.004,-1.05,90.3,35.25,113,1.0,161.37,6.0,26.0,7.0,,,,,,,,,,,
macd_crossover,BNB-USDT,4h,,,,154.74,23.825,-0.73,92.1,57.27,101,1.0,212.32,6.0,26.0,9.0,,,,,,,,,,,
macd_crossover,BNB-USDT,4h,,,,135.77,21.627,-0.86,89.5,31.14,95,1.0,157.25,6.0,26.0,11.0,,,,,,,,,,,
macd_crossover,BNB-USDT,4h,,,,221.2,22.896,-0.99,92.4,40.76,131,1.0,222.87,6.0,29.0,5.0,,,,,,,,,,,
macd_crossover,BNB-USDT,4h,,,,167.37,20.196,-1.05,88.5,31.16,113,1.0,158.86,6.0,29.0,7.0,,,,,,,,,,,
macd_crossover,BNB-USDT,4h,,,,150.49,23.0,-0.86,91.9,47.04,99,1.0,174.3,6.0,29.0,9.0,,,,,,,,,,,
macd_crossover,BNB-USDT,4h,,,,133.11,20.376,-0.86,83.8,26.68,99,1.0,154.17,6.0,29.0,11.0,,,,,,,,,,,
macd_crossover,BNB-USDT,4h,,,,231.05,23.327,-0.66,93.9,54.64,131,1.0,348.12,6.0,32.0,5.0,,,,,,,,,,,
macd_crossover,BNB-USDT,4h,,,,170.82,21.355,-1.05,91.7,37.61,109,1.0,162.14,6.0,32.0,7.0,,,,,,,,,,,
macd_crossover,BNB-USDT,4h,,,,141.51,22.814,-0.86,91.6,39.75,95,1.0,163.9,6.0,32.0,9.0,,,,,,,,,,,
macd_crossover,BNB-USDT,4h,,,,142.2,22.103,-0.67,84.9,36.31,93,1.0,212.08,6.0,32.0,11.0,,,,,,,,,,,
macd_crossover,BNB-USDT,4h,,,,225.83,22.386,-0.4,93.2,57.78,133,1.0,559.62,6.0,35.0,5.0,,,,,,,,,,,
macd_crossover,BNB-USDT,4h,,,,144.2,21.279,-1.05,91.1,29.81,101,1.0,136.87,6.0,35.0,7.0,,,,,,,,,,,
macd_crossover,BNB-USDT,4h,,,,151.21,21.756,-0.86,88.9,33.34,99,1.0,175.14,6.0,35.0,9.0,,,,,,,,,,,
macd_crossover,BNB-USDT,4h,,,,150.16,22.174,-0.39,85.6,44.9,97,1.0,382.04,6.0,35.0,11.0,,,,,,,,,,,
macd_crossover,BNB-USDT,4h,,,,198.31,21.718,-0.99,89.6,35.02,125,1.0,199.81,8.0,20.0,5.0,,,,,,,,,,,
macd_crossover,BNB-USDT,4h,,,,160.62,22.653,-1.05,89.5,36.52,105,1.0,152.45,8.0,20.0,7.0,,,,,,,,,,,
macd_crossover,BNB-USDT,4h,,,,117.8,20.856,-0.67,87.9,29.32,91,1.0,175.7,8.0,20.0,9.0,,,,,,,,,,,
macd_crossover,BNB-USDT,4h,,,,112.76,19.953,-0.69,86.2,23.82,87,1.0,163.75,8.0,20.0,11.0,,,,,,,,,,,
macd_crossover,BNB-USDT,4h,,,,172.51,20.576,-1.05,88.9,23.95,117,1.0,163.73,8.0,23.0,5.0,,,,,,,,,,,
macd_crossover,BNB-USDT,4h,,,,145.02,22.518,-0.73,89.1,45.49,101,1.0,198.97,8.0,23.0,7.0,,,,,,,,,,,
macd_crossover,BNB-USDT,4h,,,,124.43,22.036,-0.67,89.9,47.04,89,1.0,185.58,8.0,23.0,9.0,,,,,,,,,,,
macd_crossover,BNB-USDT,4h,,,,118.06,18.661,-0.86,81.7,18.69,93,1.0,136.74,8.0,23.0,11.0,,,,,,,,,,,
macd_crossover,BNB-USDT,4h,,,,156.07,20.478,-1.05,89.4,28.49,113,1.0,148.13,8.0,26.0,5.0,,,,,,,,,,,
macd_crossover,BNB-USDT,4h,,,,154.57,24.506,-0.39,92.9,105.2,99,1.0,393.24,8.0,26.0,7.0,,,,,,,,,,,
macd_crossover,BNB-USDT,4h,,,,126.58,19.826,-0.86,85.9,28.63,99,1.0,146.61,8.0,26.0,9.0,,,,,,,,,,,
macd_crossover,BNB-USDT,4h,,,,128.46,19.703,-0.69,80.2,28.44,91,1.0,186.55,8.0,26.0,11.0,,,,,,,,,,,
macd_crossover,BNB-USDT,4h,,,,170.97,20.541,-1.05,89.4,31.89,113,1.0,162.27,8.0,29.0,5.0,,,,,,,,,,,
macd_crossover,BNB-USDT,4h,,,,139.44,22.034,-0.86,91.8,34.25,97,1.0,161.5,8.0,29.0,7.0,,,,,,,,,,,
macd_crossover,BNB-USDT,4h,,,,121.22,18.817,-0.86,80.0,20.4,95,1.0,140.39,8.0,29.0,9.0,,,,,,,,,,,
macd_crossover,BNB-USDT,4h,,,,134.01,19.947,-0.96,84.6,30.72,91,1.0,139.25,8.0,29.0,11.0,,,,,,,,,,,
macd_crossover,BNB-USDT,4h,,,,180.13,21.247,-1.05,91.3,38.61,115,1.0,170.96,8.0,32.0,5.0,,,,,,,,,,,
macd_crossover,BNB-USDT,4h,,,,139.14,21.705,-0.86,88.7,33.29,97,1.0,161.16,8.0,32.0,7.0,,,,,,,,,,,
macd_crossover,BNB-USDT,4h,,,,142.7,22.525,-0.43,84.6,36.18,91,1.0,332.27,8.0,32.0,9.0,,,,,,,,,,,
macd_crossover,BNB-USDT,4h,,,,140.45,20.796,-0.95,86.5,29.6,89,1.0,148.37,8.0,32.0,11.0,,,,,,,,,,,
macd_crossover,BNB-USDT,4h,,,,179.64,22.803,-1.05,92.0,44.7,113,1.0,170.5,8.0,35.0,5.0,,,,,,,,,,,
macd_crossover,BNB-USDT,4h,,,,141.28,21.596,-0.67,87.6,39.5,97,1.0,210.71,8.0,35.0,7.0,,,,,,,,,,,
macd_crossover,BNB-USDT,4h,,,,146.24,20.745,-0.95,84.2,32.08,95,1.0,154.49,8.0,35.0,9.0,,,,,,,,,,,
macd_crossover,BNB-USDT,4h,,,,124.16,20.413,-0.99,88.2,23.28,85,1.0,125.44,8.0,35.0,11.0,,,,,,,,,,,
macd_crossover,BNB-USDT,4h,,,,174.13,22.28,-1.05,91.0,34.19,111,1.0,165.28,10.0,20.0,5.0,,,,,,,,,,,
macd_crossover,BNB-USDT,4h,,,,116.28,20.163,-0.67,87.1,25.58,93,1.0,173.42,10.0,20.0,7.0,,,,,,,,,,,
macd_crossover,BNB-USDT,4h,,,,117.76,19.777,-0.69,85.4,23.64,89,1.0,171.01,10.0,20.0,9.0,,,,,,,,,,,
macd_crossover,BNB-USDT,4h,,,,115.61,19.536,-0.86,83.1,26.19,83,1.0,133.9,10.0,20.0,11.0,,,,,,,,,,,
macd_crossover,BNB-USDT,4h,,,,163.27,20.822,-1.05,89.0,34.64,109,1.0,154.97,10.0,23.0,5.0,,,,,,,,,,,
macd_crossover,BNB-USDT,4h,,,,123.53,21.728,-0.67,88.8,41.12,89,1.0,184.24,10.0,23.0,7.0,,,,,,,,,,,
macd_crossover,BNB-USDT,4h,,,,113.85,19.102,-0.86,83.1,22.3,89,1.0,131.86,10.0,23.0,9.0,,,,,,,,,,,
macd_crossover,BNB-USDT,4h,,,,124.18,19.616,-0.96,83.1,35.04,89,1.0,129.03,10.0,23.0,11.0,,,,,,,,,,,
macd_crossover,BNB-USDT,4h,,,,161.73,22.384,-1.05,91.6,36.56,107,1.0,153.5,10.0,26.0,5.0,,,,,,,,,,,
macd_crossover,BNB-USDT,4h,,,,123.89,20.23,-0.86,87.4,28.69,95,1.0,143.49,10.0,26.0,7.0,,,,,,,,,,,
macd_crossover,BNB-USDT,4h,,,,135.77,20.738,-0.39,83.9,44.24,93,1.0,345.41,10.0,26.0,9.0,,,,,,,,,,,
macd_crossover,BNB-USDT,4h,,,,131.87,19.872,-0.99,87.1,29.96,93,1.0,133.22,10.0,26.0,11.0,,,,,,,,,,,
macd_crossover,BNB-USDT,4h,,,,158.48,23.474,-1.05,94.2,46.88,103,1.0,150.42,10.0,29.0,5.0,,,,,,,,,,,
macd_crossover,BNB-USDT,4h,,,,134.5,20.43,-0.86,83.5,26.16,97,1.0,155.78,10.0,29.0,7.0,,,,,,,,,,,
macd_crossover,BNB-USDT,4h,,,,137.2,21.126,-0.96,86.5,43.99,89,1.0,142.56,10.0,29.0,9.0,,,,,,,,,,,
macd_crossover,BNB-USDT,4h,,,,116.7,20.571,-0.99,89.4,31.09,85,1.0,117.9,10.0,29.0,11.0,,,,,,,,,,,
macd_crossover,BNB-USDT,4h,,,,160.36,23.437,-0.86,91.1,54.69,101,1.0,185.72,10.0,32.0,5.0,,,,,,,,,,,
macd_crossover,BNB-USDT,4h,,,,137.82,21.853,-0.43,83.5,32.25,91,1.0,320.9,10.0,32.0,7.0,,,,,,,,,,,
macd_crossover,BNB-USDT,4h,,,,137.27,20.375,-0.95,86.5,29.17,89,1.0,145.01,10.0,32.0,9.0,,,,,,,,,,,
macd_crossover,BNB-USDT,4h,,,,129.05,20.554,-1.56,92.1,25.51,89,1.0,82.78,10.0,32.0,11.0,,,,,,,,,,,
macd_crossover,BNB-USDT,4h,,,,169.17,23.156,-0.86,92.4,57.64,105,1.0,195.93,10.0,35.0,5.0,,,,,,,,,,,
macd_crossover,BNB-USDT,4h,,,,147.12,20.915,-0.95,85.3,33.14,95,1.0,155.42,10.0,35.0,7.0,,,,,,,,,,,
macd_crossover,BNB-USDT,4h,,,,125.83,21.173,-0.99,90.6,27.92,85,1.0,127.12,10.0,35.0,9.0,,,,,,,,,,,
macd_crossover,BNB-USDT,4h,,,,117.74,20.824,-1.56,92.9,31.49,85,1.0,75.53,10.0,35.0,11.0,,,,,,,,,,,
macd_crossover,BNB-USDT,4h,,,,155.93,22.615,-1.05,90.5,42.0,105,1.0,148.0,12.0,20.0,5.0,,,,,,,,,,,
macd_crossover,BNB-USDT,4h,,,,125.62,22.213,-0.67,89.9,41.15,89,1.0,187.35,12.0,20.0,7.0,,,,,,,,,,,
macd_crossover,BNB-USDT,4h,,,,115.1,18.847,-0.86,80.0,22.74,85,1.0,133.3,12.0,20.0,9.0,,,,,,,,,,,
macd_crossover,BNB-USDT,4h,,,,126.28,20.023,-0.67,85.1,29.11,87,1.0,189.64,12.0,20.0,11.0,,,,,,,,,,,
macd_crossover,BNB-USDT,4h,,,,154.74,24.729,-0.73,92.8,64.89,97,1.0,212.31,12.0,23.0,5.0,,,,,,,,,,,
macd_crossover,BNB-USDT,4h,,,,123.41,19.318,-0.86,83.2,22.45,95,1.0,142.93,12.0,23.0,7.0,,,,,,,,,,,
macd_crossover,BNB-USDT,4h,,,,129.1,19.975,-0.96,84.6,39.29,91,1.0,134.14,12.0,23.0,9.0,,,,,,,,,,,
macd_crossover,BNB-USDT,4h,,,,117.96,19.603,-0.99,88.5,24.53,87,1.0,119.17,12.0,23.0,11.0,,,,,,,,,,,
macd_crossover,BNB-USDT,4h,,,,149.83,23.952,-0.86,93.8,57.85,97,1.0,173.53,12.0,26.0,5.0,,,,,,,,,,,
macd_crossover,BNB-USDT,4h,,,,131.92,19.882,-0.69,82.8,28.35,93,1.0,191.57,12.0,26.0,7.0,,,,,,,,,,,
macd_crossover,BNB-USDT,4h,,,,136.69,20.545,-0.96,87.1,41.95,93,1.0,142.03,12.0,26.0,9.0,,,,,,,,,,,
macd_crossover,BNB-USDT,4h,,,,100.92,18.478,-1.93,90.4,17.88,83,1.0,52.16,12.0,26.0,11.0,,,,,,,,,,,
macd_crossover,BNB-USDT,4h,,,,148.73,22.028,-0.86,89.9,33.56,99,1.0,172.26,12.0,29.0,5.0,,,,,,,,,,,
macd_crossover,BNB-USDT,4h,,,,135.06,20.325,-0.95,83.5,29.64,91,1.0,142.67,12.0,29.0,7.0,,,,,,,,,,,
macd_crossover,BNB-USDT,4h,,,,114.87,20.864,-0.99,91.6,34.85,83,1.0,116.05,12.0,29.0,9.0,,,,,,,,,,,
macd_crossover,BNB-USDT,4h,,,,109.2,19.832,-1.56,90.1,21.19,81,1.0,70.05,12.0,29.0,11.0,,,,,,,,,,,
macd_crossover,BNB-USDT,4h,,,,137.14,21.491,-0.67,87.4,37.13,95,1.0,204.54,12.0,32.0,5.0,,,,,,,,,,,
macd_crossover,BNB-USDT,4h,,,,146.05,21.896,-0.95,86.5,43.22,89,1.0,154.29,12.0,32.0,7.0,,,,,,,,,,,
macd_crossover,BNB-USDT,4h,,,,122.28,20.176,-1.56,92.0,24.62,87,1.0,78.44,12.0,32.0,9.0,,,,,,,,,,,
macd_crossover,BNB-USDT,4h,,,,102.61,18.957,-1.56,88.3,21.97,77,1.0,65.82,12.0,32.0,11.0,,,,,,,,,,,
macd_crossover,BNB-USDT,4h,,,,150.39,21.473,-0.67,84.8,35.69,99,1.0,224.29,12.0,35.0,5.0,,,,,,,,,,,
macd_crossover,BNB-USDT,4h,,,,130.56,21.059,-0.99,89.4,29.41,85,1.0,131.9,12.0,35.0,7.0,,,,,,,,,,,
macd_crossover,BNB-USDT,4h,,,,121.18,20.271,-1.56,92.0,23.47,87,1.0,77.74,12.0,35.0,9.0,,,,,,,,,,,
macd_crossover,BNB-USDT,4h,,,,106.63,20.89,-0.54,89.0,31.03,73,1.0,197.81,12.0,35.0,11.0,,,,,,,,,,,
macd_crossover,BNB-USDT,4h,,,,148.01,25.082,-0.39,92.5,79.0,93,1.0,376.57,14.0,20.0,5.0,,,,,,,,,,,
macd_crossover,BNB-USDT,4h,,,,118.12,19.408,-0.86,83.5,24.64,91,1.0,136.81,14.0,20.0,7.0,,,,,,,,,,,
macd_crossover,BNB-USDT,4h,,,,129.44,20.745,-0.57,86.5,47.66,89,1.0,226.46,14.0,20.0,9.0,,,,,,,,,,,
macd_crossover,BNB-USDT,4h,,,,106.92,18.275,-1.56,88.2,17.89,85,1.0,68.59,14.0,20.0,11.0,,,,,,,,,,,
macd_crossover,BNB-USDT,4h,,,,133.72,21.711,-0.86,89.2,30.83,93,1.0,154.87,14.0,23.0,5.0,,,,,,,,,,,
macd_crossover,BNB-USDT,4h,,,,136.22,21.288,-0.39,84.3,50.57,89,1.0,346.57,14.0,23.0,7.0,,,,,,,,,,,
macd_crossover,BNB-USDT,4h,,,,127.03,19.429,-0.99,87.9,26.03,91,1.0,128.33,14.0,23.0,9.0,,,,,,,,,,,
macd_crossover,BNB-USDT,4h,,,,103.01,18.459,-1.93,89.2,16.43,83,1.0,53.24,14.0,23.0,11.0,,,,,,,,,,,
macd_crossover,BNB-USDT,4h,,,,142.51,20.775,-0.86,85.1,28.14,101,1.0,165.05,14.0,26.0,5.0,,,,,,,,,,,
macd_crossover,BNB-USDT,4h,,,,137.06,20.381,-0.96,87.1,42.47,93,1.0,142.42,14.0,26.0,7.0,,,,,,,,,,,
macd_crossover,BNB-USDT,4h,,,,110.63,18.577,-1.93,88.8,18.54,89,1.0,57.17,14.0,26.0,9.0,,,,,,,,,,,
macd_crossover,BNB-USDT,4h,,,,110.76,22.193,-0.49,93.3,52.64,75,1.0,224.81,14.0,26.0,11.0,,,,,,,,,,,
macd_crossover,BNB-USDT,4h,,,,138.77,21.162,-0.67,83.2,32.63,95,1.0,206.96,14.0,29.0,5.0,,,,,,,,,,,
macd_crossover,BNB-USDT,4h,,,,121.69,20.407,-0.99,87.1,26.13,85,1.0,122.94,14.0,29.0,7.0,,,,,,,,,,,
macd_crossover,BNB-USDT,4h,,,,120.86,19.812,-1.56,90.8,20.48,87,1.0,77.53,14.0,29.0,9.0,,,,,,,,,,,
macd_crossover,BNB-USDT,4h,,,,101.96,20.08,-0.71,86.3,23.91,73,1.0,144.59,14.0,29.0,11.0,,,,,,,,,,,
macd_crossover,BNB-USDT,4h,,,,147.58,22.521,-0.39,86.3,50.28,95,1.0,375.46,14.0,32.0,5.0,,,,,,,,,,,
macd_crossover,BNB-USDT,4h,,,,127.6,20.928,-0.99,89.7,27.23,87,1.0,128.91,14.0,32.0,7.0,,,,,,,,,,,
macd_crossover,BNB-USDT,4h,,,,111.4,20.542,-1.56,93.5,28.98,77,1.0,71.47,14.0,32.0,9.0,,,,,,,,,,,
macd_crossover,BNB-USDT,4h,,,,108.05,20.195,-0.71,86.7,30.31,75,1.0,153.23,14.0,32.0,11.0,,,,,,,,,,,
macd_crossover,BNB-USDT,4h,,,,149.91,21.232,-0.95,85.6,36.73,97,1.0,158.37,14.0,35.0,5.0,,,,,,,,,,,
macd_crossover,BNB-USDT,4h,,,,131.53,22.293,-0.99,90.6,37.2,85,1.0,132.88,14.0,35.0,7.0,,,,,,,,,,,
macd_crossover,BNB-USDT,4h,,,,115.35,21.641,-0.54,90.9,38.53,77,1.0,213.99,14.0,35.0,9.0,,,,,,,,,,,
macd_crossover,BNB-USDT,4h,,,,93.11,18.191,-0.71,84.5,23.05,71,1.0,132.04,14.0,35.0,11.0,,,,,,,,,,,
bb_reversion,BNB-USDT,4h,15.0,,,-92.0,-16.912,-92.0,0.0,0.0,122,2.3,-1.0,,,,1.5,,,,,,,,,,
bb_reversion,BNB-USDT,4h,15.0,,,-80.0,-23.209,-80.0,0.0,0.0,67,1.5,-1.0,,,,2.0,,,,,,,,,,
bb_reversion,BNB-USDT,4h,15.0,,,-48.01,-34.903,-48.01,0.0,0.0,26,1.2,-1.0,,,,2.5,,,,,,,,,,
bb_reversion,BNB-USDT,4h,15.0,,,-7.13,-32.637,-7.13,0.0,0.0,3,1.0,-1.0,,,,3.0,,,,,,,,,,
bb_reversion,BNB-USDT,4h,17.0,,,-91.22,-16.942,-91.22,0.0,0.0,112,2.5,-1.0,,,,1.5,,,,,,,,,,
bb_reversion,BNB-USDT,4h,17.0,,,-78.98,-23.014,-78.98,0.0,0.0,63,1.7,-1.0,,,,2.0,,,,,,,,,,
bb_reversion,BNB-USDT,4h,17.0,,,-48.41,-32.521,-48.41,0.0,0.0,28,1.1,-1.0,,,,2.5,,,,,,,,,,
bb_reversion,BNB-USDT,4h,17.0,,,-11.91,-45.102,-11.91,0.0,0.0,5,1.0,-1.0,,,,3.0,,,,,,,,,,
bb_reversion,BNB-USDT,4h,19.0,,,-90.23,-17.111,-90.23,0.0,0.0,110,2.6,-1.0,,,,1.5,,,,,,,,,,
bb_reversion,BNB-USDT,4h,19.0,,,-79.41,-20.983,-79.41,0.0,0.0,61,1.9,-1.0,,,,2.0,,,,,,,,,,
bb_reversion,BNB-USDT,4h,19.0,,,-43.32,-32.975,-43.32,0.0,0.0,22,1.3,-1.0,,,,2.5,,,,,,,,,,
bb_reversion,BNB-USDT,4h,19.0,,,-8.27,-58.352,-8.27,0.0,0.0,4,1.0,-1.0,,,,3.0,,,,,,,,,,
bb_reversion,BNB-USDT,4h,21.0,,,-88.15,-16.74,-88.15,0.0,0.0,98,3.0,-1.0,,,,1.5,,,,,,,,,,
bb_reversion,BNB-USDT,4h,21.0,,,-77.4,-16.253,-77.4,0.0,0.0,58,1.9,-1.0,,,,2.0,,,,,,,,,,
bb_reversion,BNB-USDT,4h,21.0,,,-48.3,-34.389,-48.3,0.0,0.0,23,1.4,-1.0,,,,2.5,,,,,,,,,,
bb_reversion,BNB-USDT,4h,21.0,,,-11.76,-49.086,-11.76,0.0,0.0,5,1.0,-1.0,,,,3.0,,,,,,,,,,
bb_reversion,BNB-USDT,4h,23.0,,,-86.85,-16.519,-86.85,0.0,0.0,95,3.1,-1.0,,,,1.5,,,,,,,,,,
bb_reversion,BNB-USDT,4h,23.0,,,-75.23,-16.115,-75.23,0.0,0.0,56,2.0,-1.0,,,,2.0,,,,,,,,,,
bb_reversion,BNB-USDT,4h,23.0,,,-47.59,-29.385,-47.59,0.0,0.0,19,1.7,-1.0,,,,2.5,,,,,,,,,,
bb_reversion,BNB-USDT,4h,23.0,,,-14.54,-60.787,-14.54,0.0,0.0,6,1.2,-1.0,,,,3.0,,,,,,,,,,
bb_reversion,BNB-USDT,4h,25.0,,,-86.06,-16.954,-86.06,0.0,0.0,89,3.2,-1.0,,,,1.5,,,,,,,,,,
bb_reversion,BNB-USDT,4h,25.0,,,-72.44,-15.5,-72.44,0.0,0.0,52,2.0,-1.0,,,,2.0,,,,,,,,,,
bb_reversion,BNB-USDT,4h,25.0,,,-51.98,-30.148,-51.98,0.0,0.0,22,1.6,-1.0,,,,2.5,,,,,,,,,,
bb_reversion,BNB-USDT,4h,25.0,,,-16.07,-59.029,-16.07,0.0,0.0,7,1.1,-1.0,,,,3.0,,,,,,,,,,
ema_crossover,BNB-USDT,4h,,,,194.14,8.732,-1.69,71.7,20.6,53,20.4,114.83,5.0,25.0,,,,,,,,,,,,
ema_crossover,BNB-USDT,4h,,,,137.34,7.352,-1.66,62.7,11.14,51,21.2,82.78,5.0,30.0,,,,,,,,,,,,
ema_crossover,BNB-USDT,4h,,,,109.82,6.742,-3.72,63.8,7.58,47,23.0,29.53,5.0,35.0,,,,,,,,,,,,
ema_crossover,BNB-USDT,4h,,,,99.79,6.091,-3.93,60.8,7.37,51,21.2,25.37,5.0,40.0,,,,,,,,,,,,
ema_crossover,BNB-USDT,4h,,,,74.47,5.258,-3.9,58.8,5.24,51,21.2,19.08,5.0,45.0,,,,,,,,,,,,
ema_crossover,BNB-USDT,4h,,,,65.84,5.125,-2.76,51.1,5.52,45,24.0,23.85,5.0,50.0,,,,,,,,,,,,
ema_crossover,BNB-USDT,4h,,,,65.5,4.511,-7.33,45.1,2.93,51,21.2,8.93,8.0,25.0,,,,,,,,,,,,
ema_crossover,BNB-USDT,4h,,,,46.06,3.693,-9.76,46.9,2.42,49,22.0,4.72,8.0,30.0,,,,,,,,,,,,
ema_crossover,BNB-USDT,4h,,,,40.53,3.667,-7.51,48.8,2.45,43,25.1,5.4,8.0,35.0,,,,,,,,,,,,
ema_crossover,BNB-USDT,4h,,,,43.22,3.817,-6.58,46.3,2.56,41,26.3,6.57,8.0,40.0,,,,,,,,,,,,
ema_crossover,BNB-USDT,4h,,,,31.57,3.001,-7.9,36.6,2.06,41,26.3,4.0,8.0,45.0,,,,,,,,,,,,
ema_crossover,BNB-USDT,4h,,,,34.32,3.298,-7.65,33.3,2.2,39,27.7,4.48,8.0,50.0,,,,,,,,,,,,
ema_crossover,BNB-USDT,4h,,,,48.05,4.13,-8.74,53.5,2.69,43,25.1,5.5,11.0,25.0,,,,,,,,,,,,
ema_crossover,BNB-USDT,4h,,,,24.99,2.484,-15.11,46.5,1.73,43,25.1,1.65,11.0,30.0,,,,,,,,,,,,
ema_crossover,BNB-USDT,4h,,,,21.41,2.232,-12.98,39.0,1.59,41,26.3,1.65,11.0,35.0,,,,,,,,,,,,
ema_crossover,BNB-USDT,4h,,,,20.54,2.23,-12.77,36.8,1.58,38,28.4,1.61,11.0,40.0,,,,,,,,,,,,
ema_crossover,BNB-USDT,4h,,,,16.48,2.02,-11.73,29.4,1.49,34,31.8,1.4,11.0,45.0,,,,,,,,,,,,
ema_crossover,BNB-USDT,4h,,,,20.17,2.333,-9.14,30.6,1.64,36,30.0,2.21,11.0,50.0,,,,,,,,,,,,
ema_crossover,BNB-USDT,4h,,,,8.63,1.167,-18.4,34.9,1.27,43,25.1,0.47,14.0,25.0,,,,,,,,,,,,
ema_crossover,BNB-USDT,4h,,,,18.57,2.091,-15.3,34.2,1.51,38,28.4,1.21,14.0,30.0,,,,,,,,,,,,
ema_crossover,BNB-USDT,4h,,,,20.38,2.169,-12.13,37.5,1.56,40,27.0,1.68,14.0,35.0,,,,,,,,,,,,
ema_crossover,BNB-USDT,4h,,,,13.44,1.739,-13.07,35.3,1.41,34,31.8,1.03,14.0,40.0,,,,,,,,,,,,
ema_crossover,BNB-USDT,4h,,,,8.43,1.316,-15.29,31.2,1.29,32,33.8,0.55,14.0,45.0,,,,,,,,,,,,
ema_crossover,BNB-USDT,4h,,,,9.1,1.332,-15.15,38.2,1.32,34,31.8,0.6,14.0,50.0,,,,,,,,,,,,
ema_crossover,BNB-USDT,4h,,,,9.19,1.287,-17.91,31.6,1.28,38,28.4,0.51,17.0,25.0,,,,,,,,,,,,
ema_crossover,BNB-USDT,4h,,,,14.85,1.811,-13.73,33.3,1.42,36,30.0,1.08,17.0,30.0,,,,,,,,,,,,
ema_crossover,BNB-USDT,4h,,,,12.43,1.676,-12.92,31.2,1.38,32,33.8,0.96,17.0,35.0,,,,,,,,,,,,
ema_crossover,BNB-USDT,4h,,,,1.96,0.674,-19.67,37.5,1.14,32,33.8,0.1,17.0,40.0,,,,,,,,,,,,
ema_crossover,BNB-USDT,4h,,,,1.07,0.597,-19.86,30.0,1.12,30,36.0,0.05,17.0,45.0,,,,,,,,,,,,
ema_crossover,BNB-USDT,4h,,,,3.31,0.831,-18.36,26.7,1.18,30,36.0,0.18,17.0,50.0,,,,,,,,,,,,
ema_crossover,BNB-USDT,4h,,,,15.81,1.888,-14.32,36.8,1.43,38,28.4,1.1,20.0,25.0,,,,,,,,,,,,
ema_crossover,BNB-USDT,4h,,,,12.39,1.673,-12.92,31.2,1.38,32,33.8,0.96,20.0,30.0,,,,,,,,,,,,
ema_crossover,BNB-USDT,4h,,,,3.33,0.813,-19.39,37.5,1.17,32,33.8,0.17,20.0,35.0,,,,,,,,,,,,
ema_crossover,BNB-USDT,4h,,,,1.75,0.668,-19.72,26.7,1.14,30,36.0,0.09,20.0,40.0,,,,,,,,,,,,
ema_crossover,BNB-USDT,4h,,,,0.7,0.571,-20.42,25.0,1.12,28,38.6,0.03,20.0,45.0,,,,,,,,,,,,
ema_crossover,BNB-USDT,4h,,,,-0.97,0.362,-24.95,18.8,1.08,32,33.8,-0.04,20.0,50.0,,,,,,,,,,,,
stoch_rsi,BNB-USDT,4h,7.0,15.0,75.0,22.28,5.012,-4.61,69.6,2.16,92,1.0,4.83,,,,,3.0,3.0,,,,,,,,
stoch_rsi,BNB-USDT,4h,7.0,15.0,80.0,18.21,4.659,-4.61,70.4,2.06,81,1.0,3.95,,,,,3.0,3.0,,,,,,,,
stoch_rsi,BNB-USDT,4h,7.0,15.0,85.0,10.16,3.046,-5.79,65.2,1.62,69,1.0,1.75,,,,,3.0,3.0,,,,,,,,
stoch_rsi,BNB-USDT,4h,7.0,20.0,75.0,32.25,6.237,-4.61,71.7,2.54,106,1.0,6.99,,,,,3.0,3.0,,,,,,,,
stoch_rsi,BNB-USDT,4h,7.0,20.0,80.0,27.85,6.043,-4.61,72.6,2.47,95,1.0,6.04,,,,,3.0,3.0,,,,,,,,
stoch_rsi,BNB-USDT,4h,7.0,20.0,85.0,19.14,4.745,-5.79,68.7,2.05,83,1.0,3.31,,,,,3.0,3.0,,,,,,,,
stoch_rsi,BNB-USDT,4h,7.0,25.0,75.0,33.96,5.825,-4.61,68.9,2.36,119,1.0,7.36,,,,,3.0,3.0,,,,,,,,
stoch_rsi,BNB-USDT,4h,7.0,25.0,80.0,29.5,5.617,-4.61,69.4,2.29,108,1.0,6.39,,,,,3.0,3.0,,,,,,,,
stoch_rsi,BNB-USDT,4h,7.0,25.0,85.0,20.68,4.452,-5.79,65.6,1.94,96,1.0,3.57,,,,,3.0,3.0,,,,,,,,
stoch_rsi,BNB-USDT,4h,9.0,15.0,75.0,35.18,8.788,-1.93,67.7,3.72,93,1.0,18.25,,,,,3.0,3.0,,,,,,,,
stoch_rsi,BNB-USDT,4h,9.0,15.0,80.0,31.49,8.374,-1.93,67.0,3.52,88,1.0,16.34,,,,,3.0,3.0,,,,,,,,
stoch_rsi,BNB-USDT,4h,9.0,15.0,85.0,27.31,8.914,-2.46,67.1,3.91,76,1.0,11.1,,,,,3.0,3.0,,,,,,,,
stoch_rsi,BNB-USDT,4h,9.0,20.0,75.0,50.45,10.037,-1.93,68.9,4.42,106,1.0,26.18,,,,,3.0,3.0,,,,,,,,
stoch_rsi,BNB-USDT,4h,9.0,20.0,80.0,46.35,9.733,-1.93,68.3,4.25,101,1.0,24.05,,,,,3.0,3.0,,,,,,,,
stoch_rsi,BNB-USDT,4h,9.0,20.0,85.0,41.69,10.395,-1.84,68.5,4.81,89,1.0,22.65,,,,,3.0,3.0,,,,,,,,
stoch_rsi,BNB-USDT,4h,9.0,25.0,75.0,54.12,9.916,-1.93,68.8,4.5,109,1.0,28.08,,,,,3.0,3.0,,,,,,,,
stoch_rsi,BNB-USDT,4h,9.0,25.0,80.0,49.92,9.631,-1.93,68.3,4.33,104,1.0,25.9,,,,,3.0,3.0,,,,,,,,
stoch_rsi,BNB-USDT,4h,9.0,25.0,85.0,45.15,10.214,-1.78,68.5,4.89,92,1.0,25.41,,,,,3.0,3.0,,,,,,,,
stoch_rsi,BNB-USDT,4h,11.0,15.0,75.0,26.36,3.978,-6.19,62.3,1.89,106,1.0,4.26,,,,,3.0,3.0,,,,,,,,
stoch_rsi,BNB-USDT,4h,11.0,15.0,80.0,20.08,3.289,-6.19,59.6,1.7,99,1.0,3.24,,,,,3.0,3.0,,,,,,,,
stoch_rsi,BNB-USDT,4h,11.0,15.0,85.0,16.15,2.939,-6.72,60.9,1.6,87,1.0,2.4,,,,,3.0,3.0,,,,,,,,
stoch_rsi,BNB-USDT,4h,11.0,20.0,75.0,32.1,4.491,-5.52,64.0,2.04,114,1.0,5.81,,,,,3.0,3.0,,,,,,,,
stoch_rsi,BNB-USDT,4h,11.0,20.0,80.0,25.53,3.857,-5.52,61.7,1.85,107,1.0,4.62,,,,,3.0,3.0,,,,,,,,
stoch_rsi,BNB-USDT,4h,11.0,20.0,85.0,21.42,3.567,-5.52,63.2,1.76,95,1.0,3.88,,,,,3.0,3.0,,,,,,,,
stoch_rsi,BNB-USDT,4h,11.0,25.0,75.0,41.66,5.225,-5.52,65.3,2.27,121,1.0,7.54,,,,,3.0,3.0,,,,,,,,
stoch_rsi,BNB-USDT,4h,11.0,25.0,80.0,34.62,4.663,-5.52,63.2,2.09,114,1.0,6.27,,,,,3.0,3.0,,,,,,,,
stoch_rsi,BNB-USDT,4h,11.0,25.0,85.0,30.21,4.456,-5.52,64.7,2.01,102,1.0,5.47,,,,,3.0,3.0,,,,,,,,
stoch_rsi,BNB-USDT,4h,13.0,15.0,75.0,33.71,7.087,-3.17,67.0,2.83,94,1.0,10.63,,,,,3.0,3.0,,,,,,,,
stoch_rsi,BNB-USDT,4h,13.0,15.0,80.0,31.21,6.85,-3.17,67.0,2.72,91,1.0,9.85,,,,,3.0,3.0,,,,,,,,
stoch_rsi,BNB-USDT,4h,13.0,15.0,85.0,24.62,5.902,-3.62,64.3,2.4,84,1.0,6.8,,,,,3.0,3.0,,,,,,,,
stoch_rsi,BNB-USDT,4h,13.0,20.0,75.0,43.31,8.062,-3.17,69.2,3.23,104,1.0,13.66,,,,,3.0,3.0,,,,,,,,
stoch_rsi,BNB-USDT,4h,13.0,20.0,80.0,40.64,7.87,-3.17,69.3,3.13,101,1.0,12.82,,,,,3.0,3.0,,,,,,,,
stoch_rsi,BNB-USDT,4h,13.0,20.0,85.0,33.57,7.047,-3.62,67.0,2.81,94,1.0,9.28,,,,,3.0,3.0,,,,,,,,
stoch_rsi,BNB-USDT,4h,13.0,25.0,75.0,46.68,8.123,-3.17,68.8,3.31,109,1.0,14.72,,,,,3.0,3.0,,,,,,,,
stoch_rsi,BNB-USDT,4h,13.0,25.0,80.0,43.95,7.943,-3.17,68.9,3.21,106,1.0,13.86,,,,,3.0,3.0,,,,,,,,
stoch_rsi,BNB-USDT,4h,13.0,25.0,85.0,36.71,7.171,-3.62,66.7,2.9,99,1.0,10.15,,,,,3.0,3.0,,,,,,,,
stoch_rsi,BNB-USDT,4h,15.0,15.0,75.0,25.65,4.682,-5.7,62.4,2.05,101,1.0,4.5,,,,,3.0,3.0,,,,,,,,
stoch_rsi,BNB-USDT,4h,15.0,15.0,80.0,20.86,4.135,-5.7,61.9,1.88,97,1.0,3.66,,,,,3.0,3.0,,,,,,,,
stoch_rsi,BNB-USDT,4h,15.0,15.0,85.0,17.73,3.805,-5.52,59.8,1.78,87,1.0,3.21,,,,,3.0,3.0,,,,,,,,
stoch_rsi,BNB-USDT,4h,15.0,20.0,75.0,31.65,5.272,-5.7,63.2,2.26,106,1.0,5.55,,,,,3.0,3.0,,,,,,,,
stoch_rsi,BNB-USDT,4h,15.0,20.0,80.0,26.63,4.789,-5.7,62.7,2.09,102,1.0,4.67,,,,,3.0,3.0,,,,,,,,
stoch_rsi,BNB-USDT,4h,15.0,20.0,85.0,23.36,4.525,-5.52,60.9,2.0,92,1.0,4.23,,,,,3.0,3.0,,,,,,,,
stoch_rsi,BNB-USDT,4h,15.0,25.0,75.0,39.82,6.065,-4.54,64.9,2.52,114,1.0,8.76,,,,,3.0,3.0,,,,,,,,
stoch_rsi,BNB-USDT,4h,15.0,25.0,80.0,34.49,5.647,-4.54,64.5,2.37,110,1.0,7.59,,,,,3.0,3.0,,,,,,,,
stoch_rsi,BNB-USDT,4h,15.0,25.0,85.0,31.02,5.444,-4.37,63.0,2.28,100,1.0,7.11,,,,,3.0,3.0,,,,,,,,
stoch_rsi,BNB-USDT,4h,17.0,15.0,75.0,45.12,9.064,-3.88,71.1,3.61,97,1.0,11.63,,,,,3.0,3.0,,,,,,,,
stoch_rsi,BNB-USDT,4h,17.0,15.0,80.0,43.82,9.712,-3.97,72.7,4.05,88,1.0,11.04,,,,,3.0,3.0,,,,,,,,
stoch_rsi,BNB-USDT,4h,17.0,15.0,85.0,38.0,9.056,-3.92,72.0,3.72,82,1.0,9.69,,,,,3.0,3.0,,,,,,,,
stoch_rsi,BNB-USDT,4h,17.0,20.0,75.0,53.23,9.711,-3.88,72.8,3.99,103,1.0,13.72,,,,,3.0,3.0,,,,,,,,
stoch_rsi,BNB-USDT,4h,17.0,20.0,80.0,51.87,10.388,-3.88,74.5,4.51,94,1.0,13.37,,,,,3.0,3.0,,,,,,,,
stoch_rsi,BNB-USDT,4h,17.0,20.0,85.0,45.72,9.805,-3.88,73.9,4.18,88,1.0,11.79,,,,,3.0,3.0,,,,,,,,
stoch_rsi,BNB-USDT,4h,17.0,25.0,75.0,57.73,10.072,-3.88,74.1,4.2,108,1.0,14.88,,,,,3.0,3.0,,,,,,,,
stoch_rsi,BNB-USDT,4h,17.0,25.0,80.0,56.32,10.764,-3.88,75.8,4.75,99,1.0,14.52,,,,,3.0,3.0,,,,,,,,
stoch_rsi,BNB-USDT,4h,17.0,25.0,85.0,49.99,10.21,-3.88,75.3,4.42,93,1.0,12.89,,,,,3.0,3.0,,,,,,,,
stoch_rsi,BNB-USDT,4h,19.0,15.0,75.0,46.7,10.28,-3.2,74.5,4.72,94,1.0,14.59,,,,,3.0,3.0,,,,,,,,
stoch_rsi,BNB-USDT,4h,19.0,15.0,80.0,45.32,10.638,-3.2,75.6,4.9,86,1.0,14.16,,,,,3.0,3.0,,,,,,,,
stoch_rsi,BNB-USDT,4h,19.0,15.0,85.0,41.19,10.484,-3.2,75.6,4.79,78,1.0,12.87,,,,,3.0,3.0,,,,,,,,
stoch_rsi,BNB-USDT,4h,19.0,20.0,75.0,48.7,10.272,-3.2,75.0,4.79,100,1.0,15.21,,,,,3.0,3.0,,,,,,,,
stoch_rsi,BNB-USDT,4h,19.0,20.0,80.0,47.31,10.602,-3.2,76.1,4.97,92,1.0,14.77,,,,,3.0,3.0,,,,,,,,
stoch_rsi,BNB-USDT,4h,19.0,20.0,85.0,43.12,10.441,-3.2,76.2,4.86,84,1.0,13.47,,,,,3.0,3.0,,,,,,,,
stoch_rsi,BNB-USDT,4h,19.0,25.0,75.0,51.01,10.315,-3.2,74.5,4.82,102,1.0,15.93,,,,,3.0,3.0,,,,,,,,
stoch_rsi,BNB-USDT,4h,19.0,25.0,80.0,49.59,10.644,-3.2,75.5,5.0,94,1.0,15.49,,,,,3.0,3.0,,,,,,,,
stoch_rsi,BNB-USDT,4h,19.0,25.0,85.0,45.34,10.497,-3.2,75.6,4.89,86,1.0,14.16,,,,,3.0,3.0,,,,,,,,
stoch_rsi,BNB-USDT,4h,21.0,15.0,75.0,43.17,8.468,-3.62,70.8,3.43,96,1.0,11.94,,,,,3.0,3.0,,,,,,,,
stoch_rsi,BNB-USDT,4h,21.0,15.0,80.0,36.32,7.869,-3.62,69.6,3.1,92,1.0,10.04,,,,,3.0,3.0,,,,,,,,
stoch_rsi,BNB-USDT,4h,21.0,15.0,85.0,33.44,7.95,-3.62,68.6,3.2,86,1.0,9.25,,,,,3.0,3.0,,,,,,,,
stoch_rsi,BNB-USDT,4h,21.0,20.0,75.0,51.7,9.099,-3.62,71.7,3.77,106,1.0,14.3,,,,,3.0,3.0,,,,,,,,
stoch_rsi,BNB-USDT,4h,21.0,20.0,80.0,44.44,8.587,-3.62,70.6,3.44,102,1.0,12.29,,,,,3.0,3.0,,,,,,,,
stoch_rsi,BNB-USDT,4h,21.0,20.0,85.0,41.39,8.72,-3.62,69.8,3.59,96,1.0,11.44,,,,,3.0,3.0,,,,,,,,
stoch_rsi,BNB-USDT,4h,21.0,25.0,75.0,53.8,9.215,-3.62,71.6,3.85,109,1.0,14.88,,,,,3.0,3.0,,,,,,,,
stoch_rsi,BNB-USDT,4h,21.0,25.0,80.0,46.44,8.723,-3.62,70.5,3.53,105,1.0,12.84,,,,,3.0,3.0,,,,,,,,
stoch_rsi,BNB-USDT,4h,21.0,25.0,85.0,43.35,8.865,-3.62,69.7,3.69,99,1.0,11.99,,,,,3.0,3.0,,,,,,,,
kc_breakout,BNB-USDT,4h,15.0,,,387.95,17.275,0.0,100.0,999.0,64,2.5,0.0,,,,,,,1.5,,,,,,,
kc_breakout,BNB-USDT,4h,15.0,,,137.76,20.363,0.0,100.0,999.0,27,2.1,0.0,,,,,,,2.0,,,,,,,
kc_breakout,BNB-USDT,4h,15.0,,,57.14,23.855,0.0,100.0,999.0,9,2.0,0.0,,,,,,,2.5,,,,,,,
kc_breakout,BNB-USDT,4h,15.0,,,22.82,31.281,0.0,100.0,999.0,4,1.8,0.0,,,,,,,3.0,,,,,,,
kc_breakout,BNB-USDT,4h,17.0,,,426.67,17.068,0.0,100.0,999.0,70,2.7,0.0,,,,,,,1.5,,,,,,,
kc_breakout,BNB-USDT,4h,17.0,,,178.85,19.982,0.0,100.0,999.0,34,2.4,0.0,,,,,,,2.0,,,,,,,
kc_breakout,BNB-USDT,4h,17.0,,,61.27,23.261,0.0,100.0,999.0,11,2.2,0.0,,,,,,,2.5,,,,,,,
kc_breakout,BNB-USDT,4h,17.0,,,36.17,28.756,0.0,100.0,999.0,6,1.8,0.0,,,,,,,3.0,,,,,,,
kc_breakout,BNB-USDT,4h,19.0,,,427.87,16.322,0.0,100.0,999.0,71,3.0,0.0,,,,,,,1.5,,,,,,,
kc_breakout,BNB-USDT,4h,19.0,,,197.52,20.19,0.0,100.0,999.0,36,2.6,0.0,,,,,,,2.0,,,,,,,
kc_breakout,BNB-USDT,4h,19.0,,,70.69,19.164,0.0,100.0,999.0,13,2.8,0.0,,,,,,,2.5,,,,,,,
kc_breakout,BNB-USDT,4h,19.0,,,41.14,22.609,0.0,100.0,999.0,7,1.9,0.0,,,,,,,3.0,,,,,,,
kc_breakout,BNB-USDT,4h,21.0,,,474.23,16.009,0.0,100.0,999.0,81,2.9,0.0,,,,,,,1.5,,,,,,,
kc_breakout,BNB-USDT,4h,21.0,,,200.88,20.636,0.0,100.0,999.0,39,2.9,0.0,,,,,,,2.0,,,,,,,
kc_breakout,BNB-USDT,4h,21.0,,,92.66,19.727,0.0,100.0,999.0,19,2.5,0.0,,,,,,,2.5,,,,,,,
kc_breakout,BNB-USDT,4h,21.0,,,42.03,23.013,0.0,100.0,999.0,8,2.0,0.0,,,,,,,3.0,,,,,,,
kc_breakout,BNB-USDT,4h,23.0,,,482.58,17.55,0.0,100.0,999.0,82,3.2,0.0,,,,,,,1.5,,,,,,,
kc_breakout,BNB-USDT,4h,23.0,,,220.24,17.355,0.0,100.0,999.0,42,3.0,0.0,,,,,,,2.0,,,,,,,
kc_breakout,BNB-USDT,4h,23.0,,,128.9,18.025,0.0,100.0,999.0,27,2.3,0.0,,,,,,,2.5,,,,,,,
kc_breakout,BNB-USDT,4h,23.0,,,48.21,20.414,0.0,100.0,999.0,8,3.6,0.0,,,,,,,3.0,,,,,,,
kc_breakout,BNB-USDT,4h,25.0,,,524.53,17.396,0.0,100.0,999.0,82,3.5,0.0,,,,,,,1.5,,,,,,,
kc_breakout,BNB-USDT,4h,25.0,,,257.42,17.124,0.0,100.0,999.0,50,2.8,0.0,,,,,,,2.0,,,,,,,
kc_breakout,BNB-USDT,4h,25.0,,,143.71,20.143,0.0,100.0,999.0,27,2.7,0.0,,,,,,,2.5,,,,,,,
kc_breakout,BNB-USDT,4h,25.0,,,57.9,20.678,0.0,100.0,999.0,11,3.2,0.0,,,,,,,3.0,,,,,,,
rsi_adx_combo,BNB-USDT,4h,,,,14.69,1.413,-17.24,40.0,1.37,60,16.2,0.85,,,,,,,,14.0,25.0,65.0,14.0,20.0,,
rsi_adx_combo,BNB-USDT,4h,,,,4.63,0.635,-24.38,36.1,1.15,72,11.9,0.19,,,,,,,,14.0,25.0,65.0,14.0,25.0,,
rsi_adx_combo,BNB-USDT,4h,,,,17.92,1.689,-16.3,41.1,1.45,56,17.2,1.1,,,,,,,,14.0,25.0,70.0,14.0,20.0,,
rsi_adx_combo,BNB-USDT,4h,,,,7.46,0.817,-23.93,36.6,1.2,71,11.8,0.31,,,,,,,,14.0,25.0,70.0,14.0,25.0,,
rsi_adx_combo,BNB-USDT,4h,,,,19.25,1.83,-15.74,41.5,1.49,53,18.1,1.22,,,,,,,,14.0,25.0,75.0,14.0,20.0,,
rsi_adx_combo,BNB-USDT,4h,,,,13.71,1.26,-20.34,39.1,1.32,64,12.9,0.67,,,,,,,,14.0,25.0,75.0,14.0,25.0,,
rsi_adx_combo,BNB-USDT,4h,,,,13.21,1.3,-17.24,39.3,1.33,61,16.0,0.77,,,,,,,,14.0,30.0,65.0,14.0,20.0,,
rsi_adx_combo,BNB-USDT,4h,,,,0.04,0.334,-24.93,35.6,1.08,73,11.8,0.0,,,,,,,,14.0,30.0,65.0,14.0,25.0,,
rsi_adx_combo,BNB-USDT,4h,,,,16.4,1.568,-16.3,40.4,1.41,57,16.9,1.01,,,,,,,,14.0,30.0,70.0,14.0,20.0,,
rsi_adx_combo,BNB-USDT,4h,,,,2.74,0.514,-24.48,36.1,1.12,72,11.8,0.11,,,,,,,,14.0,30.0,70.0,14.0,25.0,,
rsi_adx_combo,BNB-USDT,4h,,,,17.7,1.703,-15.74,40.7,1.45,54,17.8,1.13,,,,,,,,14.0,30.0,75.0,14.0,20.0,,
rsi_adx_combo,BNB-USDT,4h,,,,8.72,0.936,-20.91,38.5,1.23,65,12.8,0.42,,,,,,,,14.0,30.0,75.0,14.0,25.0,,
rsi_adx_combo,BNB-USDT,4h,,,,11.41,1.147,-18.44,37.5,1.29,64,15.3,0.62,,,,,,,,14.0,35.0,65.0,14.0,20.0,,
rsi_adx_combo,BNB-USDT,4h,,,,-5.76,-0.051,-27.89,36.6,0.99,82,10.7,-0.21,,,,,,,,14.0,35.0,65.0,14.0,25.0,,
rsi_adx_combo,BNB-USDT,4h,,,,14.54,1.402,-17.73,38.3,1.37,60,16.2,0.82,,,,,,,,14.0,35.0,70.0,14.0,20.0,,
rsi_adx_combo,BNB-USDT,4h,,,,-3.22,0.115,-27.46,37.0,1.03,81,10.6,-0.12,,,,,,,,14.0,35.0,70.0,14.0,25.0,,
rsi_adx_combo,BNB-USDT,4h,,,,15.83,1.528,-17.17,38.6,1.4,57,17.0,0.92,,,,,,,,14.0,35.0,75.0,14.0,20.0,,
rsi_adx_combo,BNB-USDT,4h,,,,2.41,0.486,-24.04,39.2,1.11,74,11.5,0.1,,,,,,,,14.0,35.0,75.0,14.0,25.0,,
rsi_vol_combo,BNB-USDT,4h,,,,-51.28,-12.62,-51.28,19.0,0.07,42,1.5,-1.0,,,,,,,,14.0,25.0,65.0,,,20.0,1.5
rsi_vol_combo,BNB-USDT,4h,,,,-39.79,-16.809,-39.79,8.7,0.02,23,1.5,-1.0,,,,,,,,14.0,25.0,65.0,,,20.0,2.0
rsi_vol_combo,BNB-USDT,4h,,,,-50.96,-14.264,-50.96,17.9,0.06,39,1.5,-1.0,,,,,,,,14.0,25.0,70.0,,,20.0,1.5
rsi_vol_combo,BNB-USDT,4h,,,,-38.3,-20.121,-38.3,4.8,0.01,21,1.5,-1.0,,,,,,,,14.0,25.0,70.0,,,20.0,2.0
rsi_vol_combo,BNB-USDT,4h,,,,-46.06,-17.092,-46.06,7.7,0.01,26,1.5,-1.0,,,,,,,,14.0,25.0,75.0,,,20.0,1.5
rsi_vol_combo,BNB-USDT,4h,,,,-37.23,-24.179,-37.23,0.0,0.0,17,1.4,-1.0,,,,,,,,14.0,25.0,75.0,,,20.0,2.0
rsi_vol_combo,BNB-USDT,4h,,,,-53.74,-12.021,-54.14,22.0,0.08,50,1.5,-0.99,,,,,,,,14.0,30.0,65.0,,,20.0,1.5
rsi_vol_combo,BNB-USDT,4h,,,,-40.99,-15.341,-41.49,14.8,0.05,27,1.4,-0.99,,,,,,,,14.0,30.0,65.0,,,20.0,2.0
rsi_vol_combo,BNB-USDT,4h,,,,-53.43,-13.379,-53.83,21.3,0.07,47,1.5,-0.99,,,,,,,,14.0,30.0,70.0,,,20.0,1.5
rsi_vol_combo,BNB-USDT,4h,,,,-39.53,-17.799,-40.05,12.0,0.03,25,1.4,-0.99,,,,,,,,14.0,30.0,70.0,,,20.0,2.0
rsi_vol_combo,BNB-USDT,4h,,,,-48.78,-15.065,-49.22,14.7,0.04,34,1.5,-0.99,,,,,,,,14.0,30.0,75.0,,,20.0,1.5
rsi_vol_combo,BNB-USDT,4h,,,,-38.49,-20.078,-39.01,9.5,0.02,21,1.3,-0.99,,,,,,,,14.0,30.0,75.0,,,20.0,2.0
rsi_vol_combo,BNB-USDT,4h,,,,-57.24,-11.546,-57.61,23.7,0.09,59,1.5,-0.99,,,,,,,,14.0,35.0,65.0,,,20.0,1.5
rsi_vol_combo,BNB-USDT,4h,,,,-42.6,-15.584,-43.09,13.8,0.04,29,1.4,-0.99,,,,,,,,14.0,35.0,65.0,,,20.0,2.0
rsi_vol_combo,BNB-USDT,4h,,,,-56.96,-12.656,-57.33,23.2,0.08,56,1.4,-0.99,,,,,,,,14.0,35.0,70.0,,,20.0,1.5
rsi_vol_combo,BNB-USDT,4h,,,,-41.18,-18.052,-41.69,11.1,0.03,27,1.4,-0.99,,,,,,,,14.0,35.0,70.0,,,20.0,2.0
rsi_vol_combo,BNB-USDT,4h,,,,-52.66,-13.735,-53.07,18.6,0.05,43,1.4,-0.99,,,,,,,,14.0,35.0,75.0,,,20.0,1.5
rsi_vol_combo,BNB-USDT,4h,,,,-40.17,-20.177,-40.68,8.7,0.02,23,1.3,-0.99,,,,,,,,14.0,35.0,75.0,,,20.0,2.0
rsi_reversion,XRP-USDT,1d,7.0,20.0,60.0,-100.1,-4.428,-113.04,14.6,0.02,144,3.3,-0.89,,,,,,,,,,,,,,
rsi_reversion,XRP-USDT,1d,7.0,20.0,65.0,-100.21,-4.629,-114.01,15.1,0.02,126,3.2,-0.88,,,,,,,,,,,,,,
rsi_reversion,XRP-USDT,1d,7.0,20.0,70.0,-100.22,-5.362,-112.89,9.7,0.02,113,3.1,-0.89,,,,,,,,,,,,,,
rsi_reversion,XRP-USDT,1d,7.0,20.0,75.0,-100.37,-5.411,-120.85,9.4,0.01,96,3.0,-0.83,,,,,,,,,,,,,,
rsi_reversion,XRP-USDT,1d,7.0,20.0,80.0,-100.83,-5.054,-127.88,5.6,0.0,89,2.8,-0.79,,,,,,,,,,,,,,
rsi_reversion,XRP-USDT,1d,7.0,25.0,60.0,-100.05,-4.422,-109.23,14.1,0.03,163,3.2,-0.92,,,,,,,,,,,,,,
rsi_reversion,XRP-USDT,1d,7.0,25.0,65.0,-100.1,-4.608,-109.92,14.5,0.03,145,3.2,-0.91,,,,,,,,,,,,,,
rsi_reversion,XRP-USDT,1d,7.0,25.0,70.0,-100.1,-5.328,-109.12,9.8,0.02,132,3.0,-0.92,,,,,,,,,,,,,,
rsi_reversion,XRP-USDT,1d,7.0,25.0,75.0,-100.17,-5.314,-114.75,9.6,0.01,115,3.0,-0.87,,,,,,,,,,,,,,
rsi_reversion,XRP-USDT,1d,7.0,25.0,80.0,-100.38,-4.946,-119.72,6.5,0.01,108,2.8,-0.84,,,,,,,,,,,,,,
rsi_reversion,XRP-USDT,1d,7.0,30.0,60.0,-100.02,-4.387,-107.85,15.8,0.03,183,3.4,-0.93,,,,,,,,,,,,,,
rsi_reversion,XRP-USDT,1d,7.0,30.0,65.0,-100.05,-4.559,-108.44,16.4,0.03,165,3.3,-0.92,,,,,,,,,,,,,,
rsi_reversion,XRP-USDT,1d,7.0,30.0,70.0,-100.05,-5.26,-107.77,12.5,0.03,152,3.2,-0.93,,,,,,,,,,,,,,
rsi_reversion,XRP-USDT,1d,7.0,30.0,75.0,-100.08,-5.201,-112.56,12.6,0.02,135,3.2,-0.89,,,,,,,,,,,,,,
rsi_reversion,XRP-USDT,1d,7.0,30.0,80.0,-100.19,-4.829,-116.79,10.2,0.02,128,3.1,-0.86,,,,,,,,,,,,,,
rsi_reversion,XRP-USDT,1d,7.0,35.0,60.0,-100.02,-4.415,-107.09,18.8,0.04,181,3.8,-0.93,,,,,,,,,,,,,,
rsi_reversion,XRP-USDT,1d,7.0,35.0,65.0,-100.05,-4.59,-107.62,19.6,0.04,163,3.8,-0.93,,,,,,,,,,,,,,
rsi_reversion,XRP-USDT,1d,7.0,35.0,70.0,-100.05,-5.299,-107.01,16.0,0.03,150,3.7,-0.93,,,,,,,,,,,,,,
rsi_reversion,XRP-USDT,1d,7.0,35.0,75.0,-100.08,-5.245,-111.33,16.5,0.02,133,3.8,-0.9,,,,,,,,,,,,,,
rsi_reversion,XRP-USDT,1d,7.0,35.0,80.0,-100.18,-4.872,-115.15,14.3,0.02,126,3.7,-0.87,,,,,,,,,,,,,,
rsi_reversion,XRP-USDT,1d,9.0,20.0,60.0,-100.41,-4.287,-136.77,14.8,0.02,115,3.5,-0.73,,,,,,,,,,,,,,
rsi_reversion,XRP-USDT,1d,9.0,20.0,65.0,-100.85,-4.39,-136.44,13.5,0.02,104,3.1,-0.74,,,,,,,,,,,,,,
rsi_reversion,XRP-USDT,1d,9.0,20.0,70.0,-101.71,-4.697,-153.14,12.2,0.01,82,3.1,-0.66,,,,,,,,,,,,,,
rsi_reversion,XRP-USDT,1d,9.0,20.0,75.0,-101.63,-5.372,-144.7,8.5,0.01,71,2.8,-0.7,,,,,,,,,,,,,,
rsi_reversion,XRP-USDT,1d,9.0,20.0,80.0,-100.2,-8.568,-115.04,4.9,0.01,61,2.8,-0.87,,,,,,,,,,,,,,
rsi_reversion,XRP-USDT,1d,9.0,25.0,60.0,-100.15,-4.294,-125.59,16.2,0.03,136,3.5,-0.8,,,,,,,,,,,,,,
rsi_reversion,XRP-USDT,1d,9.0,25.0,65.0,-100.31,-4.397,-126.38,15.2,0.03,125,3.1,-0.79,,,,,,,,,,,,,,
rsi_reversion,XRP-USDT,1d,9.0,25.0,70.0,-100.63,-4.636,-138.15,14.6,0.02,103,3.1,-0.73,,,,,,,,,,,,,,
rsi_reversion,XRP-USDT,1d,9.0,25.0,75.0,-100.6,-5.246,-132.79,12.0,0.02,92,2.9,-0.76,,,,,,,,,,,,,,
rsi_reversion,XRP-USDT,1d,9.0,25.0,80.0,-100.07,-8.304,-111.03,9.8,0.02,82,2.9,-0.9,,,,,,,,,,,,,,
rsi_reversion,XRP-USDT,1d,9.0,30.0,60.0,-100.09,-4.272,-120.96,17.1,0.03,152,3.6,-0.83,,,,,,,,,,,,,,
rsi_reversion,XRP-USDT,1d,9.0,30.0,65.0,-100.18,-4.374,-121.6,16.3,0.03,141,3.3,-0.82,,,,,,,,,,,,,,
rsi_reversion,XRP-USDT,1d,9.0,30.0,70.0,-100.36,-4.575,-131.24,16.0,0.03,119,3.3,-0.76,,,,,,,,,,,,,,
rsi_reversion,XRP-USDT,1d,9.0,30.0,75.0,-100.34,-5.151,-126.86,13.9,0.02,108,3.2,-0.79,,,,,,,,,,,,,,
rsi_reversion,XRP-USDT,1d,9.0,30.0,80.0,-100.04,-8.165,-109.04,12.2,0.02,98,3.2,-0.92,,,,,,,,,,,,,,
rsi_reversion,XRP-USDT,1d,9.0,35.0,60.0,-100.08,-4.156,-121.58,17.5,0.04,160,3.9,-0.82,,,,,,,,,,,,,,
rsi_reversion,XRP-USDT,1d,9.0,35.0,65.0,-100.17,-4.246,-122.25,16.8,0.03,149,3.7,-0.82,,,,,,,,,,,,,,
rsi_reversion,XRP-USDT,1d,9.0,35.0,70.0,-100.34,-4.419,-132.18,16.5,0.03,127,3.8,-0.76,,,,,,,,,,,,,,
rsi_reversion,XRP-USDT,1d,9.0,35.0,75.0,-100.33,-4.954,-127.66,14.7,0.03,116,3.7,-0.79,,,,,,,,,,,,,,
rsi_reversion,XRP-USDT,1d,9.0,35.0,80.0,-100.04,-7.754,-109.31,13.2,0.03,106,3.7,-0.92,,,,,,,,,,,,,,
rsi_reversion,XRP-USDT,1d,11.0,20.0,60.0,-105.22,-4.016,-162.33,19.3,0.04,88,3.9,-0.65,,,,,,,,,,,,,,
rsi_reversion,XRP-USDT,1d,11.0,20.0,65.0,-106.59,-3.926,-167.12,17.1,0.02,82,3.1,-0.64,,,,,,,,,,,,,,
rsi_reversion,XRP-USDT,1d,11.0,20.0,70.0,-104.58,-4.67,-170.38,12.3,0.01,65,3.0,-0.61,,,,,,,,,,,,,,
rsi_reversion,XRP-USDT,1d,11.0,20.0,75.0,-107.62,-5.397,-184.39,15.2,0.01,46,3.1,-0.58,,,,,,,,,,,,,,
rsi_reversion,XRP-USDT,1d,11.0,20.0,80.0,-100.94,-8.222,-115.9,20.0,0.02,40,2.7,-0.87,,,,,,,,,,,,,,
rsi_reversion,XRP-USDT,1d,11.0,25.0,60.0,-101.08,-4.297,-134.8,17.1,0.04,111,3.7,-0.75,,,,,,,,,,,,,,
rsi_reversion,XRP-USDT,1d,11.0,25.0,65.0,-101.37,-4.142,-137.48,15.2,0.02,105,3.1,-0.74,,,,,,,,,,,,,,
rsi_reversion,XRP-USDT,1d,11.0,25.0,70.0,-100.95,-4.824,-139.3,11.4,0.02,88,3.0,-0.72,,,,,,,,,,,,,,
rsi_reversion,XRP-USDT,1d,11.0,25.0,75.0,-101.59,-5.443,-147.12,13.0,0.02,69,3.1,-0.69,,,,,,,,,,,,,,
rsi_reversion,XRP-USDT,1d,11.0,25.0,80.0,-100.2,-8.692,-108.88,15.9,0.02,63,2.9,-0.92,,,,,,,,,,,,,,
rsi_reversion,XRP-USDT,1d,11.0,30.0,60.0,-100.9,-4.218,-131.95,18.3,0.04,120,4.1,-0.76,,,,,,,,,,,,,,
rsi_reversion,XRP-USDT,1d,11.0,30.0,65.0,-101.14,-4.054,-134.87,16.7,0.03,114,3.5,-0.75,,,,,,,,,,,,,,
rsi_reversion,XRP-USDT,1d,11.0,30.0,70.0,-100.79,-4.687,-136.57,13.4,0.02,97,3.5,-0.74,,,,,,,,,,,,,,
rsi_reversion,XRP-USDT,1d,11.0,30.0,75.0,-101.32,-5.232,-143.26,15.4,0.02,78,3.7,-0.71,,,,,,,,,,,,,,
rsi_reversion,XRP-USDT,1d,11.0,30.0,80.0,-100.16,-8.34,-108.15,18.1,0.02,72,3.5,-0.93,,,,,,,,,,,,,,
rsi_reversion,XRP-USDT,1d,11.0,35.0,60.0,-100.56,-4.261,-122.91,17.8,0.03,129,4.5,-0.82,,,,,,,,,,,,,,
rsi_reversion,XRP-USDT,1d,11.0,35.0,65.0,-100.7,-4.082,-124.67,16.3,0.02,123,4.0,-0.81,,,,,,,,,,,,,,
rsi_reversion,XRP-USDT,1d,11.0,35.0,70.0,-100.49,-4.695,-125.87,13.2,0.01,106,4.1,-0.8,,,,,,,,,,,,,,
rsi_reversion,XRP-USDT,1d,11.0,35.0,75.0,-100.81,-5.216,-131.02,14.9,0.01,87,4.4,-0.77,,,,,,,,,,,,,,
rsi_reversion,XRP-USDT,1d,11.0,35.0,80.0,-100.1,-8.352,-105.84,17.3,0.02,81,4.3,-0.95,,,,,,,,,,,,,,
rsi_reversion,XRP-USDT,1d,13.0,20.0,60.0,-104.18,-4.511,-141.67,18.7,0.03,75,4.0,-0.74,,,,,,,,,,,,,,
rsi_reversion,XRP-USDT,1d,13.0,20.0,65.0,-105.24,-4.857,-152.64,12.9,0.02,62,3.3,-0.69,,,,,,,,,,,,,,
rsi_reversion,XRP-USDT,1d,13.0,20.0,70.0,-111.21,-4.887,-179.68,6.1,0.01,49,3.2,-0.62,,,,,,,,,,,,,,
rsi_reversion,XRP-USDT,1d,13.0,20.0,75.0,-115.09,-5.424,-187.74,5.4,0.01,37,2.9,-0.61,,,,,,,,,,,,,,
rsi_reversion,XRP-USDT,1d,13.0,20.0,80.0,-118.73,-6.001,-185.56,6.9,0.01,29,2.9,-0.64,,,,,,,,,,,,,,
rsi_reversion,XRP-USDT,1d,13.0,25.0,60.0,-102.04,-4.417,-131.08,22.6,0.05,93,3.8,-0.78,,,,,,,,,,,,,,
rsi_reversion,XRP-USDT,1d,13.0,25.0,65.0,-102.55,-4.676,-139.25,18.8,0.03,80,3.2,-0.74,,,,,,,,,,,,,,
rsi_reversion,XRP-USDT,1d,13.0,25.0,70.0,-105.46,-4.585,-159.42,14.9,0.02,67,3.2,-0.66,,,,,,,,,,,,,,
rsi_reversion,XRP-USDT,1d,13.0,25.0,75.0,-107.35,-4.957,-165.43,16.4,0.03,55,3.0,-0.65,,,,,,,,,,,,,,
rsi_reversion,XRP-USDT,1d,13.0,25.0,80.0,-109.13,-5.286,-163.81,19.1,0.03,47,3.0,-0.67,,,,,,,,,,,,,,
rsi_reversion,XRP-USDT,1d,13.0,30.0,60.0,-101.33,-4.403,-127.86,21.6,0.04,102,4.1,-0.79,,,,,,,,,,,,,,
rsi_reversion,XRP-USDT,1d,13.0,30.0,65.0,-101.67,-4.633,-135.2,18.0,0.03,89,3.7,-0.75,,,,,,,,,,,,,,
rsi_reversion,XRP-USDT,1d,13.0,30.0,70.0,-103.56,-4.509,-153.28,14.5,0.02,76,3.7,-0.68,,,,,,,,,,,,,,
rsi_reversion,XRP-USDT,1d,13.0,30.0,75.0,-104.79,-4.847,-158.67,15.6,0.02,64,3.6,-0.66,,,,,,,,,,,,,,
rsi_reversion,XRP-USDT,1d,13.0,30.0,80.0,-105.95,-5.124,-157.21,17.9,0.02,56,3.7,-0.67,,,,,,,,,,,,,,
rsi_reversion,XRP-USDT,1d,13.0,35.0,60.0,-100.83,-4.33,-119.38,21.2,0.03,118,4.3,-0.84,,,,,,,,,,,,,,
rsi_reversion,XRP-USDT,1d,13.0,35.0,65.0,-101.04,-4.519,-124.48,18.1,0.02,105,3.9,-0.81,,,,,,,,,,,,,,
rsi_reversion,XRP-USDT,1d,13.0,35.0,70.0,-102.22,-4.35,-137.07,15.2,0.01,92,4.0,-0.75,,,,,,,,,,,,,,
rsi_reversion,XRP-USDT,1d,13.0,35.0,75.0,-102.98,-4.642,-140.81,16.2,0.01,80,4.0,-0.73,,,,,,,,,,,,,,
rsi_reversion,XRP-USDT,1d,13.0,35.0,80.0,-103.7,-4.859,-139.8,18.1,0.02,72,4.1,-0.74,,,,,,,,,,,,,,
rsi_reversion,XRP-USDT,1d,15.0,20.0,60.0,-107.36,-4.78,-156.77,12.1,0.02,58,4.6,-0.68,,,,,,,,,,,,,,
rsi_reversion,XRP-USDT,1d,15.0,20.0,65.0,-108.37,-5.007,-181.34,11.8,0.01,51,3.6,-0.6,,,,,,,,,,,,,,
rsi_reversion,XRP-USDT,1d,15.0,20.0,70.0,-118.68,-5.329,-192.73,8.3,0.0,36,3.4,-0.62,,,,,,,,,,,,,,
rsi_reversion,XRP-USDT,1d,15.0,20.0,75.0,-130.9,-6.159,-237.17,4.3,0.0,23,3.8,-0.55,,,,,,,,,,,,,,
rsi_reversion,XRP-USDT,1d,15.0,20.0,80.0,-144.67,-7.259,-237.57,0.0,0.0,15,4.1,-0.61,,,,,,,,,,,,,,
rsi_reversion,XRP-USDT,1d,15.0,25.0,60.0,-104.03,-4.565,-142.99,17.8,0.04,73,4.2,-0.73,,,,,,,,,,,,,,
rsi_reversion,XRP-USDT,1d,15.0,25.0,65.0,-104.58,-4.698,-161.6,18.2,0.02,66,3.3,-0.65,,,,,,,,,,,,,,
rsi_reversion,XRP-USDT,1d,15.0,25.0,70.0,-110.21,-4.814,-170.22,17.6,0.02,51,3.2,-0.65,,,,,,,,,,,,,,
rsi_reversion,XRP-USDT,1d,15.0,25.0,75.0,-116.9,-5.174,-203.88,18.4,0.02,38,3.3,-0.57,,,,,,,,,,,,,,
rsi_reversion,XRP-USDT,1d,15.0,25.0,80.0,-124.43,-5.591,-204.18,20.0,0.02,30,3.3,-0.61,,,,,,,,,,,,,,
rsi_reversion,XRP-USDT,1d,15.0,30.0,60.0,-102.01,-4.543,-135.1,17.0,0.03,88,4.2,-0.76,,,,,,,,,,,,,,
rsi_reversion,XRP-USDT,1d,15.0,30.0,65.0,-102.29,-4.615,-150.29,17.3,0.02,81,3.5,-0.68,,,,,,,,,,,,,,
rsi_reversion,XRP-USDT,1d,15.0,30.0,70.0,-105.1,-4.646,-157.34,16.7,0.02,66,3.4,-0.67,,,,,,,,,,,,,,
rsi_reversion,XRP-USDT,1d,15.0,30.0,75.0,-108.44,-4.847,-184.82,17.0,0.02,53,3.5,-0.59,,,,,,,,,,,,,,
rsi_reversion,XRP-USDT,1d,15.0,30.0,80.0,-112.2,-5.128,-185.07,17.8,0.02,45,3.6,-0.61,,,,,,,,,,,,,,
rsi_reversion,XRP-USDT,1d,15.0,35.0,60.0,-101.7,-4.508,-125.45,14.9,0.03,94,4.9,-0.81,,,,,,,,,,,,,,
rsi_reversion,XRP-USDT,1d,15.0,35.0,65.0,-101.93,-4.56,-136.47,14.9,0.02,87,4.3,-0.75,,,,,,,,,,,,,,
rsi_reversion,XRP-USDT,1d,15.0,35.0,70.0,-104.3,-4.566,-141.58,13.9,0.01,72,4.3,-0.74,,,,,,,,,,,,,,
rsi_reversion,XRP-USDT,1d,15.0,35.0,75.0,-107.12,-4.724,-161.51,13.6,0.01,59,4.7,-0.66,,,,,,,,,,,,,,
rsi_reversion,XRP-USDT,1d,15.0,35.0,80.0,-110.29,-4.974,-161.69,13.7,0.02,51,4.9,-0.68,,,,,,,,,,,,,,
rsi_reversion,XRP-USDT,1d,17.0,20.0,60.0,-113.01,-5.027,-167.72,17.8,0.01,45,5.4,-0.67,,,,,,,,,,,,,,
rsi_reversion,XRP-USDT,1d,17.0,20.0,65.0,-109.05,-6.19,-173.47,6.1,0.01,33,4.9,-0.63,,,,,,,,,,,,,,
rsi_reversion,XRP-USDT,1d,17.0,20.0,70.0,-120.58,-6.669,-182.75,13.0,0.0,23,4.5,-0.66,,,,,,,,,,,,,,
rsi_reversion,XRP-USDT,1d,17.0,20.0,75.0,-117.84,-8.571,-204.71,0.0,0.0,15,4.9,-0.58,,,,,,,,,,,,,,
rsi_reversion,XRP-USDT,1d,17.0,20.0,80.0,-156.05,-8.707,-230.57,0.0,0.0,10,5.9,-0.68,,,,,,,,,,,,,,
rsi_reversion,XRP-USDT,1d,17.0,25.0,60.0,-107.87,-4.844,-163.69,16.4,0.01,55,4.9,-0.66,,,,,,,,,,,,,,
rsi_reversion,XRP-USDT,1d,17.0,25.0,65.0,-105.47,-5.741,-169.09,7.0,0.01,43,4.4,-0.62,,,,,,,,,,,,,,
rsi_reversion,XRP-USDT,1d,17.0,25.0,70.0,-112.45,-5.95,-177.82,12.1,0.0,33,4.0,-0.63,,,,,,,,,,,,,,
rsi_reversion,XRP-USDT,1d,17.0,25.0,75.0,-110.79,-7.064,-198.47,4.0,0.0,25,4.0,-0.56,,,,,,,,,,,,,,
rsi_reversion,XRP-USDT,1d,17.0,25.0,80.0,-133.9,-6.613,-222.79,5.0,0.0,20,4.3,-0.6,,,,,,,,,,,,,,
rsi_reversion,XRP-USDT,1d,17.0,30.0,60.0,-104.86,-4.528,-142.9,22.5,0.03,71,4.6,-0.73,,,,,,,,,,,,,,
rsi_reversion,XRP-USDT,1d,17.0,30.0,65.0,-103.38,-5.175,-146.54,16.9,0.02,59,4.1,-0.71,,,,,,,,,,,,,,
rsi_reversion,XRP-USDT,1d,17.0,30.0,70.0,-107.69,-5.204,-152.42,22.4,0.03,49,3.8,-0.71,,,,,,,,,,,,,,
rsi_reversion,XRP-USDT,1d,17.0,30.0,75.0,-106.67,-5.881,-166.32,19.5,0.02,41,3.8,-0.64,,,,,,,,,,,,,,
rsi_reversion,XRP-USDT,1d,17.0,30.0,80.0,-120.95,-5.313,-182.71,22.2,0.03,36,3.9,-0.66,,,,,,,,,,,,,,
rsi_reversion,XRP-USDT,1d,17.0,35.0,60.0,-103.77,-4.338,-135.37,19.3,0.04,83,4.9,-0.77,,,,,,,,,,,,,,
rsi_reversion,XRP-USDT,1d,17.0,35.0,65.0,-102.62,-4.873,-138.37,14.1,0.03,71,4.6,-0.74,,,,,,,,,,,,,,
rsi_reversion,XRP-USDT,1d,17.0,35.0,70.0,-105.96,-4.844,-143.22,18.0,0.03,61,4.4,-0.74,,,,,,,,,,,,,,
rsi_reversion,XRP-USDT,1d,17.0,35.0,75.0,-105.16,-5.383,-154.69,15.1,0.03,53,4.5,-0.68,,,,,,,,,,,,,,
rsi_reversion,XRP-USDT,1d,17.0,35.0,80.0,-116.22,-4.815,-168.2,16.7,0.03,48,4.7,-0.69,,,,,,,,,,,,,,
rsi_reversion,XRP-USDT,1d,19.0,20.0,60.0,-110.78,-5.601,-182.17,15.8,0.01,38,5.6,-0.61,,,,,,,,,,,,,,
rsi_reversion,XRP-USDT,1d,19.0,20.0,65.0,-115.06,-6.522,-176.85,3.7,0.0,27,5.9,-0.65,,,,,,,,,,,,,,
rsi_reversion,XRP-USDT,1d,19.0,20.0,70.0,-125.96,-6.748,-197.69,0.0,0.0,21,4.8,-0.64,,,,,,,,,,,,,,
rsi_reversion,XRP-USDT,1d,19.0,20.0,75.0,-137.86,-8.573,-221.29,0.0,0.0,12,5.9,-0.62,,,,,,,,,,,,,,
rsi_reversion,XRP-USDT,1d,19.0,20.0,80.0,-142.09,-10.267,-208.96,12.5,0.0,8,7.0,-0.68,,,,,,,,,,,,,,
rsi_reversion,XRP-USDT,1d,19.0,25.0,60.0,-107.03,-5.387,-166.32,19.6,0.01,46,5.1,-0.64,,,,,,,,,,,,,,
rsi_reversion,XRP-USDT,1d,19.0,25.0,65.0,-109.82,-6.082,-162.03,11.4,0.0,35,5.1,-0.68,,,,,,,,,,,,,,
rsi_reversion,XRP-USDT,1d,19.0,25.0,70.0,-116.93,-6.121,-178.85,10.3,0.0,29,4.1,-0.65,,,,,,,,,,,,,,
rsi_reversion,XRP-USDT,1d,19.0,25.0,75.0,-124.7,-7.151,-197.91,15.0,0.0,20,4.5,-0.63,,,,,,,,,,,,,,
rsi_reversion,XRP-USDT,1d,19.0,25.0,80.0,-127.46,-7.795,-187.95,25.0,0.0,16,4.8,-0.68,,,,,,,,,,,,,,
rsi_reversion,XRP-USDT,1d,19.0,30.0,60.0,-103.79,-4.959,-143.99,19.0,0.02,63,4.5,-0.72,,,,,,,,,,,,,,
rsi_reversion,XRP-USDT,1d,19.0,30.0,65.0,-105.3,-5.397,-141.14,13.5,0.01,52,4.3,-0.75,,,,,,,,,,,,,,
rsi_reversion,XRP-USDT,1d,19.0,30.0,70.0,-109.14,-5.287,-152.3,13.0,0.01,46,3.7,-0.72,,,,,,,,,,,,,,
rsi_reversion,XRP-USDT,1d,19.0,30.0,75.0,-113.33,-5.819,-164.93,16.2,0.01,37,3.8,-0.69,,,,,,,,,,,,,,
rsi_reversion,XRP-USDT,1d,19.0,30.0,80.0,-114.82,-6.057,-158.33,21.2,0.02,33,3.8,-0.73,,,,,,,,,,,,,,
rsi_reversion,XRP-USDT,1d,19.0,35.0,60.0,-103.48,-4.598,-147.61,22.7,0.02,75,4.8,-0.7,,,,,,,,,,,,,,
rsi_reversion,XRP-USDT,1d,19.0,35.0,65.0,-104.87,-4.921,-144.53,18.8,0.02,64,4.7,-0.73,,,,,,,,,,,,,,
rsi_reversion,XRP-USDT,1d,19.0,35.0,70.0,-108.39,-4.768,-156.61,19.0,0.02,58,4.2,-0.69,,,,,,,,,,,,,,
rsi_reversion,XRP-USDT,1d,19.0,35.0,75.0,-112.24,-5.133,-170.28,22.4,0.03,49,4.4,-0.66,,,,,,,,,,,,,,
rsi_reversion,XRP-USDT,1d,19.0,35.0,80.0,-113.61,-5.272,-163.14,26.7,0.03,45,4.4,-0.7,,,,,,,,,,,,,,
rsi_reversion,XRP-USDT,1d,21.0,20.0,60.0,-114.08,-5.866,-194.18,17.1,0.02,35,5.7,-0.59,,,,,,,,,,,,,,
rsi_reversion,XRP-USDT,1d,21.0,20.0,65.0,-120.77,-6.447,-178.56,12.0,0.0,25,5.4,-0.68,,,,,,,,,,,,,,
rsi_reversion,XRP-USDT,1d,21.0,20.0,70.0,-136.6,-6.463,-201.85,4.8,0.01,21,4.4,-0.68,,,,,,,,,,,,,,
rsi_reversion,XRP-USDT,1d,21.0,20.0,75.0,-161.86,-9.455,-255.84,0.0,0.0,8,7.6,-0.63,,,,,,,,,,,,,,
rsi_reversion,XRP-USDT,1d,21.0,20.0,80.0,-151.02,-10.519,-206.19,0.0,0.0,7,7.0,-0.73,,,,,,,,,,,,,,
rsi_reversion,XRP-USDT,1d,21.0,25.0,60.0,-113.81,-5.718,-193.15,16.2,0.02,37,5.6,-0.59,,,,,,,,,,,,,,
rsi_reversion,XRP-USDT,1d,21.0,25.0,65.0,-120.37,-6.21,-177.7,11.1,0.0,27,5.3,-0.68,,,,,,,,,,,,,,
rsi_reversion,XRP-USDT,1d,21.0,25.0,70.0,-135.89,-6.183,-200.74,4.3,0.01,23,4.3,-0.68,,,,,,,,,,,,,,
rsi_reversion,XRP-USDT,1d,21.0,25.0,75.0,-160.67,-8.391,-254.14,0.0,0.0,10,6.8,-0.63,,,,,,,,,,,,,,
rsi_reversion,XRP-USDT,1d,21.0,25.0,80.0,-150.04,-9.161,-205.03,0.0,0.0,9,6.2,-0.73,,,,,,,,,,,,,,
rsi_reversion,XRP-USDT,1d,21.0,30.0,60.0,-111.12,-5.133,-174.11,22.4,0.04,49,5.1,-0.64,,,,,,,,,,,,,,
rsi_reversion,XRP-USDT,1d,21.0,30.0,65.0,-116.4,-5.306,-161.82,20.5,0.02,39,4.7,-0.72,,,,,,,,,,,,,,
rsi_reversion,XRP-USDT,1d,21.0,30.0,70.0,-128.9,-5.175,-180.14,17.1,0.02,35,4.0,-0.72,,,,,,,,,,,,,,
rsi_reversion,XRP-USDT,1d,21.0,30.0,75.0,-148.84,-5.79,-223.63,22.7,0.02,22,5.0,-0.67,,,,,,,,,,,,,,
rsi_reversion,XRP-USDT,1d,21.0,30.0,80.0,-140.29,-6.169,-187.77,23.8,0.03,21,4.7,-0.75,,,,,,,,,,,,,,
rsi_reversion,XRP-USDT,1d,21.0,35.0,60.0,-105.88,-4.882,-162.95,20.9,0.04,67,4.9,-0.65,,,,,,,,,,,,,,
rsi_reversion,XRP-USDT,1d,21.0,35.0,65.0,-108.67,-4.833,-152.51,19.3,0.02,57,4.6,-0.71,,,,,,,,,,,,,,
rsi_reversion,XRP-USDT,1d,21.0,35.0,70.0,-115.28,-4.698,-168.08,17.0,0.02,53,4.1,-0.69,,,,,,,,,,,,,,
rsi_reversion,XRP-USDT,1d,21.0,35.0,75.0,-125.83,-4.854,-204.17,20.0,0.02,40,4.7,-0.62,,,,,,,,,,,,,,
rsi_reversion,XRP-USDT,1d,21.0,35.0,80.0,-121.31,-5.277,-173.52,20.5,0.03,39,4.5,-0.7,,,,,,,,,,,,,,
macd_crossover,XRP-USDT,1d,,,,7456.06,14.071,-3.5,90.0,26.9,140,1.0,2130.2,6.0,20.0,5.0,,,,,,,,,,,
macd_crossover,XRP-USDT,1d,,,,4726.48,14.348,-5.2,90.0,40.29,120,1.0,908.74,6.0,20.0,7.0,,,,,,,,,,,
macd_crossover,XRP-USDT,1d,,,,2915.19,14.252,-2.6,87.0,35.81,100,1.0,1123.17,6.0,20.0,9.0,,,,,,,,,,,
macd_crossover,XRP-USDT,1d,,,,2433.81,14.109,-1.15,87.8,45.66,98,1.0,2115.81,6.0,20.0,11.0,,,,,,,,,,,
macd_crossover,XRP-USDT,1d,,,,4750.65,12.653,-8.43,87.3,12.79,142,1.0,563.4,6.0,23.0,5.0,,,,,,,,,,,
macd_crossover,XRP-USDT,1d,,,,3096.42,14.032,-3.37,88.9,36.44,108,1.0,919.33,6.0,23.0,7.0,,,,,,,,,,,
macd_crossover,XRP-USDT,1d,,,,2826.54,14.413,-1.37,86.7,43.35,98,1.0,2059.94,6.0,23.0,9.0,,,,,,,,,,,
macd_crossover,XRP-USDT,1d,,,,2651.23,14.001,-3.84,88.2,34.04,102,1.0,690.29,6.0,23.0,11.0,,,,,,,,,,,
macd_crossover,XRP-USDT,1d,,,,4997.38,13.515,-8.05,90.0,19.67,130,1.0,620.81,6.0,26.0,5.0,,,,,,,,,,,
macd_crossover,XRP-USDT,1d,,,,3140.03,14.295,-3.37,88.7,38.58,106,1.0,932.28,6.0,26.0,7.0,,,,,,,,,,,
macd_crossover,XRP-USDT,1d,,,,2903.64,14.447,-5.87,91.0,33.38,100,1.0,494.66,6.0,26.0,9.0,,,,,,,,,,,
macd_crossover,XRP-USDT,1d,,,,2314.6,13.574,-4.48,87.9,25.91,99,1.0,516.86,6.0,26.0,11.0,,,,,,,,,,,
macd_crossover,XRP-USDT,1d,,,,5063.71,14.217,-5.2,90.3,30.98,124,1.0,973.57,6.0,29.0,5.0,,,,,,,,,,,
macd_crossover,XRP-USDT,1d,,,,3473.39,15.079,-0.89,89.4,66.85,104,1.0,3891.22,6.0,29.0,7.0,,,,,,,,,,,
macd_crossover,XRP-USDT,1d,,,,2870.7,14.34,-5.87,90.1,29.35,101,1.0,489.05,6.0,29.0,9.0,,,,,,,,,,,
macd_crossover,XRP-USDT,1d,,,,2878.75,14.179,-3.84,88.3,37.63,103,1.0,749.53,6.0,29.0,11.0,,,,,,,,,,,
macd_crossover,XRP-USDT,1d,,,,4575.17,14.619,-4.26,91.5,38.84,118,1.0,1074.69,6.0,32.0,5.0,,,,,,,,,,,
macd_crossover,XRP-USDT,1d,,,,3643.82,15.35,-1.21,91.3,70.22,104,1.0,3000.4,6.0,32.0,7.0,,,,,,,,,,,
macd_crossover,XRP-USDT,1d,,,,2371.53,13.812,-5.87,87.9,24.78,99,1.0,404.01,6.0,32.0,9.0,,,,,,,,,,,
macd_crossover,XRP-USDT,1d,,,,2790.58,14.417,-1.35,87.9,47.64,99,1.0,2073.18,6.0,32.0,11.0,,,,,,,,,,,
macd_crossover,XRP-USDT,1d,,,,4431.22,14.481,-4.26,92.4,33.49,118,1.0,1040.88,6.0,35.0,5.0,,,,,,,,,,,
macd_crossover,XRP-USDT,1d,,,,3574.51,15.22,-1.37,91.3,63.9,104,1.0,2605.04,6.0,35.0,7.0,,,,,,,,,,,
macd_crossover,XRP-USDT,1d,,,,2557.84,14.066,-3.84,87.1,36.19,101,1.0,665.98,6.0,35.0,9.0,,,,,,,,,,,
macd_crossover,XRP-USDT,1d,,,,1695.23,13.636,-7.16,86.3,19.12,95,1.0,236.91,6.0,35.0,11.0,,,,,,,,,,,
macd_crossover,XRP-USDT,1d,,,,5267.97,14.713,-5.2,91.8,51.01,122,1.0,1012.85,8.0,20.0,5.0,,,,,,,,,,,
macd_crossover,XRP-USDT,1d,,,,2612.76,13.761,-2.15,86.0,33.2,100,1.0,1214.71,8.0,20.0,7.0,,,,,,,,,,,
macd_crossover,XRP-USDT,1d,,,,2452.95,13.845,-2.19,86.0,36.13,100,1.0,1120.82,8.0,20.0,9.0,,,,,,,,,,,
macd_crossover,XRP-USDT,1d,,,,2763.29,14.607,-3.84,89.7,41.03,97,1.0,719.47,8.0,20.0,11.0,,,,,,,,,,,
macd_crossover,XRP-USDT,1d,,,,3069.56,13.737,-4.26,88.2,26.2,110,1.0,721.03,8.0,23.0,5.0,,,,,,,,,,,
macd_crossover,XRP-USDT,1d,,,,2606.44,13.671,-5.87,86.0,25.01,100,1.0,444.03,8.0,23.0,7.0,,,,,,,,,,,
macd_crossover,XRP-USDT,1d,,,,2378.9,14.001,-3.84,89.7,36.7,97,1.0,619.39,8.0,23.0,9.0,,,,,,,,,,,
macd_crossover,XRP-USDT,1d,,,,2402.27,13.94,-3.29,86.6,28.4,97,1.0,730.2,8.0,23.0,11.0,,,,,,,,,,,
macd_crossover,XRP-USDT,1d,,,,3182.89,14.433,-3.37,89.6,40.49,106,1.0,945.0,8.0,26.0,5.0,,,,,,,,,,,
macd_crossover,XRP-USDT,1d,,,,2399.11,13.892,-5.87,87.8,26.58,98,1.0,408.71,8.0,26.0,7.0,,,,,,,,,,,
macd_crossover,XRP-USDT,1d,,,,2420.84,14.16,-3.84,86.3,31.75,95,1.0,630.31,8.0,26.0,9.0,,,,,,,,,,,
macd_crossover,XRP-USDT,1d,,,,1783.5,12.994,-7.16,86.3,18.11,95,1.0,249.25,8.0,26.0,11.0,,,,,,,,,,,
macd_crossover,XRP-USDT,1d,,,,3306.08,14.719,-1.24,89.6,61.05,106,1.0,2657.75,8.0,29.0,5.0,,,,,,,,,,,
macd_crossover,XRP-USDT,1d,,,,2534.17,13.841,-4.48,90.1,27.55,101,1.0,565.89,8.0,29.0,7.0,,,,,,,,,,,
macd_crossover,XRP-USDT,1d,,,,2575.46,14.197,-3.29,86.6,33.5,97,1.0,782.85,8.0,29.0,9.0,,,,,,,,,,,
macd_crossover,XRP-USDT,1d,,,,1289.75,13.481,-8.42,85.5,19.13,83,1.0,153.19,8.0,29.0,11.0,,,,,,,,,,,
macd_crossover,XRP-USDT,1d,,,,3629.84,15.242,-1.21,91.5,76.51,106,1.0,2988.89,8.0,32.0,5.0,,,,,,,,,,,
macd_crossover,XRP-USDT,1d,,,,2435.01,14.072,-3.84,87.9,38.65,99,1.0,634.0,8.0,32.0,7.0,,,,,,,,,,,
macd_crossover,XRP-USDT,1d,,,,1983.79,13.002,-7.16,86.9,18.26,99,1.0,277.24,8.0,32.0,9.0,,,,,,,,,,,
macd_crossover,XRP-USDT,1d,,,,1030.91,12.314,-8.42,84.3,14.69,83,1.0,122.45,8.0,32.0,11.0,,,,,,,,,,,
macd_crossover,XRP-USDT,1d,,,,4222.01,15.347,-1.15,92.9,84.68,112,1.0,3670.38,8.0,35.0,5.0,,,,,,,,,,,
macd_crossover,XRP-USDT,1d,,,,2449.46,14.059,-3.84,86.9,35.69,99,1.0,637.76,8.0,35.0,7.0,,,,,,,,,,,
macd_crossover,XRP-USDT,1d,,,,1551.76,13.936,-7.16,88.5,20.93,87,1.0,216.86,8.0,35.0,9.0,,,,,,,,,,,
macd_crossover,XRP-USDT,1d,,,,1048.36,12.693,-7.96,86.4,17.45,81,1.0,131.75,8.0,35.0,11.0,,,,,,,,,,,
macd_crossover,XRP-USDT,1d,,,,2807.65,13.996,-3.37,88.5,38.25,104,1.0,833.59,10.0,20.0,5.0,,,,,,,,,,,
macd_crossover,XRP-USDT,1d,,,,2313.16,13.637,-1.54,86.0,39.47,100,1.0,1498.23,10.0,20.0,7.0,,,,,,,,,,,
macd_crossover,XRP-USDT,1d,,,,2768.13,14.545,-3.84,87.6,36.35,97,1.0,720.73,10.0,20.0,9.0,,,,,,,,,,,
macd_crossover,XRP-USDT,1d,,,,2086.49,13.914,-3.19,85.7,25.54,91,1.0,654.66,10.0,20.0,11.0,,,,,,,,,,,
macd_crossover,XRP-USDT,1d,,,,2974.96,14.498,-0.89,87.3,59.96,102,1.0,3332.83,10.0,23.0,5.0,,,,,,,,,,,
macd_crossover,XRP-USDT,1d,,,,2417.49,13.887,-3.84,88.9,33.74,99,1.0,629.44,10.0,23.0,7.0,,,,,,,,,,,
macd_crossover,XRP-USDT,1d,,,,2316.09,13.865,-3.19,86.6,28.08,97,1.0,726.69,10.0,23.0,9.0,,,,,,,,,,,
macd_crossover,XRP-USDT,1d,,,,1291.43,13.103,-8.42,86.2,16.84,87,1.0,153.39,10.0,23.0,11.0,,,,,,,,,,,
macd_crossover,XRP-USDT,1d,,,,3022.62,14.789,-1.37,90.0,56.56,100,1.0,2202.84,10.0,26.0,5.0,,,,,,,,,,,
macd_crossover,XRP-USDT,1d,,,,2401.09,14.219,-3.84,87.4,35.29,95,1.0,625.16,10.0,26.0,7.0,,,,,,,,,,,
macd_crossover,XRP-USDT,1d,,,,1479.06,13.186,-7.16,87.1,20.49,93,1.0,206.7,10.0,26.0,9.0,,,,,,,,,,,
macd_crossover,XRP-USDT,1d,,,,1120.59,13.889,-7.96,89.3,22.31,75,1.0,140.83,10.0,26.0,11.0,,,,,,,,,,,
macd_crossover,XRP-USDT,1d,,,,3276.39,15.001,-1.15,90.4,70.65,104,1.0,2848.31,10.0,29.0,5.0,,,,,,,,,,,
macd_crossover,XRP-USDT,1d,,,,2622.48,14.123,-3.29,86.9,33.66,99,1.0,797.14,10.0,29.0,7.0,,,,,,,,,,,
macd_crossover,XRP-USDT,1d,,,,1243.53,13.235,-8.42,85.5,17.04,83,1.0,147.7,10.0,29.0,9.0,,,,,,,,,,,
macd_crossover,XRP-USDT,1d,,,,1147.45,14.351,-1.41,89.3,47.75,75,1.0,814.16,10.0,29.0,11.0,,,,,,,,,,,
macd_crossover,XRP-USDT,1d,,,,3407.07,15.353,-1.03,92.4,100.86,105,1.0,3298.57,10.0,32.0,5.0,,,,,,,,,,,
macd_crossover,XRP-USDT,1d,,,,2709.85,14.155,-3.19,86.9,36.18,99,1.0,850.24,10.0,32.0,7.0,,,,,,,,,,,
macd_crossover,XRP-USDT,1d,,,,1107.54,12.728,-8.42,86.7,16.01,83,1.0,131.55,10.0,32.0,9.0,,,,,,,,,,,
macd_crossover,XRP-USDT,1d,,,,1050.13,13.873,-1.16,87.0,41.05,77,1.0,905.35,10.0,32.0,11.0,,,,,,,,,,,
macd_crossover,XRP-USDT,1d,,,,3038.05,14.646,-2.92,89.5,45.51,105,1.0,1039.77,10.0,35.0,5.0,,,,,,,,,,,
macd_crossover,XRP-USDT,1d,,,,1783.36,14.265,-7.16,89.0,23.94,91,1.0,249.23,10.0,35.0,7.0,,,,,,,,,,,
macd_crossover,XRP-USDT,1d,,,,1136.18,13.386,-2.72,86.4,28.34,81,1.0,418.48,10.0,35.0,9.0,,,,,,,,,,,
macd_crossover,XRP-USDT,1d,,,,787.1,12.519,-3.77,82.7,17.99,75,1.0,208.95,10.0,35.0,11.0,,,,,,,,,,,
macd_crossover,XRP-USDT,1d,,,,3012.46,14.547,-1.37,88.0,53.13,100,1.0,2195.43,12.0,20.0,5.0,,,,,,,,,,,
macd_crossover,XRP-USDT,1d,,,,2650.89,14.251,-3.84,88.9,35.93,99,1.0,690.21,12.0,20.0,7.0,,,,,,,,,,,
macd_crossover,XRP-USDT,1d,,,,2218.22,14.298,-3.19,87.9,31.99,91,1.0,695.99,12.0,20.0,9.0,,,,,,,,,,,
macd_crossover,XRP-USDT,1d,,,,1357.95,14.085,-8.42,90.1,20.88,81,1.0,161.29,12.0,20.0,11.0,,,,,,,,,,,
macd_crossover,XRP-USDT,1d,,,,2847.81,14.13,-5.87,89.4,30.16,104,1.0,485.15,12.0,23.0,5.0,,,,,,,,,,,
macd_crossover,XRP-USDT,1d,,,,2464.88,14.195,-3.29,86.3,29.33,95,1.0,749.24,12.0,23.0,7.0,,,,,,,,,,,
macd_crossover,XRP-USDT,1d,,,,1290.15,13.208,-8.42,84.7,16.63,85,1.0,153.24,12.0,23.0,9.0,,,,,,,,,,,
macd_crossover,XRP-USDT,1d,,,,1080.73,14.199,-1.63,89.0,34.63,73,1.0,661.88,12.0,23.0,11.0,,,,,,,,,,,
macd_crossover,XRP-USDT,1d,,,,3240.13,14.667,-3.84,90.5,44.1,105,1.0,843.62,12.0,26.0,5.0,,,,,,,,,,,
macd_crossover,XRP-USDT,1d,,,,2443.6,13.756,-3.19,85.9,27.49,99,1.0,766.7,12.0,26.0,7.0,,,,,,,,,,,
macd_crossover,XRP-USDT,1d,,,,1157.42,14.131,-7.96,90.7,24.81,75,1.0,145.45,12.0,26.0,9.0,,,,,,,,,,,
macd_crossover,XRP-USDT,1d,,,,904.22,14.08,-1.15,88.4,57.05,69,1.0,783.82,12.0,26.0,11.0,,,,,,,,,,,
macd_crossover,XRP-USDT,1d,,,,2785.29,13.952,-3.84,88.6,37.27,105,1.0,725.2,12.0,29.0,5.0,,,,,,,,,,,
macd_crossover,XRP-USDT,1d,,,,1318.87,13.15,-8.42,86.2,17.58,87,1.0,156.65,12.0,29.0,7.0,,,,,,,,,,,
macd_crossover,XRP-USDT,1d,,,,1236.57,14.537,-1.41,89.6,48.99,77,1.0,877.4,12.0,29.0,9.0,,,,,,,,,,,
macd_crossover,XRP-USDT,1d,,,,632.55,12.144,-3.77,79.1,16.38,67,1.0,167.92,12.0,29.0,11.0,,,,,,,,,,,
macd_crossover,XRP-USDT,1d,,,,2615.68,13.844,-3.84,87.6,36.33,105,1.0,681.04,12.0,32.0,5.0,,,,,,,,,,,
macd_crossover,XRP-USDT,1d,,,,1243.15,13.393,-8.42,89.2,21.48,83,1.0,147.65,12.0,32.0,7.0,,,,,,,,,,,
macd_crossover,XRP-USDT,1d,,,,1060.23,13.949,-1.16,88.3,46.66,77,1.0,914.06,12.0,32.0,9.0,,,,,,,,,,,
macd_crossover,XRP-USDT,1d,,,,677.11,12.211,-2.79,83.1,17.19,71,1.0,242.97,12.0,32.0,11.0,,,,,,,,,,,
macd_crossover,XRP-USDT,1d,,,,2783.68,14.92,-1.35,88.7,54.49,97,1.0,2068.05,12.0,35.0,5.0,,,,,,,,,,,
macd_crossover,XRP-USDT,1d,,,,1066.95,12.53,-7.96,84.3,16.12,83,1.0,134.09,12.0,35.0,7.0,,,,,,,,,,,
macd_crossover,XRP-USDT,1d,,,,805.66,12.686,-3.77,84.0,19.85,75,1.0,213.88,12.0,35.0,9.0,,,,,,,,,,,
macd_crossover,XRP-USDT,1d,,,,354.9,15.133,-3.05,78.9,9.95,71,1.0,116.54,12.0,35.0,11.0,,,,,,,,,,,
macd_crossover,XRP-USDT,1d,,,,2995.02,14.461,-1.54,88.5,46.44,104,1.0,1939.87,14.0,20.0,5.0,,,,,,,,,,,
macd_crossover,XRP-USDT,1d,,,,2695.01,14.252,-3.29,86.9,30.07,99,1.0,819.19,14.0,20.0,7.0,,,,,,,,,,,
macd_crossover,XRP-USDT,1d,,,,1408.35,13.466,-8.42,86.2,17.33,87,1.0,167.27,14.0,20.0,9.0,,,,,,,,,,,
macd_crossover,XRP-USDT,1d,,,,1035.99,14.314,-1.41,90.1,43.05,71,1.0,735.08,14.0,20.0,11.0,,,,,,,,,,,
macd_crossover,XRP-USDT,1d,,,,2751.77,14.315,-3.84,90.1,45.54,101,1.0,716.47,14.0,23.0,5.0,,,,,,,,,,,
macd_crossover,XRP-USDT,1d,,,,1841.65,13.162,-7.16,87.4,18.86,95,1.0,257.38,14.0,23.0,7.0,,,,,,,,,,,
macd_crossover,XRP-USDT,1d,,,,1121.11,13.913,-7.96,90.7,24.54,75,1.0,140.89,14.0,23.0,9.0,,,,,,,,,,,
macd_crossover,XRP-USDT,1d,,,,732.19,12.866,-3.13,80.6,20.33,67,1.0,233.87,14.0,23.0,11.0,,,,,,,,,,,
macd_crossover,XRP-USDT,1d,,,,2903.08,14.134,-3.84,88.6,37.69,105,1.0,755.87,14.0,26.0,5.0,,,,,,,,,,,
macd_crossover,XRP-USDT,1d,,,,1038.7,12.355,-8.42,84.3,14.73,83,1.0,123.37,14.0,26.0,7.0,,,,,,,,,,,
macd_crossover,XRP-USDT,1d,,,,939.12,13.975,-1.15,88.7,56.06,71,1.0,814.07,14.0,26.0,9.0,,,,,,,,,,,
macd_crossover,XRP-USDT,1d,,,,654.56,12.19,-5.01,84.1,17.46,69,1.0,130.69,14.0,26.0,11.0,,,,,,,,,,,
macd_crossover,XRP-USDT,1d,,,,2720.86,14.533,-1.35,88.7,52.85,97,1.0,2021.38,14.0,29.0,5.0,,,,,,,,,,,
macd_crossover,XRP-USDT,1d,,,,1086.56,12.907,-7.96,86.4,16.61,81,1.0,136.55,14.0,29.0,7.0,,,,,,,,,,,
macd_crossover,XRP-USDT,1d,,,,750.34,12.415,-3.77,82.2,18.08,73,1.0,199.19,14.0,29.0,9.0,,,,,,,,,,,
macd_crossover,XRP-USDT,1d,,,,372.78,14.449,-3.56,78.3,9.2,69,1.0,104.65,14.0,29.0,11.0,,,,,,,,,,,
macd_crossover,XRP-USDT,1d,,,,1531.19,13.562,-7.16,86.8,18.67,91,1.0,213.99,14.0,32.0,5.0,,,,,,,,,,,
macd_crossover,XRP-USDT,1d,,,,1061.59,13.599,-2.72,87.0,28.57,77,1.0,391.0,14.0,32.0,7.0,,,,,,,,,,,
macd_crossover,XRP-USDT,1d,,,,676.15,11.951,-2.79,80.8,15.12,73,1.0,242.62,14.0,32.0,9.0,,,,,,,,,,,
macd_crossover,XRP-USDT,1d,,,,310.4,14.348,-6.22,80.6,8.07,67,1.0,49.94,14.0,32.0,11.0,,,,,,,,,,,
macd_crossover,XRP-USDT,1d,,,,1684.73,14.011,-8.42,87.9,21.81,91,1.0,200.1,14.0,35.0,5.0,,,,,,,,,,,
macd_crossover,XRP-USDT,1d,,,,771.94,12.797,-3.77,85.3,28.41,75,1.0,204.93,14.0,35.0,7.0,,,,,,,,,,,
macd_crossover,XRP-USDT,1d,,,,393.14,16.486,-2.95,81.7,13.5,71,1.0,133.08,14.0,35.0,9.0,,,,,,,,,,,
macd_crossover,XRP-USDT,1d,,,,398.53,18.045,-3.59,84.6,12.74,65,1.0,111.07,14.0,35.0,11.0,,,,,,,,,,,
bb_reversion,XRP-USDT,1d,15.0,,,-100.0,-12.811,-100.71,0.0,0.0,104,2.5,-0.99,,,,1.5,,,,,,,,,,
bb_reversion,XRP-USDT,1d,15.0,,,-100.0,-14.499,-100.03,0.0,0.0,61,1.9,-1.0,,,,2.0,,,,,,,,,,
bb_reversion,XRP-USDT,1d,15.0,,,-97.37,-25.184,-97.37,0.0,0.0,31,1.2,-1.0,,,,2.5,,,,,,,,,,
bb_reversion,XRP-USDT,1d,15.0,,,-61.28,-44.764,-61.28,0.0,0.0,8,1.0,-1.0,,,,3.0,,,,,,,,,,
bb_reversion,XRP-USDT,1d,17.0,,,-100.0,-12.937,-100.67,1.0,0.0,99,2.7,-0.99,,,,1.5,,,,,,,,,,
bb_reversion,XRP-USDT,1d,17.0,,,-99.98,-16.681,-99.98,0.0,0.0,61,2.0,-1.0,,,,2.0,,,,,,,,,,
bb_reversion,XRP-USDT,1d,17.0,,,-98.82,-21.446,-98.82,0.0,0.0,30,1.4,-1.0,,,,2.5,,,,,,,,,,
bb_reversion,XRP-USDT,1d,17.0,,,-58.44,-50.77,-58.44,0.0,0.0,8,1.0,-1.0,,,,3.0,,,,,,,,,,
bb_reversion,XRP-USDT,1d,19.0,,,-100.0,-10.574,-102.79,0.0,0.0,94,2.8,-0.97,,,,1.5,,,,,,,,,,
bb_reversion,XRP-USDT,1d,19.0,,,-100.0,-15.444,-100.0,0.0,0.0,58,2.0,-1.0,,,,2.0,,,,,,,,,,
bb_reversion,XRP-USDT,1d,19.0,,,-99.22,-22.55,-99.22,0.0,0.0,33,1.4,-1.0,,,,2.5,,,,,,,,,,
bb_reversion,XRP-USDT,1d,19.0,,,-76.42,-37.983,-76.42,0.0,0.0,11,1.0,-1.0,,,,3.0,,,,,,,,,,
bb_reversion,XRP-USDT,1d,21.0,,,-100.01,-10.428,-103.71,0.0,0.0,91,2.9,-0.96,,,,1.5,,,,,,,,,,
bb_reversion,XRP-USDT,1d,21.0,,,-100.0,-16.01,-100.0,0.0,0.0,57,2.1,-1.0,,,,2.0,,,,,,,,,,
bb_reversion,XRP-USDT,1d,21.0,,,-98.91,-21.437,-98.91,0.0,0.0,31,1.4,-1.0,,,,2.5,,,,,,,,,,
bb_reversion,XRP-USDT,1d,21.0,,,-82.93,-22.514,-82.93,0.0,0.0,12,1.1,-1.0,,,,3.0,,,,,,,,,,
bb_reversion,XRP-USDT,1d,23.0,,,-100.01,-10.383,-104.41,1.2,0.0,86,3.1,-0.96,,,,1.5,,,,,,,,,,
bb_reversion,XRP-USDT,1d,23.0,,,-100.0,-14.716,-100.0,0.0,0.0,55,2.1,-1.0,,,,2.0,,,,,,,,,,
bb_reversion,XRP-USDT,1d,23.0,,,-100.02,-14.587,-100.13,0.0,0.0,27,1.7,-1.0,,,,2.5,,,,,,,,,,
bb_reversion,XRP-USDT,1d,23.0,,,-86.87,-23.164,-86.87,0.0,0.0,14,1.2,-1.0,,,,3.0,,,,,,,,,,
bb_reversion,XRP-USDT,1d,25.0,,,-100.01,-10.492,-104.36,0.0,0.0,83,3.3,-0.96,,,,1.5,,,,,,,,,,
bb_reversion,XRP-USDT,1d,25.0,,,-99.99,-16.376,-99.99,0.0,0.0,49,2.4,-1.0,,,,2.0,,,,,,,,,,
bb_reversion,XRP-USDT,1d,25.0,,,-99.5,-15.801,-99.5,0.0,0.0,28,1.9,-1.0,,,,2.5,,,,,,,,,,
bb_reversion,XRP-USDT,1d,25.0,,,-90.41,-19.526,-90.41,0.0,0.0,12,1.4,-1.0,,,,3.0,,,,,,,,,,
ema_crossover,XRP-USDT,1d,,,,11144.12,5.126,-13.18,77.3,21.69,66,16.6,845.28,5.0,25.0,,,,,,,,,,,,
ema_crossover,XRP-USDT,1d,,,,3070.33,4.491,-25.08,65.0,9.49,60,18.2,122.42,5.0,30.0,,,,,,,,,,,,
ema_crossover,XRP-USDT,1d,,,,4020.06,4.282,-28.92,63.5,13.91,52,21.0,139.0,5.0,35.0,,,,,,,,,,,,
ema_crossover,XRP-USDT,1d,,,,2754.13,3.921,-9.96,53.7,12.58,54,20.2,276.55,5.0,40.0,,,,,,,,,,,,
ema_crossover,XRP-USDT,1d,,,,2909.1,4.29,-13.88,64.0,12.91,50,21.9,209.57,5.0,45.0,,,,,,,,,,,,
ema_crossover,XRP-USDT,1d,,,,2233.8,4.585,-13.82,55.0,12.15,40,27.3,161.66,5.0,50.0,,,,,,,,,,,,
ema_crossover,XRP-USDT,1d,,,,1989.61,4.543,-32.81,52.0,7.72,50,21.9,60.64,8.0,25.0,,,,,,,,,,,,
ema_crossover,XRP-USDT,1d,,,,2129.51,4.362,-12.56,52.5,11.95,40,27.3,169.52,8.0,30.0,,,,,,,,,,,,
ema_crossover,XRP-USDT,1d,,,,1415.54,4.196,-18.63,47.5,7.44,40,27.3,75.98,8.0,35.0,,,,,,,,,,,,
ema_crossover,XRP-USDT,1d,,,,1808.77,4.813,-12.09,61.1,10.02,36,30.4,149.65,8.0,40.0,,,,,,,,,,,,
ema_crossover,XRP-USDT,1d,,,,1225.21,4.577,-21.72,44.1,6.93,34,32.1,56.41,8.0,45.0,,,,,,,,,,,,
ema_crossover,XRP-USDT,1d,,,,758.3,4.197,-23.71,41.2,5.2,34,32.1,31.98,8.0,50.0,,,,,,,,,,,,
ema_crossover,XRP-USDT,1d,,,,1542.03,3.957,-22.79,54.3,8.34,46,23.8,67.68,11.0,25.0,,,,,,,,,,,,
ema_crossover,XRP-USDT,1d,,,,1562.98,4.5,-16.41,55.6,10.29,36,30.4,95.26,11.0,30.0,,,,,,,,,,,,
ema_crossover,XRP-USDT,1d,,,,1527.32,4.964,-18.77,59.4,10.02,32,34.2,81.37,11.0,35.0,,,,,,,,,,,,
ema_crossover,XRP-USDT,1d,,,,967.25,4.438,-19.22,52.9,5.84,34,32.1,50.32,11.0,40.0,,,,,,,,,,,,
ema_crossover,XRP-USDT,1d,,,,776.08,4.145,-20.96,47.1,5.34,34,32.1,37.03,11.0,45.0,,,,,,,,,,,,
ema_crossover,XRP-USDT,1d,,,,625.2,4.179,-24.17,43.3,5.22,30,36.4,25.87,11.0,50.0,,,,,,,,,,,,
ema_crossover,XRP-USDT,1d,,,,1325.38,4.629,-16.49,53.1,8.6,32,34.2,80.35,14.0,25.0,,,,,,,,,,,,
ema_crossover,XRP-USDT,1d,,,,1376.93,4.854,-18.77,59.4,9.98,32,34.2,73.36,14.0,30.0,,,,,,,,,,,,
ema_crossover,XRP-USDT,1d,,,,887.91,4.783,-17.17,60.7,7.29,28,39.0,51.73,14.0,35.0,,,,,,,,,,,,
ema_crossover,XRP-USDT,1d,,,,1067.24,4.449,-17.04,52.9,6.7,34,32.1,62.63,14.0,40.0,,,,,,,,,,,,
ema_crossover,XRP-USDT,1d,,,,652.09,4.345,-23.91,50.0,5.42,30,36.4,27.27,14.0,45.0,,,,,,,,,,,,
ema_crossover,XRP-USDT,1d,,,,806.2,4.697,-19.94,57.1,7.53,28,39.0,40.42,14.0,50.0,,,,,,,,,,,,
ema_crossover,XRP-USDT,1d,,,,1175.57,4.857,-23.34,63.3,7.75,30,36.4,50.36,17.0,25.0,,,,,,,,,,,,
ema_crossover,XRP-USDT,1d,,,,868.89,4.956,-21.74,61.5,6.73,26,42.0,39.97,17.0,30.0,,,,,,,,,,,,
ema_crossover,XRP-USDT,1d,,,,1015.43,4.791,-22.38,56.7,7.31,30,36.4,45.38,17.0,35.0,,,,,,,,,,,,
ema_crossover,XRP-USDT,1d,,,,657.81,4.089,-22.47,55.9,5.15,34,32.1,29.28,17.0,40.0,,,,,,,,,,,,
ema_crossover,XRP-USDT,1d,,,,752.18,4.618,-19.94,50.0,7.18,28,39.0,37.71,17.0,45.0,,,,,,,,,,,,
ema_crossover,XRP-USDT,1d,,,,520.64,4.932,-31.59,45.5,6.16,22,49.7,16.48,17.0,50.0,,,,,,,,,,,,
ema_crossover,XRP-USDT,1d,,,,850.8,4.746,-20.13,57.1,6.75,28,39.0,42.26,20.0,25.0,,,,,,,,,,,,
ema_crossover,XRP-USDT,1d,,,,944.36,5.311,-22.38,62.5,7.66,24,45.5,42.21,20.0,30.0,,,,,,,,,,,,
ema_crossover,XRP-USDT,1d,,,,641.64,4.66,-24.47,50.0,5.35,26,42.0,26.22,20.0,35.0,,,,,,,,,,,,
ema_crossover,XRP-USDT,1d,,,,624.63,4.586,-24.71,46.2,6.37,26,42.0,25.28,20.0,40.0,,,,,,,,,,,,
ema_crossover,XRP-USDT,1d,,,,707.86,4.775,-32.88,54.2,6.78,24,45.5,21.53,20.0,45.0,,,,,,,,,,,,
ema_crossover,XRP-USDT,1d,,,,344.88,4.417,-45.52,36.4,4.48,22,49.7,7.58,20.0,50.0,,,,,,,,,,,,
stoch_rsi,XRP-USDT,1d,7.0,15.0,75.0,156.15,6.112,-23.39,71.4,2.5,105,1.0,6.68,,,,,3.0,3.0,,,,,,,,
stoch_rsi,XRP-USDT,1d,7.0,15.0,80.0,124.08,5.803,-23.42,69.5,2.4,95,1.0,5.3,,,,,3.0,3.0,,,,,,,,
stoch_rsi,XRP-USDT,1d,7.0,15.0,85.0,89.11,5.102,-21.44,68.7,2.19,83,1.0,4.16,,,,,3.0,3.0,,,,,,,,
stoch_rsi,XRP-USDT,1d,7.0,20.0,75.0,253.68,6.307,-16.02,70.7,2.7,116,1.0,15.84,,,,,3.0,3.0,,,,,,,,
stoch_rsi,XRP-USDT,1d,7.0,20.0,80.0,209.4,6.096,-16.05,68.9,2.63,106,1.0,13.05,,,,,3.0,3.0,,,,,,,,
stoch_rsi,XRP-USDT,1d,7.0,20.0,85.0,161.11,5.639,-13.88,68.1,2.47,94,1.0,11.6,,,,,3.0,3.0,,,,,,,,
stoch_rsi,XRP-USDT,1d,7.0,25.0,75.0,298.65,6.586,-16.02,70.5,2.8,122,1.0,18.64,,,,,3.0,3.0,,,,,,,,
stoch_rsi,XRP-USDT,1d,7.0,25.0,80.0,248.73,6.405,-16.05,68.8,2.74,112,1.0,15.5,,,,,3.0,3.0,,,,,,,,
stoch_rsi,XRP-USDT,1d,7.0,25.0,85.0,194.31,5.992,-13.88,68.0,2.59,100,1.0,13.99,,,,,3.0,3.0,,,,,,,,
stoch_rsi,XRP-USDT,1d,9.0,15.0,75.0,223.94,5.797,-29.58,68.5,2.37,111,1.0,7.57,,,,,3.0,3.0,,,,,,,,
stoch_rsi,XRP-USDT,1d,9.0,15.0,80.0,151.38,4.91,-29.58,66.0,2.09,103,1.0,5.12,,,,,3.0,3.0,,,,,,,,
stoch_rsi,XRP-USDT,1d,9.0,15.0,85.0,92.45,4.104,-24.47,64.8,1.86,88,1.0,3.78,,,,,3.0,3.0,,,,,,,,
stoch_rsi,XRP-USDT,1d,9.0,20.0,75.0,317.73,5.975,-29.58,67.7,2.52,124,1.0,10.74,,,,,3.0,3.0,,,,,,,,
stoch_rsi,XRP-USDT,1d,9.0,20.0,80.0,224.17,5.24,-29.58,65.5,2.26,116,1.0,7.58,,,,,3.0,3.0,,,,,,,,
stoch_rsi,XRP-USDT,1d,9.0,20.0,85.0,148.17,4.623,-24.47,64.4,2.07,101,1.0,6.06,,,,,3.0,3.0,,,,,,,,
stoch_rsi,XRP-USDT,1d,9.0,25.0,75.0,380.05,5.595,-29.25,65.2,2.48,135,1.0,12.99,,,,,3.0,3.0,,,,,,,,
stoch_rsi,XRP-USDT,1d,9.0,25.0,80.0,272.54,4.965,-29.25,63.0,2.25,127,1.0,9.32,,,,,3.0,3.0,,,,,,,,
stoch_rsi,XRP-USDT,1d,9.0,25.0,85.0,185.19,4.435,-24.12,61.6,2.09,112,1.0,7.68,,,,,3.0,3.0,,,,,,,,
stoch_rsi,XRP-USDT,1d,11.0,15.0,75.0,351.46,10.138,-6.39,71.0,4.66,107,1.0,55.01,,,,,3.0,3.0,,,,,,,,
stoch_rsi,XRP-USDT,1d,11.0,15.0,80.0,261.67,9.74,-9.99,69.7,4.23,99,1.0,26.2,,,,,3.0,3.0,,,,,,,,
stoch_rsi,XRP-USDT,1d,11.0,15.0,85.0,158.19,9.037,-9.99,69.9,3.66,83,1.0,15.84,,,,,3.0,3.0,,,,,,,,
stoch_rsi,XRP-USDT,1d,11.0,20.0,75.0,536.09,11.137,-6.39,72.9,5.37,118,1.0,83.91,,,,,3.0,3.0,,,,,,,,
stoch_rsi,XRP-USDT,1d,11.0,20.0,80.0,409.58,10.864,-9.99,71.8,4.97,110,1.0,41.01,,,,,3.0,3.0,,,,,,,,
stoch_rsi,XRP-USDT,1d,11.0,20.0,85.0,263.78,10.45,-9.99,72.3,4.51,94,1.0,26.41,,,,,3.0,3.0,,,,,,,,
stoch_rsi,XRP-USDT,1d,11.0,25.0,75.0,780.83,10.894,-6.39,74.0,6.14,127,1.0,122.22,,,,,3.0,3.0,,,,,,,,
stoch_rsi,XRP-USDT,1d,11.0,25.0,80.0,605.65,10.604,-9.99,73.1,5.77,119,1.0,60.64,,,,,3.0,3.0,,,,,,,,
stoch_rsi,XRP-USDT,1d,11.0,25.0,85.0,403.75,10.188,-9.99,73.8,5.4,103,1.0,40.42,,,,,3.0,3.0,,,,,,,,
stoch_rsi,XRP-USDT,1d,13.0,15.0,75.0,173.55,6.21,-13.01,66.7,2.64,93,1.0,13.34,,,,,3.0,3.0,,,,,,,,
stoch_rsi,XRP-USDT,1d,13.0,15.0,80.0,145.07,5.749,-13.01,64.8,2.47,88,1.0,11.15,,,,,3.0,3.0,,,,,,,,
stoch_rsi,XRP-USDT,1d,13.0,15.0,85.0,86.31,4.519,-13.01,60.8,2.04,79,1.0,6.64,,,,,3.0,3.0,,,,,,,,
stoch_rsi,XRP-USDT,1d,13.0,20.0,75.0,332.16,7.24,-13.01,68.3,3.2,104,1.0,25.54,,,,,3.0,3.0,,,,,,,,
stoch_rsi,XRP-USDT,1d,13.0,20.0,80.0,287.15,6.908,-13.01,66.7,3.04,99,1.0,22.08,,,,,3.0,3.0,,,,,,,,
stoch_rsi,XRP-USDT,1d,13.0,20.0,85.0,194.34,6.025,-13.01,63.3,2.64,90,1.0,14.94,,,,,3.0,3.0,,,,,,,,
stoch_rsi,XRP-USDT,1d,13.0,25.0,75.0,479.36,7.757,-13.83,67.5,3.48,117,1.0,34.67,,,,,3.0,3.0,,,,,,,,
stoch_rsi,XRP-USDT,1d,13.0,25.0,80.0,419.03,7.47,-13.83,66.1,3.33,112,1.0,30.31,,,,,3.0,3.0,,,,,,,,
stoch_rsi,XRP-USDT,1d,13.0,25.0,85.0,294.6,6.723,-13.83,63.1,2.96,103,1.0,21.31,,,,,3.0,3.0,,,,,,,,
stoch_rsi,XRP-USDT,1d,15.0,15.0,75.0,416.91,10.105,-9.42,69.4,4.74,98,1.0,44.27,,,,,3.0,3.0,,,,,,,,
stoch_rsi,XRP-USDT,1d,15.0,15.0,80.0,397.71,10.351,-9.42,70.7,4.93,92,1.0,42.23,,,,,3.0,3.0,,,,,,,,
stoch_rsi,XRP-USDT,1d,15.0,15.0,85.0,291.92,10.264,-4.66,70.4,4.95,81,1.0,62.63,,,,,3.0,3.0,,,,,,,,
stoch_rsi,XRP-USDT,1d,15.0,20.0,75.0,621.22,10.398,-9.42,71.2,5.51,104,1.0,65.96,,,,,3.0,3.0,,,,,,,,
stoch_rsi,XRP-USDT,1d,15.0,20.0,80.0,594.43,10.65,-9.42,72.4,5.76,98,1.0,63.12,,,,,3.0,3.0,,,,,,,,
stoch_rsi,XRP-USDT,1d,15.0,20.0,85.0,446.83,10.589,-4.66,72.4,5.93,87,1.0,95.87,,,,,3.0,3.0,,,,,,,,
stoch_rsi,XRP-USDT,1d,15.0,25.0,75.0,1242.95,9.344,-9.92,71.3,6.35,115,1.0,125.27,,,,,3.0,3.0,,,,,,,,
stoch_rsi,XRP-USDT,1d,15.0,25.0,80.0,1193.06,9.538,-9.92,72.5,6.63,109,1.0,120.24,,,,,3.0,3.0,,,,,,,,
stoch_rsi,XRP-USDT,1d,15.0,25.0,85.0,918.23,9.426,-5.33,72.4,6.91,98,1.0,172.21,,,,,3.0,3.0,,,,,,,,
stoch_rsi,XRP-USDT,1d,17.0,15.0,75.0,301.83,7.46,-9.57,70.2,3.18,94,1.0,31.52,,,,,3.0,3.0,,,,,,,,
stoch_rsi,XRP-USDT,1d,17.0,15.0,80.0,255.26,7.089,-11.71,68.2,2.99,88,1.0,21.8,,,,,3.0,3.0,,,,,,,,
stoch_rsi,XRP-USDT,1d,17.0,15.0,85.0,193.1,6.45,-11.71,67.5,2.73,83,1.0,16.49,,,,,3.0,3.0,,,,,,,,
stoch_rsi,XRP-USDT,1d,17.0,20.0,75.0,349.66,7.704,-9.6,69.8,3.35,96,1.0,36.41,,,,,3.0,3.0,,,,,,,,
stoch_rsi,XRP-USDT,1d,17.0,20.0,80.0,297.54,7.362,-11.74,67.8,3.17,90,1.0,25.35,,,,,3.0,3.0,,,,,,,,
stoch_rsi,XRP-USDT,1d,17.0,20.0,85.0,227.98,6.765,-11.74,67.1,2.9,85,1.0,19.43,,,,,3.0,3.0,,,,,,,,
stoch_rsi,XRP-USDT,1d,17.0,25.0,75.0,482.87,7.556,-12.22,71.0,3.49,107,1.0,39.52,,,,,3.0,3.0,,,,,,,,
stoch_rsi,XRP-USDT,1d,17.0,25.0,80.0,415.31,7.28,-15.15,69.3,3.32,101,1.0,27.42,,,,,3.0,3.0,,,,,,,,
stoch_rsi,XRP-USDT,1d,17.0,25.0,85.0,325.14,6.781,-15.15,68.8,3.09,96,1.0,21.47,,,,,3.0,3.0,,,,,,,,
stoch_rsi,XRP-USDT,1d,19.0,15.0,75.0,410.71,9.943,-10.4,69.9,4.53,93,1.0,39.51,,,,,3.0,3.0,,,,,,,,
stoch_rsi,XRP-USDT,1d,19.0,15.0,80.0,420.63,10.245,-10.4,70.3,4.73,91,1.0,40.46,,,,,3.0,3.0,,,,,,,,
stoch_rsi,XRP-USDT,1d,19.0,15.0,85.0,418.75,10.77,-10.4,71.8,5.08,85,1.0,40.28,,,,,3.0,3.0,,,,,,,,
stoch_rsi,XRP-USDT,1d,19.0,20.0,75.0,709.59,9.964,-6.48,70.6,5.28,102,1.0,109.48,,,,,3.0,3.0,,,,,,,,
stoch_rsi,XRP-USDT,1d,19.0,20.0,80.0,725.33,10.215,-6.48,71.0,5.5,100,1.0,111.91,,,,,3.0,3.0,,,,,,,,
stoch_rsi,XRP-USDT,1d,19.0,20.0,85.0,722.34,10.668,-6.41,72.3,5.9,94,1.0,112.64,,,,,3.0,3.0,,,,,,,,
stoch_rsi,XRP-USDT,1d,19.0,25.0,75.0,782.37,9.829,-6.48,70.0,5.08,110,1.0,120.71,,,,,3.0,3.0,,,,,,,,
stoch_rsi,XRP-USDT,1d,19.0,25.0,80.0,799.52,10.061,-6.48,70.4,5.27,108,1.0,123.35,,,,,3.0,3.0,,,,,,,,
stoch_rsi,XRP-USDT,1d,19.0,25.0,85.0,796.27,10.471,-6.41,71.6,5.61,102,1.0,124.17,,,,,3.0,3.0,,,,,,,,
stoch_rsi,XRP-USDT,1d,21.0,15.0,75.0,327.52,8.082,-13.53,69.3,4.03,88,1.0,24.21,,,,,3.0,3.0,,,,,,,,
stoch_rsi,XRP-USDT,1d,21.0,15.0,80.0,306.29,8.182,-11.65,69.9,4.2,83,1.0,26.3,,,,,3.0,3.0,,,,,,,,
stoch_rsi,XRP-USDT,1d,21.0,15.0,85.0,204.04,7.144,-11.65,68.4,3.58,76,1.0,17.52,,,,,3.0,3.0,,,,,,,,
stoch_rsi,XRP-USDT,1d,21.0,20.0,75.0,362.77,8.252,-11.02,69.9,4.18,93,1.0,32.92,,,,,3.0,3.0,,,,,,,,
stoch_rsi,XRP-USDT,1d,21.0,20.0,80.0,339.8,8.355,-11.65,70.5,4.37,88,1.0,29.17,,,,,3.0,3.0,,,,,,,,
stoch_rsi,XRP-USDT,1d,21.0,20.0,85.0,229.11,7.369,-11.65,69.1,3.75,81,1.0,19.67,,,,,3.0,3.0,,,,,,,,
stoch_rsi,XRP-USDT,1d,21.0,25.0,75.0,378.83,8.267,-10.75,69.8,4.17,96,1.0,35.24,,,,,3.0,3.0,,,,,,,,
stoch_rsi,XRP-USDT,1d,21.0,25.0,80.0,355.06,8.367,-11.79,70.3,4.34,91,1.0,30.12,,,,,3.0,3.0,,,,,,,,
stoch_rsi,XRP-USDT,1d,21.0,25.0,85.0,240.53,7.407,-11.79,69.0,3.74,84,1.0,20.4,,,,,3.0,3.0,,,,,,,,
kc_breakout,XRP-USDT,1d,15.0,,,29157.19,11.86,0.0,100.0,999.0,44,2.6,0.0,,,,,,,1.5,,,,,,,
kc_breakout,XRP-USDT,1d,15.0,,,2187.27,14.82,0.0,100.0,999.0,14,4.0,0.0,,,,,,,2.0,,,,,,,
kc_breakout,XRP-USDT,1d,15.0,,,954.57,20.11,0.0,100.0,999.0,13,1.8,0.0,,,,,,,2.5,,,,,,,
kc_breakout,XRP-USDT,1d,15.0,,,428.75,25.538,0.0,100.0,999.0,9,1.3,0.0,,,,,,,3.0,,,,,,,
kc_breakout,XRP-USDT,1d,17.0,,,47683.36,7.017,0.0,100.0,999.0,51,2.7,0.0,,,,,,,1.5,,,,,,,
kc_breakout,XRP-USDT,1d,17.0,,,3390.95,14.283,0.0,100.0,999.0,18,3.8,0.0,,,,,,,2.0,,,,,,,
kc_breakout,XRP-USDT,1d,17.0,,,1495.0,24.956,0.0,100.0,999.0,14,2.6,0.0,,,,,,,2.5,,,,,,,
kc_breakout,XRP-USDT,1d,17.0,,,719.21,22.026,0.0,100.0,999.0,10,1.6,0.0,,,,,,,3.0,,,,,,,
kc_breakout,XRP-USDT,1d,19.0,,,44652.74,6.305,0.0,100.0,999.0,52,3.1,0.0,,,,,,,1.5,,,,,,,
kc_breakout,XRP-USDT,1d,19.0,,,5121.45,13.526,0.0,100.0,999.0,21,4.0,0.0,,,,,,,2.0,,,,,,,
kc_breakout,XRP-USDT,1d,19.0,,,1595.62,18.643,0.0,100.0,999.0,12,3.9,0.0,,,,,,,2.5,,,,,,,
kc_breakout,XRP-USDT,1d,19.0,,,841.19,19.087,0.0,100.0,999.0,13,1.9,0.0,,,,,,,3.0,,,,,,,
kc_breakout,XRP-USDT,1d,21.0,,,50316.01,6.274,0.0,100.0,999.0,54,3.4,0.0,,,,,,,1.5,,,,,,,
kc_breakout,XRP-USDT,1d,21.0,,,6252.22,7.72,0.0,100.0,999.0,24,3.8,0.0,,,,,,,2.0,,,,,,,
kc_breakout,XRP-USDT,1d,21.0,,,1964.94,14.276,0.0,100.0,999.0,14,4.1,0.0,,,,,,,2.5,,,,,,,
kc_breakout,XRP-USDT,1d,21.0,,,1193.25,16.917,0.0,100.0,999.0,12,3.2,0.0,,,,,,,3.0,,,,,,,
kc_breakout,XRP-USDT,1d,23.0,,,63599.65,6.214,0.0,100.0,999.0,58,3.6,0.0,,,,,,,1.5,,,,,,,
kc_breakout,XRP-USDT,1d,23.0,,,8450.46,7.05,0.0,100.0,999.0,27,3.8,0.0,,,,,,,2.0,,,,,,,
kc_breakout,XRP-USDT,1d,23.0,,,2341.73,9.263,0.0,100.0,999.0,13,5.0,0.0,,,,,,,2.5,,,,,,,
kc_breakout,XRP-USDT,1d,23.0,,,1543.19,17.147,0.0,100.0,999.0,13,3.2,0.0,,,,,,,3.0,,,,,,,
kc_breakout,XRP-USDT,1d,25.0,,,94057.35,6.125,0.0,100.0,999.0,65,3.6,0.0,,,,,,,1.5,,,,,,,
kc_breakout,XRP-USDT,1d,25.0,,,10473.96,6.433,0.0,100.0,999.0,34,3.4,0.0,,,,,,,2.0,,,,,,,
kc_breakout,XRP-USDT,1d,25.0,,,3035.6,8.434,0.0,100.0,999.0,17,4.3,0.0,,,,,,,2.5,,,,,,,
kc_breakout,XRP-USDT,1d,25.0,,,1499.26,18.438,0.0,100.0,999.0,12,4.0,0.0,,,,,,,3.0,,,,,,,
rsi_adx_combo,XRP-USDT,1d,,,,1125.02,3.335,-24.88,37.9,4.8,58,16.5,45.21,,,,,,,,14.0,25.0,65.0,14.0,20.0,,
rsi_adx_combo,XRP-USDT,1d,,,,217.71,2.129,-56.29,36.4,2.39,77,10.0,3.87,,,,,,,,14.0,25.0,65.0,14.0,25.0,,
rsi_adx_combo,XRP-USDT,1d,,,,1210.89,3.476,-19.71,41.8,5.05,55,17.3,61.43,,,,,,,,14.0,25.0,70.0,14.0,20.0,,
rsi_adx_combo,XRP-USDT,1d,,,,290.59,2.356,-52.52,38.0,2.62,71,10.5,5.53,,,,,,,,14.0,25.0,70.0,14.0,25.0,,
rsi_adx_combo,XRP-USDT,1d,,,,1265.16,3.572,-19.71,41.5,5.24,53,17.9,64.18,,,,,,,,14.0,25.0,75.0,14.0,20.0,,
rsi_adx_combo,XRP-USDT,1d,,,,517.58,2.879,-37.73,41.0,3.32,61,12.0,13.72,,,,,,,,14.0,25.0,75.0,14.0,25.0,,
rsi_adx_combo,XRP-USDT,1d,,,,1125.02,3.335,-24.88,37.9,4.8,58,16.5,45.21,,,,,,,,14.0,30.0,65.0,14.0,20.0,,
rsi_adx_combo,XRP-USDT,1d,,,,195.53,2.049,-56.29,34.2,2.33,79,9.8,3.47,,,,,,,,14.0,30.0,65.0,14.0,25.0,,
rsi_adx_combo,XRP-USDT,1d,,,,1210.89,3.476,-19.71,41.8,5.05,55,17.3,61.43,,,,,,,,14.0,30.0,70.0,14.0,20.0,,
rsi_adx_combo,XRP-USDT,1d,,,,263.32,2.268,-52.52,35.6,2.56,73,10.3,5.01,,,,,,,,14.0,30.0,70.0,14.0,25.0,,
rsi_adx_combo,XRP-USDT,1d,,,,1265.16,3.572,-19.71,41.5,5.24,53,17.9,64.18,,,,,,,,14.0,30.0,75.0,14.0,20.0,,
rsi_adx_combo,XRP-USDT,1d,,,,474.47,2.773,-37.73,38.1,3.24,63,11.7,12.58,,,,,,,,14.0,30.0,75.0,14.0,25.0,,
rsi_adx_combo,XRP-USDT,1d,,,,1084.62,3.254,-23.51,40.0,4.74,60,16.0,46.13,,,,,,,,14.0,35.0,65.0,14.0,20.0,,
rsi_adx_combo,XRP-USDT,1d,,,,168.09,1.945,-57.95,34.9,2.22,83,9.5,2.9,,,,,,,,14.0,35.0,65.0,14.0,25.0,,
rsi_adx_combo,XRP-USDT,1d,,,,1167.67,3.388,-18.96,43.9,4.98,57,16.8,61.6,,,,,,,,14.0,35.0,70.0,14.0,20.0,,
rsi_adx_combo,XRP-USDT,1d,,,,229.58,2.151,-54.33,36.4,2.43,77,9.9,4.23,,,,,,,,14.0,35.0,70.0,14.0,25.0,,
rsi_adx_combo,XRP-USDT,1d,,,,1220.14,3.479,-18.96,43.6,5.17,55,17.3,64.37,,,,,,,,14.0,35.0,75.0,14.0,20.0,,
rsi_adx_combo,XRP-USDT,1d,,,,421.13,2.626,-40.1,38.8,3.01,67,11.2,10.5,,,,,,,,14.0,35.0,75.0,14.0,25.0,,
rsi_vol_combo,XRP-USDT,1d,,,,-99.96,-10.333,-99.96,14.0,0.05,43,1.8,-1.0,,,,,,,,14.0,25.0,65.0,,,20.0,1.5
rsi_vol_combo,XRP-USDT,1d,,,,-99.05,-12.873,-99.05,6.9,0.01,29,1.5,-1.0,,,,,,,,14.0,25.0,65.0,,,20.0,2.0
rsi_vol_combo,XRP-USDT,1d,,,,-99.95,-10.434,-99.95,16.2,0.05,37,1.8,-1.0,,,,,,,,14.0,25.0,70.0,,,20.0,1.5
rsi_vol_combo,XRP-USDT,1d,,,,-98.89,-13.61,-98.89,4.0,0.0,25,1.6,-1.0,,,,,,,,14.0,25.0,70.0,,,20.0,2.0
rsi_vol_combo,XRP-USDT,1d,,,,-99.94,-11.819,-99.94,6.5,0.0,31,2.0,-1.0,,,,,,,,14.0,25.0,75.0,,,20.0,1.5
rsi_vol_combo,XRP-USDT,1d,,,,-98.54,-13.065,-98.54,4.3,0.0,23,1.6,-1.0,,,,,,,,14.0,25.0,75.0,,,20.0,2.0
rsi_vol_combo,XRP-USDT,1d,,,,-99.97,-10.107,-99.97,14.6,0.05,48,1.9,-1.0,,,,,,,,14.0,30.0,65.0,,,20.0,1.5
rsi_vol_combo,XRP-USDT,1d,,,,-99.3,-13.117,-99.3,6.2,0.01,32,1.5,-1.0,,,,,,,,14.0,30.0,65.0,,,20.0,2.0
rsi_vol_combo,XRP-USDT,1d,,,,-99.96,-10.16,-99.96,16.7,0.05,42,1.9,-1.0,,,,,,,,14.0,30.0,70.0,,,20.0,1.5
rsi_vol_combo,XRP-USDT,1d,,,,-99.18,-13.795,-99.18,3.6,0.0,28,1.6,-1.0,,,,,,,,14.0,30.0,70.0,,,20.0,2.0
rsi_vol_combo,XRP-USDT,1d,,,,-99.96,-11.313,-99.96,8.3,0.01,36,2.0,-1.0,,,,,,,,14.0,30.0,75.0,,,20.0,1.5
rsi_vol_combo,XRP-USDT,1d,,,,-98.92,-13.282,-98.92,3.8,0.0,26,1.6,-1.0,,,,,,,,14.0,30.0,75.0,,,20.0,2.0
rsi_vol_combo,XRP-USDT,1d,,,,-99.97,-9.649,-99.97,17.3,0.06,52,1.9,-1.0,,,,,,,,14.0,35.0,65.0,,,20.0,1.5
rsi_vol_combo,XRP-USDT,1d,,,,-99.29,-12.363,-99.29,8.6,0.02,35,1.5,-1.0,,,,,,,,14.0,35.0,65.0,,,20.0,2.0
rsi_vol_combo,XRP-USDT,1d,,,,-99.96,-9.626,-99.96,19.6,0.07,46,2.0,-1.0,,,,,,,,14.0,35.0,70.0,,,20.0,1.5
rsi_vol_combo,XRP-USDT,1d,,,,-99.17,-12.866,-99.17,6.5,0.02,31,1.6,-1.0,,,,,,,,14.0,35.0,70.0,,,20.0,2.0
rsi_vol_combo,XRP-USDT,1d,,,,-99.96,-10.596,-99.96,12.5,0.03,40,2.1,-1.0,,,,,,,,14.0,35.0,75.0,,,20.0,1.5
rsi_vol_combo,XRP-USDT,1d,,,,-98.91,-12.347,-98.91,6.9,0.02,29,1.6,-1.0,,,,,,,,14.0,35.0,75.0,,,20.0,2.0
rsi_reversion,XRP-USDT,4h,7.0,20.0,60.0,-91.3,-12.89,-91.3,12.4,0.04,145,3.2,-1.0,,,,,,,,,,,,,,
rsi_reversion,XRP-USDT,4h,7.0,20.0,65.0,-90.65,-12.96,-90.65,11.3,0.04,141,2.9,-1.0,,,,,,,,,,,,,,
rsi_reversion,XRP-USDT,4h,7.0,20.0,70.0,-88.58,-13.324,-88.58,13.6,0.03,132,2.5,-1.0,,,,,,,,,,,,,,
rsi_reversion,XRP-USDT,4h,7.0,20.0,75.0,-87.37,-12.397,-87.37,12.6,0.02,119,2.3,-1.0,,,,,,,,,,,,,,
rsi_reversion,XRP-USDT,4h,7.0,20.0,80.0,-86.31,-12.84,-86.31,11.9,0.02,101,2.2,-1.0,,,,,,,,,,,,,,
rsi_reversion,XRP-USDT,4h,7.0,25.0,60.0,-93.4,-13.055,-93.4,10.4,0.04,154,3.5,-1.0,,,,,,,,,,,,,,
rsi_reversion,XRP-USDT,4h,7.0,25.0,65.0,-92.91,-13.121,-92.91,9.3,0.04,150,3.2,-1.0,,,,,,,,,,,,,,
rsi_reversion,XRP-USDT,4h,7.0,25.0,70.0,-91.34,-13.435,-91.34,11.3,0.03,141,2.9,-1.0,,,,,,,,,,,,,,
rsi_reversion,XRP-USDT,4h,7.0,25.0,75.0,-90.43,-12.669,-90.43,10.2,0.02,128,2.7,-1.0,,,,,,,,,,,,,,
rsi_reversion,XRP-USDT,4h,7.0,25.0,80.0,-89.62,-13.146,-89.62,9.1,0.02,110,2.8,-1.0,,,,,,,,,,,,,,
rsi_reversion,XRP-USDT,4h,7.0,30.0,60.0,-94.05,-12.574,-94.05,13.4,0.06,164,3.7,-1.0,,,,,,,,,,,,,,
rsi_reversion,XRP-USDT,4h,7.0,30.0,65.0,-93.61,-12.62,-93.61,12.5,0.06,160,3.4,-1.0,,,,,,,,,,,,,,
rsi_reversion,XRP-USDT,4h,7.0,30.0,70.0,-92.19,-12.855,-92.19,14.6,0.05,151,3.1,-1.0,,,,,,,,,,,,,,
rsi_reversion,XRP-USDT,4h,7.0,30.0,75.0,-91.37,-12.164,-91.37,13.8,0.04,138,3.0,-1.0,,,,,,,,,,,,,,
rsi_reversion,XRP-USDT,4h,7.0,30.0,80.0,-90.64,-12.548,-90.64,13.3,0.04,120,3.1,-1.0,,,,,,,,,,,,,,
rsi_reversion,XRP-USDT,4h,7.0,35.0,60.0,-95.18,-12.941,-95.18,12.6,0.05,174,3.9,-1.0,,,,,,,,,,,,,,
rsi_reversion,XRP-USDT,4h,7.0,35.0,65.0,-94.82,-12.996,-94.82,11.8,0.05,170,3.7,-1.0,,,,,,,,,,,,,,
rsi_reversion,XRP-USDT,4h,7.0,35.0,70.0,-93.67,-13.261,-93.67,13.7,0.04,161,3.4,-1.0,,,,,,,,,,,,,,
rsi_reversion,XRP-USDT,4h,7.0,35.0,75.0,-93.0,-12.582,-93.0,12.8,0.04,148,3.3,-1.0,,,,,,,,,,,,,,
rsi_reversion,XRP-USDT,4h,7.0,35.0,80.0,-92.41,-12.958,-92.41,12.3,0.03,130,3.4,-1.0,,,,,,,,,,,,,,
rsi_reversion,XRP-USDT,4h,9.0,20.0,60.0,-84.57,-12.016,-84.57,22.2,0.08,117,3.6,-1.0,,,,,,,,,,,,,,
rsi_reversion,XRP-USDT,4h,9.0,20.0,65.0,-84.51,-12.653,-84.51,20.9,0.05,110,3.1,-1.0,,,,,,,,,,,,,,
rsi_reversion,XRP-USDT,4h,9.0,20.0,70.0,-80.51,-12.817,-80.51,21.0,0.05,100,2.6,-1.0,,,,,,,,,,,,,,
rsi_reversion,XRP-USDT,4h,9.0,20.0,75.0,-80.64,-13.491,-80.64,15.2,0.02,79,2.4,-1.0,,,,,,,,,,,,,,
rsi_reversion,XRP-USDT,4h,9.0,20.0,80.0,-75.87,-13.204,-75.87,16.7,0.03,66,2.2,-1.0,,,,,,,,,,,,,,
rsi_reversion,XRP-USDT,4h,9.0,25.0,60.0,-88.87,-12.091,-88.87,22.9,0.07,131,3.7,-1.0,,,,,,,,,,,,,,
rsi_reversion,XRP-USDT,4h,9.0,25.0,65.0,-88.82,-12.653,-88.82,21.8,0.05,124,3.2,-1.0,,,,,,,,,,,,,,
rsi_reversion,XRP-USDT,4h,9.0,25.0,70.0,-85.94,-12.758,-85.94,21.9,0.05,114,2.8,-1.0,,,,,,,,,,,,,,
rsi_reversion,XRP-USDT,4h,9.0,25.0,75.0,-86.03,-13.435,-86.03,17.2,0.03,93,2.6,-1.0,,,,,,,,,,,,,,
rsi_reversion,XRP-USDT,4h,9.0,25.0,80.0,-82.59,-13.212,-82.59,18.8,0.03,80,2.6,-1.0,,,,,,,,,,,,,,
rsi_reversion,XRP-USDT,4h,9.0,30.0,60.0,-91.46,-12.745,-91.46,19.1,0.06,141,4.0,-1.0,,,,,,,,,,,,,,
rsi_reversion,XRP-USDT,4h,9.0,30.0,65.0,-91.43,-13.312,-91.43,17.9,0.04,134,3.6,-1.0,,,,,,,,,,,,,,
rsi_reversion,XRP-USDT,4h,9.0,30.0,70.0,-89.21,-13.486,-89.21,17.7,0.04,124,3.2,-1.0,,,,,,,,,,,,,,
rsi_reversion,XRP-USDT,4h,9.0,30.0,75.0,-89.29,-14.16,-89.29,12.6,0.02,103,3.1,-1.0,,,,,,,,,,,,,,
rsi_reversion,XRP-USDT,4h,9.0,30.0,80.0,-86.64,-14.015,-86.64,13.3,0.02,90,3.2,-1.0,,,,,,,,,,,,,,
rsi_reversion,XRP-USDT,4h,9.0,35.0,60.0,-92.9,-12.269,-92.9,17.5,0.07,154,4.3,-1.0,,,,,,,,,,,,,,
rsi_reversion,XRP-USDT,4h,9.0,35.0,65.0,-92.88,-12.752,-92.88,16.3,0.05,147,4.0,-1.0,,,,,,,,,,,,,,
rsi_reversion,XRP-USDT,4h,9.0,35.0,70.0,-91.04,-12.84,-91.05,16.1,0.05,137,3.6,-1.0,,,,,,,,,,,,,,
rsi_reversion,XRP-USDT,4h,9.0,35.0,75.0,-91.1,-13.404,-91.11,11.2,0.03,116,3.7,-1.0,,,,,,,,,,,,,,
rsi_reversion,XRP-USDT,4h,9.0,35.0,80.0,-88.9,-13.213,-88.92,11.7,0.03,103,3.8,-1.0,,,,,,,,,,,,,,
rsi_reversion,XRP-USDT,4h,11.0,20.0,60.0,-79.56,-12.602,-79.69,20.9,0.05,91,3.8,-1.0,,,,,,,,,,,,,,
rsi_reversion,XRP-USDT,4h,11.0,20.0,65.0,-79.77,-14.011,-79.9,13.8,0.04,80,3.4,-1.0,,,,,,,,,,,,,,
rsi_reversion,XRP-USDT,4h,11.0,20.0,70.0,-78.68,-14.995,-78.81,14.1,0.03,71,2.8,-1.0,,,,,,,,,,,,,,
rsi_reversion,XRP-USDT,4h,11.0,20.0,75.0,-72.85,-13.477,-73.02,14.8,0.03,54,2.4,-1.0,,,,,,,,,,,,,,
rsi_reversion,XRP-USDT,4h,11.0,20.0,80.0,-67.91,-14.711,-68.11,11.9,0.02,42,2.6,-1.0,,,,,,,,,,,,,,
rsi_reversion,XRP-USDT,4h,11.0,25.0,60.0,-84.28,-12.803,-84.28,18.1,0.05,105,3.8,-1.0,,,,,,,,,,,,,,
rsi_reversion,XRP-USDT,4h,11.0,25.0,65.0,-84.44,-14.032,-84.44,11.7,0.03,94,3.4,-1.0,,,,,,,,,,,,,,
rsi_reversion,XRP-USDT,4h,11.0,25.0,70.0,-83.6,-14.855,-83.6,11.8,0.02,85,2.9,-1.0,,,,,,,,,,,,,,
rsi_reversion,XRP-USDT,4h,11.0,25.0,75.0,-79.12,-13.494,-79.12,11.8,0.02,68,2.7,-1.0,,,,,,,,,,,,,,
rsi_reversion,XRP-USDT,4h,11.0,25.0,80.0,-75.31,-14.426,-75.31,8.9,0.02,56,2.8,-1.0,,,,,,,,,,,,,,
rsi_reversion,XRP-USDT,4h,11.0,30.0,60.0,-89.79,-12.567,-89.79,20.8,0.05,130,3.8,-1.0,,,,,,,,,,,,,,
rsi_reversion,XRP-USDT,4h,11.0,30.0,65.0,-89.9,-13.505,-89.9,16.0,0.04,119,3.5,-1.0,,,,,,,,,,,,,,
rsi_reversion,XRP-USDT,4h,11.0,30.0,70.0,-89.35,-14.086,-89.35,16.4,0.03,110,3.1,-1.0,,,,,,,,,,,,,,
rsi_reversion,XRP-USDT,4h,11.0,30.0,75.0,-86.44,-12.991,-86.44,17.2,0.03,93,3.0,-1.0,,,,,,,,,,,,,,
rsi_reversion,XRP-USDT,4h,11.0,30.0,80.0,-83.97,-13.553,-83.97,16.0,0.03,81,3.2,-1.0,,,,,,,,,,,,,,
rsi_reversion,XRP-USDT,4h,11.0,35.0,60.0,-89.68,-13.016,-89.68,21.0,0.05,124,4.6,-1.0,,,,,,,,,,,,,,
rsi_reversion,XRP-USDT,4h,11.0,35.0,65.0,-89.79,-14.061,-89.79,15.9,0.04,113,4.4,-1.0,,,,,,,,,,,,,,
rsi_reversion,XRP-USDT,4h,11.0,35.0,70.0,-89.23,-14.735,-89.23,16.3,0.04,104,4.1,-1.0,,,,,,,,,,,,,,
rsi_reversion,XRP-USDT,4h,11.0,35.0,75.0,-86.29,-13.649,-86.29,17.2,0.04,87,4.1,-1.0,,,,,,,,,,,,,,
rsi_reversion,XRP-USDT,4h,11.0,35.0,80.0,-83.8,-14.375,-83.8,16.0,0.04,75,4.5,-1.0,,,,,,,,,,,,,,
rsi_reversion,XRP-USDT,4h,13.0,20.0,60.0,-79.85,-14.79,-79.85,17.3,0.02,75,4.1,-1.0,,,,,,,,,,,,,,
rsi_reversion,XRP-USDT,4h,13.0,20.0,65.0,-76.72,-13.671,-76.72,18.3,0.03,71,3.4,-1.0,,,,,,,,,,,,,,
rsi_reversion,XRP-USDT,4h,13.0,20.0,70.0,-73.67,-14.485,-73.67,12.7,0.02,63,2.5,-1.0,,,,,,,,,,,,,,
rsi_reversion,XRP-USDT,4h,13.0,20.0,75.0,-62.76,-15.542,-62.76,12.5,0.01,40,2.4,-1.0,,,,,,,,,,,,,,
rsi_reversion,XRP-USDT,4h,13.0,20.0,80.0,-57.06,-14.145,-57.06,15.2,0.02,33,2.2,-1.0,,,,,,,,,,,,,,
rsi_reversion,XRP-USDT,4h,13.0,25.0,60.0,-85.16,-15.035,-85.16,14.6,0.02,82,4.4,-1.0,,,,,,,,,,,,,,
rsi_reversion,XRP-USDT,4h,13.0,25.0,65.0,-82.85,-14.091,-82.85,15.4,0.03,78,3.7,-1.0,,,,,,,,,,,,,,
rsi_reversion,XRP-USDT,4h,13.0,25.0,70.0,-80.61,-14.832,-80.61,10.0,0.02,70,3.0,-1.0,,,,,,,,,,,,,,
rsi_reversion,XRP-USDT,4h,13.0,25.0,75.0,-72.57,-16.044,-72.57,8.5,0.01,47,3.1,-1.0,,,,,,,,,,,,,,
rsi_reversion,XRP-USDT,4h,13.0,25.0,80.0,-68.37,-15.116,-68.37,10.0,0.01,40,3.1,-1.0,,,,,,,,,,,,,,
rsi_reversion,XRP-USDT,4h,13.0,30.0,60.0,-87.28,-15.013,-87.28,15.2,0.03,105,4.2,-1.0,,,,,,,,,,,,,,
rsi_reversion,XRP-USDT,4h,13.0,30.0,65.0,-85.3,-14.123,-85.3,15.8,0.04,101,3.7,-1.0,,,,,,,,,,,,,,
rsi_reversion,XRP-USDT,4h,13.0,30.0,70.0,-83.38,-14.821,-83.38,11.8,0.03,93,3.1,-1.0,,,,,,,,,,,,,,
rsi_reversion,XRP-USDT,4h,13.0,30.0,75.0,-76.49,-15.435,-76.49,11.4,0.03,70,3.2,-1.0,,,,,,,,,,,,,,
rsi_reversion,XRP-USDT,4h,13.0,30.0,80.0,-72.89,-14.292,-72.89,12.7,0.03,63,3.2,-1.0,,,,,,,,,,,,,,
rsi_reversion,XRP-USDT,4h,13.0,35.0,60.0,-88.9,-13.713,-88.9,16.7,0.04,108,4.9,-1.0,,,,,,,,,,,,,,
rsi_reversion,XRP-USDT,4h,13.0,35.0,65.0,-87.18,-12.964,-87.18,17.3,0.04,104,4.5,-1.0,,,,,,,,,,,,,,
rsi_reversion,XRP-USDT,4h,13.0,35.0,70.0,-85.5,-13.404,-85.5,13.5,0.04,96,4.0,-1.0,,,,,,,,,,,,,,
rsi_reversion,XRP-USDT,4h,13.0,35.0,75.0,-79.49,-13.669,-79.49,13.7,0.04,73,4.4,-1.0,,,,,,,,,,,,,,
rsi_reversion,XRP-USDT,4h,13.0,35.0,80.0,-76.34,-12.831,-76.34,15.2,0.04,66,4.5,-1.0,,,,,,,,,,,,,,
rsi_reversion,XRP-USDT,4h,15.0,20.0,60.0,-71.87,-12.192,-71.93,26.6,0.05,64,4.3,-1.0,,,,,,,,,,,,,,
rsi_reversion,XRP-USDT,4h,15.0,20.0,65.0,-69.68,-12.211,-69.74,22.2,0.04,63,3.1,-1.0,,,,,,,,,,,,,,
rsi_reversion,XRP-USDT,4h,15.0,20.0,70.0,-64.15,-13.269,-64.22,20.5,0.02,44,2.6,-1.0,,,,,,,,,,,,,,
rsi_reversion,XRP-USDT,4h,15.0,20.0,75.0,-58.67,-15.098,-58.75,12.9,0.01,31,2.4,-1.0,,,,,,,,,,,,,,
rsi_reversion,XRP-USDT,4h,15.0,20.0,80.0,-46.89,-12.43,-47.0,16.0,0.02,25,2.1,-1.0,,,,,,,,,,,,,,
rsi_reversion,XRP-USDT,4h,15.0,25.0,60.0,-78.92,-13.315,-78.92,24.4,0.04,78,4.0,-1.0,,,,,,,,,,,,,,
rsi_reversion,XRP-USDT,4h,15.0,25.0,65.0,-77.28,-13.433,-77.28,20.8,0.04,77,3.1,-1.0,,,,,,,,,,,,,,
rsi_reversion,XRP-USDT,4h,15.0,25.0,70.0,-73.13,-14.489,-73.13,19.0,0.02,58,2.7,-1.0,,,,,,,,,,,,,,
rsi_reversion,XRP-USDT,4h,15.0,25.0,75.0,-69.03,-16.114,-69.03,13.3,0.01,45,2.6,-1.0,,,,,,,,,,,,,,
rsi_reversion,XRP-USDT,4h,15.0,25.0,80.0,-60.2,-14.143,-60.2,15.4,0.01,39,2.4,-1.0,,,,,,,,,,,,,,
rsi_reversion,XRP-USDT,4h,15.0,30.0,60.0,-83.38,-13.034,-83.51,24.2,0.06,91,4.4,-1.0,,,,,,,,,,,,,,
rsi_reversion,XRP-USDT,4h,15.0,30.0,65.0,-82.09,-13.114,-82.22,21.1,0.06,90,3.5,-1.0,,,,,,,,,,,,,,
rsi_reversion,XRP-USDT,4h,15.0,30.0,70.0,-78.81,-13.909,-78.98,19.7,0.04,71,3.4,-1.0,,,,,,,,,,,,,,
rsi_reversion,XRP-USDT,4h,15.0,30.0,75.0,-75.58,-15.006,-75.77,15.5,0.04,58,3.4,-1.0,,,,,,,,,,,,,,
rsi_reversion,XRP-USDT,4h,15.0,30.0,80.0,-68.62,-13.465,-68.86,17.3,0.05,52,3.3,-1.0,,,,,,,,,,,,,,
rsi_reversion,XRP-USDT,4h,15.0,35.0,60.0,-85.8,-12.221,-85.8,22.3,0.05,103,4.7,-1.0,,,,,,,,,,,,,,
rsi_reversion,XRP-USDT,4h,15.0,35.0,65.0,-84.7,-12.251,-84.7,19.6,0.05,102,4.0,-1.0,,,,,,,,,,,,,,
rsi_reversion,XRP-USDT,4h,15.0,35.0,70.0,-81.9,-12.776,-81.9,18.1,0.03,83,4.0,-1.0,,,,,,,,,,,,,,
rsi_reversion,XRP-USDT,4h,15.0,35.0,75.0,-79.14,-13.456,-79.14,14.3,0.03,70,4.1,-1.0,,,,,,,,,,,,,,
rsi_reversion,XRP-USDT,4h,15.0,35.0,80.0,-73.19,-12.164,-73.19,15.6,0.04,64,4.1,-1.0,,,,,,,,,,,,,,
rsi_reversion,XRP-USDT,4h,17.0,20.0,60.0,-60.39,-12.251,-60.46,22.6,0.09,53,4.4,-1.0,,,,,,,,,,,,,,
rsi_reversion,XRP-USDT,4h,17.0,20.0,65.0,-62.19,-15.555,-62.27,11.9,0.02,42,3.7,-1.0,,,,,,,,,,,,,,
rsi_reversion,XRP-USDT,4h,17.0,20.0,70.0,-55.3,-16.749,-55.39,12.9,0.01,31,3.0,-1.0,,,,,,,,,,,,,,
rsi_reversion,XRP-USDT,4h,17.0,20.0,75.0,-52.93,-18.938,-53.02,4.8,0.0,21,2.8,-1.0,,,,,,,,,,,,,,
rsi_reversion,XRP-USDT,4h,17.0,20.0,80.0,-40.97,-19.245,-41.08,6.2,0.0,16,2.2,-1.0,,,,,,,,,,,,,,
rsi_reversion,XRP-USDT,4h,17.0,25.0,60.0,-65.72,-12.468,-65.78,24.6,0.1,61,4.3,-1.0,,,,,,,,,,,,,,
rsi_reversion,XRP-USDT,4h,17.0,25.0,65.0,-67.28,-15.303,-67.34,16.0,0.05,50,3.7,-1.0,,,,,,,,,,,,,,
rsi_reversion,XRP-USDT,4h,17.0,25.0,70.0,-61.31,-16.156,-61.39,17.9,0.04,39,3.1,-1.0,,,,,,,,,,,,,,
rsi_reversion,XRP-USDT,4h,17.0,25.0,75.0,-59.26,-17.289,-59.34,13.8,0.03,29,3.0,-1.0,,,,,,,,,,,,,,
rsi_reversion,XRP-USDT,4h,17.0,25.0,80.0,-48.91,-17.289,-49.01,16.7,0.05,24,2.7,-1.0,,,,,,,,,,,,,,
rsi_reversion,XRP-USDT,4h,17.0,30.0,60.0,-72.39,-12.014,-72.55,26.2,0.09,80,4.3,-1.0,,,,,,,,,,,,,,
rsi_reversion,XRP-USDT,4h,17.0,30.0,65.0,-73.65,-13.965,-73.8,20.3,0.05,69,3.9,-1.0,,,,,,,,,,,,,,
rsi_reversion,XRP-USDT,4h,17.0,30.0,70.0,-68.85,-14.25,-69.03,22.4,0.04,58,3.6,-1.0,,,,,,,,,,,,,,
rsi_reversion,XRP-USDT,4h,17.0,30.0,75.0,-67.2,-14.353,-67.39,20.8,0.04,48,3.6,-1.0,,,,,,,,,,,,,,
rsi_reversion,XRP-USDT,4h,17.0,30.0,80.0,-58.86,-14.148,-59.09,23.3,0.05,43,3.5,-1.0,,,,,,,,,,,,,,
rsi_reversion,XRP-USDT,4h,17.0,35.0,60.0,-79.01,-11.291,-79.01,19.1,0.09,89,5.0,-1.0,,,,,,,,,,,,,,
rsi_reversion,XRP-USDT,4h,17.0,35.0,65.0,-79.97,-12.821,-79.97,12.8,0.05,78,4.8,-1.0,,,,,,,,,,,,,,
rsi_reversion,XRP-USDT,4h,17.0,35.0,70.0,-76.32,-12.948,-76.32,13.4,0.04,67,4.6,-1.0,,,,,,,,,,,,,,
rsi_reversion,XRP-USDT,4h,17.0,35.0,75.0,-75.07,-13.197,-75.07,10.5,0.04,57,4.8,-1.0,,,,,,,,,,,,,,
rsi_reversion,XRP-USDT,4h,17.0,35.0,80.0,-68.73,-12.703,-68.73,11.5,0.05,52,4.8,-1.0,,,,,,,,,,,,,,
rsi_reversion,XRP-USDT,4h,19.0,20.0,60.0,-60.31,-16.671,-60.31,13.0,0.03,46,4.4,-1.0,,,,,,,,,,,,,,
rsi_reversion,XRP-USDT,4h,19.0,20.0,65.0,-53.17,-16.095,-53.17,9.1,0.02,33,3.8,-1.0,,,,,,,,,,,,,,
rsi_reversion,XRP-USDT,4h,19.0,20.0,70.0,-51.4,-19.602,-51.4,4.0,0.0,25,3.1,-1.0,,,,,,,,,,,,,,
rsi_reversion,XRP-USDT,4h,19.0,20.0,75.0,-44.7,-23.705,-44.7,0.0,0.0,17,2.7,-1.0,,,,,,,,,,,,,,
rsi_reversion,XRP-USDT,4h,19.0,20.0,80.0,-33.93,-21.712,-33.93,0.0,0.0,14,2.0,-1.0,,,,,,,,,,,,,,
rsi_reversion,XRP-USDT,4h,19.0,25.0,60.0,-65.9,-17.566,-65.9,15.1,0.03,53,4.2,-1.0,,,,,,,,,,,,,,
rsi_reversion,XRP-USDT,4h,19.0,25.0,65.0,-59.76,-17.079,-59.76,12.5,0.03,40,3.7,-1.0,,,,,,,,,,,,,,
rsi_reversion,XRP-USDT,4h,19.0,25.0,70.0,-58.24,-20.172,-58.24,9.4,0.01,32,3.1,-1.0,,,,,,,,,,,,,,
rsi_reversion,XRP-USDT,4h,19.0,25.0,75.0,-52.48,-23.264,-52.48,8.3,0.01,24,2.8,-1.0,,,,,,,,,,,,,,
rsi_reversion,XRP-USDT,4h,19.0,25.0,80.0,-43.23,-22.396,-43.23,9.5,0.02,21,2.4,-1.0,,,,,,,,,,,,,,
rsi_reversion,XRP-USDT,4h,19.0,30.0,60.0,-75.42,-14.713,-75.49,15.1,0.03,73,3.9,-1.0,,,,,,,,,,,,,,
rsi_reversion,XRP-USDT,4h,19.0,30.0,65.0,-71.0,-14.238,-71.08,13.3,0.02,60,3.5,-1.0,,,,,,,,,,,,,,
rsi_reversion,XRP-USDT,4h,19.0,30.0,70.0,-69.9,-15.451,-69.98,11.5,0.01,52,3.1,-1.0,,,,,,,,,,,,,,
rsi_reversion,XRP-USDT,4h,19.0,30.0,75.0,-65.75,-15.936,-65.84,11.4,0.01,44,3.0,-1.0,,,,,,,,,,,,,,
rsi_reversion,XRP-USDT,4h,19.0,30.0,80.0,-59.08,-14.937,-59.19,12.2,0.01,41,2.7,-1.0,,,,,,,,,,,,,,
rsi_reversion,XRP-USDT,4h,19.0,35.0,60.0,-79.25,-14.178,-79.44,15.4,0.04,78,5.1,-1.0,,,,,,,,,,,,,,
rsi_reversion,XRP-USDT,4h,19.0,35.0,65.0,-75.52,-13.849,-75.75,13.8,0.03,65,5.0,-1.0,,,,,,,,,,,,,,
rsi_reversion,XRP-USDT,4h,19.0,35.0,70.0,-74.59,-14.903,-74.83,12.3,0.02,57,4.8,-1.0,,,,,,,,,,,,,,
rsi_reversion,XRP-USDT,4h,19.0,35.0,75.0,-71.09,-15.278,-71.36,12.2,0.02,49,5.0,-1.0,,,,,,,,,,,,,,
rsi_reversion,XRP-USDT,4h,19.0,35.0,80.0,-65.46,-14.316,-65.78,13.0,0.03,46,4.9,-1.0,,,,,,,,,,,,,,
rsi_reversion,XRP-USDT,4h,21.0,20.0,60.0,-51.55,-15.734,-51.55,15.0,0.08,40,4.7,-1.0,,,,,,,,,,,,,,
rsi_reversion,XRP-USDT,4h,21.0,20.0,65.0,-49.23,-18.048,-49.23,13.8,0.05,29,3.6,-1.0,,,,,,,,,,,,,,
rsi_reversion,XRP-USDT,4h,21.0,20.0,70.0,-40.28,-23.389,-40.28,0.0,0.0,20,3.2,-1.0,,,,,,,,,,,,,,
rsi_reversion,XRP-USDT,4h,21.0,20.0,75.0,-33.99,-24.173,-33.99,0.0,0.0,16,2.2,-1.0,,,,,,,,,,,,,,
rsi_reversion,XRP-USDT,4h,21.0,20.0,80.0,-23.65,-19.815,-23.65,0.0,0.0,12,1.3,-1.0,,,,,,,,,,,,,,
rsi_reversion,XRP-USDT,4h,21.0,25.0,60.0,-60.97,-16.726,-60.97,14.6,0.07,48,4.4,-1.0,,,,,,,,,,,,,,
rsi_reversion,XRP-USDT,4h,21.0,25.0,65.0,-59.1,-18.942,-59.1,13.5,0.04,37,3.5,-1.0,,,,,,,,,,,,,,
rsi_reversion,XRP-USDT,4h,21.0,25.0,70.0,-51.9,-23.123,-51.9,3.6,0.0,28,3.2,-1.0,,,,,,,,,,,,,,
rsi_reversion,XRP-USDT,4h,21.0,25.0,75.0,-46.83,-23.557,-46.83,4.2,0.0,24,2.5,-1.0,,,,,,,,,,,,,,
rsi_reversion,XRP-USDT,4h,21.0,25.0,80.0,-38.5,-20.845,-38.5,5.0,0.0,20,2.0,-1.0,,,,,,,,,,,,,,
rsi_reversion,XRP-USDT,4h,21.0,30.0,60.0,-72.29,-13.439,-72.42,15.6,0.05,64,4.2,-1.0,,,,,,,,,,,,,,
rsi_reversion,XRP-USDT,4h,21.0,30.0,65.0,-70.96,-14.496,-71.1,15.1,0.03,53,3.6,-1.0,,,,,,,,,,,,,,
rsi_reversion,XRP-USDT,4h,21.0,30.0,70.0,-65.85,-15.211,-66.01,9.1,0.01,44,3.4,-1.0,,,,,,,,,,,,,,
rsi_reversion,XRP-USDT,4h,21.0,30.0,75.0,-62.25,-14.836,-62.43,10.0,0.01,40,3.0,-1.0,,,,,,,,,,,,,,
rsi_reversion,XRP-USDT,4h,21.0,30.0,80.0,-56.34,-13.48,-56.55,11.1,0.01,36,2.8,-1.0,,,,,,,,,,,,,,
rsi_reversion,XRP-USDT,4h,21.0,35.0,60.0,-75.25,-13.642,-75.26,15.1,0.05,73,5.0,-1.0,,,,,,,,,,,,,,
rsi_reversion,XRP-USDT,4h,21.0,35.0,65.0,-74.06,-14.517,-74.08,14.5,0.03,62,4.5,-1.0,,,,,,,,,,,,,,
rsi_reversion,XRP-USDT,4h,21.0,35.0,70.0,-69.5,-15.15,-69.52,9.4,0.01,53,4.6,-1.0,,,,,,,,,,,,,,
rsi_reversion,XRP-USDT,4h,21.0,35.0,75.0,-66.28,-14.799,-66.3,10.2,0.01,49,4.3,-1.0,,,,,,,,,,,,,,
rsi_reversion,XRP-USDT,4h,21.0,35.0,80.0,-61.0,-13.605,-61.02,11.1,0.01,45,4.3,-1.0,,,,,,,,,,,,,,
macd_crossover,XRP-USDT,4h,,,,374.44,19.235,-0.62,92.2,45.76,141,1.0,604.82,6.0,20.0,5.0,,,,,,,,,,,
macd_crossover,XRP-USDT,4h,,,,322.03,18.498,-0.96,88.0,35.16,125,1.0,335.58,6.0,20.0,7.0,,,,,,,,,,,
macd_crossover,XRP-USDT,4h,,,,304.55,20.112,-0.68,90.1,61.96,111,1.0,446.43,6.0,20.0,9.0,,,,,,,,,,,
macd_crossover,XRP-USDT,4h,,,,238.31,15.954,-1.46,89.5,28.57,105,1.0,162.68,6.0,20.0,11.0,,,,,,,,,,,
macd_crossover,XRP-USDT,4h,,,,355.17,18.345,-0.54,89.2,36.14,139,1.0,662.53,6.0,23.0,5.0,,,,,,,,,,,
macd_crossover,XRP-USDT,4h,,,,322.66,18.977,-0.94,89.3,36.58,121,1.0,344.11,6.0,23.0,7.0,,,,,,,,,,,
macd_crossover,XRP-USDT,4h,,,,257.22,15.649,-1.37,86.9,24.76,107,1.0,187.67,6.0,23.0,9.0,,,,,,,,,,,
macd_crossover,XRP-USDT,4h,,,,213.07,15.779,-1.46,89.5,27.13,95,1.0,145.45,6.0,23.0,11.0,,,,,,,,,,,
macd_crossover,XRP-USDT,4h,,,,364.49,18.212,-0.54,89.4,37.59,141,1.0,679.92,6.0,26.0,5.0,,,,,,,,,,,
macd_crossover,XRP-USDT,4h,,,,306.28,19.542,-0.68,88.7,51.18,115,1.0,448.96,6.0,26.0,7.0,,,,,,,,,,,
macd_crossover,XRP-USDT,4h,,,,242.06,16.504,-0.71,90.1,47.42,101,1.0,339.74,6.0,26.0,9.0,,,,,,,,,,,
macd_crossover,XRP-USDT,4h,,,,180.35,14.232,-1.96,83.9,17.62,93,1.0,91.87,6.0,26.0,11.0,,,,,,,,,,,
macd_crossover,XRP-USDT,4h,,,,352.69,17.968,-0.96,88.7,35.56,141,1.0,367.53,6.0,29.0,5.0,,,,,,,,,,,
macd_crossover,XRP-USDT,4h,,,,290.4,20.168,-0.59,89.7,58.93,107,1.0,489.96,6.0,29.0,7.0,,,,,,,,,,,
macd_crossover,XRP-USDT,4h,,,,201.6,15.662,-1.46,89.5,32.41,95,1.0,137.62,6.0,29.0,9.0,,,,,,,,,,,
macd_crossover,XRP-USDT,4h,,,,174.9,14.016,-1.81,84.9,16.97,93,1.0,96.64,6.0,29.0,11.0,,,,,,,,,,,
macd_crossover,XRP-USDT,4h,,,,319.27,18.226,-0.48,88.7,35.17,133,1.0,661.46,6.0,32.0,5.0,,,,,,,,,,,
macd_crossover,XRP-USDT,4h,,,,246.05,18.923,-1.37,90.5,36.22,105,1.0,179.52,6.0,32.0,7.0,,,,,,,,,,,
macd_crossover,XRP-USDT,4h,,,,192.71,14.75,-1.46,87.9,21.68,99,1.0,131.55,6.0,32.0,9.0,,,,,,,,,,,
macd_crossover,XRP-USDT,4h,,,,198.56,15.075,-1.81,87.4,21.3,95,1.0,109.72,6.0,32.0,11.0,,,,,,,,,,,
macd_crossover,XRP-USDT,4h,,,,325.29,18.907,-0.56,89.1,36.65,129,1.0,580.35,6.0,35.0,5.0,,,,,,,,,,,
macd_crossover,XRP-USDT,4h,,,,234.33,19.674,-0.71,91.1,57.18,101,1.0,331.28,6.0,35.0,7.0,,,,,,,,,,,
macd_crossover,XRP-USDT,4h,,,,177.05,13.975,-2.87,84.5,16.92,97,1.0,61.78,6.0,35.0,9.0,,,,,,,,,,,
macd_crossover,XRP-USDT,4h,,,,196.57,15.431,-1.81,87.1,27.44,93,1.0,108.62,6.0,35.0,11.0,,,,,,,,,,,
macd_crossover,XRP-USDT,4h,,,,346.32,18.545,-0.96,88.7,35.22,133,1.0,360.9,8.0,20.0,5.0,,,,,,,,,,,
macd_crossover,XRP-USDT,4h,,,,312.3,20.08,-0.68,89.4,57.13,113,1.0,457.79,8.0,20.0,7.0,,,,,,,,,,,
macd_crossover,XRP-USDT,4h,,,,226.9,16.074,-1.46,88.9,30.23,99,1.0,154.89,8.0,20.0,9.0,,,,,,,,,,,
macd_crossover,XRP-USDT,4h,,,,179.17,14.318,-1.81,82.4,17.39,91,1.0,99.0,8.0,20.0,11.0,,,,,,,,,,,
macd_crossover,XRP-USDT,4h,,,,321.57,18.548,-0.94,89.8,38.92,127,1.0,342.94,8.0,23.0,5.0,,,,,,,,,,,
macd_crossover,XRP-USDT,4h,,,,248.62,15.792,-1.37,86.7,28.11,105,1.0,181.39,8.0,23.0,7.0,,,,,,,,,,,
macd_crossover,XRP-USDT,4h,,,,198.67,14.975,-1.46,83.2,20.92,95,1.0,135.62,8.0,23.0,9.0,,,,,,,,,,,
macd_crossover,XRP-USDT,4h,,,,163.47,13.689,-1.81,82.0,17.65,89,1.0,90.33,8.0,23.0,11.0,,,,,,,,,,,
macd_crossover,XRP-USDT,4h,,,,337.16,19.944,-0.94,90.9,47.78,121,1.0,359.57,8.0,26.0,5.0,,,,,,,,,,,
macd_crossover,XRP-USDT,4h,,,,235.16,16.466,-1.46,90.1,31.57,101,1.0,160.53,8.0,26.0,7.0,,,,,,,,,,,
macd_crossover,XRP-USDT,4h,,,,179.85,14.341,-1.81,84.9,20.75,93,1.0,99.38,8.0,26.0,9.0,,,,,,,,,,,
macd_crossover,XRP-USDT,4h,,,,175.91,14.831,-1.43,86.2,23.79,87,1.0,122.83,8.0,26.0,11.0,,,,,,,,,,,
macd_crossover,XRP-USDT,4h,,,,305.92,20.048,-0.59,90.3,60.69,113,1.0,516.15,8.0,29.0,5.0,,,,,,,,,,,
macd_crossover,XRP-USDT,4h,,,,196.34,15.412,-1.46,89.5,25.12,95,1.0,134.03,8.0,29.0,7.0,,,,,,,,,,,
macd_crossover,XRP-USDT,4h,,,,168.25,13.676,-1.81,82.4,15.1,91,1.0,92.97,8.0,29.0,9.0,,,,,,,,,,,
macd_crossover,XRP-USDT,4h,,,,191.31,15.712,-0.85,87.6,33.99,89,1.0,225.09,8.0,29.0,11.0,,,,,,,,,,,
macd_crossover,XRP-USDT,4h,,,,295.31,20.422,-0.27,91.9,93.77,111,1.0,1079.65,8.0,32.0,5.0,,,,,,,,,,,
macd_crossover,XRP-USDT,4h,,,,197.36,15.002,-1.46,88.7,21.97,97,1.0,134.72,8.0,32.0,7.0,,,,,,,,,,,
macd_crossover,XRP-USDT,4h,,,,187.86,15.481,-1.34,86.5,35.36,89,1.0,139.9,8.0,32.0,9.0,,,,,,,,,,,
macd_crossover,XRP-USDT,4h,,,,183.1,15.406,-0.85,88.8,36.69,89,1.0,215.42,8.0,32.0,11.0,,,,,,,,,,,
macd_crossover,XRP-USDT,4h,,,,246.25,18.956,-1.37,89.5,34.84,105,1.0,179.67,8.0,35.0,5.0,,,,,,,,,,,
macd_crossover,XRP-USDT,4h,,,,178.81,13.865,-1.81,84.5,15.38,97,1.0,98.8,8.0,35.0,7.0,,,,,,,,,,,
macd_crossover,XRP-USDT,4h,,,,188.66,15.806,-0.83,88.8,48.05,89,1.0,227.69,8.0,35.0,9.0,,,,,,,,,,,
macd_crossover,XRP-USDT,4h,,,,178.41,15.46,-0.85,87.1,35.68,85,1.0,209.91,8.0,35.0,11.0,,,,,,,,,,,
macd_crossover,XRP-USDT,4h,,,,288.26,18.239,-0.94,87.2,33.24,117,1.0,307.42,10.0,20.0,5.0,,,,,,,,,,,
macd_crossover,XRP-USDT,4h,,,,236.33,16.256,-1.46,90.1,30.23,101,1.0,161.32,10.0,20.0,7.0,,,,,,,,,,,
macd_crossover,XRP-USDT,4h,,,,177.12,14.186,-1.81,83.5,17.22,91,1.0,97.87,10.0,20.0,9.0,,,,,,,,,,,
macd_crossover,XRP-USDT,4h,,,,178.13,14.542,-1.43,85.4,19.19,89,1.0,124.39,10.0,20.0,11.0,,,,,,,,,,,
macd_crossover,XRP-USDT,4h,,,,298.27,19.517,-0.59,89.4,57.59,113,1.0,503.24,10.0,23.0,5.0,,,,,,,,,,,
macd_crossover,XRP-USDT,4h,,,,203.81,15.223,-1.46,85.3,20.34,95,1.0,139.13,10.0,23.0,7.0,,,,,,,,,,,
macd_crossover,XRP-USDT,4h,,,,175.54,14.19,-1.43,83.5,19.79,91,1.0,122.57,10.0,23.0,9.0,,,,,,,,,,,
macd_crossover,XRP-USDT,4h,,,,181.28,15.318,-0.85,86.2,32.85,87,1.0,213.28,10.0,23.0,11.0,,,,,,,,,,,
macd_crossover,XRP-USDT,4h,,,,259.62,16.415,-1.37,90.5,33.35,105,1.0,189.42,10.0,26.0,5.0,,,,,,,,,,,
macd_crossover,XRP-USDT,4h,,,,179.78,14.187,-1.81,83.9,17.48,93,1.0,99.34,10.0,26.0,7.0,,,,,,,,,,,
macd_crossover,XRP-USDT,4h,,,,176.16,14.861,-1.43,86.2,25.11,87,1.0,123.01,10.0,26.0,9.0,,,,,,,,,,,
macd_crossover,XRP-USDT,4h,,,,171.01,15.235,-0.44,88.2,59.82,85,1.0,387.72,10.0,26.0,11.0,,,,,,,,,,,
macd_crossover,XRP-USDT,4h,,,,226.29,16.075,-0.71,89.9,43.84,99,1.0,317.6,10.0,29.0,5.0,,,,,,,,,,,
macd_crossover,XRP-USDT,4h,,,,170.99,13.643,-1.81,82.8,15.24,93,1.0,94.49,10.0,29.0,7.0,,,,,,,,,,,
macd_crossover,XRP-USDT,4h,,,,187.37,15.595,-0.85,87.6,33.56,89,1.0,220.45,10.0,29.0,9.0,,,,,,,,,,,
macd_crossover,XRP-USDT,4h,,,,160.15,14.657,-1.06,85.2,29.64,81,1.0,151.03,10.0,29.0,11.0,,,,,,,,,,,
macd_crossover,XRP-USDT,4h,,,,200.71,15.117,-1.46,88.9,24.72,99,1.0,137.01,10.0,32.0,5.0,,,,,,,,,,,
macd_crossover,XRP-USDT,4h,,,,168.92,14.197,-1.81,85.4,19.97,89,1.0,93.34,10.0,32.0,7.0,,,,,,,,,,,
macd_crossover,XRP-USDT,4h,,,,181.19,15.275,-0.85,88.8,38.91,89,1.0,213.17,10.0,32.0,9.0,,,,,,,,,,,
macd_crossover,XRP-USDT,4h,,,,128.72,13.097,-1.06,81.0,18.36,79,1.0,121.4,10.0,32.0,11.0,,,,,,,,,,,
macd_crossover,XRP-USDT,4h,,,,185.17,14.522,-1.46,86.6,20.36,97,1.0,126.4,10.0,35.0,5.0,,,,,,,,,,,
macd_crossover,XRP-USDT,4h,,,,183.77,15.373,-1.34,87.6,32.14,89,1.0,136.86,10.0,35.0,7.0,,,,,,,,,,,
macd_crossover,XRP-USDT,4h,,,,178.84,15.487,-0.85,87.1,35.73,85,1.0,210.4,10.0,35.0,9.0,,,,,,,,,,,
macd_crossover,XRP-USDT,4h,,,,136.48,13.823,-0.63,82.3,28.41,79,1.0,217.33,10.0,35.0,11.0,,,,,,,,,,,
macd_crossover,XRP-USDT,4h,,,,277.45,16.561,-1.37,89.7,30.93,107,1.0,202.43,12.0,20.0,5.0,,,,,,,,,,,
macd_crossover,XRP-USDT,4h,,,,190.33,14.975,-1.46,83.5,21.26,91,1.0,129.93,12.0,20.0,7.0,,,,,,,,,,,
macd_crossover,XRP-USDT,4h,,,,183.51,14.654,-1.43,85.7,19.52,91,1.0,128.14,12.0,20.0,9.0,,,,,,,,,,,
macd_crossover,XRP-USDT,4h,,,,178.47,15.389,-0.57,85.9,37.28,85,1.0,315.48,12.0,20.0,11.0,,,,,,,,,,,
macd_crossover,XRP-USDT,4h,,,,249.13,16.794,-0.71,91.1,50.8,101,1.0,349.67,12.0,23.0,5.0,,,,,,,,,,,
macd_crossover,XRP-USDT,4h,,,,163.95,13.48,-1.81,81.3,16.45,91,1.0,90.59,12.0,23.0,7.0,,,,,,,,,,,
macd_crossover,XRP-USDT,4h,,,,181.28,15.554,-0.85,85.9,32.85,85,1.0,213.28,12.0,23.0,9.0,,,,,,,,,,,
macd_crossover,XRP-USDT,4h,,,,147.86,13.728,-1.06,84.0,24.51,81,1.0,139.44,12.0,23.0,11.0,,,,,,,,,,,
macd_crossover,XRP-USDT,4h,,,,217.35,15.835,-1.46,89.9,28.67,99,1.0,148.37,12.0,26.0,5.0,,,,,,,,,,,
macd_crossover,XRP-USDT,4h,,,,180.83,14.857,-1.43,85.4,22.28,89,1.0,126.27,12.0,26.0,7.0,,,,,,,,,,,
macd_crossover,XRP-USDT,4h,,,,171.7,15.293,-0.44,88.2,59.47,85,1.0,389.27,12.0,26.0,9.0,,,,,,,,,,,
macd_crossover,XRP-USDT,4h,,,,136.73,14.043,-1.06,84.4,24.64,77,1.0,128.95,12.0,26.0,11.0,,,,,,,,,,,
macd_crossover,XRP-USDT,4h,,,,191.83,14.718,-1.81,86.6,22.2,97,1.0,106.0,12.0,29.0,5.0,,,,,,,,,,,
macd_crossover,XRP-USDT,4h,,,,198.24,16.082,-0.47,87.9,62.57,91,1.0,420.76,12.0,29.0,7.0,,,,,,,,,,,
macd_crossover,XRP-USDT,4h,,,,156.5,14.164,-1.12,83.1,25.78,83,1.0,140.22,12.0,29.0,9.0,,,,,,,,,,,
macd_crossover,XRP-USDT,4h,,,,133.14,13.928,-0.63,84.4,30.3,77,1.0,212.01,12.0,29.0,11.0,,,,,,,,,,,
macd_crossover,XRP-USDT,4h,,,,194.65,14.559,-1.81,86.6,18.05,97,1.0,107.56,12.0,32.0,5.0,,,,,,,,,,,
macd_crossover,XRP-USDT,4h,,,,188.36,15.874,-0.75,89.9,45.31,89,1.0,249.59,12.0,32.0,7.0,,,,,,,,,,,
macd_crossover,XRP-USDT,4h,,,,125.5,12.813,-1.06,79.7,16.6,79,1.0,118.36,12.0,32.0,9.0,,,,,,,,,,,
macd_crossover,XRP-USDT,4h,,,,107.4,15.768,-3.73,86.8,13.16,76,1.0,28.81,12.0,32.0,11.0,,,,,,,,,,,
macd_crossover,XRP-USDT,4h,,,,205.99,15.66,-1.81,88.4,27.23,95,1.0,113.82,12.0,35.0,5.0,,,,,,,,,,,
macd_crossover,XRP-USDT,4h,,,,173.11,14.967,-0.85,87.4,27.97,87,1.0,203.67,12.0,35.0,7.0,,,,,,,,,,,
macd_crossover,XRP-USDT,4h,,,,132.15,13.364,-1.25,81.0,21.14,79,1.0,105.89,12.0,35.0,9.0,,,,,,,,,,,
macd_crossover,XRP-USDT,4h,,,,95.49,14.046,-3.73,83.8,8.66,74,1.0,25.62,12.0,35.0,11.0,,,,,,,,,,,
macd_crossover,XRP-USDT,4h,,,,213.45,15.743,-1.46,88.7,28.9,97,1.0,145.7,14.0,20.0,5.0,,,,,,,,,,,
macd_crossover,XRP-USDT,4h,,,,173.41,14.035,-1.81,82.4,18.28,91,1.0,95.82,14.0,20.0,7.0,,,,,,,,,,,
macd_crossover,XRP-USDT,4h,,,,188.01,15.622,-0.85,86.2,33.57,87,1.0,221.19,14.0,20.0,9.0,,,,,,,,,,,
macd_crossover,XRP-USDT,4h,,,,144.8,13.225,-1.06,82.7,19.01,81,1.0,136.56,14.0,20.0,11.0,,,,,,,,,,,
macd_crossover,XRP-USDT,4h,,,,188.6,14.459,-1.96,85.3,18.12,95,1.0,96.07,14.0,23.0,5.0,,,,,,,,,,,
macd_crossover,XRP-USDT,4h,,,,178.88,15.046,-1.43,87.4,25.96,87,1.0,124.91,14.0,23.0,7.0,,,,,,,,,,,
macd_crossover,XRP-USDT,4h,,,,168.91,15.38,-0.44,89.2,61.34,83,1.0,382.96,14.0,23.0,9.0,,,,,,,,,,,
macd_crossover,XRP-USDT,4h,,,,133.68,13.341,-1.06,83.1,19.87,77,1.0,126.08,14.0,23.0,11.0,,,,,,,,,,,
macd_crossover,XRP-USDT,4h,,,,207.34,15.43,-1.81,88.7,25.09,97,1.0,114.57,14.0,26.0,5.0,,,,,,,,,,,
macd_crossover,XRP-USDT,4h,,,,184.24,15.366,-0.85,86.5,31.35,89,1.0,216.76,14.0,26.0,7.0,,,,,,,,,,,
macd_crossover,XRP-USDT,4h,,,,149.48,13.93,-1.06,85.2,24.34,81,1.0,140.97,14.0,26.0,9.0,,,,,,,,,,,
macd_crossover,XRP-USDT,4h,,,,114.51,15.369,-3.73,84.6,12.91,78,1.0,30.72,14.0,26.0,11.0,,,,,,,,,,,
macd_crossover,XRP-USDT,4h,,,,198.61,15.048,-1.81,87.4,21.3,95,1.0,109.75,14.0,29.0,5.0,,,,,,,,,,,
macd_crossover,XRP-USDT,4h,,,,171.91,15.169,-0.85,88.2,37.69,85,1.0,202.26,14.0,29.0,7.0,,,,,,,,,,,
macd_crossover,XRP-USDT,4h,,,,136.06,13.68,-1.25,81.0,21.68,79,1.0,109.02,14.0,29.0,9.0,,,,,,,,,,,
macd_crossover,XRP-USDT,4h,,,,102.55,14.088,-3.73,82.9,9.11,76,1.0,27.51,14.0,29.0,11.0,,,,,,,,,,,
macd_crossover,XRP-USDT,4h,,,,209.73,16.102,-1.46,90.5,37.77,95,1.0,143.17,14.0,32.0,5.0,,,,,,,,,,,
macd_crossover,XRP-USDT,4h,,,,162.59,14.524,-1.05,83.1,26.07,83,1.0,154.76,14.0,32.0,7.0,,,,,,,,,,,
macd_crossover,XRP-USDT,4h,,,,141.93,14.934,-0.63,88.2,36.83,76,1.0,226.0,14.0,32.0,9.0,,,,,,,,,,,
macd_crossover,XRP-USDT,4h,,,,97.15,13.631,-4.57,84.2,8.8,76,1.0,21.28,14.0,32.0,11.0,,,,,,,,,,,
macd_crossover,XRP-USDT,4h,,,,227.05,16.56,-0.35,92.1,96.05,101,1.0,647.98,14.0,35.0,5.0,,,,,,,,,,,
macd_crossover,XRP-USDT,4h,,,,131.06,12.991,-1.31,79.0,16.74,81,1.0,100.14,14.0,35.0,7.0,,,,,,,,,,,
macd_crossover,XRP-USDT,4h,,,,135.75,14.504,-1.55,86.5,25.94,74,1.0,87.77,14.0,35.0,9.0,,,,,,,,,,,
macd_crossover,XRP-USDT,4h,,,,100.39,14.052,-3.73,83.8,9.04,74,1.0,26.93,14.0,35.0,11.0,,,,,,,,,,,
bb_reversion,XRP-USDT,4h,15.0,,,-96.09,-17.85,-96.09,0.0,0.0,107,2.5,-1.0,,,,1.5,,,,,,,,,,
bb_reversion,XRP-USDT,4h,15.0,,,-88.46,-21.015,-88.46,0.0,0.0,69,1.6,-1.0,,,,2.0,,,,,,,,,,
bb_reversion,XRP-USDT,4h,15.0,,,-53.61,-32.961,-53.61,0.0,0.0,24,1.1,-1.0,,,,2.5,,,,,,,,,,
bb_reversion,XRP-USDT,4h,15.0,,,-3.16,-53.005,-3.16,0.0,0.0,2,1.0,-1.0,,,,3.0,,,,,,,,,,
bb_reversion,XRP-USDT,4h,17.0,,,-95.8,-17.24,-95.8,0.0,0.0,100,2.8,-1.0,,,,1.5,,,,,,,,,,
bb_reversion,XRP-USDT,4h,17.0,,,-86.6,-21.122,-86.6,0.0,0.0,58,1.9,-1.0,,,,2.0,,,,,,,,,,
bb_reversion,XRP-USDT,4h,17.0,,,-60.04,-32.892,-60.04,0.0,0.0,28,1.1,-1.0,,,,2.5,,,,,,,,,,
bb_reversion,XRP-USDT,4h,17.0,,,-10.65,-43.453,-10.65,0.0,0.0,3,1.0,-1.0,,,,3.0,,,,,,,,,,
bb_reversion,XRP-USDT,4h,19.0,,,-94.22,-17.928,-94.26,1.1,0.0,90,3.1,-1.0,,,,1.5,,,,,,,,,,
bb_reversion,XRP-USDT,4h,19.0,,,-87.44,-19.768,-87.44,0.0,0.0,57,2.0,-1.0,,,,2.0,,,,,,,,,,
bb_reversion,XRP-USDT,4h,19.0,,,-68.3,-23.13,-68.3,0.0,0.0,32,1.2,-1.0,,,,2.5,,,,,,,,,,
bb_reversion,XRP-USDT,4h,19.0,,,-23.68,-67.176,-23.68,0.0,0.0,7,1.0,-1.0,,,,3.0,,,,,,,,,,
bb_reversion,XRP-USDT,4h,21.0,,,-93.46,-20.082,-93.46,0.0,0.0,81,3.4,-1.0,,,,1.5,,,,,,,,,,
bb_reversion,XRP-USDT,4h,21.0,,,-86.2,-18.969,-86.2,0.0,0.0,55,2.1,-1.0,,,,2.0,,,,,,,,,,
bb_reversion,XRP-USDT,4h,21.0,,,-70.26,-17.634,-70.26,0.0,0.0,34,1.4,-1.0,,,,2.5,,,,,,,,,,
bb_reversion,XRP-USDT,4h,21.0,,,-35.49,-39.301,-35.49,0.0,0.0,10,1.1,-1.0,,,,3.0,,,,,,,,,,
bb_reversion,XRP-USDT,4h,23.0,,,-92.08,-19.623,-92.08,0.0,0.0,77,3.5,-1.0,,,,1.5,,,,,,,,,,
bb_reversion,XRP-USDT,4h,23.0,,,-86.13,-18.85,-86.13,0.0,0.0,54,2.3,-1.0,,,,2.0,,,,,,,,,,
bb_reversion,XRP-USDT,4h,23.0,,,-70.1,-17.486,-70.1,0.0,0.0,34,1.4,-1.0,,,,2.5,,,,,,,,,,
bb_reversion,XRP-USDT,4h,23.0,,,-37.72,-40.403,-37.72,0.0,0.0,11,1.1,-1.0,,,,3.0,,,,,,,,,,
bb_reversion,XRP-USDT,4h,25.0,,,-90.19,-19.65,-90.19,0.0,0.0,71,3.7,-1.0,,,,1.5,,,,,,,,,,
bb_reversion,XRP-USDT,4h,25.0,,,-84.49,-17.148,-84.49,0.0,0.0,55,2.3,-1.0,,,,2.0,,,,,,,,,,
bb_reversion,XRP-USDT,4h,25.0,,,-69.27,-17.311,-69.27,0.0,0.0,33,1.5,-1.0,,,,2.5,,,,,,,,,,
bb_reversion,XRP-USDT,4h,25.0,,,-46.6,-23.421,-46.6,0.0,0.0,13,1.2,-1.0,,,,3.0,,,,,,,,,,
ema_crossover,XRP-USDT,4h,,,,150.76,7.834,-10.27,66.7,5.93,54,20.0,14.67,5.0,25.0,,,,,,,,,,,,
ema_crossover,XRP-USDT,4h,,,,172.31,8.089,-9.34,67.9,7.13,56,19.3,18.46,5.0,30.0,,,,,,,,,,,,
ema_crossover,XRP-USDT,4h,,,,182.04,8.9,-2.08,75.0,9.9,56,19.3,87.33,5.0,35.0,,,,,,,,,,,,
ema_crossover,XRP-USDT,4h,,,,132.77,7.938,-4.1,69.6,6.9,46,23.5,32.39,5.0,40.0,,,,,,,,,,,,
ema_crossover,XRP-USDT,4h,,,,128.53,8.043,-3.78,65.9,7.65,44,24.5,33.98,5.0,45.0,,,,,,,,,,,,
ema_crossover,XRP-USDT,4h,,,,128.34,8.231,-3.78,69.0,7.81,42,25.7,33.93,5.0,50.0,,,,,,,,,,,,
ema_crossover,XRP-USDT,4h,,,,123.67,7.064,-8.63,62.5,4.64,48,22.5,14.34,8.0,25.0,,,,,,,,,,,,
ema_crossover,XRP-USDT,4h,,,,87.78,5.88,-10.71,58.3,3.61,48,22.5,8.19,8.0,30.0,,,,,,,,,,,,
ema_crossover,XRP-USDT,4h,,,,79.45,5.934,-12.68,57.5,3.6,40,27.0,6.26,8.0,35.0,,,,,,,,,,,,
ema_crossover,XRP-USDT,4h,,,,77.82,5.764,-11.39,57.1,3.43,42,25.7,6.83,8.0,40.0,,,,,,,,,,,,
ema_crossover,XRP-USDT,4h,,,,61.64,5.196,-17.53,55.0,2.8,40,27.0,3.52,8.0,45.0,,,,,,,,,,,,
ema_crossover,XRP-USDT,4h,,,,46.73,4.431,-15.21,50.0,2.34,32,33.8,3.07,8.0,50.0,,,,,,,,,,,,
ema_crossover,XRP-USDT,4h,,,,71.49,5.138,-14.81,52.2,2.93,46,23.5,4.83,11.0,25.0,,,,,,,,,,,,
ema_crossover,XRP-USDT,4h,,,,72.16,5.673,-13.8,55.3,3.2,38,28.4,5.23,11.0,30.0,,,,,,,,,,,,
ema_crossover,XRP-USDT,4h,,,,73.82,5.697,-13.8,57.5,3.27,40,27.0,5.35,11.0,35.0,,,,,,,,,,,,
ema_crossover,XRP-USDT,4h,,,,57.27,5.429,-12.69,52.8,2.94,36,30.0,4.51,11.0,40.0,,,,,,,,,,,,
ema_crossover,XRP-USDT,4h,,,,40.23,4.215,-12.53,46.7,2.38,30,36.0,3.21,11.0,45.0,,,,,,,,,,,,
ema_crossover,XRP-USDT,4h,,,,24.12,3.178,-10.93,46.4,1.81,28,38.6,2.21,11.0,50.0,,,,,,,,,,,,
ema_crossover,XRP-USDT,4h,,,,66.44,5.429,-17.0,55.6,2.82,36,30.0,3.91,14.0,25.0,,,,,,,,,,,,
ema_crossover,XRP-USDT,4h,,,,70.15,5.89,-9.83,47.2,3.47,36,30.0,7.14,14.0,30.0,,,,,,,,,,,,
ema_crossover,XRP-USDT,4h,,,,46.23,4.783,-12.84,50.0,2.56,34,31.8,3.6,14.0,35.0,,,,,,,,,,,,
ema_crossover,XRP-USDT,4h,,,,27.15,3.197,-13.68,39.3,1.85,28,38.6,1.98,14.0,40.0,,,,,,,,,,,,
ema_crossover,XRP-USDT,4h,,,,18.6,2.69,-10.11,34.6,1.61,26,41.5,1.84,14.0,45.0,,,,,,,,,,,,
ema_crossover,XRP-USDT,4h,,,,17.73,2.5,-10.11,35.7,1.56,28,38.6,1.75,14.0,50.0,,,,,,,,,,,,
ema_crossover,XRP-USDT,4h,,,,53.03,4.894,-13.17,41.2,2.58,34,31.8,4.03,17.0,25.0,,,,,,,,,,,,
ema_crossover,XRP-USDT,4h,,,,39.92,4.357,-13.84,43.8,2.26,32,33.8,2.88,17.0,30.0,,,,,,,,,,,,
ema_crossover,XRP-USDT,4h,,,,23.69,2.851,-12.83,33.3,1.73,30,36.0,1.85,17.0,35.0,,,,,,,,,,,,
ema_crossover,XRP-USDT,4h,,,,23.88,3.111,-12.03,38.5,1.81,26,41.5,1.99,17.0,40.0,,,,,,,,,,,,
ema_crossover,XRP-USDT,4h,,,,33.12,4.155,-6.66,46.4,2.19,28,38.6,4.97,17.0,45.0,,,,,,,,,,,,
ema_crossover,XRP-USDT,4h,,,,18.26,2.538,-15.81,39.3,1.56,28,38.6,1.15,17.0,50.0,,,,,,,,,,,,
ema_crossover,XRP-USDT,4h,,,,42.89,4.637,-12.99,43.8,2.36,32,33.8,3.3,20.0,25.0,,,,,,,,,,,,
ema_crossover,XRP-USDT,4h,,,,48.67,4.963,-11.89,46.7,2.72,30,36.0,4.09,20.0,30.0,,,,,,,,,,,,
ema_crossover,XRP-USDT,4h,,,,24.98,3.223,-11.51,38.5,1.84,26,41.5,2.17,20.0,35.0,,,,,,,,,,,,
ema_crossover,XRP-USDT,4h,,,,29.85,4.068,-9.68,41.7,2.03,24,45.0,3.08,20.0,40.0,,,,,,,,,,,,
ema_crossover,XRP-USDT,4h,,,,19.62,2.899,-14.04,37.5,1.64,24,45.0,1.4,20.0,45.0,,,,,,,,,,,,
ema_crossover,XRP-USDT,4h,,,,5.4,1.168,-17.16,34.6,1.23,26,41.5,0.31,20.0,50.0,,,,,,,,,,,,
stoch_rsi,XRP-USDT,4h,7.0,15.0,75.0,73.34,11.459,-2.23,75.5,5.89,98,1.0,32.89,,,,,3.0,3.0,,,,,,,,
stoch_rsi,XRP-USDT,4h,7.0,15.0,80.0,55.91,11.111,-2.23,75.9,5.35,87,1.0,25.07,,,,,3.0,3.0,,,,,,,,
stoch_rsi,XRP-USDT,4h,7.0,15.0,85.0,38.47,9.217,-2.23,72.4,4.19,76,1.0,17.25,,,,,3.0,3.0,,,,,,,,
stoch_rsi,XRP-USDT,4h,7.0,20.0,75.0,80.41,10.484,-2.24,73.9,4.88,111,1.0,35.84,,,,,3.0,3.0,,,,,,,,
stoch_rsi,XRP-USDT,4h,7.0,20.0,80.0,62.27,10.023,-2.24,74.0,4.42,100,1.0,27.75,,,,,3.0,3.0,,,,,,,,
stoch_rsi,XRP-USDT,4h,7.0,20.0,85.0,44.12,8.399,-2.24,70.8,3.58,89,1.0,19.66,,,,,3.0,3.0,,,,,,,,
stoch_rsi,XRP-USDT,4h,7.0,25.0,75.0,86.46,10.512,-2.24,74.2,4.89,120,1.0,38.53,,,,,3.0,3.0,,,,,,,,
stoch_rsi,XRP-USDT,4h,7.0,25.0,80.0,67.71,10.104,-2.24,74.3,4.45,109,1.0,30.18,,,,,3.0,3.0,,,,,,,,
stoch_rsi,XRP-USDT,4h,7.0,25.0,85.0,48.95,8.591,-2.24,71.4,3.66,98,1.0,21.81,,,,,3.0,3.0,,,,,,,,
stoch_rsi,XRP-USDT,4h,9.0,15.0,75.0,67.57,8.688,-3.32,68.2,3.41,107,1.0,20.33,,,,,3.0,3.0,,,,,,,,
stoch_rsi,XRP-USDT,4h,9.0,15.0,80.0,57.92,8.376,-4.12,68.4,3.33,98,1.0,14.07,,,,,3.0,3.0,,,,,,,,
stoch_rsi,XRP-USDT,4h,9.0,15.0,85.0,37.96,7.064,-4.12,66.7,2.7,87,1.0,9.22,,,,,3.0,3.0,,,,,,,,
stoch_rsi,XRP-USDT,4h,9.0,20.0,75.0,76.01,8.3,-3.32,68.1,3.35,119,1.0,22.87,,,,,3.0,3.0,,,,,,,,
stoch_rsi,XRP-USDT,4h,9.0,20.0,80.0,65.88,8.003,-3.42,68.2,3.28,110,1.0,19.25,,,,,3.0,3.0,,,,,,,,
stoch_rsi,XRP-USDT,4h,9.0,20.0,85.0,44.92,6.827,-3.42,66.7,2.72,99,1.0,13.12,,,,,3.0,3.0,,,,,,,,
stoch_rsi,XRP-USDT,4h,9.0,25.0,75.0,79.03,8.269,-3.32,68.0,3.33,125,1.0,23.78,,,,,3.0,3.0,,,,,,,,
stoch_rsi,XRP-USDT,4h,9.0,25.0,80.0,68.73,7.981,-3.42,68.1,3.25,116,1.0,20.08,,,,,3.0,3.0,,,,,,,,
stoch_rsi,XRP-USDT,4h,9.0,25.0,85.0,47.41,6.858,-3.42,66.7,2.73,105,1.0,13.85,,,,,3.0,3.0,,,,,,,,
stoch_rsi,XRP-USDT,4h,11.0,15.0,75.0,38.05,4.521,-6.79,59.4,2.04,106,1.0,5.6,,,,,3.0,3.0,,,,,,,,
stoch_rsi,XRP-USDT,4h,11.0,15.0,80.0,25.24,3.631,-6.79,58.4,1.75,101,1.0,3.72,,,,,3.0,3.0,,,,,,,,
stoch_rsi,XRP-USDT,4h,11.0,15.0,85.0,25.51,3.899,-6.79,59.8,1.82,92,1.0,3.76,,,,,3.0,3.0,,,,,,,,
stoch_rsi,XRP-USDT,4h,11.0,20.0,75.0,42.12,4.747,-6.79,59.8,2.11,112,1.0,6.2,,,,,3.0,3.0,,,,,,,,
stoch_rsi,XRP-USDT,4h,11.0,20.0,80.0,28.93,3.928,-6.79,58.9,1.82,107,1.0,4.26,,,,,3.0,3.0,,,,,,,,
stoch_rsi,XRP-USDT,4h,11.0,20.0,85.0,29.22,4.202,-6.79,60.2,1.9,98,1.0,4.3,,,,,3.0,3.0,,,,,,,,
stoch_rsi,XRP-USDT,4h,11.0,25.0,75.0,46.36,4.916,-6.39,61.2,2.17,121,1.0,7.26,,,,,3.0,3.0,,,,,,,,
stoch_rsi,XRP-USDT,4h,11.0,25.0,80.0,32.78,4.172,-6.39,60.3,1.9,116,1.0,5.13,,,,,3.0,3.0,,,,,,,,
stoch_rsi,XRP-USDT,4h,11.0,25.0,85.0,33.07,4.443,-6.39,61.7,1.98,107,1.0,5.18,,,,,3.0,3.0,,,,,,,,
stoch_rsi,XRP-USDT,4h,13.0,15.0,75.0,51.63,6.762,-3.21,60.7,2.83,112,1.0,16.06,,,,,3.0,3.0,,,,,,,,
stoch_rsi,XRP-USDT,4h,13.0,15.0,80.0,38.28,5.837,-3.21,59.6,2.45,104,1.0,11.91,,,,,3.0,3.0,,,,,,,,
stoch_rsi,XRP-USDT,4h,13.0,15.0,85.0,35.82,5.759,-3.21,59.2,2.43,98,1.0,11.14,,,,,3.0,3.0,,,,,,,,
stoch_rsi,XRP-USDT,4h,13.0,20.0,75.0,64.83,7.243,-3.69,62.4,2.98,125,1.0,17.59,,,,,3.0,3.0,,,,,,,,
stoch_rsi,XRP-USDT,4h,13.0,20.0,80.0,50.33,6.46,-3.55,61.5,2.64,117,1.0,14.17,,,,,3.0,3.0,,,,,,,,
stoch_rsi,XRP-USDT,4h,13.0,20.0,85.0,47.65,6.417,-3.55,61.3,2.63,111,1.0,13.41,,,,,3.0,3.0,,,,,,,,
stoch_rsi,XRP-USDT,4h,13.0,25.0,75.0,68.3,7.183,-3.69,61.1,2.98,131,1.0,18.53,,,,,3.0,3.0,,,,,,,,
stoch_rsi,XRP-USDT,4h,13.0,25.0,80.0,53.49,6.435,-3.55,60.2,2.65,123,1.0,15.06,,,,,3.0,3.0,,,,,,,,
stoch_rsi,XRP-USDT,4h,13.0,25.0,85.0,50.76,6.394,-3.55,59.8,2.64,117,1.0,14.29,,,,,3.0,3.0,,,,,,,,
stoch_rsi,XRP-USDT,4h,15.0,15.0,75.0,63.61,8.669,-2.15,65.7,3.76,105,1.0,29.55,,,,,3.0,3.0,,,,,,,,
stoch_rsi,XRP-USDT,4h,15.0,15.0,80.0,55.54,8.209,-2.15,64.3,3.52,98,1.0,25.8,,,,,3.0,3.0,,,,,,,,
stoch_rsi,XRP-USDT,4h,15.0,15.0,85.0,50.63,7.891,-2.15,63.0,3.34,92,1.0,23.52,,,,,3.0,3.0,,,,,,,,
stoch_rsi,XRP-USDT,4h,15.0,20.0,75.0,63.87,8.269,-2.23,63.7,3.54,113,1.0,28.6,,,,,3.0,3.0,,,,,,,,
stoch_rsi,XRP-USDT,4h,15.0,20.0,80.0,55.79,7.814,-2.23,62.3,3.31,106,1.0,24.98,,,,,3.0,3.0,,,,,,,,
stoch_rsi,XRP-USDT,4h,15.0,20.0,85.0,50.87,7.496,-2.23,61.0,3.15,100,1.0,22.78,,,,,3.0,3.0,,,,,,,,
stoch_rsi,XRP-USDT,4h,15.0,25.0,75.0,65.21,7.968,-2.26,63.2,3.31,117,1.0,28.9,,,,,3.0,3.0,,,,,,,,
stoch_rsi,XRP-USDT,4h,15.0,25.0,80.0,57.06,7.527,-2.26,61.8,3.1,110,1.0,25.29,,,,,3.0,3.0,,,,,,,,
stoch_rsi,XRP-USDT,4h,15.0,25.0,85.0,52.1,7.222,-2.26,60.6,2.96,104,1.0,23.09,,,,,3.0,3.0,,,,,,,,
stoch_rsi,XRP-USDT,4h,17.0,15.0,75.0,94.08,10.766,-2.55,69.9,5.48,103,1.0,36.92,,,,,3.0,3.0,,,,,,,,
stoch_rsi,XRP-USDT,4h,17.0,15.0,80.0,90.83,11.042,-2.55,70.7,5.96,99,1.0,35.65,,,,,3.0,3.0,,,,,,,,
stoch_rsi,XRP-USDT,4h,17.0,15.0,85.0,75.36,11.533,-1.46,71.6,6.73,88,1.0,51.78,,,,,3.0,3.0,,,,,,,,
stoch_rsi,XRP-USDT,4h,17.0,20.0,75.0,106.83,11.252,-2.55,70.9,5.89,110,1.0,41.93,,,,,3.0,3.0,,,,,,,,
stoch_rsi,XRP-USDT,4h,17.0,20.0,80.0,103.37,11.542,-2.55,71.7,6.42,106,1.0,40.57,,,,,3.0,3.0,,,,,,,,
stoch_rsi,XRP-USDT,4h,17.0,20.0,85.0,86.88,12.116,-1.46,72.6,7.33,95,1.0,59.69,,,,,3.0,3.0,,,,,,,,
stoch_rsi,XRP-USDT,4h,17.0,25.0,75.0,117.23,11.413,-2.55,70.7,6.04,116,1.0,46.01,,,,,3.0,3.0,,,,,,,,
stoch_rsi,XRP-USDT,4h,17.0,25.0,80.0,113.6,11.697,-2.55,71.4,6.57,112,1.0,44.58,,,,,3.0,3.0,,,,,,,,
stoch_rsi,XRP-USDT,4h,17.0,25.0,85.0,96.27,12.261,-1.46,72.3,7.48,101,1.0,66.15,,,,,3.0,3.0,,,,,,,,
stoch_rsi,XRP-USDT,4h,19.0,15.0,75.0,71.45,10.33,-2.48,71.0,5.27,93,1.0,28.86,,,,,3.0,3.0,,,,,,,,
stoch_rsi,XRP-USDT,4h,19.0,15.0,80.0,69.22,10.491,-2.48,71.3,5.29,87,1.0,27.96,,,,,3.0,3.0,,,,,,,,
stoch_rsi,XRP-USDT,4h,19.0,15.0,85.0,67.64,11.012,-1.86,72.8,5.81,81,1.0,36.43,,,,,3.0,3.0,,,,,,,,
stoch_rsi,XRP-USDT,4h,19.0,20.0,75.0,73.95,10.343,-2.48,71.1,5.34,97,1.0,29.87,,,,,3.0,3.0,,,,,,,,
stoch_rsi,XRP-USDT,4h,19.0,20.0,80.0,71.69,10.493,-2.48,71.4,5.36,91,1.0,28.95,,,,,3.0,3.0,,,,,,,,
stoch_rsi,XRP-USDT,4h,19.0,20.0,85.0,70.09,10.996,-1.86,72.9,5.88,85,1.0,37.75,,,,,3.0,3.0,,,,,,,,
stoch_rsi,XRP-USDT,4h,19.0,25.0,75.0,85.67,10.867,-2.48,71.6,5.71,102,1.0,34.6,,,,,3.0,3.0,,,,,,,,
stoch_rsi,XRP-USDT,4h,19.0,25.0,80.0,83.26,11.038,-2.48,71.9,5.74,96,1.0,33.63,,,,,3.0,3.0,,,,,,,,
stoch_rsi,XRP-USDT,4h,19.0,25.0,85.0,81.55,11.553,-1.27,73.3,6.29,90,1.0,64.39,,,,,3.0,3.0,,,,,,,,
stoch_rsi,XRP-USDT,4h,21.0,15.0,75.0,88.91,12.447,-1.94,79.6,11.48,93,1.0,45.9,,,,,3.0,3.0,,,,,,,,
stoch_rsi,XRP-USDT,4h,21.0,15.0,80.0,81.43,12.236,-1.94,79.3,11.56,87,1.0,42.04,,,,,3.0,3.0,,,,,,,,
stoch_rsi,XRP-USDT,4h,21.0,15.0,85.0,67.19,11.413,-1.94,78.5,10.53,79,1.0,34.69,,,,,3.0,3.0,,,,,,,,
stoch_rsi,XRP-USDT,4h,21.0,20.0,75.0,92.33,11.321,-1.94,74.3,8.23,105,1.0,47.67,,,,,3.0,3.0,,,,,,,,
stoch_rsi,XRP-USDT,4h,21.0,20.0,80.0,84.71,11.088,-1.94,73.7,8.12,99,1.0,43.74,,,,,3.0,3.0,,,,,,,,
stoch_rsi,XRP-USDT,4h,21.0,20.0,85.0,70.22,10.31,-1.94,72.5,7.35,91,1.0,36.25,,,,,3.0,3.0,,,,,,,,
stoch_rsi,XRP-USDT,4h,21.0,25.0,75.0,92.25,10.878,-1.94,74.5,7.39,110,1.0,47.63,,,,,3.0,3.0,,,,,,,,
stoch_rsi,XRP-USDT,4h,21.0,25.0,80.0,84.64,10.635,-1.94,74.0,7.25,104,1.0,43.7,,,,,3.0,3.0,,,,,,,,
stoch_rsi,XRP-USDT,4h,21.0,25.0,85.0,70.15,9.868,-1.94,72.9,6.56,96,1.0,36.22,,,,,3.0,3.0,,,,,,,,
kc_breakout,XRP-USDT,4h,15.0,,,574.91,20.608,0.0,100.0,999.0,61,2.4,0.0,,,,,,,1.5,,,,,,,
kc_breakout,XRP-USDT,4h,15.0,,,202.62,20.896,0.0,100.0,999.0,27,2.0,0.0,,,,,,,2.0,,,,,,,
kc_breakout,XRP-USDT,4h,15.0,,,83.2,25.303,0.0,100.0,999.0,12,1.7,0.0,,,,,,,2.5,,,,,,,
kc_breakout,XRP-USDT,4h,15.0,,,29.62,95.735,0.0,100.0,999.0,3,2.0,0.0,,,,,,,3.0,,,,,,,
kc_breakout,XRP-USDT,4h,17.0,,,606.72,20.666,0.0,100.0,999.0,62,2.9,0.0,,,,,,,1.5,,,,,,,
kc_breakout,XRP-USDT,4h,17.0,,,286.59,20.098,0.0,100.0,999.0,38,1.9,0.0,,,,,,,2.0,,,,,,,
kc_breakout,XRP-USDT,4h,17.0,,,111.12,22.23,0.0,100.0,999.0,17,1.7,0.0,,,,,,,2.5,,,,,,,
kc_breakout,XRP-USDT,4h,17.0,,,42.6,28.415,0.0,100.0,999.0,5,2.0,0.0,,,,,,,3.0,,,,,,,
kc_breakout,XRP-USDT,4h,19.0,,,648.57,20.383,0.0,100.0,999.0,71,2.9,0.0,,,,,,,1.5,,,,,,,
kc_breakout,XRP-USDT,4h,19.0,,,363.64,23.703,0.0,100.0,999.0,43,2.1,0.0,,,,,,,2.0,,,,,,,
kc_breakout,XRP-USDT,4h,19.0,,,121.7,20.833,0.0,100.0,999.0,16,2.2,0.0,,,,,,,2.5,,,,,,,
kc_breakout,XRP-USDT,4h,19.0,,,67.62,27.74,0.0,100.0,999.0,9,1.8,0.0,,,,,,,3.0,,,,,,,
kc_breakout,XRP-USDT,4h,21.0,,,693.79,21.141,0.0,100.0,999.0,68,3.4,0.0,,,,,,,1.5,,,,,,,
kc_breakout,XRP-USDT,4h,21.0,,,378.97,23.268,0.0,100.0,999.0,47,2.3,0.0,,,,,,,2.0,,,,,,,
kc_breakout,XRP-USDT,4h,21.0,,,150.62,20.006,0.0,100.0,999.0,21,2.1,0.0,,,,,,,2.5,,,,,,,
kc_breakout,XRP-USDT,4h,21.0,,,74.56,25.049,0.0,100.0,999.0,11,1.6,0.0,,,,,,,3.0,,,,,,,
kc_breakout,XRP-USDT,4h,23.0,,,668.62,18.629,0.0,100.0,999.0,64,3.9,0.0,,,,,,,1.5,,,,,,,
kc_breakout,XRP-USDT,4h,23.0,,,385.68,23.466,0.0,100.0,999.0,53,2.4,0.0,,,,,,,2.0,,,,,,,
kc_breakout,XRP-USDT,4h,23.0,,,171.22,22.443,0.0,100.0,999.0,25,2.2,0.0,,,,,,,2.5,,,,,,,
kc_breakout,XRP-USDT,4h,23.0,,,91.02,26.936,0.0,100.0,999.0,13,1.9,0.0,,,,,,,3.0,,,,,,,
kc_breakout,XRP-USDT,4h,25.0,,,641.14,18.493,0.0,100.0,999.0,63,4.0,0.0,,,,,,,1.5,,,,,,,
kc_breakout,XRP-USDT,4h,25.0,,,395.4,22.048,0.0,100.0,999.0,52,2.8,0.0,,,,,,,2.0,,,,,,,
kc_breakout,XRP-USDT,4h,25.0,,,200.53,23.105,0.0,100.0,999.0,28,2.2,0.0,,,,,,,2.5,,,,,,,
kc_breakout,XRP-USDT,4h,25.0,,,103.45,21.835,0.0,100.0,999.0,14,2.2,0.0,,,,,,,3.0,,,,,,,
rsi_adx_combo,XRP-USDT,4h,,,,46.88,3.205,-16.08,47.7,1.94,65,14.6,2.92,,,,,,,,14.0,25.0,65.0,14.0,20.0,,
rsi_adx_combo,XRP-USDT,4h,,,,29.94,2.077,-21.41,38.2,1.53,76,10.5,1.4,,,,,,,,14.0,25.0,65.0,14.0,25.0,,
rsi_adx_combo,XRP-USDT,4h,,,,59.0,3.765,-12.91,50.8,2.29,65,14.4,4.57,,,,,,,,14.0,25.0,70.0,14.0,20.0,,
rsi_adx_combo,XRP-USDT,4h,,,,43.2,2.896,-18.35,39.1,1.84,69,11.2,2.35,,,,,,,,14.0,25.0,70.0,14.0,25.0,,
rsi_adx_combo,XRP-USDT,4h,,,,62.69,4.092,-12.91,55.0,2.43,60,15.5,4.86,,,,,,,,14.0,25.0,75.0,14.0,20.0,,
rsi_adx_combo,XRP-USDT,4h,,,,53.49,3.687,-13.16,45.0,2.14,60,12.7,4.06,,,,,,,,14.0,25.0,75.0,14.0,25.0,,
rsi_adx_combo,XRP-USDT,4h,,,,44.65,3.039,-16.08,47.8,1.88,67,14.2,2.78,,,,,,,,14.0,30.0,65.0,14.0,20.0,,
rsi_adx_combo,XRP-USDT,4h,,,,28.57,1.953,-22.3,37.5,1.5,80,10.1,1.28,,,,,,,,14.0,30.0,65.0,14.0,25.0,,
rsi_adx_combo,XRP-USDT,4h,,,,56.57,3.589,-12.91,50.7,2.21,67,14.0,4.38,,,,,,,,14.0,30.0,70.0,14.0,20.0,,
rsi_adx_combo,XRP-USDT,4h,,,,41.68,2.737,-19.27,38.4,1.8,73,10.7,2.16,,,,,,,,14.0,30.0,70.0,14.0,25.0,,
rsi_adx_combo,XRP-USDT,4h,,,,60.21,3.9,-12.91,54.8,2.34,62,15.1,4.66,,,,,,,,14.0,30.0,75.0,14.0,20.0,,
rsi_adx_combo,XRP-USDT,4h,,,,51.87,3.482,-14.14,43.8,2.08,64,12.0,3.67,,,,,,,,14.0,30.0,75.0,14.0,25.0,,
rsi_adx_combo,XRP-USDT,4h,,,,39.5,2.652,-16.08,46.6,1.76,73,13.2,2.46,,,,,,,,14.0,35.0,65.0,14.0,20.0,,
rsi_adx_combo,XRP-USDT,4h,,,,17.61,1.292,-22.25,36.0,1.31,89,9.3,0.79,,,,,,,,14.0,35.0,65.0,14.0,25.0,,
rsi_adx_combo,XRP-USDT,4h,,,,51.01,3.179,-12.91,49.3,2.06,73,13.0,3.95,,,,,,,,14.0,35.0,70.0,14.0,20.0,,
rsi_adx_combo,XRP-USDT,4h,,,,29.61,1.978,-19.21,36.6,1.52,82,9.8,1.54,,,,,,,,14.0,35.0,70.0,14.0,25.0,,
rsi_adx_combo,XRP-USDT,4h,,,,54.51,3.453,-12.91,52.9,2.17,68,13.9,4.22,,,,,,,,14.0,35.0,75.0,14.0,20.0,,
rsi_adx_combo,XRP-USDT,4h,,,,38.93,2.594,-14.08,41.1,1.72,73,10.8,2.76,,,,,,,,14.0,35.0,75.0,14.0,25.0,,
rsi_vol_combo,XRP-USDT,4h,,,,-62.81,-17.211,-62.81,15.2,0.05,46,1.6,-1.0,,,,,,,,14.0,25.0,65.0,,,20.0,1.5
rsi_vol_combo,XRP-USDT,4h,,,,-53.78,-18.874,-53.78,7.1,0.03,28,1.5,-1.0,,,,,,,,14.0,25.0,65.0,,,20.0,2.0
rsi_vol_combo,XRP-USDT,4h,,,,-62.45,-18.607,-62.45,10.0,0.03,40,1.6,-1.0,,,,,,,,14.0,25.0,70.0,,,20.0,1.5
rsi_vol_combo,XRP-USDT,4h,,,,-52.47,-19.032,-52.47,7.7,0.03,26,1.5,-1.0,,,,,,,,14.0,25.0,70.0,,,20.0,2.0
rsi_vol_combo,XRP-USDT,4h,,,,-54.27,-18.329,-54.27,11.1,0.04,27,1.6,-1.0,,,,,,,,14.0,25.0,75.0,,,20.0,1.5
rsi_vol_combo,XRP-USDT,4h,,,,-44.98,-17.393,-44.98,10.5,0.04,19,1.6,-1.0,,,,,,,,14.0,25.0,75.0,,,20.0,2.0
rsi_vol_combo,XRP-USDT,4h,,,,-67.94,-17.28,-67.94,12.3,0.05,57,1.5,-1.0,,,,,,,,14.0,30.0,65.0,,,20.0,1.5
rsi_vol_combo,XRP-USDT,4h,,,,-57.13,-18.015,-57.13,8.8,0.04,34,1.4,-1.0,,,,,,,,14.0,30.0,65.0,,,20.0,2.0
rsi_vol_combo,XRP-USDT,4h,,,,-67.63,-18.272,-67.63,7.8,0.03,51,1.5,-1.0,,,,,,,,14.0,30.0,70.0,,,20.0,1.5
rsi_vol_combo,XRP-USDT,4h,,,,-55.91,-18.043,-55.91,9.4,0.04,32,1.4,-1.0,,,,,,,,14.0,30.0,70.0,,,20.0,2.0
rsi_vol_combo,XRP-USDT,4h,,,,-60.58,-17.469,-60.58,7.9,0.04,38,1.5,-1.0,,,,,,,,14.0,30.0,75.0,,,20.0,1.5
rsi_vol_combo,XRP-USDT,4h,,,,-48.97,-16.274,-48.97,12.0,0.05,25,1.5,-1.0,,,,,,,,14.0,30.0,75.0,,,20.0,2.0
rsi_vol_combo,XRP-USDT,4h,,,,-70.99,-17.243,-70.99,13.8,0.05,65,1.5,-1.0,,,,,,,,14.0,35.0,65.0,,,20.0,1.5
rsi_vol_combo,XRP-USDT,4h,,,,-57.84,-17.605,-57.84,11.1,0.04,36,1.4,-1.0,,,,,,,,14.0,35.0,65.0,,,20.0,2.0
rsi_vol_combo,XRP-USDT,4h,,,,-70.71,-18.034,-70.71,10.2,0.04,59,1.5,-1.0,,,,,,,,14.0,35.0,70.0,,,20.0,1.5
rsi_vol_combo,XRP-USDT,4h,,,,-56.64,-17.596,-56.64,11.8,0.04,34,1.4,-1.0,,,,,,,,14.0,35.0,70.0,,,20.0,2.0
rsi_vol_combo,XRP-USDT,4h,,,,-64.33,-17.075,-64.33,10.9,0.05,46,1.5,-1.0,,,,,,,,14.0,35.0,75.0,,,20.0,1.5
rsi_vol_combo,XRP-USDT,4h,,,,-49.81,-15.812,-49.81,14.8,0.05,27,1.4,-1.0,,,,,,,,14.0,35.0,75.0,,,20.0,2.0
rsi_reversion,ADA-USDT,1d,7.0,20.0,60.0,-100.0,-11.973,-100.0,14.6,0.04,137,3.3,-1.0,,,,,,,,,,,,,,
rsi_reversion,ADA-USDT,1d,7.0,20.0,65.0,-100.0,-12.192,-100.0,11.4,0.02,123,3.2,-1.0,,,,,,,,,,,,,,
rsi_reversion,ADA-USDT,1d,7.0,20.0,70.0,-100.0,-12.678,-100.0,8.2,0.01,110,3.2,-1.0,,,,,,,,,,,,,,
rsi_reversion,ADA-USDT,1d,7.0,20.0,75.0,-100.0,-13.723,-100.0,6.7,0.01,104,3.0,-1.0,,,,,,,,,,,,,,
rsi_reversion,ADA-USDT,1d,7.0,20.0,80.0,-99.98,-15.962,-99.98,12.2,0.02,98,2.7,-1.0,,,,,,,,,,,,,,
rsi_reversion,ADA-USDT,1d,7.0,25.0,60.0,-100.0,-11.929,-100.0,15.5,0.05,148,3.5,-1.0,,,,,,,,,,,,,,
rsi_reversion,ADA-USDT,1d,7.0,25.0,65.0,-100.0,-12.098,-100.0,12.7,0.03,134,3.4,-1.0,,,,,,,,,,,,,,
rsi_reversion,ADA-USDT,1d,7.0,25.0,70.0,-100.0,-12.531,-100.0,9.9,0.02,121,3.4,-1.0,,,,,,,,,,,,,,
rsi_reversion,ADA-USDT,1d,7.0,25.0,75.0,-100.0,-13.493,-100.0,8.7,0.02,115,3.2,-1.0,,,,,,,,,,,,,,
rsi_reversion,ADA-USDT,1d,7.0,25.0,80.0,-99.99,-15.479,-99.99,13.8,0.03,109,2.9,-1.0,,,,,,,,,,,,,,
rsi_reversion,ADA-USDT,1d,7.0,30.0,60.0,-100.0,-12.453,-100.0,15.4,0.05,156,3.8,-1.0,,,,,,,,,,,,,,
rsi_reversion,ADA-USDT,1d,7.0,30.0,65.0,-100.0,-12.59,-100.0,12.7,0.03,142,3.8,-1.0,,,,,,,,,,,,,,
rsi_reversion,ADA-USDT,1d,7.0,30.0,70.0,-100.0,-13.053,-100.0,10.1,0.02,129,3.8,-1.0,,,,,,,,,,,,,,
rsi_reversion,ADA-USDT,1d,7.0,30.0,75.0,-100.0,-14.068,-100.0,8.9,0.02,123,3.7,-1.0,,,,,,,,,,,,,,
rsi_reversion,ADA-USDT,1d,7.0,30.0,80.0,-100.0,-16.212,-100.0,13.7,0.02,117,3.5,-1.0,,,,,,,,,,,,,,
rsi_reversion,ADA-USDT,1d,7.0,35.0,60.0,-100.0,-12.249,-100.0,16.3,0.05,166,4.1,-1.0,,,,,,,,,,,,,,
rsi_reversion,ADA-USDT,1d,7.0,35.0,65.0,-100.0,-12.33,-100.0,13.8,0.03,152,4.1,-1.0,,,,,,,,,,,,,,
rsi_reversion,ADA-USDT,1d,7.0,35.0,70.0,-100.0,-12.735,-100.0,11.5,0.02,139,4.2,-1.0,,,,,,,,,,,,,,
rsi_reversion,ADA-USDT,1d,7.0,35.0,75.0,-100.0,-13.68,-100.0,10.5,0.02,133,4.0,-1.0,,,,,,,,,,,,,,
rsi_reversion,ADA-USDT,1d,7.0,35.0,80.0,-100.0,-15.689,-100.0,15.0,0.03,127,3.8,-1.0,,,,,,,,,,,,,,
rsi_reversion,ADA-USDT,1d,9.0,20.0,60.0,-100.06,-6.815,-109.61,12.5,0.03,96,4.0,-0.91,,,,,,,,,,,,,,
rsi_reversion,ADA-USDT,1d,9.0,20.0,65.0,-100.06,-7.211,-108.25,9.8,0.02,82,3.9,-0.92,,,,,,,,,,,,,,
rsi_reversion,ADA-USDT,1d,9.0,20.0,70.0,-100.02,-9.214,-103.05,11.4,0.02,79,3.4,-0.97,,,,,,,,,,,,,,
rsi_reversion,ADA-USDT,1d,9.0,20.0,75.0,-99.99,-11.887,-99.99,6.8,0.01,73,3.2,-1.0,,,,,,,,,,,,,,
rsi_reversion,ADA-USDT,1d,9.0,20.0,80.0,-99.8,-13.378,-99.8,6.3,0.01,63,3.0,-1.0,,,,,,,,,,,,,,
rsi_reversion,ADA-USDT,1d,9.0,25.0,60.0,-100.03,-6.799,-107.39,15.0,0.04,113,4.0,-0.93,,,,,,,,,,,,,,
rsi_reversion,ADA-USDT,1d,9.0,25.0,65.0,-100.03,-7.106,-106.34,13.1,0.03,99,3.9,-0.94,,,,,,,,,,,,,,
rsi_reversion,ADA-USDT,1d,9.0,25.0,70.0,-100.01,-9.048,-102.35,14.6,0.03,96,3.5,-0.98,,,,,,,,,,,,,,
rsi_reversion,ADA-USDT,1d,9.0,25.0,75.0,-100.0,-11.539,-100.0,11.1,0.03,90,3.4,-1.0,,,,,,,,,,,,,,
rsi_reversion,ADA-USDT,1d,9.0,25.0,80.0,-99.91,-12.988,-99.92,11.2,0.03,80,3.2,-1.0,,,,,,,,,,,,,,
rsi_reversion,ADA-USDT,1d,9.0,30.0,60.0,-100.01,-6.977,-105.46,12.6,0.03,127,4.3,-0.95,,,,,,,,,,,,,,
rsi_reversion,ADA-USDT,1d,9.0,30.0,65.0,-100.01,-7.242,-104.69,10.6,0.02,113,4.2,-0.96,,,,,,,,,,,,,,
rsi_reversion,ADA-USDT,1d,9.0,30.0,70.0,-100.0,-9.271,-101.73,11.8,0.02,110,3.9,-0.98,,,,,,,,,,,,,,
rsi_reversion,ADA-USDT,1d,9.0,30.0,75.0,-100.0,-11.893,-100.0,8.7,0.02,104,3.8,-1.0,,,,,,,,,,,,,,
rsi_reversion,ADA-USDT,1d,9.0,30.0,80.0,-99.96,-13.771,-99.96,8.5,0.02,94,3.7,-1.0,,,,,,,,,,,,,,
rsi_reversion,ADA-USDT,1d,9.0,35.0,60.0,-100.01,-7.26,-103.64,11.3,0.03,133,4.7,-0.96,,,,,,,,,,,,,,
rsi_reversion,ADA-USDT,1d,9.0,35.0,65.0,-100.01,-7.525,-103.13,9.2,0.02,119,4.7,-0.97,,,,,,,,,,,,,,
rsi_reversion,ADA-USDT,1d,9.0,35.0,70.0,-100.0,-9.651,-101.14,10.3,0.02,116,4.4,-0.99,,,,,,,,,,,,,,
rsi_reversion,ADA-USDT,1d,9.0,35.0,75.0,-100.0,-12.386,-100.0,7.3,0.02,110,4.3,-1.0,,,,,,,,,,,,,,
rsi_reversion,ADA-USDT,1d,9.0,35.0,80.0,-99.98,-14.449,-99.98,7.0,0.02,100,4.2,-1.0,,,,,,,,,,,,,,
rsi_reversion,ADA-USDT,1d,11.0,20.0,60.0,-100.12,-6.197,-112.16,13.5,0.02,89,3.9,-0.89,,,,,,,,,,,,,,
rsi_reversion,ADA-USDT,1d,11.0,20.0,65.0,-100.17,-7.115,-113.12,13.9,0.02,72,3.7,-0.89,,,,,,,,,,,,,,
rsi_reversion,ADA-USDT,1d,11.0,20.0,70.0,-100.23,-7.179,-114.27,14.3,0.01,63,3.6,-0.88,,,,,,,,,,,,,,
rsi_reversion,ADA-USDT,1d,11.0,20.0,75.0,-100.46,-8.918,-105.51,16.7,0.02,54,3.4,-0.95,,,,,,,,,,,,,,
rsi_reversion,ADA-USDT,1d,11.0,20.0,80.0,-99.13,-13.952,-99.13,17.8,0.03,45,3.3,-1.0,,,,,,,,,,,,,,
rsi_reversion,ADA-USDT,1d,11.0,25.0,60.0,-100.04,-6.447,-105.79,9.5,0.02,105,3.8,-0.95,,,,,,,,,,,,,,
rsi_reversion,ADA-USDT,1d,11.0,25.0,65.0,-100.05,-7.338,-106.24,9.1,0.01,88,3.6,-0.94,,,,,,,,,,,,,,
rsi_reversion,ADA-USDT,1d,11.0,25.0,70.0,-100.07,-7.351,-106.79,8.9,0.01,79,3.5,-0.94,,,,,,,,,,,,,,
rsi_reversion,ADA-USDT,1d,11.0,25.0,75.0,-100.14,-9.486,-102.62,10.0,0.01,70,3.3,-0.98,,,,,,,,,,,,,,
rsi_reversion,ADA-USDT,1d,11.0,25.0,80.0,-99.73,-14.803,-99.73,9.8,0.01,61,3.2,-1.0,,,,,,,,,,,,,,
rsi_reversion,ADA-USDT,1d,11.0,30.0,60.0,-100.02,-6.408,-105.47,12.7,0.03,118,4.1,-0.95,,,,,,,,,,,,,,
rsi_reversion,ADA-USDT,1d,11.0,30.0,65.0,-100.03,-7.232,-105.89,12.9,0.02,101,3.9,-0.94,,,,,,,,,,,,,,
rsi_reversion,ADA-USDT,1d,11.0,30.0,70.0,-100.04,-7.206,-106.41,13.0,0.02,92,3.9,-0.94,,,,,,,,,,,,,,
rsi_reversion,ADA-USDT,1d,11.0,30.0,75.0,-100.07,-9.337,-102.47,14.5,0.03,83,3.8,-0.98,,,,,,,,,,,,,,
rsi_reversion,ADA-USDT,1d,11.0,30.0,80.0,-99.86,-14.118,-99.86,14.9,0.03,74,3.8,-1.0,,,,,,,,,,,,,,
rsi_reversion,ADA-USDT,1d,11.0,35.0,60.0,-100.01,-6.492,-104.4,14.3,0.03,126,4.7,-0.96,,,,,,,,,,,,,,
rsi_reversion,ADA-USDT,1d,11.0,35.0,65.0,-100.01,-7.302,-104.74,14.7,0.03,109,4.7,-0.95,,,,,,,,,,,,,,
rsi_reversion,ADA-USDT,1d,11.0,35.0,70.0,-100.02,-7.266,-105.16,15.0,0.02,100,4.7,-0.95,,,,,,,,,,,,,,
rsi_reversion,ADA-USDT,1d,11.0,35.0,75.0,-100.04,-9.431,-101.99,16.5,0.03,91,4.7,-0.98,,,,,,,,,,,,,,
rsi_reversion,ADA-USDT,1d,11.0,35.0,80.0,-99.92,-13.841,-99.92,17.1,0.04,82,4.7,-1.0,,,,,,,,,,,,,,
rsi_reversion,ADA-USDT,1d,13.0,20.0,60.0,-100.13,-7.176,-108.48,15.7,0.02,70,4.4,-0.92,,,,,,,,,,,,,,
rsi_reversion,ADA-USDT,1d,13.0,20.0,65.0,-100.27,-7.758,-109.08,11.3,0.02,53,4.5,-0.92,,,,,,,,,,,,,,
rsi_reversion,ADA-USDT,1d,13.0,20.0,70.0,-100.58,-7.446,-115.94,14.3,0.02,49,3.6,-0.87,,,,,,,,,,,,,,
rsi_reversion,ADA-USDT,1d,13.0,20.0,75.0,-102.86,-7.801,-114.0,10.8,0.01,37,3.8,-0.9,,,,,,,,,,,,,,
rsi_reversion,ADA-USDT,1d,13.0,20.0,80.0,-99.31,-13.353,-99.31,9.4,0.01,32,3.3,-1.0,,,,,,,,,,,,,,
rsi_reversion,ADA-USDT,1d,13.0,25.0,60.0,-100.05,-7.101,-105.85,21.2,0.03,85,4.2,-0.95,,,,,,,,,,,,,,
rsi_reversion,ADA-USDT,1d,13.0,25.0,65.0,-100.12,-7.505,-106.27,19.1,0.03,68,4.2,-0.94,,,,,,,,,,,,,,
rsi_reversion,ADA-USDT,1d,13.0,25.0,70.0,-100.25,-7.211,-111.0,21.9,0.03,64,3.5,-0.9,,,,,,,,,,,,,,
rsi_reversion,ADA-USDT,1d,13.0,25.0,75.0,-101.25,-7.515,-109.66,21.2,0.02,52,3.6,-0.92,,,,,,,,,,,,,,
rsi_reversion,ADA-USDT,1d,13.0,25.0,80.0,-99.7,-12.577,-99.7,21.3,0.03,47,3.3,-1.0,,,,,,,,,,,,,,
rsi_reversion,ADA-USDT,1d,13.0,30.0,60.0,-100.03,-6.846,-105.44,20.2,0.04,104,4.2,-0.95,,,,,,,,,,,,,,
rsi_reversion,ADA-USDT,1d,13.0,30.0,65.0,-100.06,-7.098,-105.83,18.4,0.04,87,4.2,-0.95,,,,,,,,,,,,,,
rsi_reversion,ADA-USDT,1d,13.0,30.0,70.0,-100.12,-6.822,-110.23,20.5,0.04,83,3.7,-0.91,,,,,,,,,,,,,,
rsi_reversion,ADA-USDT,1d,13.0,30.0,75.0,-100.61,-7.07,-108.99,19.7,0.04,71,3.8,-0.92,,,,,,,,,,,,,,
rsi_reversion,ADA-USDT,1d,13.0,30.0,80.0,-99.85,-11.5,-99.86,19.7,0.05,66,3.6,-1.0,,,,,,,,,,,,,,
rsi_reversion,ADA-USDT,1d,13.0,35.0,60.0,-100.02,-6.82,-104.33,20.2,0.04,114,4.7,-0.96,,,,,,,,,,,,,,
rsi_reversion,ADA-USDT,1d,13.0,35.0,65.0,-100.04,-7.027,-104.64,18.6,0.04,97,4.8,-0.96,,,,,,,,,,,,,,
rsi_reversion,ADA-USDT,1d,13.0,35.0,70.0,-100.08,-6.765,-108.15,20.4,0.04,93,4.3,-0.93,,,,,,,,,,,,,,
rsi_reversion,ADA-USDT,1d,13.0,35.0,75.0,-100.39,-7.033,-107.16,19.8,0.05,81,4.5,-0.94,,,,,,,,,,,,,,
rsi_reversion,ADA-USDT,1d,13.0,35.0,80.0,-99.91,-11.412,-99.91,19.7,0.05,76,4.4,-1.0,,,,,,,,,,,,,,
rsi_reversion,ADA-USDT,1d,15.0,20.0,60.0,-100.15,-8.246,-109.01,14.5,0.02,55,5.1,-0.92,,,,,,,,,,,,,,
rsi_reversion,ADA-USDT,1d,15.0,20.0,65.0,-100.33,-8.789,-109.6,6.5,0.01,46,4.5,-0.92,,,,,,,,,,,,,,
rsi_reversion,ADA-USDT,1d,15.0,20.0,70.0,-101.09,-7.969,-117.65,15.4,0.02,39,3.7,-0.86,,,,,,,,,,,,,,
rsi_reversion,ADA-USDT,1d,15.0,20.0,75.0,-101.2,-11.052,-105.57,7.7,0.01,26,4.2,-0.96,,,,,,,,,,,,,,
rsi_reversion,ADA-USDT,1d,15.0,20.0,80.0,-98.88,-15.054,-98.89,7.7,0.01,26,3.0,-1.0,,,,,,,,,,,,,,
rsi_reversion,ADA-USDT,1d,15.0,25.0,60.0,-100.1,-7.822,-108.24,16.7,0.03,66,4.9,-0.92,,,,,,,,,,,,,,
rsi_reversion,ADA-USDT,1d,15.0,25.0,65.0,-100.22,-8.25,-108.78,10.5,0.01,57,4.3,-0.92,,,,,,,,,,,,,,
rsi_reversion,ADA-USDT,1d,15.0,25.0,70.0,-100.74,-7.435,-116.15,18.0,0.03,50,3.7,-0.87,,,,,,,,,,,,,,
rsi_reversion,ADA-USDT,1d,15.0,25.0,75.0,-100.82,-9.839,-105.1,13.5,0.02,37,4.0,-0.96,,,,,,,,,,,,,,
rsi_reversion,ADA-USDT,1d,15.0,25.0,80.0,-99.24,-13.257,-99.24,13.5,0.02,37,3.2,-1.0,,,,,,,,,,,,,,
rsi_reversion,ADA-USDT,1d,15.0,30.0,60.0,-100.03,-7.575,-106.1,16.3,0.03,86,4.6,-0.94,,,,,,,,,,,,,,
rsi_reversion,ADA-USDT,1d,15.0,30.0,65.0,-100.08,-7.96,-106.5,11.7,0.02,77,4.1,-0.94,,,,,,,,,,,,,,
rsi_reversion,ADA-USDT,1d,15.0,30.0,70.0,-100.25,-7.209,-111.96,17.1,0.03,70,3.6,-0.9,,,,,,,,,,,,,,
rsi_reversion,ADA-USDT,1d,15.0,30.0,75.0,-100.28,-9.338,-103.78,14.0,0.03,57,3.8,-0.97,,,,,,,,,,,,,,
rsi_reversion,ADA-USDT,1d,15.0,30.0,80.0,-99.74,-12.39,-99.74,14.0,0.03,57,3.3,-1.0,,,,,,,,,,,,,,
rsi_reversion,ADA-USDT,1d,15.0,35.0,60.0,-100.02,-7.573,-104.14,20.6,0.04,97,5.2,-0.96,,,,,,,,,,,,,,
rsi_reversion,ADA-USDT,1d,15.0,35.0,65.0,-100.04,-7.965,-104.41,17.0,0.03,88,4.9,-0.96,,,,,,,,,,,,,,
rsi_reversion,ADA-USDT,1d,15.0,35.0,70.0,-100.12,-7.251,-108.11,22.2,0.04,81,4.5,-0.93,,,,,,,,,,,,,,
rsi_reversion,ADA-USDT,1d,15.0,35.0,75.0,-100.14,-9.365,-102.56,20.6,0.04,68,4.9,-0.98,,,,,,,,,,,,,,
rsi_reversion,ADA-USDT,1d,15.0,35.0,80.0,-99.87,-12.298,-99.88,20.6,0.05,68,4.4,-1.0,,,,,,,,,,,,,,
rsi_reversion,ADA-USDT,1d,17.0,20.0,60.0,-100.43,-7.424,-111.86,18.0,0.02,50,5.2,-0.9,,,,,,,,,,,,,,
rsi_reversion,ADA-USDT,1d,17.0,20.0,65.0,-100.7,-9.314,-113.95,8.8,0.01,34,5.6,-0.88,,,,,,,,,,,,,,
rsi_reversion,ADA-USDT,1d,17.0,20.0,70.0,-105.07,-8.439,-114.42,14.3,0.01,28,4.5,-0.92,,,,,,,,,,,,,,
rsi_reversion,ADA-USDT,1d,17.0,20.0,75.0,-108.44,-9.72,-118.19,5.9,0.0,17,5.6,-0.92,,,,,,,,,,,,,,
rsi_reversion,ADA-USDT,1d,17.0,20.0,80.0,-97.58,-16.141,-97.58,11.8,0.01,17,3.9,-1.0,,,,,,,,,,,,,,
rsi_reversion,ADA-USDT,1d,17.0,25.0,60.0,-100.2,-7.584,-108.34,17.2,0.02,58,5.1,-0.92,,,,,,,,,,,,,,
rsi_reversion,ADA-USDT,1d,17.0,25.0,65.0,-100.33,-9.32,-109.81,9.5,0.01,42,5.3,-0.91,,,,,,,,,,,,,,
rsi_reversion,ADA-USDT,1d,17.0,25.0,70.0,-102.37,-8.696,-110.14,13.9,0.01,36,4.5,-0.93,,,,,,,,,,,,,,
rsi_reversion,ADA-USDT,1d,17.0,25.0,75.0,-103.95,-9.477,-112.79,8.0,0.01,25,5.2,-0.92,,,,,,,,,,,,,,
rsi_reversion,ADA-USDT,1d,17.0,25.0,80.0,-98.87,-15.885,-98.87,12.0,0.01,25,4.1,-1.0,,,,,,,,,,,,,,
rsi_reversion,ADA-USDT,1d,17.0,30.0,60.0,-100.1,-6.813,-106.42,17.1,0.05,82,4.3,-0.94,,,,,,,,,,,,,,
rsi_reversion,ADA-USDT,1d,17.0,30.0,65.0,-100.16,-7.908,-107.55,12.1,0.04,66,4.3,-0.93,,,,,,,,,,,,,,
rsi_reversion,ADA-USDT,1d,17.0,30.0,70.0,-101.14,-7.42,-107.81,15.0,0.06,60,3.7,-0.94,,,,,,,,,,,,,,
rsi_reversion,ADA-USDT,1d,17.0,30.0,75.0,-101.89,-7.461,-109.85,12.2,0.06,49,3.9,-0.93,,,,,,,,,,,,,,
rsi_reversion,ADA-USDT,1d,17.0,30.0,80.0,-99.46,-11.641,-99.49,14.3,0.07,49,3.3,-1.0,,,,,,,,,,,,,,
rsi_reversion,ADA-USDT,1d,17.0,35.0,60.0,-100.03,-7.004,-104.99,18.4,0.04,98,4.8,-0.95,,,,,,,,,,,,,,
rsi_reversion,ADA-USDT,1d,17.0,35.0,65.0,-100.05,-8.069,-105.86,14.6,0.03,82,4.8,-0.95,,,,,,,,,,,,,,
rsi_reversion,ADA-USDT,1d,17.0,35.0,70.0,-100.37,-7.815,-106.06,17.1,0.04,76,4.4,-0.95,,,,,,,,,,,,,,
rsi_reversion,ADA-USDT,1d,17.0,35.0,75.0,-100.61,-7.785,-107.65,15.4,0.04,65,4.7,-0.93,,,,,,,,,,,,,,
rsi_reversion,ADA-USDT,1d,17.0,35.0,80.0,-99.83,-12.262,-99.84,16.9,0.05,65,4.2,-1.0,,,,,,,,,,,,,,
rsi_reversion,ADA-USDT,1d,19.0,20.0,60.0,-100.5,-8.924,-108.36,10.3,0.02,39,6.1,-0.93,,,,,,,,,,,,,,
rsi_reversion,ADA-USDT,1d,19.0,20.0,65.0,-100.83,-9.986,-112.18,10.7,0.01,28,6.1,-0.9,,,,,,,,,,,,,,
rsi_reversion,ADA-USDT,1d,19.0,20.0,70.0,-105.64,-9.28,-118.06,4.3,0.0,23,5.2,-0.89,,,,,,,,,,,,,,
rsi_reversion,ADA-USDT,1d,19.0,20.0,75.0,-105.23,-11.407,-112.08,0.0,0.0,15,6.1,-0.94,,,,,,,,,,,,,,
rsi_reversion,ADA-USDT,1d,19.0,20.0,80.0,-92.29,-20.849,-92.29,0.0,0.0,17,3.2,-1.0,,,,,,,,,,,,,,
rsi_reversion,ADA-USDT,1d,19.0,25.0,60.0,-100.32,-8.885,-106.2,11.1,0.02,45,5.8,-0.94,,,,,,,,,,,,,,
rsi_reversion,ADA-USDT,1d,19.0,25.0,65.0,-100.53,-9.667,-109.03,11.8,0.01,34,5.7,-0.92,,,,,,,,,,,,,,
rsi_reversion,ADA-USDT,1d,19.0,25.0,70.0,-103.62,-9.111,-113.39,6.9,0.01,29,4.9,-0.91,,,,,,,,,,,,,,
rsi_reversion,ADA-USDT,1d,19.0,25.0,75.0,-103.36,-10.751,-108.95,4.8,0.01,21,5.4,-0.95,,,,,,,,,,,,,,
rsi_reversion,ADA-USDT,1d,19.0,25.0,80.0,-95.04,-20.337,-95.04,4.3,0.01,23,3.3,-1.0,,,,,,,,,,,,,,
rsi_reversion,ADA-USDT,1d,19.0,30.0,60.0,-100.1,-8.622,-104.61,9.5,0.02,63,5.1,-0.96,,,,,,,,,,,,,,
rsi_reversion,ADA-USDT,1d,19.0,30.0,65.0,-100.17,-8.954,-106.72,9.6,0.01,52,4.9,-0.94,,,,,,,,,,,,,,
rsi_reversion,ADA-USDT,1d,19.0,30.0,70.0,-101.12,-8.677,-109.96,6.4,0.0,47,4.3,-0.92,,,,,,,,,,,,,,
rsi_reversion,ADA-USDT,1d,19.0,30.0,75.0,-101.04,-9.758,-106.66,5.1,0.0,39,4.5,-0.95,,,,,,,,,,,,,,
rsi_reversion,ADA-USDT,1d,19.0,30.0,80.0,-98.46,-17.344,-98.46,4.9,0.0,41,3.3,-1.0,,,,,,,,,,,,,,
rsi_reversion,ADA-USDT,1d,19.0,35.0,60.0,-100.03,-8.872,-103.12,10.3,0.03,78,5.5,-0.97,,,,,,,,,,,,,,
rsi_reversion,ADA-USDT,1d,19.0,35.0,65.0,-100.05,-9.051,-104.55,10.4,0.02,67,5.4,-0.96,,,,,,,,,,,,,,
rsi_reversion,ADA-USDT,1d,19.0,35.0,70.0,-100.33,-9.033,-106.75,8.1,0.01,62,5.0,-0.94,,,,,,,,,,,,,,
rsi_reversion,ADA-USDT,1d,19.0,35.0,75.0,-100.31,-10.121,-104.51,7.4,0.02,54,5.3,-0.96,,,,,,,,,,,,,,
rsi_reversion,ADA-USDT,1d,19.0,35.0,80.0,-99.55,-17.793,-99.55,7.1,0.02,56,4.4,-1.0,,,,,,,,,,,,,,
rsi_reversion,ADA-USDT,1d,21.0,20.0,60.0,-101.11,-8.328,-113.66,18.8,0.03,32,6.9,-0.89,,,,,,,,,,,,,,
rsi_reversion,ADA-USDT,1d,21.0,20.0,65.0,-101.56,-11.175,-115.89,5.3,0.0,19,8.3,-0.88,,,,,,,,,,,,,,
rsi_reversion,ADA-USDT,1d,21.0,20.0,70.0,-101.72,-12.382,-114.99,0.0,0.0,17,7.1,-0.88,,,,,,,,,,,,,,
rsi_reversion,ADA-USDT,1d,21.0,20.0,75.0,-100.93,-15.424,-102.24,0.0,0.0,14,5.6,-0.99,,,,,,,,,,,,,,
rsi_reversion,ADA-USDT,1d,21.0,20.0,80.0,-92.86,-21.268,-92.86,8.3,0.01,12,4.6,-1.0,,,,,,,,,,,,,,
rsi_reversion,ADA-USDT,1d,21.0,25.0,60.0,-100.64,-8.27,-111.08,15.4,0.02,39,6.2,-0.91,,,,,,,,,,,,,,
rsi_reversion,ADA-USDT,1d,21.0,25.0,65.0,-100.9,-10.423,-112.88,3.8,0.0,26,6.8,-0.89,,,,,,,,,,,,,,
rsi_reversion,ADA-USDT,1d,21.0,25.0,70.0,-100.98,-11.424,-112.15,0.0,0.0,24,5.8,-0.9,,,,,,,,,,,,,,
rsi_reversion,ADA-USDT,1d,21.0,25.0,75.0,-100.53,-14.331,-101.81,0.0,0.0,21,4.7,-0.99,,,,,,,,,,,,,,
rsi_reversion,ADA-USDT,1d,21.0,25.0,80.0,-95.91,-20.069,-95.91,5.3,0.0,19,3.9,-1.0,,,,,,,,,,,,,,
rsi_reversion,ADA-USDT,1d,21.0,30.0,60.0,-100.23,-7.704,-108.87,15.8,0.03,57,5.3,-0.92,,,,,,,,,,,,,,
rsi_reversion,ADA-USDT,1d,21.0,30.0,65.0,-100.33,-8.946,-110.6,9.1,0.01,44,5.4,-0.91,,,,,,,,,,,,,,
rsi_reversion,ADA-USDT,1d,21.0,30.0,70.0,-100.36,-9.661,-110.0,7.1,0.01,42,4.8,-0.91,,,,,,,,,,,,,,
rsi_reversion,ADA-USDT,1d,21.0,30.0,75.0,-100.2,-11.916,-101.51,7.7,0.02,39,4.1,-0.99,,,,,,,,,,,,,,
rsi_reversion,ADA-USDT,1d,21.0,30.0,80.0,-98.5,-15.478,-98.5,10.8,0.02,37,3.6,-1.0,,,,,,,,,,,,,,
rsi_reversion,ADA-USDT,1d,21.0,35.0,60.0,-100.09,-7.595,-105.35,22.2,0.04,72,5.6,-0.95,,,,,,,,,,,,,,
rsi_reversion,ADA-USDT,1d,21.0,35.0,65.0,-100.12,-8.574,-106.22,18.6,0.03,59,5.8,-0.94,,,,,,,,,,,,,,
rsi_reversion,ADA-USDT,1d,21.0,35.0,70.0,-100.14,-9.242,-105.87,17.5,0.03,57,5.3,-0.95,,,,,,,,,,,,,,
rsi_reversion,ADA-USDT,1d,21.0,35.0,75.0,-100.07,-11.42,-100.88,18.5,0.03,54,4.9,-0.99,,,,,,,,,,,,,,
rsi_reversion,ADA-USDT,1d,21.0,35.0,80.0,-99.43,-14.407,-99.43,21.2,0.04,52,4.6,-1.0,,,,,,,,,,,,,,
macd_crossover,ADA-USDT,1d,,,,10697.69,10.796,-3.5,90.5,41.65,126,1.0,3056.35,6.0,20.0,5.0,,,,,,,,,,,
macd_crossover,ADA-USDT,1d,,,,5746.02,9.683,-5.33,85.8,22.18,120,1.0,1077.83,6.0,20.0,7.0,,,,,,,,,,,
macd_crossover,ADA-USDT,1d,,,,3857.57,9.498,-3.49,84.9,20.74,106,1.0,1105.9,6.0,20.0,9.0,,,,,,,,,,,
macd_crossover,ADA-USDT,1d,,,,2749.75,9.479,-4.12,87.0,22.73,92,1.0,666.72,6.0,20.0,11.0,,,,,,,,,,,
macd_crossover,ADA-USDT,1d,,,,9701.65,10.598,-3.5,90.5,38.66,126,1.0,2771.77,6.0,23.0,5.0,,,,,,,,,,,
macd_crossover,ADA-USDT,1d,,,,6261.06,9.814,-3.5,83.6,23.93,122,1.0,1788.79,6.0,23.0,7.0,,,,,,,,,,,
macd_crossover,ADA-USDT,1d,,,,2898.69,9.228,-4.12,85.7,20.82,98,1.0,702.83,6.0,23.0,9.0,,,,,,,,,,,
macd_crossover,ADA-USDT,1d,,,,2645.93,9.304,-4.12,90.4,23.6,94,1.0,641.54,6.0,23.0,11.0,,,,,,,,,,,
macd_crossover,ADA-USDT,1d,,,,11291.61,10.977,-3.5,92.1,46.23,126,1.0,3226.03,6.0,26.0,5.0,,,,,,,,,,,
macd_crossover,ADA-USDT,1d,,,,5327.34,9.588,-3.49,83.9,20.97,118,1.0,1527.26,6.0,26.0,7.0,,,,,,,,,,,
macd_crossover,ADA-USDT,1d,,,,2885.32,9.367,-4.12,86.5,25.25,96,1.0,699.59,6.0,26.0,9.0,,,,,,,,,,,
macd_crossover,ADA-USDT,1d,,,,3168.19,9.697,-4.12,91.7,30.46,96,1.0,768.17,6.0,26.0,11.0,,,,,,,,,,,
macd_crossover,ADA-USDT,1d,,,,11321.14,10.803,-3.5,90.8,38.29,130,1.0,3234.46,6.0,29.0,5.0,,,,,,,,,,,
macd_crossover,ADA-USDT,1d,,,,4513.02,9.247,-4.54,83.6,16.11,116,1.0,994.03,6.0,29.0,7.0,,,,,,,,,,,
macd_crossover,ADA-USDT,1d,,,,2523.75,9.024,-4.12,86.5,16.93,96,1.0,611.92,6.0,29.0,9.0,,,,,,,,,,,
macd_crossover,ADA-USDT,1d,,,,2498.96,9.137,-4.12,89.6,25.03,96,1.0,605.91,6.0,29.0,11.0,,,,,,,,,,,
macd_crossover,ADA-USDT,1d,,,,11892.79,10.927,-3.5,91.5,43.53,130,1.0,3397.79,6.0,32.0,5.0,,,,,,,,,,,
macd_crossover,ADA-USDT,1d,,,,4474.71,9.605,-3.47,87.5,22.12,112,1.0,1289.86,6.0,32.0,7.0,,,,,,,,,,,
macd_crossover,ADA-USDT,1d,,,,2589.6,9.214,-4.82,90.6,22.5,96,1.0,537.19,6.0,32.0,9.0,,,,,,,,,,,
macd_crossover,ADA-USDT,1d,,,,2292.91,9.115,-2.21,90.3,30.3,93,1.0,1038.24,6.0,32.0,11.0,,,,,,,,,,,
macd_crossover,ADA-USDT,1d,,,,14073.0,11.23,-3.5,90.2,42.33,132,1.0,4020.67,6.0,35.0,5.0,,,,,,,,,,,
macd_crossover,ADA-USDT,1d,,,,3787.81,9.482,-3.47,88.0,26.3,108,1.0,1091.86,6.0,35.0,7.0,,,,,,,,,,,
macd_crossover,ADA-USDT,1d,,,,2843.99,9.047,-4.82,89.4,23.24,104,1.0,589.96,6.0,35.0,9.0,,,,,,,,,,,
macd_crossover,ADA-USDT,1d,,,,2216.8,9.133,-1.74,89.0,43.65,91,1.0,1277.59,6.0,35.0,11.0,,,,,,,,,,,
macd_crossover,ADA-USDT,1d,,,,8918.91,10.447,-5.33,89.5,27.54,124,1.0,1672.99,8.0,20.0,5.0,,,,,,,,,,,
macd_crossover,ADA-USDT,1d,,,,3375.75,9.117,-5.88,82.1,14.57,106,1.0,573.89,8.0,20.0,7.0,,,,,,,,,,,
macd_crossover,ADA-USDT,1d,,,,3389.72,9.841,-4.12,89.1,30.63,92,1.0,821.89,8.0,20.0,9.0,,,,,,,,,,,
macd_crossover,ADA-USDT,1d,,,,2485.32,9.092,-3.68,90.2,30.35,92,1.0,675.0,8.0,20.0,11.0,,,,,,,,,,,
macd_crossover,ADA-USDT,1d,,,,6314.11,9.738,-3.5,84.7,24.21,124,1.0,1803.95,8.0,23.0,5.0,,,,,,,,,,,
macd_crossover,ADA-USDT,1d,,,,2898.69,9.228,-4.12,85.7,20.82,98,1.0,702.83,8.0,23.0,7.0,,,,,,,,,,,
macd_crossover,ADA-USDT,1d,,,,2642.76,9.267,-4.12,88.9,22.09,90,1.0,640.77,8.0,23.0,9.0,,,,,,,,,,,
macd_crossover,ADA-USDT,1d,,,,2165.97,8.938,-2.9,88.6,31.78,88,1.0,747.59,8.0,23.0,11.0,,,,,,,,,,,
macd_crossover,ADA-USDT,1d,,,,5717.62,9.855,-1.96,87.3,35.81,118,1.0,2920.72,8.0,26.0,5.0,,,,,,,,,,,
macd_crossover,ADA-USDT,1d,,,,2604.03,9.217,-4.12,86.2,21.51,94,1.0,631.38,8.0,26.0,7.0,,,,,,,,,,,
macd_crossover,ADA-USDT,1d,,,,2958.63,9.79,-1.74,93.2,66.73,88,1.0,1705.13,8.0,26.0,9.0,,,,,,,,,,,
macd_crossover,ADA-USDT,1d,,,,1652.61,8.509,-2.9,88.1,31.07,84,1.0,570.4,8.0,26.0,11.0,,,,,,,,,,,
macd_crossover,ADA-USDT,1d,,,,5791.24,9.677,-4.54,85.0,19.53,120,1.0,1275.57,8.0,29.0,5.0,,,,,,,,,,,
macd_crossover,ADA-USDT,1d,,,,2428.42,8.916,-4.82,87.5,16.19,96,1.0,503.75,8.0,29.0,7.0,,,,,,,,,,,
macd_crossover,ADA-USDT,1d,,,,2548.42,9.339,-1.74,91.1,44.9,90,1.0,1468.72,8.0,29.0,9.0,,,,,,,,,,,
macd_crossover,ADA-USDT,1d,,,,2175.19,9.428,-2.52,91.4,51.49,81,1.0,861.64,8.0,29.0,11.0,,,,,,,,,,,
macd_crossover,ADA-USDT,1d,,,,6654.67,10.174,-3.0,88.1,27.84,118,1.0,2215.77,8.0,32.0,5.0,,,,,,,,,,,
macd_crossover,ADA-USDT,1d,,,,2630.87,9.258,-4.82,90.6,22.51,96,1.0,545.75,8.0,32.0,7.0,,,,,,,,,,,
macd_crossover,ADA-USDT,1d,,,,2248.92,9.307,-2.21,92.1,44.46,89,1.0,1018.32,8.0,32.0,9.0,,,,,,,,,,,
macd_crossover,ADA-USDT,1d,,,,1883.44,8.998,-2.52,90.1,33.62,81,1.0,746.07,8.0,32.0,11.0,,,,,,,,,,,
macd_crossover,ADA-USDT,1d,,,,5063.42,10.008,-2.52,89.3,34.3,112,1.0,2013.09,8.0,35.0,5.0,,,,,,,,,,,
macd_crossover,ADA-USDT,1d,,,,2578.64,9.106,-4.12,89.8,24.7,98,1.0,625.23,8.0,35.0,7.0,,,,,,,,,,,
macd_crossover,ADA-USDT,1d,,,,1967.95,9.385,-2.21,93.8,53.18,81,1.0,891.1,8.0,35.0,9.0,,,,,,,,,,,
macd_crossover,ADA-USDT,1d,,,,1873.51,9.136,-2.36,91.6,51.73,83,1.0,793.35,8.0,35.0,11.0,,,,,,,,,,,
macd_crossover,ADA-USDT,1d,,,,5636.36,9.846,-3.47,86.2,23.93,116,1.0,1624.71,10.0,20.0,5.0,,,,,,,,,,,
macd_crossover,ADA-USDT,1d,,,,3134.14,9.582,-4.12,87.0,22.64,92,1.0,759.92,10.0,20.0,7.0,,,,,,,,,,,
macd_crossover,ADA-USDT,1d,,,,2570.28,9.191,-2.9,88.0,36.89,92,1.0,887.14,10.0,20.0,9.0,,,,,,,,,,,
macd_crossover,ADA-USDT,1d,,,,2132.65,8.839,-3.61,86.7,27.83,90,1.0,591.51,10.0,20.0,11.0,,,,,,,,,,,
macd_crossover,ADA-USDT,1d,,,,3215.04,9.015,-5.18,84.0,15.59,106,1.0,621.1,10.0,23.0,5.0,,,,,,,,,,,
macd_crossover,ADA-USDT,1d,,,,2944.17,9.437,-4.12,89.1,22.72,92,1.0,713.86,10.0,23.0,7.0,,,,,,,,,,,
macd_crossover,ADA-USDT,1d,,,,2195.59,8.961,-2.9,86.4,31.38,88,1.0,757.81,10.0,23.0,9.0,,,,,,,,,,,
macd_crossover,ADA-USDT,1d,,,,2238.51,9.275,-2.9,88.1,34.07,84,1.0,772.63,10.0,23.0,11.0,,,,,,,,,,,
macd_crossover,ADA-USDT,1d,,,,4042.59,9.949,-1.69,89.2,38.95,102,1.0,2388.74,10.0,26.0,5.0,,,,,,,,,,,
macd_crossover,ADA-USDT,1d,,,,2794.38,9.316,-4.12,90.2,26.19,92,1.0,677.54,10.0,26.0,7.0,,,,,,,,,,,
macd_crossover,ADA-USDT,1d,,,,1461.14,8.304,-2.9,87.8,29.91,82,1.0,504.31,10.0,26.0,9.0,,,,,,,,,,,
macd_crossover,ADA-USDT,1d,,,,2147.77,9.505,-2.9,89.9,33.41,79,1.0,741.31,10.0,26.0,11.0,,,,,,,,,,,
macd_crossover,ADA-USDT,1d,,,,3166.62,9.423,-4.12,86.0,27.31,100,1.0,767.79,10.0,29.0,5.0,,,,,,,,,,,
macd_crossover,ADA-USDT,1d,,,,2011.64,8.943,-1.74,91.1,41.81,90,1.0,1159.36,10.0,29.0,7.0,,,,,,,,,,,
macd_crossover,ADA-USDT,1d,,,,1916.69,9.166,-2.9,89.9,35.03,79,1.0,661.55,10.0,29.0,9.0,,,,,,,,,,,
macd_crossover,ADA-USDT,1d,,,,2326.45,9.865,-2.9,89.6,37.42,77,1.0,802.98,10.0,29.0,11.0,,,,,,,,,,,
macd_crossover,ADA-USDT,1d,,,,3096.95,9.264,-4.12,87.3,22.06,102,1.0,750.9,10.0,32.0,5.0,,,,,,,,,,,
macd_crossover,ADA-USDT,1d,,,,2301.91,9.375,-2.21,92.1,44.75,89,1.0,1042.32,10.0,32.0,7.0,,,,,,,,,,,
macd_crossover,ADA-USDT,1d,,,,1883.44,8.998,-2.52,90.1,33.62,81,1.0,746.07,10.0,32.0,9.0,,,,,,,,,,,
macd_crossover,ADA-USDT,1d,,,,2093.87,9.325,-4.84,83.5,17.88,79,1.0,432.82,10.0,32.0,11.0,,,,,,,,,,,
macd_crossover,ADA-USDT,1d,,,,2644.17,8.839,-4.82,87.5,20.09,104,1.0,548.51,10.0,35.0,5.0,,,,,,,,,,,
macd_crossover,ADA-USDT,1d,,,,2151.1,9.516,-2.21,94.0,54.56,83,1.0,974.03,10.0,35.0,7.0,,,,,,,,,,,
macd_crossover,ADA-USDT,1d,,,,1802.9,9.008,-2.36,90.4,38.25,83,1.0,763.45,10.0,35.0,9.0,,,,,,,,,,,
macd_crossover,ADA-USDT,1d,,,,1741.84,9.291,-4.84,84.0,24.22,75,1.0,360.06,10.0,35.0,11.0,,,,,,,,,,,
macd_crossover,ADA-USDT,1d,,,,3517.5,9.512,-4.12,87.3,23.12,102,1.0,852.87,12.0,20.0,5.0,,,,,,,,,,,
macd_crossover,ADA-USDT,1d,,,,2709.66,9.295,-3.69,90.2,28.53,92,1.0,735.15,12.0,20.0,7.0,,,,,,,,,,,
macd_crossover,ADA-USDT,1d,,,,2043.47,8.658,-2.9,84.4,26.78,90,1.0,705.31,12.0,20.0,9.0,,,,,,,,,,,
macd_crossover,ADA-USDT,1d,,,,1926.64,9.232,-5.97,88.5,28.46,78,1.0,322.55,12.0,20.0,11.0,,,,,,,,,,,
macd_crossover,ADA-USDT,1d,,,,2892.34,9.396,-4.12,87.5,23.22,96,1.0,701.29,12.0,23.0,5.0,,,,,,,,,,,
macd_crossover,ADA-USDT,1d,,,,2586.68,9.453,-1.74,90.9,54.81,88,1.0,1490.76,12.0,23.0,7.0,,,,,,,,,,,
macd_crossover,ADA-USDT,1d,,,,2271.1,9.32,-2.9,89.3,34.34,84,1.0,783.87,12.0,23.0,9.0,,,,,,,,,,,
macd_crossover,ADA-USDT,1d,,,,2182.27,9.477,-5.97,87.3,21.05,79,1.0,365.35,12.0,23.0,11.0,,,,,,,,,,,
macd_crossover,ADA-USDT,1d,,,,2778.6,9.194,-4.12,88.8,18.38,98,1.0,673.71,12.0,26.0,5.0,,,,,,,,,,,
macd_crossover,ADA-USDT,1d,,,,2152.38,9.146,-1.74,91.9,58.15,86,1.0,1240.47,12.0,26.0,7.0,,,,,,,,,,,
macd_crossover,ADA-USDT,1d,,,,2044.99,9.351,-2.9,91.1,33.23,79,1.0,705.83,12.0,26.0,9.0,,,,,,,,,,,
macd_crossover,ADA-USDT,1d,,,,1702.75,8.977,-5.97,81.3,14.04,75,1.0,285.07,12.0,26.0,11.0,,,,,,,,,,,
macd_crossover,ADA-USDT,1d,,,,2942.81,9.466,-4.12,90.8,26.05,98,1.0,713.53,12.0,29.0,5.0,,,,,,,,,,,
macd_crossover,ADA-USDT,1d,,,,1803.28,8.88,-2.52,88.9,33.33,81,1.0,714.32,12.0,29.0,7.0,,,,,,,,,,,
macd_crossover,ADA-USDT,1d,,,,2091.9,9.274,-2.9,88.9,26.71,81,1.0,722.03,12.0,29.0,9.0,,,,,,,,,,,
macd_crossover,ADA-USDT,1d,,,,1284.43,8.449,-7.27,78.9,13.77,71,1.0,176.66,12.0,29.0,11.0,,,,,,,,,,,
macd_crossover,ADA-USDT,1d,,,,2503.25,9.03,-4.12,87.8,24.93,98,1.0,606.95,12.0,32.0,5.0,,,,,,,,,,,
macd_crossover,ADA-USDT,1d,,,,1937.14,9.086,-2.52,90.6,37.55,85,1.0,767.35,12.0,32.0,7.0,,,,,,,,,,,
macd_crossover,ADA-USDT,1d,,,,2175.28,9.452,-4.84,84.8,20.18,79,1.0,449.65,12.0,32.0,9.0,,,,,,,,,,,
macd_crossover,ADA-USDT,1d,,,,1464.8,8.806,-7.27,79.5,13.3,73,1.0,201.47,12.0,32.0,11.0,,,,,,,,,,,
macd_crossover,ADA-USDT,1d,,,,2224.49,8.88,-4.12,89.5,23.44,95,1.0,539.36,12.0,35.0,5.0,,,,,,,,,,,
macd_crossover,ADA-USDT,1d,,,,1869.42,9.119,-2.52,90.4,41.22,83,1.0,740.52,12.0,35.0,7.0,,,,,,,,,,,
macd_crossover,ADA-USDT,1d,,,,1997.34,9.36,-4.84,82.3,21.33,79,1.0,412.87,12.0,35.0,9.0,,,,,,,,,,,
macd_crossover,ADA-USDT,1d,,,,1200.07,8.305,-9.0,82.2,13.66,73,1.0,133.38,12.0,35.0,11.0,,,,,,,,,,,
macd_crossover,ADA-USDT,1d,,,,2577.97,9.244,-4.12,89.4,23.22,94,1.0,625.06,14.0,20.0,5.0,,,,,,,,,,,
macd_crossover,ADA-USDT,1d,,,,2116.96,8.887,-2.9,88.6,31.56,88,1.0,730.67,14.0,20.0,7.0,,,,,,,,,,,
macd_crossover,ADA-USDT,1d,,,,2109.06,9.233,-2.9,87.8,33.7,82,1.0,727.95,14.0,20.0,9.0,,,,,,,,,,,
macd_crossover,ADA-USDT,1d,,,,2204.96,9.868,-2.62,88.0,33.79,75,1.0,840.7,14.0,20.0,11.0,,,,,,,,,,,
macd_crossover,ADA-USDT,1d,,,,3160.63,9.462,-4.12,90.0,25.1,100,1.0,766.34,14.0,23.0,5.0,,,,,,,,,,,
macd_crossover,ADA-USDT,1d,,,,1647.1,8.516,-2.9,88.1,31.02,84,1.0,568.5,14.0,23.0,7.0,,,,,,,,,,,
macd_crossover,ADA-USDT,1d,,,,2036.62,9.472,-2.9,88.3,29.03,77,1.0,702.94,14.0,23.0,9.0,,,,,,,,,,,
macd_crossover,ADA-USDT,1d,,,,1840.12,9.597,-2.9,84.5,24.27,71,1.0,635.12,14.0,23.0,11.0,,,,,,,,,,,
macd_crossover,ADA-USDT,1d,,,,2517.76,9.157,-4.12,89.6,25.09,96,1.0,610.47,14.0,26.0,5.0,,,,,,,,,,,
macd_crossover,ADA-USDT,1d,,,,2211.38,9.474,-2.52,91.4,51.74,81,1.0,875.98,14.0,26.0,7.0,,,,,,,,,,,
macd_crossover,ADA-USDT,1d,,,,2051.22,9.254,-5.97,84.8,16.62,79,1.0,343.41,14.0,26.0,9.0,,,,,,,,,,,
macd_crossover,ADA-USDT,1d,,,,1562.72,8.911,-3.14,79.5,15.83,73,1.0,498.04,14.0,26.0,11.0,,,,,,,,,,,
macd_crossover,ADA-USDT,1d,,,,2208.26,9.101,-4.12,91.2,28.74,91,1.0,535.43,14.0,29.0,5.0,,,,,,,,,,,
macd_crossover,ADA-USDT,1d,,,,2070.39,9.283,-2.21,90.1,44.38,81,1.0,937.48,14.0,29.0,7.0,,,,,,,,,,,
macd_crossover,ADA-USDT,1d,,,,1445.88,8.82,-5.97,81.7,17.88,71,1.0,242.06,14.0,29.0,9.0,,,,,,,,,,,
macd_crossover,ADA-USDT,1d,,,,1697.89,9.454,-3.36,82.6,20.27,69,1.0,505.12,14.0,29.0,11.0,,,,,,,,,,,
macd_crossover,ADA-USDT,1d,,,,2174.33,9.27,-1.74,90.8,44.25,87,1.0,1253.12,14.0,32.0,5.0,,,,,,,,,,,
macd_crossover,ADA-USDT,1d,,,,2428.22,9.773,-2.36,92.9,72.59,85,1.0,1028.24,14.0,32.0,7.0,,,,,,,,,,,
macd_crossover,ADA-USDT,1d,,,,1496.13,8.885,-7.27,79.5,14.46,73,1.0,205.77,14.0,32.0,9.0,,,,,,,,,,,
macd_crossover,ADA-USDT,1d,,,,719.34,7.449,-7.88,77.8,9.39,63,1.0,91.28,14.0,32.0,11.0,,,,,,,,,,,
macd_crossover,ADA-USDT,1d,,,,2091.02,9.156,-1.85,92.0,37.69,87,1.0,1132.43,14.0,35.0,5.0,,,,,,,,,,,
macd_crossover,ADA-USDT,1d,,,,2232.28,9.294,-2.62,87.4,24.7,87,1.0,851.11,14.0,35.0,7.0,,,,,,,,,,,
macd_crossover,ADA-USDT,1d,,,,1308.52,8.439,-8.88,81.3,14.13,75,1.0,147.28,14.0,35.0,9.0,,,,,,,,,,,
macd_crossover,ADA-USDT,1d,,,,1081.79,8.383,-7.88,80.6,11.38,67,1.0,137.28,14.0,35.0,11.0,,,,,,,,,,,
bb_reversion,ADA-USDT,1d,15.0,,,-100.0,-17.91,-100.0,0.0,0.0,107,2.6,-1.0,,,,1.5,,,,,,,,,,
bb_reversion,ADA-USDT,1d,15.0,,,-99.99,-17.828,-99.99,0.0,0.0,63,1.7,-1.0,,,,2.0,,,,,,,,,,
bb_reversion,ADA-USDT,1d,15.0,,,-99.51,-17.806,-99.51,0.0,0.0,27,1.4,-1.0,,,,2.5,,,,,,,,,,
bb_reversion,ADA-USDT,1d,15.0,,,-85.62,-16.462,-85.62,0.0,0.0,6,1.0,-1.0,,,,3.0,,,,,,,,,,
bb_reversion,ADA-USDT,1d,17.0,,,-100.0,-19.536,-100.0,0.0,0.0,93,3.2,-1.0,,,,1.5,,,,,,,,,,
bb_reversion,ADA-USDT,1d,17.0,,,-100.0,-18.018,-100.0,0.0,0.0,69,1.7,-1.0,,,,2.0,,,,,,,,,,
bb_reversion,ADA-USDT,1d,17.0,,,-99.4,-17.762,-99.4,0.0,0.0,25,1.5,-1.0,,,,2.5,,,,,,,,,,
bb_reversion,ADA-USDT,1d,17.0,,,-91.27,-16.741,-91.27,0.0,0.0,10,1.1,-1.0,,,,3.0,,,,,,,,,,
bb_reversion,ADA-USDT,1d,19.0,,,-100.0,-17.856,-100.0,0.0,0.0,93,3.4,-1.0,,,,1.5,,,,,,,,,,
bb_reversion,ADA-USDT,1d,19.0,,,-100.0,-17.171,-100.0,0.0,0.0,69,1.8,-1.0,,,,2.0,,,,,,,,,,
bb_reversion,ADA-USDT,1d,19.0,,,-99.61,-15.961,-99.61,0.0,0.0,28,1.6,-1.0,,,,2.5,,,,,,,,,,
bb_reversion,ADA-USDT,1d,19.0,,,-94.91,-17.644,-94.91,0.0,0.0,8,1.4,-1.0,,,,3.0,,,,,,,,,,
bb_reversion,ADA-USDT,1d,21.0,,,-100.0,-14.97,-100.02,0.0,0.0,95,3.3,-1.0,,,,1.5,,,,,,,,,,
bb_reversion,ADA-USDT,1d,21.0,,,-99.99,-17.906,-99.99,0.0,0.0,62,2.1,-1.0,,,,2.0,,,,,,,,,,
bb_reversion,ADA-USDT,1d,21.0,,,-99.67,-16.41,-99.67,0.0,0.0,28,1.6,-1.0,,,,2.5,,,,,,,,,,
bb_reversion,ADA-USDT,1d,21.0,,,-96.21,-24.241,-96.21,0.0,0.0,7,1.9,-1.0,,,,3.0,,,,,,,,,,
bb_reversion,ADA-USDT,1d,23.0,,,-100.0,-11.565,-101.04,2.4,0.0,85,3.6,-0.99,,,,1.5,,,,,,,,,,
bb_reversion,ADA-USDT,1d,23.0,,,-99.99,-18.015,-99.99,0.0,0.0,63,2.1,-1.0,,,,2.0,,,,,,,,,,
bb_reversion,ADA-USDT,1d,23.0,,,-99.53,-16.445,-99.53,0.0,0.0,24,1.8,-1.0,,,,2.5,,,,,,,,,,
bb_reversion,ADA-USDT,1d,23.0,,,-96.25,-21.579,-96.25,0.0,0.0,8,1.6,-1.0,,,,3.0,,,,,,,,,,
bb_reversion,ADA-USDT,1d,25.0,,,-100.0,-11.551,-101.08,1.2,0.0,81,3.7,-0.99,,,,1.5,,,,,,,,,,
bb_reversion,ADA-USDT,1d,25.0,,,-99.99,-17.557,-99.99,0.0,0.0,57,2.3,-1.0,,,,2.0,,,,,,,,,,
bb_reversion,ADA-USDT,1d,25.0,,,-99.64,-16.043,-99.64,0.0,0.0,28,1.6,-1.0,,,,2.5,,,,,,,,,,
bb_reversion,ADA-USDT,1d,25.0,,,-97.08,-19.681,-97.08,0.0,0.0,9,1.7,-1.0,,,,3.0,,,,,,,,,,
ema_crossover,ADA-USDT,1d,,,,12897.83,7.675,-20.66,61.1,14.34,54,20.2,624.28,5.0,25.0,,,,,,,,,,,,
ema_crossover,ADA-USDT,1d,,,,6450.71,6.813,-16.38,57.1,9.12,56,19.5,393.74,5.0,30.0,,,,,,,,,,,,
ema_crossover,ADA-USDT,1d,,,,5365.98,6.616,-16.9,58.6,7.99,58,18.8,317.49,5.0,35.0,,,,,,,,,,,,
ema_crossover,ADA-USDT,1d,,,,6986.74,8.376,-15.95,65.9,12.68,44,24.8,438.17,5.0,40.0,,,,,,,,,,,,
ema_crossover,ADA-USDT,1d,,,,4411.04,8.301,-18.04,58.3,12.29,36,30.4,244.48,5.0,45.0,,,,,,,,,,,,
ema_crossover,ADA-USDT,1d,,,,3434.6,8.407,-15.27,64.7,11.56,34,32.1,224.96,5.0,50.0,,,,,,,,,,,,
ema_crossover,ADA-USDT,1d,,,,1966.21,5.952,-38.49,52.0,4.37,50,21.9,51.08,8.0,25.0,,,,,,,,,,,,
ema_crossover,ADA-USDT,1d,,,,916.64,4.997,-46.71,52.2,3.9,46,23.8,19.62,8.0,30.0,,,,,,,,,,,,
ema_crossover,ADA-USDT,1d,,,,1468.12,6.76,-20.25,55.6,5.28,36,30.4,72.51,8.0,35.0,,,,,,,,,,,,
ema_crossover,ADA-USDT,1d,,,,1605.58,7.067,-19.64,56.2,7.67,32,34.2,81.77,8.0,40.0,,,,,,,,,,,,
ema_crossover,ADA-USDT,1d,,,,2328.59,8.235,-8.5,63.3,11.95,30,36.4,273.79,8.0,45.0,,,,,,,,,,,,
ema_crossover,ADA-USDT,1d,,,,1841.05,8.386,-10.52,64.3,9.6,28,39.0,175.08,8.0,50.0,,,,,,,,,,,,
ema_crossover,ADA-USDT,1d,,,,574.54,4.753,-57.21,52.5,3.1,40,27.3,10.04,11.0,25.0,,,,,,,,,,,,
ema_crossover,ADA-USDT,1d,,,,1331.78,6.63,-40.69,55.9,5.27,34,32.1,32.73,11.0,30.0,,,,,,,,,,,,
ema_crossover,ADA-USDT,1d,,,,1799.67,8.224,-17.81,61.5,10.21,26,42.0,101.04,11.0,35.0,,,,,,,,,,,,
ema_crossover,ADA-USDT,1d,,,,1715.14,8.247,-24.02,53.8,8.99,26,42.0,71.4,11.0,40.0,,,,,,,,,,,,
ema_crossover,ADA-USDT,1d,,,,1302.87,7.924,-23.05,50.0,6.97,26,42.0,56.52,11.0,45.0,,,,,,,,,,,,
ema_crossover,ADA-USDT,1d,,,,1435.75,7.98,-14.42,62.5,8.23,24,45.5,99.54,11.0,50.0,,,,,,,,,,,,
ema_crossover,ADA-USDT,1d,,,,1133.64,6.567,-40.69,53.1,4.8,32,34.2,27.86,14.0,25.0,,,,,,,,,,,,
ema_crossover,ADA-USDT,1d,,,,969.88,6.722,-48.14,53.6,4.74,28,39.0,20.15,14.0,30.0,,,,,,,,,,,,
ema_crossover,ADA-USDT,1d,,,,1421.86,8.256,-25.29,54.2,7.8,24,45.5,56.21,14.0,35.0,,,,,,,,,,,,
ema_crossover,ADA-USDT,1d,,,,1153.63,8.427,-23.05,50.0,6.8,22,49.7,50.05,14.0,40.0,,,,,,,,,,,,
ema_crossover,ADA-USDT,1d,,,,1431.76,7.97,-18.82,58.3,7.62,24,45.5,76.07,14.0,45.0,,,,,,,,,,,,
ema_crossover,ADA-USDT,1d,,,,1010.82,7.998,-15.21,54.5,6.34,22,49.7,66.48,14.0,50.0,,,,,,,,,,,,
ema_crossover,ADA-USDT,1d,,,,935.98,6.344,-48.14,50.0,4.56,30,36.4,19.44,17.0,25.0,,,,,,,,,,,,
ema_crossover,ADA-USDT,1d,,,,1083.19,7.645,-44.69,54.2,5.36,24,45.5,24.24,17.0,30.0,,,,,,,,,,,,
ema_crossover,ADA-USDT,1d,,,,1043.96,8.163,-34.7,50.0,5.5,22,49.7,30.09,17.0,35.0,,,,,,,,,,,,
ema_crossover,ADA-USDT,1d,,,,2157.18,9.827,-10.2,65.0,15.0,20,54.6,211.47,17.0,40.0,,,,,,,,,,,,
ema_crossover,ADA-USDT,1d,,,,956.82,8.655,-26.21,65.0,6.24,20,54.6,36.5,17.0,45.0,,,,,,,,,,,,
ema_crossover,ADA-USDT,1d,,,,570.43,7.631,-24.51,55.0,4.38,20,54.6,23.27,17.0,50.0,,,,,,,,,,,,
ema_crossover,ADA-USDT,1d,,,,745.25,6.675,-54.06,50.0,4.3,26,42.0,13.78,20.0,25.0,,,,,,,,,,,,
ema_crossover,ADA-USDT,1d,,,,1243.48,8.078,-32.22,54.2,6.41,24,45.5,38.59,20.0,30.0,,,,,,,,,,,,
ema_crossover,ADA-USDT,1d,,,,2047.12,9.74,-10.2,65.0,13.78,20,54.6,200.68,20.0,35.0,,,,,,,,,,,,
ema_crossover,ADA-USDT,1d,,,,1017.7,8.831,-26.98,65.0,6.44,20,54.6,37.72,20.0,40.0,,,,,,,,,,,,
ema_crossover,ADA-USDT,1d,,,,499.62,7.281,-25.92,55.0,4.06,20,54.6,19.28,20.0,45.0,,,,,,,,,,,,
ema_crossover,ADA-USDT,1d,,,,552.57,8.534,-19.04,55.6,4.86,18,60.7,29.02,20.0,50.0,,,,,,,,,,,,
stoch_rsi,ADA-USDT,1d,7.0,15.0,75.0,242.11,7.791,-12.4,68.5,2.88,111,1.0,19.52,,,,,3.0,3.0,,,,,,,,
stoch_rsi,ADA-USDT,1d,7.0,15.0,80.0,227.71,7.79,-12.4,67.9,2.9,106,1.0,18.36,,,,,3.0,3.0,,,,,,,,
stoch_rsi,ADA-USDT,1d,7.0,15.0,85.0,123.97,6.258,-14.65,64.5,2.33,93,1.0,8.46,,,,,3.0,3.0,,,,,,,,
stoch_rsi,ADA-USDT,1d,7.0,20.0,75.0,324.55,8.525,-12.4,69.7,3.14,119,1.0,26.16,,,,,3.0,3.0,,,,,,,,
stoch_rsi,ADA-USDT,1d,7.0,20.0,80.0,306.69,8.55,-12.4,69.3,3.17,114,1.0,24.72,,,,,3.0,3.0,,,,,,,,
stoch_rsi,ADA-USDT,1d,7.0,20.0,85.0,177.94,7.234,-13.96,66.3,2.64,101,1.0,12.74,,,,,3.0,3.0,,,,,,,,
stoch_rsi,ADA-USDT,1d,7.0,25.0,75.0,329.99,7.753,-12.4,68.0,2.83,125,1.0,26.6,,,,,3.0,3.0,,,,,,,,
stoch_rsi,ADA-USDT,1d,7.0,25.0,80.0,311.89,7.756,-12.4,67.5,2.85,120,1.0,25.14,,,,,3.0,3.0,,,,,,,,
stoch_rsi,ADA-USDT,1d,7.0,25.0,85.0,181.5,6.488,-12.4,64.5,2.39,107,1.0,14.63,,,,,3.0,3.0,,,,,,,,
stoch_rsi,ADA-USDT,1d,9.0,15.0,75.0,275.09,7.369,-25.03,67.9,2.77,109,1.0,10.99,,,,,3.0,3.0,,,,,,,,
stoch_rsi,ADA-USDT,1d,9.0,15.0,80.0,208.55,6.69,-25.03,66.7,2.55,102,1.0,8.33,,,,,3.0,3.0,,,,,,,,
stoch_rsi,ADA-USDT,1d,9.0,15.0,85.0,99.62,4.82,-25.62,63.3,1.97,90,1.0,3.89,,,,,3.0,3.0,,,,,,,,
stoch_rsi,ADA-USDT,1d,9.0,20.0,75.0,427.26,7.943,-25.03,68.0,3.01,125,1.0,17.07,,,,,3.0,3.0,,,,,,,,
stoch_rsi,ADA-USDT,1d,9.0,20.0,80.0,333.72,7.388,-25.03,66.9,2.81,118,1.0,13.33,,,,,3.0,3.0,,,,,,,,
stoch_rsi,ADA-USDT,1d,9.0,20.0,85.0,180.6,5.892,-25.03,64.2,2.3,106,1.0,7.22,,,,,3.0,3.0,,,,,,,,
stoch_rsi,ADA-USDT,1d,9.0,25.0,75.0,546.89,8.443,-25.03,69.4,3.22,134,1.0,21.85,,,,,3.0,3.0,,,,,,,,
stoch_rsi,ADA-USDT,1d,9.0,25.0,80.0,432.13,7.936,-25.03,68.5,3.04,127,1.0,17.27,,,,,3.0,3.0,,,,,,,,
stoch_rsi,ADA-USDT,1d,9.0,25.0,85.0,244.27,6.581,-25.03,66.1,2.53,115,1.0,9.76,,,,,3.0,3.0,,,,,,,,
stoch_rsi,ADA-USDT,1d,11.0,15.0,75.0,185.71,5.543,-24.21,62.4,2.19,109,1.0,7.67,,,,,3.0,3.0,,,,,,,,
stoch_rsi,ADA-USDT,1d,11.0,15.0,80.0,149.12,5.289,-23.19,62.0,2.1,100,1.0,6.43,,,,,3.0,3.0,,,,,,,,
stoch_rsi,ADA-USDT,1d,11.0,15.0,85.0,95.9,4.384,-30.61,60.5,1.85,86,1.0,3.13,,,,,3.0,3.0,,,,,,,,
stoch_rsi,ADA-USDT,1d,11.0,20.0,75.0,278.09,6.393,-20.8,64.2,2.44,120,1.0,13.37,,,,,3.0,3.0,,,,,,,,
stoch_rsi,ADA-USDT,1d,11.0,20.0,80.0,229.67,6.231,-20.8,64.0,2.36,111,1.0,11.04,,,,,3.0,3.0,,,,,,,,
stoch_rsi,ADA-USDT,1d,11.0,20.0,85.0,159.25,5.494,-28.45,62.9,2.13,97,1.0,5.6,,,,,3.0,3.0,,,,,,,,
stoch_rsi,ADA-USDT,1d,11.0,25.0,75.0,361.82,6.881,-19.43,65.1,2.61,126,1.0,18.62,,,,,3.0,3.0,,,,,,,,
stoch_rsi,ADA-USDT,1d,11.0,25.0,80.0,302.67,6.767,-19.43,65.0,2.55,117,1.0,15.57,,,,,3.0,3.0,,,,,,,,
stoch_rsi,ADA-USDT,1d,11.0,25.0,85.0,216.66,6.13,-22.89,64.1,2.32,103,1.0,9.46,,,,,3.0,3.0,,,,,,,,
stoch_rsi,ADA-USDT,1d,13.0,15.0,75.0,281.83,8.364,-11.54,69.1,3.19,97,1.0,24.42,,,,,3.0,3.0,,,,,,,,
stoch_rsi,ADA-USDT,1d,13.0,15.0,80.0,206.26,7.616,-13.48,67.7,2.83,93,1.0,15.3,,,,,3.0,3.0,,,,,,,,
stoch_rsi,ADA-USDT,1d,13.0,15.0,85.0,174.76,7.31,-11.55,65.9,2.72,85,1.0,15.13,,,,,3.0,3.0,,,,,,,,
stoch_rsi,ADA-USDT,1d,13.0,20.0,75.0,431.67,9.38,-11.54,70.8,3.71,106,1.0,37.4,,,,,3.0,3.0,,,,,,,,
stoch_rsi,ADA-USDT,1d,13.0,20.0,80.0,326.44,8.756,-13.48,69.6,3.35,102,1.0,24.21,,,,,3.0,3.0,,,,,,,,
stoch_rsi,ADA-USDT,1d,13.0,20.0,85.0,282.59,8.55,-11.55,68.1,3.26,94,1.0,24.46,,,,,3.0,3.0,,,,,,,,
stoch_rsi,ADA-USDT,1d,13.0,25.0,75.0,701.01,9.977,-11.54,72.2,4.34,115,1.0,60.73,,,,,3.0,3.0,,,,,,,,
stoch_rsi,ADA-USDT,1d,13.0,25.0,80.0,542.47,9.437,-13.48,71.2,3.99,111,1.0,40.23,,,,,3.0,3.0,,,,,,,,
stoch_rsi,ADA-USDT,1d,13.0,25.0,85.0,476.4,9.323,-11.55,69.9,3.92,103,1.0,41.24,,,,,3.0,3.0,,,,,,,,
stoch_rsi,ADA-USDT,1d,15.0,15.0,75.0,633.21,11.935,-7.47,67.3,5.34,101,1.0,84.72,,,,,3.0,3.0,,,,,,,,
stoch_rsi,ADA-USDT,1d,15.0,15.0,80.0,490.63,11.674,-8.29,66.7,5.12,90,1.0,59.19,,,,,3.0,3.0,,,,,,,,
stoch_rsi,ADA-USDT,1d,15.0,15.0,85.0,295.56,10.913,-8.29,65.8,4.39,76,1.0,35.65,,,,,3.0,3.0,,,,,,,,
stoch_rsi,ADA-USDT,1d,15.0,20.0,75.0,810.37,11.505,-7.47,66.7,5.1,111,1.0,108.42,,,,,3.0,3.0,,,,,,,,
stoch_rsi,ADA-USDT,1d,15.0,20.0,80.0,633.35,11.259,-8.29,66.0,4.9,100,1.0,76.4,,,,,3.0,3.0,,,,,,,,
stoch_rsi,ADA-USDT,1d,15.0,20.0,85.0,391.15,10.54,-8.29,65.1,4.29,86,1.0,47.19,,,,,3.0,3.0,,,,,,,,
stoch_rsi,ADA-USDT,1d,15.0,25.0,75.0,949.73,11.38,-7.47,67.5,5.05,120,1.0,127.07,,,,,3.0,3.0,,,,,,,,
stoch_rsi,ADA-USDT,1d,15.0,25.0,80.0,745.6,11.141,-8.29,67.0,4.86,109,1.0,89.94,,,,,3.0,3.0,,,,,,,,
stoch_rsi,ADA-USDT,1d,15.0,25.0,85.0,466.33,10.472,-8.41,66.3,4.29,95,1.0,55.47,,,,,3.0,3.0,,,,,,,,
stoch_rsi,ADA-USDT,1d,17.0,15.0,75.0,574.25,10.972,-13.99,74.2,4.4,97,1.0,41.04,,,,,3.0,3.0,,,,,,,,
stoch_rsi,ADA-USDT,1d,17.0,15.0,80.0,486.71,10.677,-13.99,74.7,4.21,91,1.0,34.78,,,,,3.0,3.0,,,,,,,,
stoch_rsi,ADA-USDT,1d,17.0,15.0,85.0,388.25,10.724,-13.99,74.7,4.2,83,1.0,27.75,,,,,3.0,3.0,,,,,,,,
stoch_rsi,ADA-USDT,1d,17.0,20.0,75.0,878.95,11.744,-13.07,75.7,5.07,103,1.0,67.23,,,,,3.0,3.0,,,,,,,,
stoch_rsi,ADA-USDT,1d,17.0,20.0,80.0,751.86,11.521,-13.07,76.3,4.89,97,1.0,57.51,,,,,3.0,3.0,,,,,,,,
stoch_rsi,ADA-USDT,1d,17.0,20.0,85.0,608.9,11.634,-13.07,76.4,4.95,89,1.0,46.58,,,,,3.0,3.0,,,,,,,,
stoch_rsi,ADA-USDT,1d,17.0,25.0,75.0,1028.88,11.492,-13.07,75.2,4.98,113,1.0,78.7,,,,,3.0,3.0,,,,,,,,
stoch_rsi,ADA-USDT,1d,17.0,25.0,80.0,882.32,11.277,-13.07,75.7,4.81,107,1.0,67.49,,,,,3.0,3.0,,,,,,,,
stoch_rsi,ADA-USDT,1d,17.0,25.0,85.0,717.47,11.359,-13.07,75.8,4.87,99,1.0,54.88,,,,,3.0,3.0,,,,,,,,
stoch_rsi,ADA-USDT,1d,19.0,15.0,75.0,464.25,11.316,-8.55,73.6,4.88,91,1.0,54.28,,,,,3.0,3.0,,,,,,,,
stoch_rsi,ADA-USDT,1d,19.0,15.0,80.0,406.62,10.997,-8.55,72.7,4.64,88,1.0,47.54,,,,,3.0,3.0,,,,,,,,
stoch_rsi,ADA-USDT,1d,19.0,15.0,85.0,320.42,10.755,-8.55,72.8,4.36,81,1.0,37.46,,,,,3.0,3.0,,,,,,,,
stoch_rsi,ADA-USDT,1d,19.0,20.0,75.0,863.92,12.156,-8.55,75.7,5.94,103,1.0,101.01,,,,,3.0,3.0,,,,,,,,
stoch_rsi,ADA-USDT,1d,19.0,20.0,80.0,765.47,11.905,-8.55,75.0,5.71,100,1.0,89.5,,,,,3.0,3.0,,,,,,,,
stoch_rsi,ADA-USDT,1d,19.0,20.0,85.0,618.22,11.759,-8.55,75.3,5.47,93,1.0,72.28,,,,,3.0,3.0,,,,,,,,
stoch_rsi,ADA-USDT,1d,19.0,25.0,75.0,950.13,12.103,-8.55,75.2,5.8,109,1.0,111.09,,,,,3.0,3.0,,,,,,,,
stoch_rsi,ADA-USDT,1d,19.0,25.0,80.0,842.87,11.863,-8.55,74.5,5.58,106,1.0,98.55,,,,,3.0,3.0,,,,,,,,
stoch_rsi,ADA-USDT,1d,19.0,25.0,85.0,682.45,11.723,-8.55,74.7,5.36,99,1.0,79.8,,,,,3.0,3.0,,,,,,,,
stoch_rsi,ADA-USDT,1d,21.0,15.0,75.0,491.26,8.303,-16.44,69.5,3.81,95,1.0,29.89,,,,,3.0,3.0,,,,,,,,
stoch_rsi,ADA-USDT,1d,21.0,15.0,80.0,475.63,8.227,-16.44,69.1,3.77,94,1.0,28.94,,,,,3.0,3.0,,,,,,,,
stoch_rsi,ADA-USDT,1d,21.0,15.0,85.0,398.55,8.196,-16.44,69.0,3.81,84,1.0,24.25,,,,,3.0,3.0,,,,,,,,
stoch_rsi,ADA-USDT,1d,21.0,20.0,75.0,626.51,8.808,-16.44,70.3,4.12,101,1.0,38.12,,,,,3.0,3.0,,,,,,,,
stoch_rsi,ADA-USDT,1d,21.0,20.0,80.0,607.3,8.738,-16.44,70.0,4.08,100,1.0,36.95,,,,,3.0,3.0,,,,,,,,
stoch_rsi,ADA-USDT,1d,21.0,20.0,85.0,512.59,8.747,-16.44,70.0,4.15,90,1.0,31.18,,,,,3.0,3.0,,,,,,,,
stoch_rsi,ADA-USDT,1d,21.0,25.0,75.0,858.52,9.161,-16.44,70.0,4.29,110,1.0,52.23,,,,,3.0,3.0,,,,,,,,
stoch_rsi,ADA-USDT,1d,21.0,25.0,80.0,833.18,9.099,-16.44,69.7,4.25,109,1.0,50.69,,,,,3.0,3.0,,,,,,,,
stoch_rsi,ADA-USDT,1d,21.0,25.0,85.0,708.22,9.137,-16.44,69.7,4.33,99,1.0,43.09,,,,,3.0,3.0,,,,,,,,
kc_breakout,ADA-USDT,1d,15.0,,,154651.24,11.292,0.0,100.0,999.0,58,2.8,0.0,,,,,,,1.5,,,,,,,
kc_breakout,ADA-USDT,1d,15.0,,,5334.68,17.94,0.0,100.0,999.0,29,2.0,0.0,,,,,,,2.0,,,,,,,
kc_breakout,ADA-USDT,1d,15.0,,,925.78,25.643,0.0,100.0,999.0,10,2.1,0.0,,,,,,,2.5,,,,,,,
kc_breakout,ADA-USDT,1d,15.0,,,388.26,37.073,0.0,100.0,999.0,5,2.4,0.0,,,,,,,3.0,,,,,,,
kc_breakout,ADA-USDT,1d,17.0,,,242379.76,9.477,0.0,100.0,999.0,66,3.1,0.0,,,,,,,1.5,,,,,,,
kc_breakout,ADA-USDT,1d,17.0,,,9375.2,16.381,0.0,100.0,999.0,32,2.7,0.0,,,,,,,2.0,,,,,,,
kc_breakout,ADA-USDT,1d,17.0,,,1235.37,21.946,0.0,100.0,999.0,13,2.2,0.0,,,,,,,2.5,,,,,,,
kc_breakout,ADA-USDT,1d,17.0,,,561.66,36.699,0.0,100.0,999.0,6,2.7,0.0,,,,,,,3.0,,,,,,,
kc_breakout,ADA-USDT,1d,19.0,,,276238.29,9.761,0.0,100.0,999.0,65,3.6,0.0,,,,,,,1.5,,,,,,,
kc_breakout,ADA-USDT,1d,19.0,,,16922.44,11.592,0.0,100.0,999.0,32,3.5,0.0,,,,,,,2.0,,,,,,,
kc_breakout,ADA-USDT,1d,19.0,,,2704.18,19.676,0.0,100.0,999.0,22,2.2,0.0,,,,,,,2.5,,,,,,,
kc_breakout,ADA-USDT,1d,19.0,,,864.41,28.162,0.0,100.0,999.0,9,2.2,0.0,,,,,,,3.0,,,,,,,
kc_breakout,ADA-USDT,1d,21.0,,,269895.86,9.913,0.0,100.0,999.0,62,4.1,0.0,,,,,,,1.5,,,,,,,
kc_breakout,ADA-USDT,1d,21.0,,,28210.35,10.079,0.0,100.0,999.0,36,3.7,0.0,,,,,,,2.0,,,,,,,
kc_breakout,ADA-USDT,1d,21.0,,,4227.15,17.299,0.0,100.0,999.0,23,2.8,0.0,,,,,,,2.5,,,,,,,
kc_breakout,ADA-USDT,1d,21.0,,,1176.28,23.341,0.0,100.0,999.0,12,2.3,0.0,,,,,,,3.0,,,,,,,
kc_breakout,ADA-USDT,1d,23.0,,,316468.91,9.786,0.0,100.0,999.0,65,4.3,0.0,,,,,,,1.5,,,,,,,
kc_breakout,ADA-USDT,1d,23.0,,,31963.83,10.111,0.0,100.0,999.0,37,4.2,0.0,,,,,,,2.0,,,,,,,
kc_breakout,ADA-USDT,1d,23.0,,,5489.26,12.034,0.0,100.0,999.0,21,4.0,0.0,,,,,,,2.5,,,,,,,
kc_breakout,ADA-USDT,1d,23.0,,,1376.02,18.247,0.0,100.0,999.0,14,2.9,0.0,,,,,,,3.0,,,,,,,
kc_breakout,ADA-USDT,1d,25.0,,,380917.31,9.171,0.0,100.0,999.0,75,4.0,0.0,,,,,,,1.5,,,,,,,
kc_breakout,ADA-USDT,1d,25.0,,,40477.94,9.551,0.0,100.0,999.0,43,4.1,0.0,,,,,,,2.0,,,,,,,
kc_breakout,ADA-USDT,1d,25.0,,,6557.08,9.836,0.0,100.0,999.0,24,4.0,0.0,,,,,,,2.5,,,,,,,
kc_breakout,ADA-USDT,1d,25.0,,,1998.23,17.198,0.0,100.0,999.0,18,2.9,0.0,,,,,,,3.0,,,,,,,
rsi_adx_combo,ADA-USDT,1d,,,,571.25,4.383,-38.24,41.2,2.63,51,19.0,14.94,,,,,,,,14.0,25.0,65.0,14.0,20.0,,
rsi_adx_combo,ADA-USDT,1d,,,,683.41,3.766,-64.97,44.4,2.55,63,13.2,10.52,,,,,,,,14.0,25.0,65.0,14.0,25.0,,
rsi_adx_combo,ADA-USDT,1d,,,,617.56,4.53,-38.21,42.0,2.73,50,19.4,16.16,,,,,,,,14.0,25.0,70.0,14.0,20.0,,
rsi_adx_combo,ADA-USDT,1d,,,,856.65,4.118,-64.97,45.8,2.8,59,13.9,13.19,,,,,,,,14.0,25.0,70.0,14.0,25.0,,
rsi_adx_combo,ADA-USDT,1d,,,,617.56,4.53,-38.21,42.0,2.73,50,19.4,16.16,,,,,,,,14.0,25.0,75.0,14.0,20.0,,
rsi_adx_combo,ADA-USDT,1d,,,,1066.61,4.379,-61.06,46.6,3.07,58,14.1,17.47,,,,,,,,14.0,25.0,75.0,14.0,25.0,,
rsi_adx_combo,ADA-USDT,1d,,,,579.69,4.195,-38.66,41.1,2.58,56,17.5,14.99,,,,,,,,14.0,30.0,65.0,14.0,20.0,,
rsi_adx_combo,ADA-USDT,1d,,,,626.24,3.493,-67.62,44.3,2.42,70,12.0,9.26,,,,,,,,14.0,30.0,65.0,14.0,25.0,,
rsi_adx_combo,ADA-USDT,1d,,,,626.58,4.331,-38.17,41.8,2.67,55,17.7,16.42,,,,,,,,14.0,30.0,70.0,14.0,20.0,,
rsi_adx_combo,ADA-USDT,1d,,,,786.83,3.808,-67.62,45.5,2.65,66,12.6,11.64,,,,,,,,14.0,30.0,70.0,14.0,25.0,,
rsi_adx_combo,ADA-USDT,1d,,,,626.58,4.331,-38.17,41.8,2.67,55,17.7,16.42,,,,,,,,14.0,30.0,75.0,14.0,20.0,,
rsi_adx_combo,ADA-USDT,1d,,,,981.47,4.047,-64.01,46.2,2.88,65,12.8,15.33,,,,,,,,14.0,30.0,75.0,14.0,25.0,,
rsi_adx_combo,ADA-USDT,1d,,,,549.81,4.021,-40.32,42.4,2.54,59,16.7,13.64,,,,,,,,14.0,35.0,65.0,14.0,20.0,,
rsi_adx_combo,ADA-USDT,1d,,,,568.36,3.247,-68.74,45.5,2.34,77,11.1,8.27,,,,,,,,14.0,35.0,65.0,14.0,25.0,,
rsi_adx_combo,ADA-USDT,1d,,,,594.64,4.15,-40.32,43.1,2.62,58,16.9,14.75,,,,,,,,14.0,35.0,70.0,14.0,20.0,,
rsi_adx_combo,ADA-USDT,1d,,,,716.16,3.533,-68.74,46.6,2.55,73,11.6,10.42,,,,,,,,14.0,35.0,70.0,14.0,25.0,,
rsi_adx_combo,ADA-USDT,1d,,,,594.64,4.15,-40.32,43.1,2.62,58,16.9,14.75,,,,,,,,14.0,35.0,75.0,14.0,20.0,,
rsi_adx_combo,ADA-USDT,1d,,,,895.28,3.755,-65.26,47.2,2.76,72,11.7,13.72,,,,,,,,14.0,35.0,75.0,14.0,25.0,,
rsi_vol_combo,ADA-USDT,1d,,,,-99.81,-12.356,-99.81,13.6,0.03,44,1.9,-1.0,,,,,,,,14.0,25.0,65.0,,,20.0,1.5
rsi_vol_combo,ADA-USDT,1d,,,,-98.24,-14.923,-98.24,10.0,0.02,30,1.5,-1.0,,,,,,,,14.0,25.0,65.0,,,20.0,2.0
rsi_vol_combo,ADA-USDT,1d,,,,-99.63,-13.611,-99.64,8.3,0.01,36,2.0,-1.0,,,,,,,,14.0,25.0,70.0,,,20.0,1.5
rsi_vol_combo,ADA-USDT,1d,,,,-97.87,-15.096,-97.87,7.1,0.01,28,1.5,-1.0,,,,,,,,14.0,25.0,70.0,,,20.0,2.0
rsi_vol_combo,ADA-USDT,1d,,,,-98.47,-15.093,-98.47,6.2,0.01,32,2.0,-1.0,,,,,,,,14.0,25.0,75.0,,,20.0,1.5
rsi_vol_combo,ADA-USDT,1d,,,,-92.16,-22.381,-92.16,7.4,0.01,27,1.5,-1.0,,,,,,,,14.0,25.0,75.0,,,20.0,2.0
rsi_vol_combo,ADA-USDT,1d,,,,-99.86,-12.684,-99.86,12.8,0.02,47,1.9,-1.0,,,,,,,,14.0,30.0,65.0,,,20.0,1.5
rsi_vol_combo,ADA-USDT,1d,,,,-98.39,-15.002,-98.39,9.7,0.02,31,1.5,-1.0,,,,,,,,14.0,30.0,65.0,,,20.0,2.0
rsi_vol_combo,ADA-USDT,1d,,,,-99.73,-13.948,-99.74,7.7,0.01,39,2.0,-1.0,,,,,,,,14.0,30.0,70.0,,,20.0,1.5
rsi_vol_combo,ADA-USDT,1d,,,,-98.05,-15.174,-98.05,6.9,0.01,29,1.6,-1.0,,,,,,,,14.0,30.0,70.0,,,20.0,2.0
rsi_vol_combo,ADA-USDT,1d,,,,-98.89,-15.61,-98.89,5.7,0.01,35,2.1,-1.0,,,,,,,,14.0,30.0,75.0,,,20.0,1.5
rsi_vol_combo,ADA-USDT,1d,,,,-92.81,-22.501,-92.81,7.1,0.01,28,1.5,-1.0,,,,,,,,14.0,30.0,75.0,,,20.0,2.0
rsi_vol_combo,ADA-USDT,1d,,,,-99.88,-11.905,-99.88,13.2,0.04,53,1.9,-1.0,,,,,,,,14.0,35.0,65.0,,,20.0,1.5
rsi_vol_combo,ADA-USDT,1d,,,,-98.51,-13.824,-98.51,11.8,0.04,34,1.6,-1.0,,,,,,,,14.0,35.0,65.0,,,20.0,2.0
rsi_vol_combo,ADA-USDT,1d,,,,-99.78,-12.845,-99.78,8.9,0.03,45,2.0,-1.0,,,,,,,,14.0,35.0,70.0,,,20.0,1.5
rsi_vol_combo,ADA-USDT,1d,,,,-98.19,-13.903,-98.19,9.4,0.04,32,1.6,-1.0,,,,,,,,14.0,35.0,70.0,,,20.0,2.0
rsi_vol_combo,ADA-USDT,1d,,,,-99.06,-14.085,-99.06,7.3,0.03,41,2.0,-1.0,,,,,,,,14.0,35.0,75.0,,,20.0,1.5
rsi_vol_combo,ADA-USDT,1d,,,,-93.34,-18.731,-93.34,9.7,0.05,31,1.6,-1.0,,,,,,,,14.0,35.0,75.0,,,20.0,2.0
rsi_reversion,ADA-USDT,4h,7.0,20.0,60.0,-95.95,-10.822,-95.96,14.0,0.04,150,3.3,-1.0,,,,,,,,,,,,,,
rsi_reversion,ADA-USDT,4h,7.0,20.0,65.0,-95.26,-10.995,-95.27,12.3,0.03,138,3.1,-1.0,,,,,,,,,,,,,,
rsi_reversion,ADA-USDT,4h,7.0,20.0,70.0,-94.54,-13.506,-94.56,11.0,0.04,127,2.8,-1.0,,,,,,,,,,,,,,
rsi_reversion,ADA-USDT,4h,7.0,20.0,75.0,-93.1,-13.827,-93.1,14.3,0.03,112,2.7,-1.0,,,,,,,,,,,,,,
rsi_reversion,ADA-USDT,4h,7.0,20.0,80.0,-92.02,-14.409,-92.02,14.9,0.02,101,2.5,-1.0,,,,,,,,,,,,,,
rsi_reversion,ADA-USDT,4h,7.0,25.0,60.0,-97.17,-11.22,-97.18,13.7,0.04,161,3.5,-1.0,,,,,,,,,,,,,,
rsi_reversion,ADA-USDT,4h,7.0,25.0,65.0,-96.7,-11.411,-96.71,12.1,0.03,149,3.3,-1.0,,,,,,,,,,,,,,
rsi_reversion,ADA-USDT,4h,7.0,25.0,70.0,-96.2,-13.792,-96.21,10.9,0.04,138,3.1,-1.0,,,,,,,,,,,,,,
rsi_reversion,ADA-USDT,4h,7.0,25.0,75.0,-95.19,-14.124,-95.19,13.8,0.03,123,3.0,-1.0,,,,,,,,,,,,,,
rsi_reversion,ADA-USDT,4h,7.0,25.0,80.0,-94.44,-14.682,-94.44,14.3,0.03,112,2.8,-1.0,,,,,,,,,,,,,,
rsi_reversion,ADA-USDT,4h,7.0,30.0,60.0,-97.73,-10.801,-97.73,14.5,0.05,166,3.8,-1.0,,,,,,,,,,,,,,
rsi_reversion,ADA-USDT,4h,7.0,30.0,65.0,-97.34,-10.963,-97.35,13.0,0.04,154,3.6,-1.0,,,,,,,,,,,,,,
rsi_reversion,ADA-USDT,4h,7.0,30.0,70.0,-96.94,-12.845,-96.95,11.9,0.05,143,3.4,-1.0,,,,,,,,,,,,,,
rsi_reversion,ADA-USDT,4h,7.0,30.0,75.0,-96.13,-13.077,-96.13,14.8,0.04,128,3.4,-1.0,,,,,,,,,,,,,,
rsi_reversion,ADA-USDT,4h,7.0,30.0,80.0,-95.52,-13.493,-95.52,15.4,0.03,117,3.3,-1.0,,,,,,,,,,,,,,
rsi_reversion,ADA-USDT,4h,7.0,35.0,60.0,-98.39,-10.32,-98.39,15.3,0.04,176,4.0,-1.0,,,,,,,,,,,,,,
rsi_reversion,ADA-USDT,4h,7.0,35.0,65.0,-98.12,-10.451,-98.12,14.0,0.04,164,3.8,-1.0,,,,,,,,,,,,,,
rsi_reversion,ADA-USDT,4h,7.0,35.0,70.0,-97.83,-11.875,-97.84,13.1,0.04,153,3.7,-1.0,,,,,,,,,,,,,,
rsi_reversion,ADA-USDT,4h,7.0,35.0,75.0,-97.25,-12.024,-97.26,15.9,0.04,138,3.6,-1.0,,,,,,,,,,,,,,
rsi_reversion,ADA-USDT,4h,7.0,35.0,80.0,-96.83,-12.32,-96.83,16.5,0.03,127,3.6,-1.0,,,,,,,,,,,,,,
rsi_reversion,ADA-USDT,4h,9.0,20.0,60.0,-94.37,-11.757,-94.37,13.3,0.04,113,3.8,-1.0,,,,,,,,,,,,,,
rsi_reversion,ADA-USDT,4h,9.0,20.0,65.0,-93.82,-12.337,-93.82,14.3,0.03,112,3.0,-1.0,,,,,,,,,,,,,,
rsi_reversion,ADA-USDT,4h,9.0,20.0,70.0,-91.02,-12.405,-91.02,15.7,0.02,89,2.9,-1.0,,,,,,,,,,,,,,
rsi_reversion,ADA-USDT,4h,9.0,20.0,75.0,-87.92,-13.247,-87.92,13.2,0.01,68,3.0,-1.0,,,,,,,,,,,,,,
rsi_reversion,ADA-USDT,4h,9.0,20.0,80.0,-84.11,-16.993,-84.11,11.9,0.01,59,2.8,-1.0,,,,,,,,,,,,,,
rsi_reversion,ADA-USDT,4h,9.0,25.0,60.0,-96.23,-12.226,-96.23,10.7,0.03,121,4.2,-1.0,,,,,,,,,,,,,,
rsi_reversion,ADA-USDT,4h,9.0,25.0,65.0,-95.86,-12.757,-95.86,11.7,0.02,120,3.4,-1.0,,,,,,,,,,,,,,
rsi_reversion,ADA-USDT,4h,9.0,25.0,70.0,-93.99,-12.939,-93.99,12.4,0.02,97,3.4,-1.0,,,,,,,,,,,,,,
rsi_reversion,ADA-USDT,4h,9.0,25.0,75.0,-91.91,-13.858,-91.91,9.2,0.01,76,3.6,-1.0,,,,,,,,,,,,,,
rsi_reversion,ADA-USDT,4h,9.0,25.0,80.0,-89.36,-17.079,-89.36,7.5,0.01,67,3.6,-1.0,,,,,,,,,,,,,,
rsi_reversion,ADA-USDT,4h,9.0,30.0,60.0,-96.66,-9.884,-96.66,17.3,0.05,139,4.1,-1.0,,,,,,,,,,,,,,
rsi_reversion,ADA-USDT,4h,9.0,30.0,65.0,-96.34,-10.127,-96.34,18.1,0.05,138,3.5,-1.0,,,,,,,,,,,,,,
rsi_reversion,ADA-USDT,4h,9.0,30.0,70.0,-94.68,-10.007,-94.68,20.0,0.05,115,3.5,-1.0,,,,,,,,,,,,,,
rsi_reversion,ADA-USDT,4h,9.0,30.0,75.0,-92.84,-10.256,-92.84,19.1,0.04,94,3.6,-1.0,,,,,,,,,,,,,,
rsi_reversion,ADA-USDT,4h,9.0,30.0,80.0,-90.58,-11.249,-90.58,18.8,0.04,85,3.6,-1.0,,,,,,,,,,,,,,
rsi_reversion,ADA-USDT,4h,9.0,35.0,60.0,-97.46,-10.401,-97.46,16.2,0.06,142,4.6,-1.0,,,,,,,,,,,,,,
rsi_reversion,ADA-USDT,4h,9.0,35.0,65.0,-97.21,-10.656,-97.21,17.0,0.05,141,3.9,-1.0,,,,,,,,,,,,,,
rsi_reversion,ADA-USDT,4h,9.0,35.0,70.0,-95.94,-10.618,-95.94,18.6,0.05,118,4.0,-1.0,,,,,,,,,,,,,,
rsi_reversion,ADA-USDT,4h,9.0,35.0,75.0,-94.54,-10.968,-94.54,17.5,0.05,97,4.3,-1.0,,,,,,,,,,,,,,
rsi_reversion,ADA-USDT,4h,9.0,35.0,80.0,-92.82,-12.064,-92.82,17.0,0.05,88,4.4,-1.0,,,,,,,,,,,,,,
rsi_reversion,ADA-USDT,4h,11.0,20.0,60.0,-92.14,-12.186,-92.14,17.7,0.04,96,3.8,-1.0,,,,,,,,,,,,,,
rsi_reversion,ADA-USDT,4h,11.0,20.0,65.0,-91.85,-13.181,-91.85,12.9,0.02,85,3.3,-1.0,,,,,,,,,,,,,,
rsi_reversion,ADA-USDT,4h,11.0,20.0,70.0,-87.6,-12.616,-87.6,13.5,0.02,74,2.9,-1.0,,,,,,,,,,,,,,
rsi_reversion,ADA-USDT,4h,11.0,20.0,75.0,-83.8,-14.861,-83.8,15.6,0.02,64,2.6,-1.0,,,,,,,,,,,,,,
rsi_reversion,ADA-USDT,4h,11.0,20.0,80.0,-78.19,-17.056,-78.19,14.3,0.01,49,2.7,-1.0,,,,,,,,,,,,,,
rsi_reversion,ADA-USDT,4h,11.0,25.0,60.0,-94.23,-11.851,-94.23,19.1,0.04,94,4.5,-1.0,,,,,,,,,,,,,,
rsi_reversion,ADA-USDT,4h,11.0,25.0,65.0,-94.01,-12.814,-94.01,14.5,0.02,83,4.1,-1.0,,,,,,,,,,,,,,
rsi_reversion,ADA-USDT,4h,11.0,25.0,70.0,-90.89,-12.276,-90.89,15.3,0.02,72,3.9,-1.0,,,,,,,,,,,,,,
rsi_reversion,ADA-USDT,4h,11.0,25.0,75.0,-88.1,-13.725,-88.1,17.7,0.02,62,3.7,-1.0,,,,,,,,,,,,,,
rsi_reversion,ADA-USDT,4h,11.0,25.0,80.0,-83.98,-15.202,-83.98,17.0,0.02,47,4.1,-1.0,,,,,,,,,,,,,,
rsi_reversion,ADA-USDT,4h,11.0,30.0,60.0,-95.14,-11.051,-95.14,17.6,0.04,108,4.4,-1.0,,,,,,,,,,,,,,
rsi_reversion,ADA-USDT,4h,11.0,30.0,65.0,-94.96,-11.778,-94.96,13.4,0.03,97,4.1,-1.0,,,,,,,,,,,,,,
rsi_reversion,ADA-USDT,4h,11.0,30.0,70.0,-92.33,-11.216,-92.33,14.0,0.03,86,3.9,-1.0,,,,,,,,,,,,,,
rsi_reversion,ADA-USDT,4h,11.0,30.0,75.0,-89.98,-12.185,-89.98,15.8,0.03,76,3.7,-1.0,,,,,,,,,,,,,,
rsi_reversion,ADA-USDT,4h,11.0,30.0,80.0,-86.5,-12.894,-86.5,14.8,0.03,61,4.0,-1.0,,,,,,,,,,,,,,
rsi_reversion,ADA-USDT,4h,11.0,35.0,60.0,-95.64,-10.412,-95.64,19.0,0.04,126,4.4,-1.0,,,,,,,,,,,,,,
rsi_reversion,ADA-USDT,4h,11.0,35.0,65.0,-95.48,-10.965,-95.48,15.7,0.03,115,4.1,-1.0,,,,,,,,,,,,,,
rsi_reversion,ADA-USDT,4h,11.0,35.0,70.0,-93.12,-10.4,-93.12,16.3,0.03,104,4.0,-1.0,,,,,,,,,,,,,,
rsi_reversion,ADA-USDT,4h,11.0,35.0,75.0,-91.01,-11.142,-91.01,18.1,0.03,94,3.9,-1.0,,,,,,,,,,,,,,
rsi_reversion,ADA-USDT,4h,11.0,35.0,80.0,-87.89,-11.489,-87.89,17.7,0.03,79,4.1,-1.0,,,,,,,,,,,,,,
rsi_reversion,ADA-USDT,4h,13.0,20.0,60.0,-89.42,-10.611,-89.42,16.5,0.03,79,4.1,-1.0,,,,,,,,,,,,,,
rsi_reversion,ADA-USDT,4h,13.0,20.0,65.0,-90.35,-12.405,-90.35,15.2,0.02,66,3.8,-1.0,,,,,,,,,,,,,,
rsi_reversion,ADA-USDT,4h,13.0,20.0,70.0,-81.67,-12.653,-81.67,12.2,0.01,49,3.7,-1.0,,,,,,,,,,,,,,
rsi_reversion,ADA-USDT,4h,13.0,20.0,75.0,-77.89,-11.887,-77.89,9.5,0.02,42,3.2,-1.0,,,,,,,,,,,,,,
rsi_reversion,ADA-USDT,4h,13.0,20.0,80.0,-73.22,-14.824,-73.22,8.8,0.02,34,2.9,-1.0,,,,,,,,,,,,,,
rsi_reversion,ADA-USDT,4h,13.0,25.0,60.0,-90.54,-10.85,-90.55,17.6,0.03,85,4.4,-1.0,,,,,,,,,,,,,,
rsi_reversion,ADA-USDT,4h,13.0,25.0,65.0,-91.37,-12.548,-91.38,16.7,0.02,72,4.1,-1.0,,,,,,,,,,,,,,
rsi_reversion,ADA-USDT,4h,13.0,25.0,70.0,-83.61,-12.886,-83.63,14.5,0.01,55,4.1,-1.0,,,,,,,,,,,,,,
rsi_reversion,ADA-USDT,4h,13.0,25.0,75.0,-80.23,-12.099,-80.26,12.5,0.02,48,3.7,-1.0,,,,,,,,,,,,,,
rsi_reversion,ADA-USDT,4h,13.0,25.0,80.0,-76.06,-15.031,-76.09,12.5,0.01,40,3.6,-1.0,,,,,,,,,,,,,,
rsi_reversion,ADA-USDT,4h,13.0,30.0,60.0,-92.24,-10.646,-92.25,13.3,0.02,90,4.9,-1.0,,,,,,,,,,,,,,
rsi_reversion,ADA-USDT,4h,13.0,30.0,65.0,-92.92,-12.19,-92.93,11.7,0.01,77,4.7,-1.0,,,,,,,,,,,,,,
rsi_reversion,ADA-USDT,4h,13.0,30.0,70.0,-86.56,-12.332,-86.58,8.3,0.0,60,4.9,-1.0,,,,,,,,,,,,,,
rsi_reversion,ADA-USDT,4h,13.0,30.0,75.0,-83.8,-11.675,-83.81,5.7,0.01,53,4.6,-1.0,,,,,,,,,,,,,,
rsi_reversion,ADA-USDT,4h,13.0,30.0,80.0,-80.37,-13.821,-80.4,4.4,0.0,45,4.7,-1.0,,,,,,,,,,,,,,
rsi_reversion,ADA-USDT,4h,13.0,35.0,60.0,-94.74,-10.516,-94.74,11.7,0.03,111,4.7,-1.0,,,,,,,,,,,,,,
rsi_reversion,ADA-USDT,4h,13.0,35.0,65.0,-95.2,-11.717,-95.2,10.2,0.02,98,4.6,-1.0,,,,,,,,,,,,,,
rsi_reversion,ADA-USDT,4h,13.0,35.0,70.0,-90.88,-11.758,-90.88,7.4,0.02,81,4.7,-1.0,,,,,,,,,,,,,,
rsi_reversion,ADA-USDT,4h,13.0,35.0,75.0,-89.0,-11.162,-89.0,5.4,0.02,74,4.5,-1.0,,,,,,,,,,,,,,
rsi_reversion,ADA-USDT,4h,13.0,35.0,80.0,-86.68,-12.692,-86.68,4.5,0.02,66,4.5,-1.0,,,,,,,,,,,,,,
rsi_reversion,ADA-USDT,4h,15.0,20.0,60.0,-82.79,-10.112,-82.79,14.8,0.04,61,4.7,-1.0,,,,,,,,,,,,,,
rsi_reversion,ADA-USDT,4h,15.0,20.0,65.0,-80.79,-12.28,-80.79,10.4,0.01,48,4.3,-1.0,,,,,,,,,,,,,,
rsi_reversion,ADA-USDT,4h,15.0,20.0,70.0,-79.0,-13.561,-79.0,7.3,0.02,41,3.8,-1.0,,,,,,,,,,,,,,
rsi_reversion,ADA-USDT,4h,15.0,20.0,75.0,-72.78,-12.257,-72.79,5.9,0.01,34,3.1,-1.0,,,,,,,,,,,,,,
rsi_reversion,ADA-USDT,4h,15.0,20.0,80.0,-60.43,-13.31,-60.44,8.3,0.01,24,3.2,-1.0,,,,,,,,,,,,,,
rsi_reversion,ADA-USDT,4h,15.0,25.0,60.0,-87.51,-10.362,-87.52,15.3,0.05,72,4.7,-1.0,,,,,,,,,,,,,,
rsi_reversion,ADA-USDT,4h,15.0,25.0,65.0,-86.06,-12.223,-86.06,11.9,0.02,59,4.3,-1.0,,,,,,,,,,,,,,
rsi_reversion,ADA-USDT,4h,15.0,25.0,70.0,-84.76,-13.232,-84.77,9.6,0.03,52,3.9,-1.0,,,,,,,,,,,,,,
rsi_reversion,ADA-USDT,4h,15.0,25.0,75.0,-80.24,-12.145,-80.26,8.9,0.02,45,3.4,-1.0,,,,,,,,,,,,,,
rsi_reversion,ADA-USDT,4h,15.0,25.0,80.0,-71.28,-12.898,-71.31,11.4,0.02,35,3.6,-1.0,,,,,,,,,,,,,,
rsi_reversion,ADA-USDT,4h,15.0,30.0,60.0,-89.64,-10.57,-89.66,14.8,0.04,81,5.0,-1.0,,,,,,,,,,,,,,
rsi_reversion,ADA-USDT,4h,15.0,30.0,65.0,-88.43,-12.311,-88.46,11.8,0.01,68,4.8,-1.0,,,,,,,,,,,,,,
rsi_reversion,ADA-USDT,4h,15.0,30.0,70.0,-87.36,-13.213,-87.38,9.8,0.02,61,4.5,-1.0,,,,,,,,,,,,,,
rsi_reversion,ADA-USDT,4h,15.0,30.0,75.0,-83.61,-12.19,-83.68,9.3,0.01,54,4.2,-1.0,,,,,,,,,,,,,,
rsi_reversion,ADA-USDT,4h,15.0,30.0,80.0,-76.18,-12.941,-76.28,11.4,0.01,44,4.5,-1.0,,,,,,,,,,,,,,
rsi_reversion,ADA-USDT,4h,15.0,35.0,60.0,-92.33,-10.418,-92.41,16.3,0.04,92,5.3,-1.0,,,,,,,,,,,,,,
rsi_reversion,ADA-USDT,4h,15.0,35.0,65.0,-91.44,-11.856,-91.53,13.9,0.02,79,5.2,-1.0,,,,,,,,,,,,,,
rsi_reversion,ADA-USDT,4h,15.0,35.0,70.0,-90.64,-12.554,-90.75,12.5,0.03,72,5.0,-1.0,,,,,,,,,,,,,,
rsi_reversion,ADA-USDT,4h,15.0,35.0,75.0,-87.87,-11.692,-88.0,12.3,0.02,65,4.8,-1.0,,,,,,,,,,,,,,
rsi_reversion,ADA-USDT,4h,15.0,35.0,80.0,-82.37,-12.135,-82.56,14.5,0.03,55,5.1,-1.0,,,,,,,,,,,,,,
rsi_reversion,ADA-USDT,4h,17.0,20.0,60.0,-77.79,-10.32,-77.92,19.3,0.05,57,4.6,-1.0,,,,,,,,,,,,,,
rsi_reversion,ADA-USDT,4h,17.0,20.0,65.0,-66.74,-9.42,-67.02,33.3,0.07,45,3.7,-1.0,,,,,,,,,,,,,,
rsi_reversion,ADA-USDT,4h,17.0,20.0,70.0,-60.85,-10.978,-61.09,15.6,0.05,32,3.6,-1.0,,,,,,,,,,,,,,
rsi_reversion,ADA-USDT,4h,17.0,20.0,75.0,-54.16,-15.281,-54.45,15.0,0.02,20,3.4,-0.99,,,,,,,,,,,,,,
rsi_reversion,ADA-USDT,4h,17.0,20.0,80.0,-48.87,-15.337,-49.18,20.0,0.03,15,3.7,-0.99,,,,,,,,,,,,,,
rsi_reversion,ADA-USDT,4h,17.0,25.0,60.0,-85.53,-10.605,-85.62,16.2,0.05,68,4.6,-1.0,,,,,,,,,,,,,,
rsi_reversion,ADA-USDT,4h,17.0,25.0,65.0,-78.34,-9.964,-78.52,26.8,0.06,56,3.9,-1.0,,,,,,,,,,,,,,
rsi_reversion,ADA-USDT,4h,17.0,25.0,70.0,-74.5,-11.266,-74.66,11.6,0.04,43,3.9,-1.0,,,,,,,,,,,,,,
rsi_reversion,ADA-USDT,4h,17.0,25.0,75.0,-70.15,-13.96,-70.43,9.7,0.02,31,3.8,-1.0,,,,,,,,,,,,,,
rsi_reversion,ADA-USDT,4h,17.0,25.0,80.0,-66.7,-13.925,-67.01,11.5,0.03,26,4.1,-1.0,,,,,,,,,,,,,,
rsi_reversion,ADA-USDT,4h,17.0,30.0,60.0,-86.92,-10.539,-86.97,18.4,0.04,76,4.9,-1.0,,,,,,,,,,,,,,
rsi_reversion,ADA-USDT,4h,17.0,30.0,65.0,-80.41,-9.934,-80.54,28.1,0.05,64,4.3,-1.0,,,,,,,,,,,,,,
rsi_reversion,ADA-USDT,4h,17.0,30.0,70.0,-76.94,-11.061,-77.04,15.7,0.04,51,4.4,-1.0,,,,,,,,,,,,,,
rsi_reversion,ADA-USDT,4h,17.0,30.0,75.0,-73.0,-13.246,-73.22,15.4,0.02,39,4.6,-1.0,,,,,,,,,,,,,,
rsi_reversion,ADA-USDT,4h,17.0,30.0,80.0,-69.88,-13.014,-70.13,17.6,0.02,34,4.9,-1.0,,,,,,,,,,,,,,
rsi_reversion,ADA-USDT,4h,17.0,35.0,60.0,-89.97,-9.72,-90.01,18.6,0.06,86,5.5,-1.0,,,,,,,,,,,,,,
rsi_reversion,ADA-USDT,4h,17.0,35.0,65.0,-84.98,-9.128,-85.05,27.0,0.07,74,5.1,-1.0,,,,,,,,,,,,,,
rsi_reversion,ADA-USDT,4h,17.0,35.0,70.0,-82.32,-9.857,-82.4,16.4,0.06,61,5.4,-1.0,,,,,,,,,,,,,,
rsi_reversion,ADA-USDT,4h,17.0,35.0,75.0,-79.3,-11.09,-79.4,16.3,0.05,49,5.7,-1.0,,,,,,,,,,,,,,
rsi_reversion,ADA-USDT,4h,17.0,35.0,80.0,-76.9,-10.868,-77.01,18.2,0.05,44,6.1,-1.0,,,,,,,,,,,,,,
rsi_reversion,ADA-USDT,4h,19.0,20.0,60.0,-74.58,-9.603,-74.58,17.4,0.09,46,5.0,-1.0,,,,,,,,,,,,,,
rsi_reversion,ADA-USDT,4h,19.0,20.0,65.0,-70.82,-10.691,-70.82,7.9,0.03,38,3.6,-1.0,,,,,,,,,,,,,,
rsi_reversion,ADA-USDT,4h,19.0,20.0,70.0,-54.02,-10.043,-54.02,9.5,0.01,21,3.9,-1.0,,,,,,,,,,,,,,
rsi_reversion,ADA-USDT,4h,19.0,20.0,75.0,-51.86,-12.701,-51.86,0.0,0.0,14,4.1,-1.0,,,,,,,,,,,,,,
rsi_reversion,ADA-USDT,4h,19.0,20.0,80.0,-44.7,-13.935,-44.7,0.0,0.0,12,3.8,-1.0,,,,,,,,,,,,,,
rsi_reversion,ADA-USDT,4h,19.0,25.0,60.0,-80.1,-10.292,-80.18,17.5,0.08,57,4.9,-1.0,,,,,,,,,,,,,,
rsi_reversion,ADA-USDT,4h,19.0,25.0,65.0,-77.16,-11.412,-77.25,10.2,0.03,49,3.8,-1.0,,,,,,,,,,,,,,
rsi_reversion,ADA-USDT,4h,19.0,25.0,70.0,-64.0,-10.933,-64.15,12.5,0.01,32,4.1,-1.0,,,,,,,,,,,,,,
rsi_reversion,ADA-USDT,4h,19.0,25.0,75.0,-62.31,-12.772,-62.47,8.0,0.01,25,4.2,-1.0,,,,,,,,,,,,,,
rsi_reversion,ADA-USDT,4h,19.0,25.0,80.0,-56.71,-14.281,-56.89,8.7,0.01,23,4.1,-1.0,,,,,,,,,,,,,,
rsi_reversion,ADA-USDT,4h,19.0,30.0,60.0,-86.08,-10.71,-86.08,16.4,0.07,61,5.5,-1.0,,,,,,,,,,,,,,
rsi_reversion,ADA-USDT,4h,19.0,30.0,65.0,-84.03,-11.718,-84.03,9.4,0.03,53,4.6,-1.0,,,,,,,,,,,,,,
rsi_reversion,ADA-USDT,4h,19.0,30.0,70.0,-74.83,-11.61,-74.83,11.1,0.01,36,5.1,-1.0,,,,,,,,,,,,,,
rsi_reversion,ADA-USDT,4h,19.0,30.0,75.0,-73.64,-13.343,-73.64,6.9,0.01,29,5.6,-1.0,,,,,,,,,,,,,,
rsi_reversion,ADA-USDT,4h,19.0,30.0,80.0,-69.73,-14.233,-69.73,7.4,0.01,27,5.5,-1.0,,,,,,,,,,,,,,
rsi_reversion,ADA-USDT,4h,19.0,35.0,60.0,-86.91,-9.234,-86.92,18.2,0.07,77,5.5,-1.0,,,,,,,,,,,,,,
rsi_reversion,ADA-USDT,4h,19.0,35.0,65.0,-84.98,-9.825,-84.99,13.0,0.04,69,4.8,-1.0,,,,,,,,,,,,,,
rsi_reversion,ADA-USDT,4h,19.0,35.0,70.0,-76.32,-9.182,-76.34,15.4,0.02,52,5.3,-1.0,,,,,,,,,,,,,,
rsi_reversion,ADA-USDT,4h,19.0,35.0,75.0,-75.21,-9.919,-75.23,13.3,0.02,45,5.6,-1.0,,,,,,,,,,,,,,
rsi_reversion,ADA-USDT,4h,19.0,35.0,80.0,-71.53,-10.232,-71.55,14.0,0.02,43,5.6,-1.0,,,,,,,,,,,,,,
rsi_reversion,ADA-USDT,4h,21.0,20.0,60.0,-70.25,-10.046,-70.25,18.6,0.1,43,5.0,-1.0,,,,,,,,,,,,,,
rsi_reversion,ADA-USDT,4h,21.0,20.0,65.0,-68.02,-11.497,-68.02,13.2,0.02,38,3.2,-1.0,,,,,,,,,,,,,,
rsi_reversion,ADA-USDT,4h,21.0,20.0,70.0,-51.29,-11.322,-51.44,5.9,0.01,17,4.0,-1.0,,,,,,,,,,,,,,
rsi_reversion,ADA-USDT,4h,21.0,20.0,75.0,-44.48,-11.953,-44.64,7.1,0.01,14,3.1,-1.0,,,,,,,,,,,,,,
rsi_reversion,ADA-USDT,4h,21.0,20.0,80.0,-39.71,-12.394,-39.89,7.1,0.01,14,2.5,-1.0,,,,,,,,,,,,,,
rsi_reversion,ADA-USDT,4h,21.0,25.0,60.0,-76.03,-10.923,-76.03,16.0,0.09,50,5.1,-1.0,,,,,,,,,,,,,,
rsi_reversion,ADA-USDT,4h,21.0,25.0,65.0,-74.24,-12.456,-74.24,11.1,0.02,45,3.6,-1.0,,,,,,,,,,,,,,
rsi_reversion,ADA-USDT,4h,21.0,25.0,70.0,-60.76,-12.398,-60.76,4.2,0.02,24,4.7,-1.0,,,,,,,,,,,,,,
rsi_reversion,ADA-USDT,4h,21.0,25.0,75.0,-55.27,-13.296,-55.27,4.8,0.02,21,4.2,-1.0,,,,,,,,,,,,,,
rsi_reversion,ADA-USDT,4h,21.0,25.0,80.0,-51.43,-14.24,-51.43,4.8,0.02,21,3.8,-1.0,,,,,,,,,,,,,,
rsi_reversion,ADA-USDT,4h,21.0,30.0,60.0,-82.36,-10.634,-82.36,13.8,0.07,58,5.4,-1.0,,,,,,,,,,,,,,
rsi_reversion,ADA-USDT,4h,21.0,30.0,65.0,-81.05,-11.738,-81.05,9.4,0.01,53,4.1,-1.0,,,,,,,,,,,,,,
rsi_reversion,ADA-USDT,4h,21.0,30.0,70.0,-71.13,-11.675,-71.13,3.1,0.0,32,5.2,-1.0,,,,,,,,,,,,,,
rsi_reversion,ADA-USDT,4h,21.0,30.0,75.0,-67.09,-12.108,-67.09,3.4,0.01,29,4.9,-1.0,,,,,,,,,,,,,,
rsi_reversion,ADA-USDT,4h,21.0,30.0,80.0,-64.26,-12.391,-64.26,3.4,0.01,29,4.6,-1.0,,,,,,,,,,,,,,
rsi_reversion,ADA-USDT,4h,21.0,35.0,60.0,-83.7,-9.482,-83.7,19.4,0.09,72,5.3,-1.0,,,,,,,,,,,,,,
rsi_reversion,ADA-USDT,4h,21.0,35.0,65.0,-82.49,-10.262,-82.49,16.4,0.04,67,4.3,-1.0,,,,,,,,,,,,,,
rsi_reversion,ADA-USDT,4h,21.0,35.0,70.0,-73.32,-9.583,-73.32,15.2,0.04,46,5.2,-1.0,,,,,,,,,,,,,,
rsi_reversion,ADA-USDT,4h,21.0,35.0,75.0,-69.59,-9.726,-69.59,16.3,0.05,43,5.0,-1.0,,,,,,,,,,,,,,
rsi_reversion,ADA-USDT,4h,21.0,35.0,80.0,-66.98,-9.897,-66.98,16.3,0.05,43,4.7,-1.0,,,,,,,,,,,,,,
macd_crossover,ADA-USDT,4h,,,,634.66,17.912,-1.08,89.4,44.29,141,1.0,585.38,6.0,20.0,5.0,,,,,,,,,,,
macd_crossover,ADA-USDT,4h,,,,472.57,18.505,-0.9,92.2,76.71,129,1.0,524.49,6.0,20.0,7.0,,,,,,,,,,,
macd_crossover,ADA-USDT,4h,,,,400.36,16.842,-0.85,86.8,25.73,121,1.0,470.85,6.0,20.0,9.0,,,,,,,,,,,
macd_crossover,ADA-USDT,4h,,,,398.32,17.603,-1.23,89.1,29.64,119,1.0,323.68,6.0,20.0,11.0,,,,,,,,,,,
macd_crossover,ADA-USDT,4h,,,,632.02,18.531,-0.47,90.6,82.94,139,1.0,1340.68,6.0,23.0,5.0,,,,,,,,,,,
macd_crossover,ADA-USDT,4h,,,,487.42,18.594,-0.73,91.6,78.35,131,1.0,668.29,6.0,23.0,7.0,,,,,,,,,,,
macd_crossover,ADA-USDT,4h,,,,429.03,18.184,-1.08,90.8,35.9,119,1.0,397.34,6.0,23.0,9.0,,,,,,,,,,,
macd_crossover,ADA-USDT,4h,,,,413.14,18.092,-1.23,89.6,28.11,115,1.0,335.72,6.0,23.0,11.0,,,,,,,,,,,
macd_crossover,ADA-USDT,4h,,,,551.66,17.979,-0.43,91.0,88.46,133,1.0,1271.58,6.0,26.0,5.0,,,,,,,,,,,
macd_crossover,ADA-USDT,4h,,,,481.72,18.246,-0.85,90.8,41.49,131,1.0,566.55,6.0,26.0,7.0,,,,,,,,,,,
macd_crossover,ADA-USDT,4h,,,,411.22,17.464,-1.23,86.6,23.94,119,1.0,334.16,6.0,26.0,9.0,,,,,,,,,,,
macd_crossover,ADA-USDT,4h,,,,422.84,19.276,-1.23,92.8,42.01,111,1.0,343.61,6.0,26.0,11.0,,,,,,,,,,,
macd_crossover,ADA-USDT,4h,,,,584.87,19.28,-0.56,91.4,90.47,139,1.0,1052.12,6.0,29.0,5.0,,,,,,,,,,,
macd_crossover,ADA-USDT,4h,,,,563.86,19.189,-0.85,91.6,51.11,131,1.0,663.15,6.0,29.0,7.0,,,,,,,,,,,
macd_crossover,ADA-USDT,4h,,,,423.74,18.105,-1.76,89.7,27.62,117,1.0,240.59,6.0,29.0,9.0,,,,,,,,,,,
macd_crossover,ADA-USDT,4h,,,,429.75,19.781,-1.05,92.2,43.19,103,1.0,408.74,6.0,29.0,11.0,,,,,,,,,,,
macd_crossover,ADA-USDT,4h,,,,581.95,19.325,-0.56,91.4,106.93,139,1.0,1046.87,6.0,32.0,5.0,,,,,,,,,,,
macd_crossover,ADA-USDT,4h,,,,490.18,17.813,-1.23,87.6,25.3,129,1.0,398.33,6.0,32.0,7.0,,,,,,,,,,,
macd_crossover,ADA-USDT,4h,,,,439.71,19.732,-1.23,92.8,46.34,111,1.0,357.32,6.0,32.0,9.0,,,,,,,,,,,
macd_crossover,ADA-USDT,4h,,,,397.31,19.312,-1.05,93.2,53.34,103,1.0,377.88,6.0,32.0,11.0,,,,,,,,,,,
macd_crossover,ADA-USDT,4h,,,,593.69,19.538,-0.73,92.8,110.28,139,1.0,813.98,6.0,35.0,5.0,,,,,,,,,,,
macd_crossover,ADA-USDT,4h,,,,422.72,16.864,-1.76,86.4,20.54,125,1.0,240.01,6.0,35.0,7.0,,,,,,,,,,,
macd_crossover,ADA-USDT,4h,,,,447.07,19.422,-1.17,92.8,40.62,111,1.0,383.32,6.0,35.0,9.0,,,,,,,,,,,
macd_crossover,ADA-USDT,4h,,,,354.81,19.502,-1.01,92.5,68.61,93,1.0,351.48,6.0,35.0,11.0,,,,,,,,,,,
macd_crossover,ADA-USDT,4h,,,,527.83,19.582,-0.43,93.8,122.67,129,1.0,1216.65,8.0,20.0,5.0,,,,,,,,,,,
macd_crossover,ADA-USDT,4h,,,,378.26,16.152,-2.02,86.0,18.14,121,1.0,186.98,8.0,20.0,7.0,,,,,,,,,,,
macd_crossover,ADA-USDT,4h,,,,353.29,17.085,-1.23,86.5,23.32,111,1.0,287.09,8.0,20.0,9.0,,,,,,,,,,,
macd_crossover,ADA-USDT,4h,,,,373.37,17.402,-1.56,86.9,21.14,107,1.0,240.0,8.0,20.0,11.0,,,,,,,,,,,
macd_crossover,ADA-USDT,4h,,,,507.01,18.908,-0.73,92.4,90.69,131,1.0,695.14,8.0,23.0,5.0,,,,,,,,,,,
macd_crossover,ADA-USDT,4h,,,,395.09,17.449,-1.23,89.1,25.1,119,1.0,321.06,8.0,23.0,7.0,,,,,,,,,,,
macd_crossover,ADA-USDT,4h,,,,394.92,17.648,-1.23,87.6,25.33,113,1.0,320.91,8.0,23.0,9.0,,,,,,,,,,,
macd_crossover,ADA-USDT,4h,,,,332.89,17.82,-1.56,89.9,28.33,99,1.0,213.98,8.0,23.0,11.0,,,,,,,,,,,
macd_crossover,ADA-USDT,4h,,,,516.4,19.086,-0.73,92.4,73.89,131,1.0,708.02,8.0,26.0,5.0,,,,,,,,,,,
macd_crossover,ADA-USDT,4h,,,,392.43,17.291,-1.23,87.2,24.33,117,1.0,318.89,8.0,26.0,7.0,,,,,,,,,,,
macd_crossover,ADA-USDT,4h,,,,419.56,18.37,-1.17,89.7,30.95,107,1.0,359.73,8.0,26.0,9.0,,,,,,,,,,,
macd_crossover,ADA-USDT,4h,,,,279.21,16.715,-1.47,87.1,21.03,93,1.0,190.24,8.0,26.0,11.0,,,,,,,,,,,
macd_crossover,ADA-USDT,4h,,,,539.34,18.736,-0.85,89.5,40.64,133,1.0,634.31,8.0,29.0,5.0,,,,,,,,,,,
macd_crossover,ADA-USDT,4h,,,,434.28,18.652,-1.76,91.3,33.52,115,1.0,246.57,8.0,29.0,7.0,,,,,,,,,,,
macd_crossover,ADA-USDT,4h,,,,359.29,19.073,-1.05,91.9,45.04,99,1.0,341.72,8.0,29.0,9.0,,,,,,,,,,,
macd_crossover,ADA-USDT,4h,,,,234.96,14.868,-1.47,82.4,13.72,91,1.0,160.09,8.0,29.0,11.0,,,,,,,,,,,
macd_crossover,ADA-USDT,4h,,,,558.09,19.046,-1.23,90.8,38.3,131,1.0,453.51,8.0,32.0,5.0,,,,,,,,,,,
macd_crossover,ADA-USDT,4h,,,,448.18,19.716,-1.23,93.7,47.28,111,1.0,364.2,8.0,32.0,7.0,,,,,,,,,,,
macd_crossover,ADA-USDT,4h,,,,332.51,18.81,-1.01,90.5,44.07,95,1.0,329.4,8.0,32.0,9.0,,,,,,,,,,,
macd_crossover,ADA-USDT,4h,,,,231.1,14.817,-1.47,83.5,14.43,91,1.0,157.46,8.0,32.0,11.0,,,,,,,,,,,
macd_crossover,ADA-USDT,4h,,,,441.06,17.414,-1.76,88.8,23.62,125,1.0,250.42,8.0,35.0,5.0,,,,,,,,,,,
macd_crossover,ADA-USDT,4h,,,,477.7,20.489,-1.05,93.5,64.77,107,1.0,454.35,8.0,35.0,7.0,,,,,,,,,,,
macd_crossover,ADA-USDT,4h,,,,302.66,18.032,-1.47,87.9,30.27,91,1.0,206.22,8.0,35.0,9.0,,,,,,,,,,,
macd_crossover,ADA-USDT,4h,,,,243.28,16.103,-1.43,87.6,22.79,89,1.0,170.29,8.0,35.0,11.0,,,,,,,,,,,
macd_crossover,ADA-USDT,4h,,,,469.1,18.738,-0.85,92.0,44.44,125,1.0,551.7,10.0,20.0,5.0,,,,,,,,,,,
macd_crossover,ADA-USDT,4h,,,,365.88,17.659,-1.23,89.2,30.07,111,1.0,297.31,10.0,20.0,7.0,,,,,,,,,,,
macd_crossover,ADA-USDT,4h,,,,360.3,17.369,-2.12,86.4,19.66,103,1.0,169.86,10.0,20.0,9.0,,,,,,,,,,,
macd_crossover,ADA-USDT,4h,,,,248.19,16.737,-1.47,88.2,25.31,85,1.0,169.11,10.0,20.0,11.0,,,,,,,,,,,
macd_crossover,ADA-USDT,4h,,,,494.6,18.806,-0.85,91.3,52.15,127,1.0,581.7,10.0,23.0,5.0,,,,,,,,,,,
macd_crossover,ADA-USDT,4h,,,,409.42,18.26,-1.23,89.4,31.96,113,1.0,332.7,10.0,23.0,7.0,,,,,,,,,,,
macd_crossover,ADA-USDT,4h,,,,273.08,16.202,-1.56,85.3,19.37,95,1.0,175.53,10.0,23.0,9.0,,,,,,,,,,,
macd_crossover,ADA-USDT,4h,,,,219.45,14.834,-1.47,83.9,15.95,87,1.0,149.53,10.0,23.0,11.0,,,,,,,,,,,
macd_crossover,ADA-USDT,4h,,,,452.75,17.761,-1.23,87.8,23.38,123,1.0,367.91,10.0,26.0,5.0,,,,,,,,,,,
macd_crossover,ADA-USDT,4h,,,,419.06,18.462,-1.17,90.7,32.53,107,1.0,359.3,10.0,26.0,7.0,,,,,,,,,,,
macd_crossover,ADA-USDT,4h,,,,270.56,16.304,-1.47,86.0,19.28,93,1.0,184.35,10.0,26.0,9.0,,,,,,,,,,,
macd_crossover,ADA-USDT,4h,,,,202.94,14.419,-1.43,83.9,17.35,87,1.0,142.06,10.0,26.0,11.0,,,,,,,,,,,
macd_crossover,ADA-USDT,4h,,,,427.74,17.648,-1.76,88.4,26.65,121,1.0,242.86,10.0,29.0,5.0,,,,,,,,,,,
macd_crossover,ADA-USDT,4h,,,,389.65,19.078,-1.05,91.1,45.34,101,1.0,370.6,10.0,29.0,7.0,,,,,,,,,,,
macd_crossover,ADA-USDT,4h,,,,232.67,14.754,-1.47,82.4,13.65,91,1.0,158.53,10.0,29.0,9.0,,,,,,,,,,,
macd_crossover,ADA-USDT,4h,,,,187.36,14.257,-1.43,82.1,15.65,84,1.0,131.15,10.0,29.0,11.0,,,,,,,,,,,
macd_crossover,ADA-USDT,4h,,,,477.38,19.78,-1.23,94.0,50.81,117,1.0,387.92,10.0,32.0,5.0,,,,,,,,,,,
macd_crossover,ADA-USDT,4h,,,,343.12,18.925,-0.89,91.8,47.74,97,1.0,384.3,10.0,32.0,7.0,,,,,,,,,,,
macd_crossover,ADA-USDT,4h,,,,218.63,14.336,-1.47,83.5,14.0,91,1.0,148.97,10.0,32.0,9.0,,,,,,,,,,,
macd_crossover,ADA-USDT,4h,,,,193.09,15.325,-1.37,86.6,26.67,82,1.0,140.81,10.0,32.0,11.0,,,,,,,,,,,
macd_crossover,ADA-USDT,4h,,,,468.84,19.547,-1.23,93.0,40.57,115,1.0,380.98,10.0,35.0,5.0,,,,,,,,,,,
macd_crossover,ADA-USDT,4h,,,,313.57,18.578,-1.47,90.1,36.81,91,1.0,213.66,10.0,35.0,7.0,,,,,,,,,,,
macd_crossover,ADA-USDT,4h,,,,225.5,15.315,-1.43,85.4,19.96,89,1.0,157.85,10.0,35.0,9.0,,,,,,,,,,,
macd_crossover,ADA-USDT,4h,,,,201.56,15.74,-1.37,86.6,27.35,82,1.0,146.99,10.0,35.0,11.0,,,,,,,,,,,
macd_crossover,ADA-USDT,4h,,,,462.19,18.614,-1.08,89.3,33.21,121,1.0,428.05,12.0,20.0,5.0,,,,,,,,,,,
macd_crossover,ADA-USDT,4h,,,,345.43,16.807,-1.23,86.0,18.57,107,1.0,280.7,12.0,20.0,7.0,,,,,,,,,,,
macd_crossover,ADA-USDT,4h,,,,249.56,16.307,-1.56,86.2,20.63,87,1.0,160.41,12.0,20.0,9.0,,,,,,,,,,,
macd_crossover,ADA-USDT,4h,,,,209.19,14.891,-1.47,84.7,18.18,85,1.0,142.54,12.0,20.0,11.0,,,,,,,,,,,
macd_crossover,ADA-USDT,4h,,,,419.67,17.725,-1.23,87.4,25.11,119,1.0,341.03,12.0,23.0,5.0,,,,,,,,,,,
macd_crossover,ADA-USDT,4h,,,,343.78,18.235,-1.56,90.9,30.11,99,1.0,220.98,12.0,23.0,7.0,,,,,,,,,,,
macd_crossover,ADA-USDT,4h,,,,239.05,15.286,-1.47,84.3,14.92,89,1.0,162.88,12.0,23.0,9.0,,,,,,,,,,,
macd_crossover,ADA-USDT,4h,,,,161.9,14.056,-1.37,84.4,23.8,77,1.0,118.06,12.0,23.0,11.0,,,,,,,,,,,
macd_crossover,ADA-USDT,4h,,,,450.75,20.182,-1.23,94.6,55.26,111,1.0,366.28,12.0,26.0,5.0,,,,,,,,,,,
macd_crossover,ADA-USDT,4h,,,,306.56,17.351,-1.56,88.7,25.6,97,1.0,197.05,12.0,26.0,7.0,,,,,,,,,,,
macd_crossover,ADA-USDT,4h,,,,195.83,14.324,-1.43,83.5,17.15,85,1.0,137.08,12.0,26.0,9.0,,,,,,,,,,,
macd_crossover,ADA-USDT,4h,,,,166.96,14.912,-1.37,82.4,29.15,74,1.0,121.75,12.0,26.0,11.0,,,,,,,,,,,
macd_crossover,ADA-USDT,4h,,,,497.97,20.434,-0.85,93.7,52.18,111,1.0,585.66,12.0,29.0,5.0,,,,,,,,,,,
macd_crossover,ADA-USDT,4h,,,,262.8,16.273,-1.47,86.8,20.37,91,1.0,179.06,12.0,29.0,7.0,,,,,,,,,,,
macd_crossover,ADA-USDT,4h,,,,198.51,14.404,-1.43,83.0,16.18,88,1.0,138.96,12.0,29.0,9.0,,,,,,,,,,,
macd_crossover,ADA-USDT,4h,,,,180.16,15.738,-1.37,83.8,31.56,74,1.0,131.38,12.0,29.0,11.0,,,,,,,,,,,
macd_crossover,ADA-USDT,4h,,,,474.99,20.092,-1.05,92.7,55.74,109,1.0,451.76,12.0,32.0,5.0,,,,,,,,,,,
macd_crossover,ADA-USDT,4h,,,,253.94,15.716,-1.47,84.6,15.64,91,1.0,173.02,12.0,32.0,7.0,,,,,,,,,,,
macd_crossover,ADA-USDT,4h,,,,203.94,15.375,-1.43,86.9,20.87,84,1.0,142.76,12.0,32.0,9.0,,,,,,,,,,,
macd_crossover,ADA-USDT,4h,,,,157.87,13.121,-2.25,76.9,10.61,78,1.0,70.18,12.0,32.0,11.0,,,,,,,,,,,
macd_crossover,ADA-USDT,4h,,,,416.61,19.79,-1.05,93.2,59.29,103,1.0,396.24,12.0,35.0,5.0,,,,,,,,,,,
macd_crossover,ADA-USDT,4h,,,,264.55,16.443,-1.47,87.9,22.21,91,1.0,180.26,12.0,35.0,7.0,,,,,,,,,,,
macd_crossover,ADA-USDT,4h,,,,211.22,15.57,-1.43,87.2,22.69,86,1.0,147.85,12.0,35.0,9.0,,,,,,,,,,,
macd_crossover,ADA-USDT,4h,,,,164.25,13.691,-2.25,80.8,11.88,78,1.0,73.02,12.0,35.0,11.0,,,,,,,,,,,
macd_crossover,ADA-USDT,4h,,,,433.5,18.3,-1.23,88.9,27.56,117,1.0,352.27,14.0,20.0,5.0,,,,,,,,,,,
macd_crossover,ADA-USDT,4h,,,,323.13,17.355,-1.56,88.9,24.57,99,1.0,207.7,14.0,20.0,7.0,,,,,,,,,,,
macd_crossover,ADA-USDT,4h,,,,225.6,14.905,-1.47,84.3,16.2,89,1.0,153.71,14.0,20.0,9.0,,,,,,,,,,,
macd_crossover,ADA-USDT,4h,,,,156.14,13.969,-1.37,84.2,23.16,76,1.0,113.86,14.0,20.0,11.0,,,,,,,,,,,
macd_crossover,ADA-USDT,4h,,,,433.36,19.43,-1.23,92.8,39.63,111,1.0,352.15,14.0,23.0,5.0,,,,,,,,,,,
macd_crossover,ADA-USDT,4h,,,,270.11,16.229,-1.56,86.0,17.48,93,1.0,173.62,14.0,23.0,7.0,,,,,,,,,,,
macd_crossover,ADA-USDT,4h,,,,181.49,14.275,-1.37,84.3,19.1,83,1.0,132.35,14.0,23.0,9.0,,,,,,,,,,,
macd_crossover,ADA-USDT,4h,,,,156.73,14.525,-1.37,84.7,28.17,72,1.0,114.29,14.0,23.0,11.0,,,,,,,,,,,
macd_crossover,ADA-USDT,4h,,,,446.04,19.839,-1.05,92.4,41.77,105,1.0,424.24,14.0,26.0,5.0,,,,,,,,,,,
macd_crossover,ADA-USDT,4h,,,,240.63,15.179,-1.47,83.5,14.74,91,1.0,163.95,14.0,26.0,7.0,,,,,,,,,,,
macd_crossover,ADA-USDT,4h,,,,183.5,15.3,-1.37,84.6,29.81,78,1.0,133.81,14.0,26.0,9.0,,,,,,,,,,,
macd_crossover,ADA-USDT,4h,,,,154.99,14.22,-2.16,80.6,17.66,72,1.0,71.77,14.0,26.0,11.0,,,,,,,,,,,
macd_crossover,ADA-USDT,4h,,,,391.79,19.624,-1.05,92.9,53.75,99,1.0,372.64,14.0,29.0,5.0,,,,,,,,,,,
macd_crossover,ADA-USDT,4h,,,,216.86,14.25,-1.47,82.4,13.44,91,1.0,147.76,14.0,29.0,7.0,,,,,,,,,,,
macd_crossover,ADA-USDT,4h,,,,185.04,15.181,-1.37,86.2,26.01,80,1.0,134.94,14.0,29.0,9.0,,,,,,,,,,,
macd_crossover,ADA-USDT,4h,,,,139.73,13.132,-2.25,75.7,11.92,70,1.0,62.12,14.0,29.0,11.0,,,,,,,,,,,
macd_crossover,ADA-USDT,4h,,,,349.11,19.418,-1.01,93.5,53.61,93,1.0,345.84,14.0,32.0,5.0,,,,,,,,,,,
macd_crossover,ADA-USDT,4h,,,,215.89,15.353,-1.43,86.0,21.88,86,1.0,151.12,14.0,32.0,7.0,,,,,,,,,,,
macd_crossover,ADA-USDT,4h,,,,204.01,15.833,-1.37,86.6,30.71,82,1.0,148.77,14.0,32.0,9.0,,,,,,,,,,,
macd_crossover,ADA-USDT,4h,,,,167.77,14.848,-1.69,79.7,16.12,74,1.0,99.38,14.0,32.0,11.0,,,,,,,,,,,
macd_crossover,ADA-USDT,4h,,,,359.22,19.697,-1.01,91.6,66.49,95,1.0,355.85,14.0,35.0,5.0,,,,,,,,,,,
macd_crossover,ADA-USDT,4h,,,,214.38,15.595,-1.43,88.4,21.52,86,1.0,150.07,14.0,35.0,7.0,,,,,,,,,,,
macd_crossover,ADA-USDT,4h,,,,158.44,13.391,-2.25,83.3,11.91,78,1.0,70.43,14.0,35.0,9.0,,,,,,,,,,,
macd_crossover,ADA-USDT,4h,,,,152.89,13.599,-1.69,78.2,14.9,78,1.0,90.57,14.0,35.0,11.0,,,,,,,,,,,
bb_reversion,ADA-USDT,4h,15.0,,,-98.58,-19.902,-98.58,0.0,0.0,114,2.5,-1.0,,,,1.5,,,,,,,,,,
bb_reversion,ADA-USDT,4h,15.0,,,-90.35,-26.259,-90.35,0.0,0.0,55,1.7,-1.0,,,,2.0,,,,,,,,,,
bb_reversion,ADA-USDT,4h,15.0,,,-53.07,-26.416,-53.07,0.0,0.0,19,1.2,-1.0,,,,2.5,,,,,,,,,,
bb_reversion,ADA-USDT,4h,15.0,,,-10.19,-36.265,-10.19,0.0,0.0,2,1.0,-1.0,,,,3.0,,,,,,,,,,
bb_reversion,ADA-USDT,4h,17.0,,,-98.02,-19.198,-98.02,0.0,0.0,105,2.7,-1.0,,,,1.5,,,,,,,,,,
bb_reversion,ADA-USDT,4h,17.0,,,-92.15,-26.692,-92.15,0.0,0.0,63,1.8,-1.0,,,,2.0,,,,,,,,,,
bb_reversion,ADA-USDT,4h,17.0,,,-64.75,-25.032,-64.75,0.0,0.0,27,1.1,-1.0,,,,2.5,,,,,,,,,,
bb_reversion,ADA-USDT,4h,17.0,,,-24.57,-31.886,-24.57,0.0,0.0,5,1.0,-1.0,,,,3.0,,,,,,,,,,
bb_reversion,ADA-USDT,4h,19.0,,,-97.53,-17.303,-97.53,0.0,0.0,93,3.1,-1.0,,,,1.5,,,,,,,,,,
bb_reversion,ADA-USDT,4h,19.0,,,-92.16,-29.322,-92.16,0.0,0.0,59,2.0,-1.0,,,,2.0,,,,,,,,,,
bb_reversion,ADA-USDT,4h,19.0,,,-68.63,-24.046,-68.63,0.0,0.0,30,1.2,-1.0,,,,2.5,,,,,,,,,,
bb_reversion,ADA-USDT,4h,19.0,,,-34.27,-25.615,-34.27,0.0,0.0,8,1.1,-1.0,,,,3.0,,,,,,,,,,
bb_reversion,ADA-USDT,4h,21.0,,,-96.71,-17.633,-96.71,0.0,0.0,81,3.4,-1.0,,,,1.5,,,,,,,,,,
bb_reversion,ADA-USDT,4h,21.0,,,-92.13,-33.025,-92.13,0.0,0.0,58,2.3,-1.0,,,,2.0,,,,,,,,,,
bb_reversion,ADA-USDT,4h,21.0,,,-71.67,-25.341,-71.67,0.0,0.0,32,1.3,-1.0,,,,2.5,,,,,,,,,,
bb_reversion,ADA-USDT,4h,21.0,,,-33.67,-32.802,-33.67,0.0,0.0,10,1.1,-1.0,,,,3.0,,,,,,,,,,
bb_reversion,ADA-USDT,4h,23.0,,,-96.31,-17.178,-96.31,0.0,0.0,78,3.6,-1.0,,,,1.5,,,,,,,,,,
bb_reversion,ADA-USDT,4h,23.0,,,-92.02,-28.786,-92.02,1.7,0.0,60,2.3,-1.0,,,,2.0,,,,,,,,,,
bb_reversion,ADA-USDT,4h,23.0,,,-72.25,-25.444,-72.25,0.0,0.0,30,1.5,-1.0,,,,2.5,,,,,,,,,,
bb_reversion,ADA-USDT,4h,23.0,,,-29.56,-27.797,-29.56,0.0,0.0,9,1.0,-1.0,,,,3.0,,,,,,,,,,
bb_reversion,ADA-USDT,4h,25.0,,,-95.93,-16.961,-95.93,0.0,0.0,75,3.7,-1.0,,,,1.5,,,,,,,,,,
bb_reversion,ADA-USDT,4h,25.0,,,-91.12,-27.463,-91.12,0.0,0.0,53,2.5,-1.0,,,,2.0,,,,,,,,,,
bb_reversion,ADA-USDT,4h,25.0,,,-70.68,-24.851,-70.68,0.0,0.0,32,1.4,-1.0,,,,2.5,,,,,,,,,,
bb_reversion,ADA-USDT,4h,25.0,,,-31.76,-29.192,-31.76,0.0,0.0,10,1.1,-1.0,,,,3.0,,,,,,,,,,
ema_crossover,ADA-USDT,4h,,,,360.01,8.239,-9.63,66.1,8.85,62,17.4,37.36,5.0,25.0,,,,,,,,,,,,
ema_crossover,ADA-USDT,4h,,,,311.48,7.433,-8.99,66.7,8.8,60,18.0,34.64,5.0,30.0,,,,,,,,,,,,
ema_crossover,ADA-USDT,4h,,,,245.6,6.873,-10.2,56.9,6.72,58,18.6,24.09,5.0,35.0,,,,,,,,,,,,
ema_crossover,ADA-USDT,4h,,,,216.35,6.972,-10.09,61.5,6.4,52,20.8,21.45,5.0,40.0,,,,,,,,,,,,
ema_crossover,ADA-USDT,4h,,,,190.15,6.242,-9.23,56.9,5.54,58,18.6,20.61,5.0,45.0,,,,,,,,,,,,
ema_crossover,ADA-USDT,4h,,,,167.41,6.126,-9.23,56.0,5.39,50,21.6,18.14,5.0,50.0,,,,,,,,,,,,
ema_crossover,ADA-USDT,4h,,,,186.31,6.181,-13.03,47.9,4.17,48,22.5,14.3,8.0,25.0,,,,,,,,,,,,
ema_crossover,ADA-USDT,4h,,,,145.76,5.721,-13.42,50.0,3.42,46,23.5,10.86,8.0,30.0,,,,,,,,,,,,
ema_crossover,ADA-USDT,4h,,,,91.78,4.513,-25.53,47.6,2.6,42,25.7,3.59,8.0,35.0,,,,,,,,,,,,
ema_crossover,ADA-USDT,4h,,,,74.14,3.993,-29.82,45.2,2.28,42,25.7,2.49,8.0,40.0,,,,,,,,,,,,
ema_crossover,ADA-USDT,4h,,,,67.16,3.976,-28.43,42.1,2.34,38,28.4,2.36,8.0,45.0,,,,,,,,,,,,
ema_crossover,ADA-USDT,4h,,,,23.75,2.022,-33.79,32.5,1.47,40,27.0,0.7,8.0,50.0,,,,,,,,,,,,
ema_crossover,ADA-USDT,4h,,,,126.83,5.806,-20.05,47.4,3.37,38,28.4,6.32,11.0,25.0,,,,,,,,,,,,
ema_crossover,ADA-USDT,4h,,,,49.61,3.242,-37.66,41.7,1.88,36,30.0,1.32,11.0,30.0,,,,,,,,,,,,
ema_crossover,ADA-USDT,4h,,,,58.49,3.624,-30.24,50.0,2.08,38,28.4,1.93,11.0,35.0,,,,,,,,,,,,
ema_crossover,ADA-USDT,4h,,,,46.62,3.311,-31.52,38.9,1.91,36,30.0,1.48,11.0,40.0,,,,,,,,,,,,
ema_crossover,ADA-USDT,4h,,,,19.66,1.919,-32.67,30.6,1.43,36,30.0,0.6,11.0,45.0,,,,,,,,,,,,
ema_crossover,ADA-USDT,4h,,,,15.14,1.539,-34.44,30.0,1.34,40,27.0,0.44,11.0,50.0,,,,,,,,,,,,
ema_crossover,ADA-USDT,4h,,,,66.61,3.93,-29.97,44.4,2.19,36,30.0,2.22,14.0,25.0,,,,,,,,,,,,
ema_crossover,ADA-USDT,4h,,,,61.53,3.897,-26.15,41.7,2.28,36,30.0,2.35,14.0,30.0,,,,,,,,,,,,
ema_crossover,ADA-USDT,4h,,,,34.25,2.662,-33.16,33.3,1.67,36,30.0,1.03,14.0,35.0,,,,,,,,,,,,
ema_crossover,ADA-USDT,4h,,,,29.2,2.494,-36.68,34.4,1.63,32,33.8,0.8,14.0,40.0,,,,,,,,,,,,
ema_crossover,ADA-USDT,4h,,,,5.93,1.033,-39.54,30.6,1.2,36,30.0,0.15,14.0,45.0,,,,,,,,,,,,
ema_crossover,ADA-USDT,4h,,,,0.19,0.661,-43.95,30.6,1.12,36,30.0,0.0,14.0,50.0,,,,,,,,,,,,
ema_crossover,ADA-USDT,4h,,,,65.46,4.329,-24.03,43.8,2.39,32,33.8,2.72,17.0,25.0,,,,,,,,,,,,
ema_crossover,ADA-USDT,4h,,,,43.85,3.326,-29.42,34.4,1.93,32,33.8,1.49,17.0,30.0,,,,,,,,,,,,
ema_crossover,ADA-USDT,4h,,,,17.43,1.829,-43.26,34.4,1.39,32,33.8,0.4,17.0,35.0,,,,,,,,,,,,
ema_crossover,ADA-USDT,4h,,,,0.82,0.734,-44.92,26.5,1.13,34,31.8,0.02,17.0,40.0,,,,,,,,,,,,
ema_crossover,ADA-USDT,4h,,,,-9.74,-0.016,-51.36,33.3,1.0,36,30.0,-0.19,17.0,45.0,,,,,,,,,,,,
ema_crossover,ADA-USDT,4h,,,,-13.14,-0.321,-51.74,30.6,0.95,36,30.0,-0.25,17.0,50.0,,,,,,,,,,,,
ema_crossover,ADA-USDT,4h,,,,56.02,3.767,-25.21,41.2,2.13,34,31.8,2.22,20.0,25.0,,,,,,,,,,,,
ema_crossover,ADA-USDT,4h,,,,16.13,1.759,-40.89,34.4,1.38,32,33.8,0.39,20.0,30.0,,,,,,,,,,,,
ema_crossover,ADA-USDT,4h,,,,18.24,1.856,-43.29,31.2,1.4,32,33.8,0.42,20.0,35.0,,,,,,,,,,,,
ema_crossover,ADA-USDT,4h,,,,-5.74,0.277,-49.22,32.4,1.05,34,31.8,-0.12,20.0,40.0,,,,,,,,,,,,
ema_crossover,ADA-USDT,4h,,,,-23.17,-1.274,-51.4,26.5,0.81,34,31.8,-0.45,20.0,45.0,,,,,,,,,,,,
ema_crossover,ADA-USDT,4h,,,,-17.33,-0.925,-46.98,28.1,0.86,32,33.8,-0.37,20.0,50.0,,,,,,,,,,,,
stoch_rsi,ADA-USDT,4h,7.0,15.0,75.0,39.13,5.691,-5.07,61.3,2.2,93,1.0,7.71,,,,,3.0,3.0,,,,,,,,
stoch_rsi,ADA-USDT,4h,7.0,15.0,80.0,34.8,5.377,-5.07,61.4,2.1,88,1.0,6.86,,,,,3.0,3.0,,,,,,,,
stoch_rsi,ADA-USDT,4h,7.0,15.0,85.0,24.45,4.45,-6.39,60.8,1.87,79,1.0,3.83,,,,,3.0,3.0,,,,,,,,
stoch_rsi,ADA-USDT,4h,7.0,20.0,75.0,50.7,6.608,-5.07,63.7,2.48,102,1.0,10.0,,,,,3.0,3.0,,,,,,,,
stoch_rsi,ADA-USDT,4h,7.0,20.0,80.0,46.02,6.347,-5.07,63.9,2.39,97,1.0,9.07,,,,,3.0,3.0,,,,,,,,
stoch_rsi,ADA-USDT,4h,7.0,20.0,85.0,34.8,5.589,-6.39,63.6,2.18,88,1.0,5.45,,,,,3.0,3.0,,,,,,,,
stoch_rsi,ADA-USDT,4h,7.0,25.0,75.0,60.94,6.772,-5.28,62.8,2.52,113,1.0,11.55,,,,,3.0,3.0,,,,,,,,
stoch_rsi,ADA-USDT,4h,7.0,25.0,80.0,55.94,6.549,-5.28,63.0,2.44,108,1.0,10.6,,,,,3.0,3.0,,,,,,,,
stoch_rsi,ADA-USDT,4h,7.0,25.0,85.0,43.97,5.906,-6.59,62.6,2.26,99,1.0,6.67,,,,,3.0,3.0,,,,,,,,
stoch_rsi,ADA-USDT,4h,9.0,15.0,75.0,114.29,9.383,-3.57,67.0,4.45,109,1.0,32.03,,,,,3.0,3.0,,,,,,,,
stoch_rsi,ADA-USDT,4h,9.0,15.0,80.0,93.72,8.823,-3.57,66.7,4.14,102,1.0,26.26,,,,,3.0,3.0,,,,,,,,
stoch_rsi,ADA-USDT,4h,9.0,15.0,85.0,80.29,8.614,-3.57,66.3,4.11,92,1.0,22.5,,,,,3.0,3.0,,,,,,,,
stoch_rsi,ADA-USDT,4h,9.0,20.0,75.0,119.33,9.088,-3.57,65.3,4.19,118,1.0,33.44,,,,,3.0,3.0,,,,,,,,
stoch_rsi,ADA-USDT,4h,9.0,20.0,80.0,98.27,8.55,-3.57,64.9,3.9,111,1.0,27.54,,,,,3.0,3.0,,,,,,,,
stoch_rsi,ADA-USDT,4h,9.0,20.0,85.0,84.53,8.332,-3.57,64.4,3.85,101,1.0,23.69,,,,,3.0,3.0,,,,,,,,
stoch_rsi,ADA-USDT,4h,9.0,25.0,75.0,123.91,9.229,-3.57,65.8,4.27,120,1.0,34.72,,,,,3.0,3.0,,,,,,,,
stoch_rsi,ADA-USDT,4h,9.0,25.0,80.0,102.41,8.707,-3.57,65.5,3.99,113,1.0,28.7,,,,,3.0,3.0,,,,,,,,
stoch_rsi,ADA-USDT,4h,9.0,25.0,85.0,88.39,8.505,-3.57,65.0,3.94,103,1.0,24.77,,,,,3.0,3.0,,,,,,,,
stoch_rsi,ADA-USDT,4h,11.0,15.0,75.0,71.25,8.946,-3.12,71.4,3.88,105,1.0,22.85,,,,,3.0,3.0,,,,,,,,
stoch_rsi,ADA-USDT,4h,11.0,15.0,80.0,51.81,7.976,-3.12,69.8,3.26,96,1.0,16.62,,,,,3.0,3.0,,,,,,,,
stoch_rsi,ADA-USDT,4h,11.0,15.0,85.0,46.54,7.66,-3.12,68.5,3.12,89,1.0,14.92,,,,,3.0,3.0,,,,,,,,
stoch_rsi,ADA-USDT,4h,11.0,20.0,75.0,94.36,9.006,-3.12,72.5,4.32,120,1.0,30.26,,,,,3.0,3.0,,,,,,,,
stoch_rsi,ADA-USDT,4h,11.0,20.0,80.0,72.3,8.198,-3.12,71.2,3.74,111,1.0,23.19,,,,,3.0,3.0,,,,,,,,
stoch_rsi,ADA-USDT,4h,11.0,20.0,85.0,66.31,7.977,-3.12,70.2,3.62,104,1.0,21.26,,,,,3.0,3.0,,,,,,,,
stoch_rsi,ADA-USDT,4h,11.0,25.0,75.0,143.74,9.37,-3.12,73.8,5.38,130,1.0,46.09,,,,,3.0,3.0,,,,,,,,
stoch_rsi,ADA-USDT,4h,11.0,25.0,80.0,116.08,8.731,-3.12,72.7,4.82,121,1.0,37.22,,,,,3.0,3.0,,,,,,,,
stoch_rsi,ADA-USDT,4h,11.0,25.0,85.0,108.57,8.624,-3.12,71.9,4.73,114,1.0,34.81,,,,,3.0,3.0,,,,,,,,
stoch_rsi,ADA-USDT,4h,13.0,15.0,75.0,72.46,7.483,-5.37,67.6,2.76,102,1.0,13.49,,,,,3.0,3.0,,,,,,,,
stoch_rsi,ADA-USDT,4h,13.0,15.0,80.0,60.36,6.926,-5.37,67.3,2.54,98,1.0,11.24,,,,,3.0,3.0,,,,,,,,
stoch_rsi,ADA-USDT,4h,13.0,15.0,85.0,47.13,6.221,-5.89,66.3,2.31,86,1.0,8.0,,,,,3.0,3.0,,,,,,,,
stoch_rsi,ADA-USDT,4h,13.0,20.0,75.0,89.3,8.249,-4.3,69.1,3.05,110,1.0,20.78,,,,,3.0,3.0,,,,,,,,
stoch_rsi,ADA-USDT,4h,13.0,20.0,80.0,76.02,7.767,-4.3,68.9,2.83,106,1.0,17.69,,,,,3.0,3.0,,,,,,,,
stoch_rsi,ADA-USDT,4h,13.0,20.0,85.0,61.5,7.174,-4.3,68.1,2.61,94,1.0,14.31,,,,,3.0,3.0,,,,,,,,
stoch_rsi,ADA-USDT,4h,13.0,25.0,75.0,103.44,8.437,-4.3,68.6,3.18,118,1.0,24.07,,,,,3.0,3.0,,,,,,,,
stoch_rsi,ADA-USDT,4h,13.0,25.0,80.0,89.17,7.999,-4.3,68.4,2.98,114,1.0,20.75,,,,,3.0,3.0,,,,,,,,
stoch_rsi,ADA-USDT,4h,13.0,25.0,85.0,73.56,7.482,-4.3,67.6,2.78,102,1.0,17.12,,,,,3.0,3.0,,,,,,,,
stoch_rsi,ADA-USDT,4h,15.0,15.0,75.0,64.79,7.671,-3.75,62.0,2.91,100,1.0,17.28,,,,,3.0,3.0,,,,,,,,
stoch_rsi,ADA-USDT,4h,15.0,15.0,80.0,58.43,7.312,-3.99,61.5,2.79,96,1.0,14.64,,,,,3.0,3.0,,,,,,,,
stoch_rsi,ADA-USDT,4h,15.0,15.0,85.0,49.79,6.888,-4.77,60.4,2.62,91,1.0,10.43,,,,,3.0,3.0,,,,,,,,
stoch_rsi,ADA-USDT,4h,15.0,20.0,75.0,80.44,8.107,-3.75,61.5,3.17,109,1.0,21.46,,,,,3.0,3.0,,,,,,,,
stoch_rsi,ADA-USDT,4h,15.0,20.0,80.0,73.47,7.798,-3.99,61.0,3.07,105,1.0,18.41,,,,,3.0,3.0,,,,,,,,
stoch_rsi,ADA-USDT,4h,15.0,20.0,85.0,64.02,7.445,-4.03,60.0,2.91,100,1.0,15.9,,,,,3.0,3.0,,,,,,,,
stoch_rsi,ADA-USDT,4h,15.0,25.0,75.0,82.94,8.12,-3.75,61.9,3.21,113,1.0,22.12,,,,,3.0,3.0,,,,,,,,
stoch_rsi,ADA-USDT,4h,15.0,25.0,80.0,75.87,7.818,-3.99,61.5,3.11,109,1.0,19.01,,,,,3.0,3.0,,,,,,,,
stoch_rsi,ADA-USDT,4h,15.0,25.0,85.0,66.29,7.476,-4.19,60.6,2.95,104,1.0,15.81,,,,,3.0,3.0,,,,,,,,
stoch_rsi,ADA-USDT,4h,17.0,15.0,75.0,78.49,11.548,-2.3,76.4,5.67,89,1.0,34.1,,,,,3.0,3.0,,,,,,,,
stoch_rsi,ADA-USDT,4h,17.0,15.0,80.0,74.96,11.589,-2.3,76.2,5.79,84,1.0,32.57,,,,,3.0,3.0,,,,,,,,
stoch_rsi,ADA-USDT,4h,17.0,15.0,85.0,71.49,11.471,-2.3,75.0,5.62,80,1.0,31.06,,,,,3.0,3.0,,,,,,,,
stoch_rsi,ADA-USDT,4h,17.0,20.0,75.0,91.37,11.459,-2.98,75.8,5.93,95,1.0,30.64,,,,,3.0,3.0,,,,,,,,
stoch_rsi,ADA-USDT,4h,17.0,20.0,80.0,87.59,11.509,-2.98,75.6,6.06,90,1.0,29.37,,,,,3.0,3.0,,,,,,,,
stoch_rsi,ADA-USDT,4h,17.0,20.0,85.0,83.86,11.418,-2.98,74.4,5.9,86,1.0,28.12,,,,,3.0,3.0,,,,,,,,
stoch_rsi,ADA-USDT,4h,17.0,25.0,75.0,124.05,10.353,-2.61,76.7,6.98,103,1.0,47.44,,,,,3.0,3.0,,,,,,,,
stoch_rsi,ADA-USDT,4h,17.0,25.0,80.0,119.61,10.41,-2.61,76.5,7.15,98,1.0,45.75,,,,,3.0,3.0,,,,,,,,
stoch_rsi,ADA-USDT,4h,17.0,25.0,85.0,115.26,10.376,-2.61,75.5,7.0,94,1.0,44.08,,,,,3.0,3.0,,,,,,,,
stoch_rsi,ADA-USDT,4h,19.0,15.0,75.0,87.8,10.529,-3.44,73.3,4.81,90,1.0,25.51,,,,,3.0,3.0,,,,,,,,
stoch_rsi,ADA-USDT,4h,19.0,15.0,80.0,79.18,10.421,-3.44,73.8,4.69,84,1.0,23.0,,,,,3.0,3.0,,,,,,,,
stoch_rsi,ADA-USDT,4h,19.0,15.0,85.0,66.99,10.205,-3.44,74.0,4.55,77,1.0,19.46,,,,,3.0,3.0,,,,,,,,
stoch_rsi,ADA-USDT,4h,19.0,20.0,75.0,96.05,10.538,-3.44,72.4,4.84,98,1.0,27.9,,,,,3.0,3.0,,,,,,,,
stoch_rsi,ADA-USDT,4h,19.0,20.0,80.0,87.06,10.439,-3.44,72.8,4.72,92,1.0,25.29,,,,,3.0,3.0,,,,,,,,
stoch_rsi,ADA-USDT,4h,19.0,20.0,85.0,74.34,10.248,-3.44,72.9,4.59,85,1.0,21.6,,,,,3.0,3.0,,,,,,,,
stoch_rsi,ADA-USDT,4h,19.0,25.0,75.0,98.16,10.277,-3.44,71.2,4.71,104,1.0,28.52,,,,,3.0,3.0,,,,,,,,
stoch_rsi,ADA-USDT,4h,19.0,25.0,80.0,89.07,10.166,-3.44,71.4,4.6,98,1.0,25.87,,,,,3.0,3.0,,,,,,,,
stoch_rsi,ADA-USDT,4h,19.0,25.0,85.0,76.21,9.968,-3.44,71.4,4.46,91,1.0,22.14,,,,,3.0,3.0,,,,,,,,
stoch_rsi,ADA-USDT,4h,21.0,15.0,75.0,55.52,6.929,-5.86,65.6,2.82,96,1.0,9.47,,,,,3.0,3.0,,,,,,,,
stoch_rsi,ADA-USDT,4h,21.0,15.0,80.0,43.95,6.177,-5.86,63.7,2.5,91,1.0,7.49,,,,,3.0,3.0,,,,,,,,
stoch_rsi,ADA-USDT,4h,21.0,15.0,85.0,36.13,6.014,-5.86,63.3,2.47,79,1.0,6.16,,,,,3.0,3.0,,,,,,,,
stoch_rsi,ADA-USDT,4h,21.0,20.0,75.0,59.98,6.598,-5.86,65.0,2.71,103,1.0,10.23,,,,,3.0,3.0,,,,,,,,
stoch_rsi,ADA-USDT,4h,21.0,20.0,80.0,48.08,5.903,-5.86,63.3,2.43,98,1.0,8.2,,,,,3.0,3.0,,,,,,,,
stoch_rsi,ADA-USDT,4h,21.0,20.0,85.0,40.03,5.727,-5.86,62.8,2.4,86,1.0,6.83,,,,,3.0,3.0,,,,,,,,
stoch_rsi,ADA-USDT,4h,21.0,25.0,75.0,62.08,6.614,-5.86,65.1,2.7,106,1.0,10.59,,,,,3.0,3.0,,,,,,,,
stoch_rsi,ADA-USDT,4h,21.0,25.0,80.0,50.01,5.939,-5.86,63.4,2.43,101,1.0,8.53,,,,,3.0,3.0,,,,,,,,
stoch_rsi,ADA-USDT,4h,21.0,25.0,85.0,41.86,5.772,-5.86,62.9,2.4,89,1.0,7.14,,,,,3.0,3.0,,,,,,,,
kc_breakout,ADA-USDT,4h,15.0,,,1024.78,16.761,0.0,100.0,999.0,63,2.7,0.0,,,,,,,1.5,,,,,,,
kc_breakout,ADA-USDT,4h,15.0,,,345.77,20.306,0.0,100.0,999.0,29,2.3,0.0,,,,,,,2.0,,,,,,,
kc_breakout,ADA-USDT,4h,15.0,,,113.07,21.616,0.0,100.0,999.0,14,1.9,0.0,,,,,,,2.5,,,,,,,
kc_breakout,ADA-USDT,4h,15.0,,,42.31,32.975,0.0,100.0,999.0,6,1.3,0.0,,,,,,,3.0,,,,,,,
kc_breakout,ADA-USDT,4h,17.0,,,1224.52,16.241,0.0,100.0,999.0,69,3.1,0.0,,,,,,,1.5,,,,,,,
kc_breakout,ADA-USDT,4h,17.0,,,430.86,20.097,0.0,100.0,999.0,36,2.5,0.0,,,,,,,2.0,,,,,,,
kc_breakout,ADA-USDT,4h,17.0,,,156.04,21.377,0.0,100.0,999.0,17,2.3,0.0,,,,,,,2.5,,,,,,,
kc_breakout,ADA-USDT,4h,17.0,,,63.75,28.728,0.0,100.0,999.0,8,1.9,0.0,,,,,,,3.0,,,,,,,
kc_breakout,ADA-USDT,4h,19.0,,,1389.7,16.584,0.0,100.0,999.0,72,3.3,0.0,,,,,,,1.5,,,,,,,
kc_breakout,ADA-USDT,4h,19.0,,,556.21,17.548,0.0,100.0,999.0,43,2.6,0.0,,,,,,,2.0,,,,,,,
kc_breakout,ADA-USDT,4h,19.0,,,188.48,24.357,0.0,100.0,999.0,18,2.7,0.0,,,,,,,2.5,,,,,,,
kc_breakout,ADA-USDT,4h,19.0,,,82.87,21.099,0.0,100.0,999.0,11,2.3,0.0,,,,,,,3.0,,,,,,,
kc_breakout,ADA-USDT,4h,21.0,,,1573.38,18.197,0.0,100.0,999.0,73,3.7,0.0,,,,,,,1.5,,,,,,,
kc_breakout,ADA-USDT,4h,21.0,,,564.83,18.24,0.0,100.0,999.0,43,3.0,0.0,,,,,,,2.0,,,,,,,
kc_breakout,ADA-USDT,4h,21.0,,,199.69,20.727,0.0,100.0,999.0,19,3.1,0.0,,,,,,,2.5,,,,,,,
kc_breakout,ADA-USDT,4h,21.0,,,118.3,18.606,0.0,100.0,999.0,16,2.1,0.0,,,,,,,3.0,,,,,,,
kc_breakout,ADA-USDT,4h,23.0,,,1489.93,17.694,0.0,100.0,999.0,72,3.9,0.0,,,,,,,1.5,,,,,,,
kc_breakout,ADA-USDT,4h,23.0,,,639.58,16.013,0.0,100.0,999.0,47,3.2,0.0,,,,,,,2.0,,,,,,,
kc_breakout,ADA-USDT,4h,23.0,,,256.5,19.435,0.0,100.0,999.0,23,3.2,0.0,,,,,,,2.5,,,,,,,
kc_breakout,ADA-USDT,4h,23.0,,,128.55,22.988,0.0,100.0,999.0,15,2.7,0.0,,,,,,,3.0,,,,,,,
kc_breakout,ADA-USDT,4h,25.0,,,1295.88,15.387,0.0,100.0,999.0,70,4.3,0.0,,,,,,,1.5,,,,,,,
kc_breakout,ADA-USDT,4h,25.0,,,724.43,17.712,0.0,100.0,999.0,48,3.6,0.0,,,,,,,2.0,,,,,,,
kc_breakout,ADA-USDT,4h,25.0,,,307.61,18.959,0.0,100.0,999.0,26,3.3,0.0,,,,,,,2.5,,,,,,,
kc_breakout,ADA-USDT,4h,25.0,,,138.56,19.571,0.0,100.0,999.0,15,3.1,0.0,,,,,,,3.0,,,,,,,
rsi_adx_combo,ADA-USDT,4h,,,,53.23,2.867,-34.58,42.1,1.74,57,16.5,1.54,,,,,,,,14.0,25.0,65.0,14.0,20.0,,
rsi_adx_combo,ADA-USDT,4h,,,,28.6,1.798,-40.86,35.8,1.4,67,12.0,0.7,,,,,,,,14.0,25.0,65.0,14.0,25.0,,
rsi_adx_combo,ADA-USDT,4h,,,,57.65,3.219,-33.74,43.1,1.82,51,18.3,1.71,,,,,,,,14.0,25.0,70.0,14.0,20.0,,
rsi_adx_combo,ADA-USDT,4h,,,,48.5,2.715,-36.47,37.7,1.68,61,13.0,1.33,,,,,,,,14.0,25.0,70.0,14.0,25.0,,
rsi_adx_combo,ADA-USDT,4h,,,,57.65,3.219,-33.74,43.1,1.82,51,18.3,1.71,,,,,,,,14.0,25.0,75.0,14.0,20.0,,
rsi_adx_combo,ADA-USDT,4h,,,,56.65,3.189,-36.47,41.8,1.82,55,14.2,1.55,,,,,,,,14.0,25.0,75.0,14.0,25.0,,
rsi_adx_combo,ADA-USDT,4h,,,,50.76,2.749,-34.58,41.4,1.7,58,16.2,1.47,,,,,,,,14.0,30.0,65.0,14.0,20.0,,
rsi_adx_combo,ADA-USDT,4h,,,,25.6,1.601,-40.84,35.6,1.36,73,11.1,0.63,,,,,,,,14.0,30.0,65.0,14.0,25.0,,
rsi_adx_combo,ADA-USDT,4h,,,,55.1,3.087,-33.74,42.3,1.78,52,18.0,1.63,,,,,,,,14.0,30.0,70.0,14.0,20.0,,
rsi_adx_combo,ADA-USDT,4h,,,,45.04,2.456,-36.47,37.3,1.62,67,11.9,1.24,,,,,,,,14.0,30.0,70.0,14.0,25.0,,
rsi_adx_combo,ADA-USDT,4h,,,,55.1,3.087,-33.74,42.3,1.78,52,18.0,1.63,,,,,,,,14.0,30.0,75.0,14.0,20.0,,
rsi_adx_combo,ADA-USDT,4h,,,,53.0,2.884,-36.47,41.0,1.75,61,13.0,1.45,,,,,,,,14.0,30.0,75.0,14.0,25.0,,
rsi_adx_combo,ADA-USDT,4h,,,,47.46,2.562,-35.57,37.7,1.66,61,15.5,1.33,,,,,,,,14.0,35.0,65.0,14.0,20.0,,
rsi_adx_combo,ADA-USDT,4h,,,,15.19,1.103,-45.38,32.1,1.24,81,10.2,0.33,,,,,,,,14.0,35.0,65.0,14.0,25.0,,
rsi_adx_combo,ADA-USDT,4h,,,,51.71,2.875,-34.75,38.2,1.74,55,17.1,1.49,,,,,,,,14.0,35.0,70.0,14.0,20.0,,
rsi_adx_combo,ADA-USDT,4h,,,,33.01,1.875,-40.75,33.3,1.45,75,10.8,0.81,,,,,,,,14.0,35.0,70.0,14.0,25.0,,
rsi_adx_combo,ADA-USDT,4h,,,,51.71,2.875,-34.75,38.2,1.74,55,17.1,1.49,,,,,,,,14.0,35.0,75.0,14.0,20.0,,
rsi_adx_combo,ADA-USDT,4h,,,,40.31,2.241,-40.17,36.2,1.55,69,11.7,1.0,,,,,,,,14.0,35.0,75.0,14.0,25.0,,
rsi_vol_combo,ADA-USDT,4h,,,,-78.23,-15.76,-78.23,15.9,0.06,44,1.8,-1.0,,,,,,,,14.0,25.0,65.0,,,20.0,1.5
rsi_vol_combo,ADA-USDT,4h,,,,-71.71,-23.639,-71.71,5.4,0.01,37,1.3,-1.0,,,,,,,,14.0,25.0,65.0,,,20.0,2.0
rsi_vol_combo,ADA-USDT,4h,,,,-70.03,-16.279,-70.03,11.8,0.04,34,1.7,-1.0,,,,,,,,14.0,25.0,70.0,,,20.0,1.5
rsi_vol_combo,ADA-USDT,4h,,,,-61.12,-24.186,-61.12,6.9,0.01,29,1.3,-1.0,,,,,,,,14.0,25.0,70.0,,,20.0,2.0
rsi_vol_combo,ADA-USDT,4h,,,,-67.08,-19.547,-67.08,7.7,0.03,26,1.8,-1.0,,,,,,,,14.0,25.0,75.0,,,20.0,1.5
rsi_vol_combo,ADA-USDT,4h,,,,-57.05,-30.49,-57.05,4.2,0.0,24,1.2,-1.0,,,,,,,,14.0,25.0,75.0,,,20.0,2.0
rsi_vol_combo,ADA-USDT,4h,,,,-80.28,-15.646,-80.28,16.3,0.06,49,1.8,-1.0,,,,,,,,14.0,30.0,65.0,,,20.0,1.5
rsi_vol_combo,ADA-USDT,4h,,,,-75.61,-22.198,-75.61,7.0,0.01,43,1.3,-1.0,,,,,,,,14.0,30.0,65.0,,,20.0,2.0
rsi_vol_combo,ADA-USDT,4h,,,,-72.86,-16.091,-72.86,12.8,0.04,39,1.8,-1.0,,,,,,,,14.0,30.0,70.0,,,20.0,1.5
rsi_vol_combo,ADA-USDT,4h,,,,-66.48,-22.229,-66.48,8.6,0.02,35,1.3,-1.0,,,,,,,,14.0,30.0,70.0,,,20.0,2.0
rsi_vol_combo,ADA-USDT,4h,,,,-70.19,-18.73,-70.19,9.7,0.03,31,1.8,-1.0,,,,,,,,14.0,30.0,75.0,,,20.0,1.5
rsi_vol_combo,ADA-USDT,4h,,,,-62.97,-25.857,-62.97,6.7,0.01,30,1.2,-1.0,,,,,,,,14.0,30.0,75.0,,,20.0,2.0
rsi_vol_combo,ADA-USDT,4h,,,,-84.97,-15.639,-84.97,14.3,0.05,63,1.7,-1.0,,,,,,,,14.0,35.0,65.0,,,20.0,1.5
rsi_vol_combo,ADA-USDT,4h,,,,-78.31,-21.98,-78.31,8.2,0.01,49,1.3,-1.0,,,,,,,,14.0,35.0,65.0,,,20.0,2.0
rsi_vol_combo,ADA-USDT,4h,,,,-79.31,-16.054,-79.31,11.3,0.04,53,1.6,-1.0,,,,,,,,14.0,35.0,70.0,,,20.0,1.5
rsi_vol_combo,ADA-USDT,4h,,,,-70.2,-22.091,-70.2,9.8,0.02,41,1.3,-1.0,,,,,,,,14.0,35.0,70.0,,,20.0,2.0
rsi_vol_combo,ADA-USDT,4h,,,,-77.27,-17.878,-77.27,8.9,0.03,45,1.6,-1.0,,,,,,,,14.0,35.0,75.0,,,20.0,1.5
rsi_vol_combo,ADA-USDT,4h,,,,-67.08,-25.182,-67.08,8.3,0.01,36,1.2,-1.0,,,,,,,,14.0,35.0,75.0,,,20.0,2.0
rsi_reversion,DOGE-USDT,1d,7.0,20.0,60.0,-100.0,-11.274,-100.27,14.7,0.05,136,3.3,-1.0,,,,,,,,,,,,,,
rsi_reversion,DOGE-USDT,1d,7.0,20.0,65.0,-100.0,-11.775,-100.35,12.5,0.02,120,3.3,-1.0,,,,,,,,,,,,,,
rsi_reversion,DOGE-USDT,1d,7.0,20.0,70.0,-100.0,-12.412,-100.52,7.5,0.02,107,3.2,-0.99,,,,,,,,,,,,,,
rsi_reversion,DOGE-USDT,1d,7.0,20.0,75.0,-100.0,-14.765,-100.0,7.5,0.01,93,3.1,-1.0,,,,,,,,,,,,,,
rsi_reversion,DOGE-USDT,1d,7.0,20.0,80.0,-100.0,-13.509,-100.0,8.0,0.01,87,3.0,-1.0,,,,,,,,,,,,,,
rsi_reversion,DOGE-USDT,1d,7.0,25.0,60.0,-100.0,-11.369,-100.22,15.9,0.05,145,3.5,-1.0,,,,,,,,,,,,,,
rsi_reversion,DOGE-USDT,1d,7.0,25.0,65.0,-100.0,-11.826,-100.28,14.0,0.03,129,3.4,-1.0,,,,,,,,,,,,,,
rsi_reversion,DOGE-USDT,1d,7.0,25.0,70.0,-100.0,-12.427,-100.42,9.5,0.02,116,3.4,-1.0,,,,,,,,,,,,,,
rsi_reversion,DOGE-USDT,1d,7.0,25.0,75.0,-100.0,-14.673,-100.0,9.8,0.01,102,3.4,-1.0,,,,,,,,,,,,,,
rsi_reversion,DOGE-USDT,1d,7.0,25.0,80.0,-100.0,-13.484,-100.0,10.4,0.01,96,3.2,-1.0,,,,,,,,,,,,,,
rsi_reversion,DOGE-USDT,1d,7.0,30.0,60.0,-100.0,-11.221,-100.13,18.3,0.06,153,3.7,-1.0,,,,,,,,,,,,,,
rsi_reversion,DOGE-USDT,1d,7.0,30.0,65.0,-100.0,-11.639,-100.17,16.8,0.04,137,3.7,-1.0,,,,,,,,,,,,,,
rsi_reversion,DOGE-USDT,1d,7.0,30.0,70.0,-100.0,-12.179,-100.25,12.9,0.04,124,3.6,-1.0,,,,,,,,,,,,,,
rsi_reversion,DOGE-USDT,1d,7.0,30.0,75.0,-100.0,-14.157,-100.0,13.6,0.03,110,3.7,-1.0,,,,,,,,,,,,,,
rsi_reversion,DOGE-USDT,1d,7.0,30.0,80.0,-100.0,-13.08,-100.0,14.4,0.04,104,3.6,-1.0,,,,,,,,,,,,,,
rsi_reversion,DOGE-USDT,1d,7.0,35.0,60.0,-100.0,-11.332,-100.11,17.2,0.06,163,3.9,-1.0,,,,,,,,,,,,,,
rsi_reversion,DOGE-USDT,1d,7.0,35.0,65.0,-100.0,-11.707,-100.14,15.6,0.04,147,3.8,-1.0,,,,,,,,,,,,,,
rsi_reversion,DOGE-USDT,1d,7.0,35.0,70.0,-100.0,-12.224,-100.22,11.9,0.04,134,3.8,-1.0,,,,,,,,,,,,,,
rsi_reversion,DOGE-USDT,1d,7.0,35.0,75.0,-100.0,-14.185,-100.0,12.5,0.03,120,3.9,-1.0,,,,,,,,,,,,,,
rsi_reversion,DOGE-USDT,1d,7.0,35.0,80.0,-100.0,-13.134,-100.0,13.2,0.04,114,3.8,-1.0,,,,,,,,,,,,,,
rsi_reversion,DOGE-USDT,1d,9.0,20.0,60.0,-100.04,-8.017,-102.62,16.7,0.04,108,3.6,-0.97,,,,,,,,,,,,,,
rsi_reversion,DOGE-USDT,1d,9.0,20.0,65.0,-100.0,-12.529,-100.04,11.0,0.02,91,3.5,-1.0,,,,,,,,,,,,,,
rsi_reversion,DOGE-USDT,1d,9.0,20.0,70.0,-100.0,-11.747,-100.09,16.7,0.03,78,3.3,-1.0,,,,,,,,,,,,,,
rsi_reversion,DOGE-USDT,1d,9.0,20.0,75.0,-99.98,-11.407,-99.98,17.3,0.05,75,2.9,-1.0,,,,,,,,,,,,,,
rsi_reversion,DOGE-USDT,1d,9.0,20.0,80.0,-99.92,-13.532,-99.92,13.3,0.03,60,3.0,-1.0,,,,,,,,,,,,,,
rsi_reversion,DOGE-USDT,1d,9.0,25.0,60.0,-100.01,-8.493,-101.54,14.5,0.03,124,3.6,-0.98,,,,,,,,,,,,,,
rsi_reversion,DOGE-USDT,1d,9.0,25.0,65.0,-100.0,-13.044,-100.02,9.3,0.02,107,3.6,-1.0,,,,,,,,,,,,,,
rsi_reversion,DOGE-USDT,1d,9.0,25.0,70.0,-100.0,-12.294,-100.05,13.8,0.03,94,3.4,-1.0,,,,,,,,,,,,,,
rsi_reversion,DOGE-USDT,1d,9.0,25.0,75.0,-100.0,-12.12,-100.0,14.3,0.04,91,3.1,-1.0,,,,,,,,,,,,,,
rsi_reversion,DOGE-USDT,1d,9.0,25.0,80.0,-99.98,-14.216,-99.98,10.5,0.02,76,3.2,-1.0,,,,,,,,,,,,,,
rsi_reversion,DOGE-USDT,1d,9.0,30.0,60.0,-100.0,-9.183,-100.96,12.5,0.03,136,3.7,-0.99,,,,,,,,,,,,,,
rsi_reversion,DOGE-USDT,1d,9.0,30.0,65.0,-100.0,-13.962,-100.01,7.6,0.01,119,3.7,-1.0,,,,,,,,,,,,,,
rsi_reversion,DOGE-USDT,1d,9.0,30.0,70.0,-100.0,-13.269,-100.03,11.3,0.02,106,3.6,-1.0,,,,,,,,,,,,,,
rsi_reversion,DOGE-USDT,1d,9.0,30.0,75.0,-100.0,-13.231,-100.0,11.7,0.03,103,3.3,-1.0,,,,,,,,,,,,,,
rsi_reversion,DOGE-USDT,1d,9.0,30.0,80.0,-99.99,-15.51,-99.99,8.0,0.01,88,3.4,-1.0,,,,,,,,,,,,,,
rsi_reversion,DOGE-USDT,1d,9.0,35.0,60.0,-100.0,-8.836,-101.11,15.6,0.03,141,4.2,-0.99,,,,,,,,,,,,,,
rsi_reversion,DOGE-USDT,1d,9.0,35.0,65.0,-100.0,-13.118,-100.02,11.3,0.02,124,4.2,-1.0,,,,,,,,,,,,,,
rsi_reversion,DOGE-USDT,1d,9.0,35.0,70.0,-100.0,-12.439,-100.04,15.3,0.03,111,4.1,-1.0,,,,,,,,,,,,,,
rsi_reversion,DOGE-USDT,1d,9.0,35.0,75.0,-100.0,-12.331,-100.0,15.7,0.04,108,3.9,-1.0,,,,,,,,,,,,,,
rsi_reversion,DOGE-USDT,1d,9.0,35.0,80.0,-99.99,-14.145,-99.99,12.9,0.02,93,4.1,-1.0,,,,,,,,,,,,,,
rsi_reversion,DOGE-USDT,1d,11.0,20.0,60.0,-100.04,-8.796,-101.35,12.7,0.03,79,4.3,-0.99,,,,,,,,,,,,,,
rsi_reversion,DOGE-USDT,1d,11.0,20.0,65.0,-100.07,-9.256,-101.74,8.7,0.01,69,3.8,-0.98,,,,,,,,,,,,,,
rsi_reversion,DOGE-USDT,1d,11.0,20.0,70.0,-100.09,-10.041,-101.58,4.8,0.01,62,3.3,-0.99,,,,,,,,,,,,,,
rsi_reversion,DOGE-USDT,1d,11.0,20.0,75.0,-99.83,-14.135,-99.83,7.8,0.01,51,3.1,-1.0,,,,,,,,,,,,,,
rsi_reversion,DOGE-USDT,1d,11.0,20.0,80.0,-99.75,-13.751,-99.75,4.7,0.0,43,3.0,-1.0,,,,,,,,,,,,,,
rsi_reversion,DOGE-USDT,1d,11.0,25.0,60.0,-100.01,-9.152,-100.78,14.3,0.03,91,4.4,-0.99,,,,,,,,,,,,,,
rsi_reversion,DOGE-USDT,1d,11.0,25.0,65.0,-100.02,-9.624,-101.0,11.1,0.02,81,4.0,-0.99,,,,,,,,,,,,,,
rsi_reversion,DOGE-USDT,1d,11.0,25.0,70.0,-100.03,-10.429,-100.91,8.1,0.01,74,3.6,-0.99,,,,,,,,,,,,,,
rsi_reversion,DOGE-USDT,1d,11.0,25.0,75.0,-99.94,-14.554,-99.94,11.1,0.02,63,3.5,-1.0,,,,,,,,,,,,,,
rsi_reversion,DOGE-USDT,1d,11.0,25.0,80.0,-99.92,-14.173,-99.92,9.1,0.01,55,3.5,-1.0,,,,,,,,,,,,,,
rsi_reversion,DOGE-USDT,1d,11.0,30.0,60.0,-100.01,-9.468,-100.66,12.6,0.04,95,4.8,-0.99,,,,,,,,,,,,,,
rsi_reversion,DOGE-USDT,1d,11.0,30.0,65.0,-100.01,-9.978,-100.85,9.4,0.02,85,4.5,-0.99,,,,,,,,,,,,,,
rsi_reversion,DOGE-USDT,1d,11.0,30.0,70.0,-100.02,-10.843,-100.77,6.4,0.02,78,4.2,-0.99,,,,,,,,,,,,,,
rsi_reversion,DOGE-USDT,1d,11.0,30.0,75.0,-99.97,-15.358,-99.97,9.0,0.02,67,4.2,-1.0,,,,,,,,,,,,,,
rsi_reversion,DOGE-USDT,1d,11.0,30.0,80.0,-99.95,-14.995,-99.95,6.8,0.02,59,4.3,-1.0,,,,,,,,,,,,,,
rsi_reversion,DOGE-USDT,1d,11.0,35.0,60.0,-100.0,-8.799,-100.52,15.0,0.04,120,4.5,-0.99,,,,,,,,,,,,,,
rsi_reversion,DOGE-USDT,1d,11.0,35.0,65.0,-100.01,-9.162,-100.67,12.7,0.03,110,4.2,-0.99,,,,,,,,,,,,,,
rsi_reversion,DOGE-USDT,1d,11.0,35.0,70.0,-100.01,-9.827,-100.6,10.7,0.02,103,4.0,-0.99,,,,,,,,,,,,,,
rsi_reversion,DOGE-USDT,1d,11.0,35.0,75.0,-99.98,-13.169,-99.99,13.0,0.03,92,4.0,-1.0,,,,,,,,,,,,,,
rsi_reversion,DOGE-USDT,1d,11.0,35.0,80.0,-99.98,-12.701,-99.98,11.9,0.03,84,4.0,-1.0,,,,,,,,,,,,,,
rsi_reversion,DOGE-USDT,1d,13.0,20.0,60.0,-99.98,-8.573,-102.8,12.9,0.01,62,4.9,-0.97,,,,,,,,,,,,,,
rsi_reversion,DOGE-USDT,1d,13.0,20.0,65.0,-100.03,-8.614,-100.21,13.8,0.02,58,4.1,-1.0,,,,,,,,,,,,,,
rsi_reversion,DOGE-USDT,1d,13.0,20.0,70.0,-99.94,-8.736,-102.09,12.2,0.02,49,3.4,-0.98,,,,,,,,,,,,,,
rsi_reversion,DOGE-USDT,1d,13.0,20.0,75.0,-100.12,-10.288,-100.65,10.3,0.01,39,3.1,-0.99,,,,,,,,,,,,,,
rsi_reversion,DOGE-USDT,1d,13.0,20.0,80.0,-99.76,-11.919,-99.76,9.4,0.01,32,2.9,-1.0,,,,,,,,,,,,,,
rsi_reversion,DOGE-USDT,1d,13.0,25.0,60.0,-99.99,-8.306,-102.53,14.9,0.03,74,4.9,-0.98,,,,,,,,,,,,,,
rsi_reversion,DOGE-USDT,1d,13.0,25.0,65.0,-100.02,-8.398,-100.16,15.7,0.04,70,4.2,-1.0,,,,,,,,,,,,,,
rsi_reversion,DOGE-USDT,1d,13.0,25.0,70.0,-99.97,-8.423,-101.89,14.8,0.04,61,3.6,-0.98,,,,,,,,,,,,,,
rsi_reversion,DOGE-USDT,1d,13.0,25.0,75.0,-100.06,-9.735,-100.48,13.7,0.04,51,3.5,-1.0,,,,,,,,,,,,,,
rsi_reversion,DOGE-USDT,1d,13.0,25.0,80.0,-99.87,-11.053,-99.87,13.6,0.04,44,3.4,-1.0,,,,,,,,,,,,,,
rsi_reversion,DOGE-USDT,1d,13.0,30.0,60.0,-100.0,-8.72,-102.27,10.5,0.01,86,5.1,-0.98,,,,,,,,,,,,,,
rsi_reversion,DOGE-USDT,1d,13.0,30.0,65.0,-100.01,-8.985,-100.11,11.0,0.02,82,4.5,-1.0,,,,,,,,,,,,,,
rsi_reversion,DOGE-USDT,1d,13.0,30.0,70.0,-99.99,-8.997,-101.7,9.6,0.02,73,4.1,-0.98,,,,,,,,,,,,,,
rsi_reversion,DOGE-USDT,1d,13.0,30.0,75.0,-100.02,-10.511,-100.34,7.9,0.01,63,4.0,-1.0,,,,,,,,,,,,,,
rsi_reversion,DOGE-USDT,1d,13.0,30.0,80.0,-99.96,-12.162,-99.96,7.1,0.01,56,4.0,-1.0,,,,,,,,,,,,,,
rsi_reversion,DOGE-USDT,1d,13.0,35.0,60.0,-100.0,-8.78,-102.17,12.1,0.02,99,5.3,-0.98,,,,,,,,,,,,,,
rsi_reversion,DOGE-USDT,1d,13.0,35.0,65.0,-100.0,-9.104,-100.11,12.6,0.03,95,4.8,-1.0,,,,,,,,,,,,,,
rsi_reversion,DOGE-USDT,1d,13.0,35.0,70.0,-100.0,-9.091,-101.62,11.6,0.03,86,4.5,-0.98,,,,,,,,,,,,,,
rsi_reversion,DOGE-USDT,1d,13.0,35.0,75.0,-100.01,-10.533,-100.32,10.5,0.02,76,4.5,-1.0,,,,,,,,,,,,,,
rsi_reversion,DOGE-USDT,1d,13.0,35.0,80.0,-99.99,-12.048,-99.99,10.1,0.03,69,4.5,-1.0,,,,,,,,,,,,,,
rsi_reversion,DOGE-USDT,1d,15.0,20.0,60.0,-100.06,-9.289,-101.02,13.2,0.03,53,5.5,-0.99,,,,,,,,,,,,,,
rsi_reversion,DOGE-USDT,1d,15.0,20.0,65.0,-99.97,-10.382,-102.86,12.5,0.01,48,4.6,-0.97,,,,,,,,,,,,,,
rsi_reversion,DOGE-USDT,1d,15.0,20.0,70.0,-100.19,-9.298,-101.05,11.9,0.01,42,3.5,-0.99,,,,,,,,,,,,,,
rsi_reversion,DOGE-USDT,1d,15.0,20.0,75.0,-100.13,-11.368,-100.58,13.8,0.01,29,3.3,-1.0,,,,,,,,,,,,,,
rsi_reversion,DOGE-USDT,1d,15.0,20.0,80.0,-99.9,-12.06,-99.9,15.4,0.01,26,2.9,-1.0,,,,,,,,,,,,,,
rsi_reversion,DOGE-USDT,1d,15.0,25.0,60.0,-100.04,-8.755,-100.8,14.7,0.03,68,5.0,-0.99,,,,,,,,,,,,,,
rsi_reversion,DOGE-USDT,1d,15.0,25.0,65.0,-99.99,-9.612,-102.59,14.3,0.01,63,4.3,-0.97,,,,,,,,,,,,,,
rsi_reversion,DOGE-USDT,1d,15.0,25.0,70.0,-100.11,-8.589,-100.84,14.0,0.01,57,3.5,-0.99,,,,,,,,,,,,,,
rsi_reversion,DOGE-USDT,1d,15.0,25.0,75.0,-100.07,-9.956,-100.46,15.9,0.01,44,3.3,-1.0,,,,,,,,,,,,,,
rsi_reversion,DOGE-USDT,1d,15.0,25.0,80.0,-99.94,-10.428,-99.94,17.1,0.02,41,3.0,-1.0,,,,,,,,,,,,,,
rsi_reversion,DOGE-USDT,1d,15.0,30.0,60.0,-100.02,-8.796,-100.55,12.5,0.04,80,5.0,-0.99,,,,,,,,,,,,,,
rsi_reversion,DOGE-USDT,1d,15.0,30.0,65.0,-99.99,-9.57,-102.28,12.0,0.02,75,4.4,-0.98,,,,,,,,,,,,,,
rsi_reversion,DOGE-USDT,1d,15.0,30.0,70.0,-100.05,-8.603,-100.57,11.6,0.02,69,3.7,-0.99,,,,,,,,,,,,,,
rsi_reversion,DOGE-USDT,1d,15.0,30.0,75.0,-100.03,-9.859,-100.32,12.5,0.03,56,3.7,-1.0,,,,,,,,,,,,,,
rsi_reversion,DOGE-USDT,1d,15.0,30.0,80.0,-99.98,-10.341,-99.98,13.2,0.03,53,3.5,-1.0,,,,,,,,,,,,,,
rsi_reversion,DOGE-USDT,1d,15.0,35.0,60.0,-100.01,-8.98,-100.41,17.2,0.04,99,5.2,-1.0,,,,,,,,,,,,,,
rsi_reversion,DOGE-USDT,1d,15.0,35.0,65.0,-100.0,-9.685,-102.2,17.0,0.03,94,4.7,-0.98,,,,,,,,,,,,,,
rsi_reversion,DOGE-USDT,1d,15.0,35.0,70.0,-100.01,-8.77,-100.43,17.0,0.03,88,4.2,-1.0,,,,,,,,,,,,,,
rsi_reversion,DOGE-USDT,1d,15.0,35.0,75.0,-100.01,-10.018,-100.24,18.7,0.04,75,4.2,-1.0,,,,,,,,,,,,,,
rsi_reversion,DOGE-USDT,1d,15.0,35.0,80.0,-99.99,-10.583,-99.99,19.4,0.04,72,4.1,-1.0,,,,,,,,,,,,,,
rsi_reversion,DOGE-USDT,1d,17.0,20.0,60.0,-99.91,-7.122,-101.07,17.4,0.02,46,6.0,-0.99,,,,,,,,,,,,,,
rsi_reversion,DOGE-USDT,1d,17.0,20.0,65.0,-100.26,-9.497,-101.86,12.5,0.01,40,5.0,-0.98,,,,,,,,,,,,,,
rsi_reversion,DOGE-USDT,1d,17.0,20.0,70.0,-100.0,-10.054,-100.0,5.7,0.0,35,3.7,-1.0,,,,,,,,,,,,,,
rsi_reversion,DOGE-USDT,1d,17.0,20.0,75.0,-100.71,-11.272,-102.09,4.2,0.0,24,3.2,-0.99,,,,,,,,,,,,,,
rsi_reversion,DOGE-USDT,1d,17.0,20.0,80.0,-99.37,-12.828,-99.38,5.0,0.0,20,2.8,-1.0,,,,,,,,,,,,,,
rsi_reversion,DOGE-USDT,1d,17.0,25.0,60.0,-99.94,-7.082,-100.98,20.8,0.02,53,5.8,-0.99,,,,,,,,,,,,,,
rsi_reversion,DOGE-USDT,1d,17.0,25.0,65.0,-100.16,-9.424,-101.57,17.0,0.02,47,4.9,-0.99,,,,,,,,,,,,,,
rsi_reversion,DOGE-USDT,1d,17.0,25.0,70.0,-100.0,-9.987,-100.0,11.9,0.01,42,3.9,-1.0,,,,,,,,,,,,,,
rsi_reversion,DOGE-USDT,1d,17.0,25.0,75.0,-100.44,-10.902,-101.77,12.9,0.01,31,3.5,-0.99,,,,,,,,,,,,,,
rsi_reversion,DOGE-USDT,1d,17.0,25.0,80.0,-99.61,-12.152,-99.61,14.8,0.01,27,3.3,-1.0,,,,,,,,,,,,,,
rsi_reversion,DOGE-USDT,1d,17.0,30.0,60.0,-99.98,-6.488,-100.92,19.0,0.04,79,4.9,-0.99,,,,,,,,,,,,,,
rsi_reversion,DOGE-USDT,1d,17.0,30.0,65.0,-100.06,-8.5,-101.21,16.4,0.04,73,4.3,-0.99,,,,,,,,,,,,,,
rsi_reversion,DOGE-USDT,1d,17.0,30.0,70.0,-100.0,-8.955,-100.0,13.2,0.04,68,3.6,-1.0,,,,,,,,,,,,,,
rsi_reversion,DOGE-USDT,1d,17.0,30.0,75.0,-100.17,-9.278,-101.39,14.0,0.04,57,3.4,-0.99,,,,,,,,,,,,,,
rsi_reversion,DOGE-USDT,1d,17.0,30.0,80.0,-99.85,-9.997,-99.85,15.1,0.04,53,3.2,-1.0,,,,,,,,,,,,,,
rsi_reversion,DOGE-USDT,1d,17.0,35.0,60.0,-99.99,-6.832,-100.78,15.7,0.04,89,5.5,-0.99,,,,,,,,,,,,,,
rsi_reversion,DOGE-USDT,1d,17.0,35.0,65.0,-100.02,-9.009,-100.79,13.3,0.04,83,5.0,-0.99,,,,,,,,,,,,,,
rsi_reversion,DOGE-USDT,1d,17.0,35.0,70.0,-100.0,-9.576,-100.0,10.3,0.04,78,4.4,-1.0,,,,,,,,,,,,,,
rsi_reversion,DOGE-USDT,1d,17.0,35.0,75.0,-100.06,-9.972,-100.88,10.4,0.04,67,4.3,-0.99,,,,,,,,,,,,,,
rsi_reversion,DOGE-USDT,1d,17.0,35.0,80.0,-99.94,-10.768,-99.94,11.1,0.04,63,4.3,-1.0,,,,,,,,,,,,,,
rsi_reversion,DOGE-USDT,1d,19.0,20.0,60.0,-101.17,-7.375,-105.43,15.4,0.03,39,6.6,-0.96,,,,,,,,,,,,,,
rsi_reversion,DOGE-USDT,1d,19.0,20.0,65.0,-100.34,-8.767,-102.03,13.2,0.02,38,4.8,-0.98,,,,,,,,,,,,,,
rsi_reversion,DOGE-USDT,1d,19.0,20.0,70.0,-100.02,-9.911,-100.09,9.7,0.01,31,3.8,-1.0,,,,,,,,,,,,,,
rsi_reversion,DOGE-USDT,1d,19.0,20.0,75.0,-99.93,-11.862,-99.93,9.1,0.0,22,3.0,-1.0,,,,,,,,,,,,,,
rsi_reversion,DOGE-USDT,1d,19.0,20.0,80.0,-99.01,-12.447,-99.01,11.8,0.0,17,2.2,-1.0,,,,,,,,,,,,,,
rsi_reversion,DOGE-USDT,1d,19.0,25.0,60.0,-100.92,-7.298,-104.63,16.3,0.03,43,6.4,-0.96,,,,,,,,,,,,,,
rsi_reversion,DOGE-USDT,1d,19.0,25.0,65.0,-100.27,-8.672,-101.73,14.3,0.02,42,4.7,-0.99,,,,,,,,,,,,,,
rsi_reversion,DOGE-USDT,1d,19.0,25.0,70.0,-100.02,-9.765,-100.07,11.4,0.01,35,3.9,-1.0,,,,,,,,,,,,,,
rsi_reversion,DOGE-USDT,1d,19.0,25.0,75.0,-99.94,-11.494,-99.94,11.5,0.01,26,3.2,-1.0,,,,,,,,,,,,,,
rsi_reversion,DOGE-USDT,1d,19.0,25.0,80.0,-99.22,-11.948,-99.23,14.3,0.0,21,2.6,-1.0,,,,,,,,,,,,,,
rsi_reversion,DOGE-USDT,1d,19.0,30.0,60.0,-100.49,-6.546,-103.4,17.5,0.05,63,5.7,-0.97,,,,,,,,,,,,,,
rsi_reversion,DOGE-USDT,1d,19.0,30.0,65.0,-100.14,-7.723,-101.27,16.1,0.04,62,4.5,-0.99,,,,,,,,,,,,,,
rsi_reversion,DOGE-USDT,1d,19.0,30.0,70.0,-100.01,-8.499,-100.05,14.5,0.04,55,3.9,-1.0,,,,,,,,,,,,,,
rsi_reversion,DOGE-USDT,1d,19.0,30.0,75.0,-99.97,-9.458,-99.97,15.2,0.04,46,3.6,-1.0,,,,,,,,,,,,,,
rsi_reversion,DOGE-USDT,1d,19.0,30.0,80.0,-99.59,-9.561,-99.59,17.1,0.05,41,3.3,-1.0,,,,,,,,,,,,,,
rsi_reversion,DOGE-USDT,1d,19.0,35.0,60.0,-100.09,-7.095,-102.6,15.9,0.04,82,5.8,-0.98,,,,,,,,,,,,,,
rsi_reversion,DOGE-USDT,1d,19.0,35.0,65.0,-100.03,-8.387,-100.97,14.8,0.03,81,4.9,-0.99,,,,,,,,,,,,,,
rsi_reversion,DOGE-USDT,1d,19.0,35.0,70.0,-100.0,-9.354,-100.04,13.5,0.03,74,4.5,-1.0,,,,,,,,,,,,,,
rsi_reversion,DOGE-USDT,1d,19.0,35.0,75.0,-99.99,-10.515,-99.99,13.8,0.03,65,4.3,-1.0,,,,,,,,,,,,,,
rsi_reversion,DOGE-USDT,1d,19.0,35.0,80.0,-99.93,-10.912,-99.93,15.0,0.03,60,4.2,-1.0,,,,,,,,,,,,,,
rsi_reversion,DOGE-USDT,1d,21.0,20.0,60.0,-104.6,-7.033,-114.16,24.2,0.04,33,7.2,-0.92,,,,,,,,,,,,,,
rsi_reversion,DOGE-USDT,1d,21.0,20.0,65.0,-101.24,-8.375,-105.03,14.8,0.02,27,6.0,-0.96,,,,,,,,,,,,,,
rsi_reversion,DOGE-USDT,1d,21.0,20.0,70.0,-100.11,-9.476,-100.4,4.3,0.0,23,4.7,-1.0,,,,,,,,,,,,,,
rsi_reversion,DOGE-USDT,1d,21.0,20.0,75.0,-99.34,-13.613,-99.34,12.5,0.0,16,3.1,-1.0,,,,,,,,,,,,,,
rsi_reversion,DOGE-USDT,1d,21.0,20.0,80.0,-99.12,-14.892,-99.12,0.0,0.0,11,2.5,-1.0,,,,,,,,,,,,,,
rsi_reversion,DOGE-USDT,1d,21.0,25.0,60.0,-103.72,-6.64,-112.18,22.5,0.05,40,6.3,-0.92,,,,,,,,,,,,,,
rsi_reversion,DOGE-USDT,1d,21.0,25.0,65.0,-101.0,-7.689,-104.32,14.7,0.02,34,5.1,-0.97,,,,,,,,,,,,,,
rsi_reversion,DOGE-USDT,1d,21.0,25.0,70.0,-100.09,-8.562,-100.35,6.7,0.0,30,4.1,-1.0,,,,,,,,,,,,,,
rsi_reversion,DOGE-USDT,1d,21.0,25.0,75.0,-99.47,-11.574,-99.47,13.0,0.01,23,2.7,-1.0,,,,,,,,,,,,,,
rsi_reversion,DOGE-USDT,1d,21.0,25.0,80.0,-99.29,-11.661,-99.29,5.6,0.01,18,2.2,-1.0,,,,,,,,,,,,,,
rsi_reversion,DOGE-USDT,1d,21.0,30.0,60.0,-101.03,-6.789,-108.07,22.0,0.04,59,5.7,-0.93,,,,,,,,,,,,,,
rsi_reversion,DOGE-USDT,1d,21.0,30.0,65.0,-100.28,-7.497,-102.86,17.0,0.02,53,4.8,-0.97,,,,,,,,,,,,,,
rsi_reversion,DOGE-USDT,1d,21.0,30.0,70.0,-100.03,-8.372,-100.24,12.2,0.01,49,4.2,-1.0,,,,,,,,,,,,,,
rsi_reversion,DOGE-USDT,1d,21.0,30.0,75.0,-99.85,-11.301,-99.85,16.7,0.01,42,3.5,-1.0,,,,,,,,,,,,,,
rsi_reversion,DOGE-USDT,1d,21.0,30.0,80.0,-99.8,-11.06,-99.8,13.5,0.01,37,3.3,-1.0,,,,,,,,,,,,,,
rsi_reversion,DOGE-USDT,1d,21.0,35.0,60.0,-100.27,-6.899,-107.21,21.5,0.05,79,5.7,-0.94,,,,,,,,,,,,,,
rsi_reversion,DOGE-USDT,1d,21.0,35.0,65.0,-100.07,-7.423,-102.56,17.8,0.03,73,5.1,-0.98,,,,,,,,,,,,,,
rsi_reversion,DOGE-USDT,1d,21.0,35.0,70.0,-100.01,-8.295,-100.21,14.5,0.03,69,4.6,-1.0,,,,,,,,,,,,,,
rsi_reversion,DOGE-USDT,1d,21.0,35.0,75.0,-99.96,-11.019,-99.96,17.7,0.03,62,4.2,-1.0,,,,,,,,,,,,,,
rsi_reversion,DOGE-USDT,1d,21.0,35.0,80.0,-99.95,-10.752,-99.95,15.8,0.03,57,4.2,-1.0,,,,,,,,,,,,,,
macd_crossover,DOGE-USDT,1d,,,,31148.65,20.396,-3.35,89.3,40.84,149,1.0,9301.33,6.0,20.0,5.0,,,,,,,,,,,
macd_crossover,DOGE-USDT,1d,,,,19296.88,18.591,-2.03,87.8,40.6,131,1.0,9528.49,6.0,20.0,7.0,,,,,,,,,,,
macd_crossover,DOGE-USDT,1d,,,,9497.29,18.019,-3.08,84.3,33.79,115,1.0,3080.92,6.0,20.0,9.0,,,,,,,,,,,
macd_crossover,DOGE-USDT,1d,,,,5996.29,17.41,-2.85,81.9,26.76,105,1.0,2103.96,6.0,20.0,11.0,,,,,,,,,,,
macd_crossover,DOGE-USDT,1d,,,,40065.63,20.326,-3.35,89.5,36.79,153,1.0,11964.04,6.0,23.0,5.0,,,,,,,,,,,
macd_crossover,DOGE-USDT,1d,,,,14429.57,17.389,-5.25,85.5,24.84,131,1.0,2746.8,6.0,23.0,7.0,,,,,,,,,,,
macd_crossover,DOGE-USDT,1d,,,,8212.93,17.218,-4.88,82.6,24.16,115,1.0,1683.41,6.0,23.0,9.0,,,,,,,,,,,
macd_crossover,DOGE-USDT,1d,,,,4423.1,16.552,-4.48,81.2,19.83,101,1.0,986.58,6.0,23.0,11.0,,,,,,,,,,,
macd_crossover,DOGE-USDT,1d,,,,40851.9,20.602,-3.35,90.1,41.15,151,1.0,12198.83,6.0,26.0,5.0,,,,,,,,,,,
macd_crossover,DOGE-USDT,1d,,,,11010.9,18.703,-2.03,84.6,35.31,123,1.0,5437.0,6.0,26.0,7.0,,,,,,,,,,,
macd_crossover,DOGE-USDT,1d,,,,9948.03,17.96,-2.85,82.6,28.82,115,1.0,3490.54,6.0,26.0,9.0,,,,,,,,,,,
macd_crossover,DOGE-USDT,1d,,,,5912.32,17.397,-4.48,85.0,23.68,107,1.0,1318.75,6.0,26.0,11.0,,,,,,,,,,,
macd_crossover,DOGE-USDT,1d,,,,37655.47,20.499,-3.08,90.6,45.81,149,1.0,12215.43,6.0,29.0,5.0,,,,,,,,,,,
macd_crossover,DOGE-USDT,1d,,,,12836.92,19.603,-2.03,85.4,39.36,123,1.0,6338.66,6.0,29.0,7.0,,,,,,,,,,,
macd_crossover,DOGE-USDT,1d,,,,7773.03,17.78,-2.59,83.8,32.2,111,1.0,3002.36,6.0,29.0,9.0,,,,,,,,,,,
macd_crossover,DOGE-USDT,1d,,,,4640.45,18.005,-4.48,85.6,20.26,97,1.0,1035.06,6.0,29.0,11.0,,,,,,,,,,,
macd_crossover,DOGE-USDT,1d,,,,32475.04,19.47,-4.24,90.1,38.11,151,1.0,7655.51,6.0,32.0,5.0,,,,,,,,,,,
macd_crossover,DOGE-USDT,1d,,,,10639.02,19.55,-4.82,85.7,36.35,119,1.0,2208.43,6.0,32.0,7.0,,,,,,,,,,,
macd_crossover,DOGE-USDT,1d,,,,6376.08,16.58,-4.48,82.3,20.08,113,1.0,1422.19,6.0,32.0,9.0,,,,,,,,,,,
macd_crossover,DOGE-USDT,1d,,,,3715.58,17.754,-3.61,84.9,26.02,93,1.0,1029.53,6.0,32.0,11.0,,,,,,,,,,,
macd_crossover,DOGE-USDT,1d,,,,26958.3,19.743,-4.24,90.2,41.42,143,1.0,6355.02,6.0,35.0,5.0,,,,,,,,,,,
macd_crossover,DOGE-USDT,1d,,,,9053.99,18.468,-2.85,83.2,27.81,119,1.0,3176.84,6.0,35.0,7.0,,,,,,,,,,,
macd_crossover,DOGE-USDT,1d,,,,5579.1,16.894,-5.56,83.5,18.88,109,1.0,1003.84,6.0,35.0,9.0,,,,,,,,,,,
macd_crossover,DOGE-USDT,1d,,,,2723.22,17.542,-2.77,84.7,29.83,85,1.0,982.45,6.0,35.0,11.0,,,,,,,,,,,
macd_crossover,DOGE-USDT,1d,,,,21059.37,19.513,-1.71,87.8,43.0,139,1.0,12335.24,8.0,20.0,5.0,,,,,,,,,,,
macd_crossover,DOGE-USDT,1d,,,,8071.98,17.534,-3.08,82.3,29.84,113,1.0,2618.55,8.0,20.0,7.0,,,,,,,,,,,
macd_crossover,DOGE-USDT,1d,,,,4674.47,16.655,-5.63,81.2,19.39,101,1.0,830.75,8.0,20.0,9.0,,,,,,,,,,,
macd_crossover,DOGE-USDT,1d,,,,2919.81,15.601,-4.48,81.1,13.28,95,1.0,651.27,8.0,20.0,11.0,,,,,,,,,,,
macd_crossover,DOGE-USDT,1d,,,,16088.96,18.732,-5.25,86.5,30.38,133,1.0,3062.68,8.0,23.0,5.0,,,,,,,,,,,
macd_crossover,DOGE-USDT,1d,,,,8665.09,17.637,-2.85,81.7,28.49,115,1.0,3040.38,8.0,23.0,7.0,,,,,,,,,,,
macd_crossover,DOGE-USDT,1d,,,,4569.65,16.736,-4.48,84.5,18.92,103,1.0,1019.26,8.0,23.0,9.0,,,,,,,,,,,
macd_crossover,DOGE-USDT,1d,,,,3069.86,17.198,-2.77,85.1,20.04,87,1.0,1107.51,8.0,23.0,11.0,,,,,,,,,,,
macd_crossover,DOGE-USDT,1d,,,,16706.24,19.592,-2.26,86.8,42.43,129,1.0,7406.43,8.0,26.0,5.0,,,,,,,,,,,
macd_crossover,DOGE-USDT,1d,,,,7692.75,17.46,-2.85,82.0,26.23,111,1.0,2699.21,8.0,26.0,7.0,,,,,,,,,,,
macd_crossover,DOGE-USDT,1d,,,,3268.74,15.481,-5.56,80.4,11.98,97,1.0,588.14,8.0,26.0,9.0,,,,,,,,,,,
macd_crossover,DOGE-USDT,1d,,,,2407.66,17.081,-2.81,83.1,24.36,83,1.0,855.3,8.0,26.0,11.0,,,,,,,,,,,
macd_crossover,DOGE-USDT,1d,,,,17170.14,20.154,-1.51,86.8,49.45,129,1.0,11370.45,8.0,29.0,5.0,,,,,,,,,,,
macd_crossover,DOGE-USDT,1d,,,,8107.01,18.035,-2.59,84.7,33.59,111,1.0,3131.36,8.0,29.0,7.0,,,,,,,,,,,
macd_crossover,DOGE-USDT,1d,,,,2793.19,16.436,-4.02,82.4,16.79,91,1.0,695.05,8.0,29.0,9.0,,,,,,,,,,,
macd_crossover,DOGE-USDT,1d,,,,2499.98,17.172,-4.49,86.7,21.59,83,1.0,556.61,8.0,29.0,11.0,,,,,,,,,,,
macd_crossover,DOGE-USDT,1d,,,,12636.9,20.609,-1.59,87.2,54.84,117,1.0,7949.78,8.0,32.0,5.0,,,,,,,,,,,
macd_crossover,DOGE-USDT,1d,,,,6542.83,17.153,-4.48,84.7,24.23,111,1.0,1459.38,8.0,32.0,7.0,,,,,,,,,,,
macd_crossover,DOGE-USDT,1d,,,,2349.75,16.396,-4.02,82.4,19.26,85,1.0,584.7,8.0,32.0,9.0,,,,,,,,,,,
macd_crossover,DOGE-USDT,1d,,,,2528.62,17.787,-4.49,88.3,22.72,77,1.0,562.99,8.0,32.0,11.0,,,,,,,,,,,
macd_crossover,DOGE-USDT,1d,,,,14059.81,20.517,-2.85,87.6,49.97,121,1.0,4933.27,8.0,35.0,5.0,,,,,,,,,,,
macd_crossover,DOGE-USDT,1d,,,,5067.65,17.185,-6.41,84.8,19.21,105,1.0,790.46,8.0,35.0,7.0,,,,,,,,,,,
macd_crossover,DOGE-USDT,1d,,,,2347.43,16.515,-4.02,83.5,23.7,85,1.0,584.13,8.0,35.0,9.0,,,,,,,,,,,
macd_crossover,DOGE-USDT,1d,,,,2184.26,16.543,-4.49,85.3,21.62,75,1.0,486.32,8.0,35.0,11.0,,,,,,,,,,,
macd_crossover,DOGE-USDT,1d,,,,12530.32,18.453,-3.08,86.6,34.63,119,1.0,4064.84,10.0,20.0,5.0,,,,,,,,,,,
macd_crossover,DOGE-USDT,1d,,,,5183.91,17.327,-2.85,82.2,24.08,101,1.0,1818.92,10.0,20.0,7.0,,,,,,,,,,,
macd_crossover,DOGE-USDT,1d,,,,2681.4,15.122,-6.28,81.1,12.03,95,1.0,427.27,10.0,20.0,9.0,,,,,,,,,,,
macd_crossover,DOGE-USDT,1d,,,,3025.25,17.647,-1.97,87.1,31.52,85,1.0,1534.92,10.0,20.0,11.0,,,,,,,,,,,
macd_crossover,DOGE-USDT,1d,,,,13621.58,19.185,-1.51,86.6,55.91,119,1.0,9020.52,10.0,23.0,5.0,,,,,,,,,,,
macd_crossover,DOGE-USDT,1d,,,,4003.11,16.33,-4.48,82.2,17.94,101,1.0,892.9,10.0,23.0,7.0,,,,,,,,,,,
macd_crossover,DOGE-USDT,1d,,,,2833.23,16.775,-2.77,85.1,20.37,87,1.0,1022.14,10.0,23.0,9.0,,,,,,,,,,,
macd_crossover,DOGE-USDT,1d,,,,2392.54,16.838,-4.49,85.5,20.35,83,1.0,532.69,10.0,23.0,11.0,,,,,,,,,,,
macd_crossover,DOGE-USDT,1d,,,,12217.22,18.926,-2.85,85.5,39.42,117,1.0,4286.74,10.0,26.0,5.0,,,,,,,,,,,
macd_crossover,DOGE-USDT,1d,,,,4332.2,16.038,-5.56,81.2,12.98,101,1.0,779.49,10.0,26.0,7.0,,,,,,,,,,,
macd_crossover,DOGE-USDT,1d,,,,2412.99,16.707,-2.81,84.7,22.26,85,1.0,857.19,10.0,26.0,9.0,,,,,,,,,,,
macd_crossover,DOGE-USDT,1d,,,,3222.28,19.048,-4.49,89.9,30.83,79,1.0,717.43,10.0,26.0,11.0,,,,,,,,,,,
macd_crossover,DOGE-USDT,1d,,,,9840.31,18.079,-2.85,82.3,27.17,113,1.0,3452.74,10.0,29.0,5.0,,,,,,,,,,,
macd_crossover,DOGE-USDT,1d,,,,3556.12,16.597,-4.02,83.2,17.9,95,1.0,884.89,10.0,29.0,7.0,,,,,,,,,,,
macd_crossover,DOGE-USDT,1d,,,,2420.0,17.317,-4.49,87.7,21.73,81,1.0,538.81,10.0,29.0,9.0,,,,,,,,,,,
macd_crossover,DOGE-USDT,1d,,,,2425.98,17.544,-2.5,86.3,34.49,73,1.0,969.99,10.0,29.0,11.0,,,,,,,,,,,
macd_crossover,DOGE-USDT,1d,,,,8332.84,19.263,-2.59,85.2,31.81,115,1.0,3218.59,10.0,32.0,5.0,,,,,,,,,,,
macd_crossover,DOGE-USDT,1d,,,,2697.93,17.09,-2.79,83.9,25.33,87,1.0,965.39,10.0,32.0,7.0,,,,,,,,,,,
macd_crossover,DOGE-USDT,1d,,,,2676.66,18.3,-4.49,89.6,25.41,77,1.0,595.95,10.0,32.0,9.0,,,,,,,,,,,
macd_crossover,DOGE-USDT,1d,,,,1950.13,15.988,-3.94,83.6,20.31,73,1.0,495.08,10.0,32.0,11.0,,,,,,,,,,,
macd_crossover,DOGE-USDT,1d,,,,5841.59,18.095,-4.48,83.2,20.44,113,1.0,1302.97,10.0,35.0,5.0,,,,,,,,,,,
macd_crossover,DOGE-USDT,1d,,,,2764.77,17.31,-2.77,85.1,31.46,87,1.0,997.44,10.0,35.0,7.0,,,,,,,,,,,
macd_crossover,DOGE-USDT,1d,,,,2292.56,16.762,-4.49,85.3,21.92,75,1.0,510.43,10.0,35.0,9.0,,,,,,,,,,,
macd_crossover,DOGE-USDT,1d,,,,1583.27,17.056,-4.02,83.1,25.44,65,1.0,393.98,10.0,35.0,11.0,,,,,,,,,,,
macd_crossover,DOGE-USDT,1d,,,,10272.16,18.148,-2.85,84.0,40.24,119,1.0,3604.27,12.0,20.0,5.0,,,,,,,,,,,
macd_crossover,DOGE-USDT,1d,,,,4011.27,16.038,-4.48,80.6,14.54,103,1.0,894.72,12.0,20.0,7.0,,,,,,,,,,,
macd_crossover,DOGE-USDT,1d,,,,3008.77,17.778,-1.97,88.2,33.25,85,1.0,1526.55,12.0,20.0,9.0,,,,,,,,,,,
macd_crossover,DOGE-USDT,1d,,,,2562.93,17.199,-7.32,86.1,18.98,79,1.0,350.2,12.0,20.0,11.0,,,,,,,,,,,
macd_crossover,DOGE-USDT,1d,,,,8262.84,17.743,-2.85,82.0,27.62,111,1.0,2899.24,12.0,23.0,5.0,,,,,,,,,,,
macd_crossover,DOGE-USDT,1d,,,,3114.26,16.03,-4.91,83.9,14.43,93,1.0,634.11,12.0,23.0,7.0,,,,,,,,,,,
macd_crossover,DOGE-USDT,1d,,,,2713.79,17.435,-4.49,87.1,23.19,85,1.0,604.22,12.0,23.0,9.0,,,,,,,,,,,
macd_crossover,DOGE-USDT,1d,,,,1601.59,15.859,-5.25,83.1,14.61,71,1.0,305.15,12.0,23.0,11.0,,,,,,,,,,,
macd_crossover,DOGE-USDT,1d,,,,8062.88,18.546,-2.59,86.5,33.78,111,1.0,3114.32,12.0,26.0,5.0,,,,,,,,,,,
macd_crossover,DOGE-USDT,1d,,,,2589.5,17.519,-4.02,85.5,23.13,83,1.0,644.36,12.0,26.0,7.0,,,,,,,,,,,
macd_crossover,DOGE-USDT,1d,,,,3296.13,19.269,-4.49,91.1,32.7,79,1.0,733.87,12.0,26.0,9.0,,,,,,,,,,,
macd_crossover,DOGE-USDT,1d,,,,2022.7,17.902,-3.94,86.2,32.27,65,1.0,513.5,12.0,26.0,11.0,,,,,,,,,,,
macd_crossover,DOGE-USDT,1d,,,,5162.99,17.0,-5.56,84.1,17.96,107,1.0,928.97,12.0,29.0,5.0,,,,,,,,,,,
macd_crossover,DOGE-USDT,1d,,,,2466.26,16.906,-4.02,84.7,23.86,85,1.0,613.7,12.0,29.0,7.0,,,,,,,,,,,
macd_crossover,DOGE-USDT,1d,,,,2486.0,18.214,-1.9,89.0,51.14,73,1.0,1305.43,12.0,29.0,9.0,,,,,,,,,,,
macd_crossover,DOGE-USDT,1d,,,,2263.41,17.35,-2.5,84.9,39.9,73,1.0,904.99,12.0,29.0,11.0,,,,,,,,,,,
macd_crossover,DOGE-USDT,1d,,,,4693.68,18.14,-4.48,86.6,21.62,97,1.0,1046.93,12.0,32.0,5.0,,,,,,,,,,,
macd_crossover,DOGE-USDT,1d,,,,2317.66,16.721,-4.49,84.8,19.49,79,1.0,516.02,12.0,32.0,7.0,,,,,,,,,,,
macd_crossover,DOGE-USDT,1d,,,,1832.51,15.501,-3.94,82.2,17.73,73,1.0,465.22,12.0,32.0,9.0,,,,,,,,,,,
macd_crossover,DOGE-USDT,1d,,,,1611.01,18.611,-2.5,84.1,40.43,69,1.0,644.13,12.0,32.0,11.0,,,,,,,,,,,
macd_crossover,DOGE-USDT,1d,,,,3076.56,18.23,-2.79,83.9,20.73,93,1.0,1100.87,12.0,35.0,5.0,,,,,,,,,,,
macd_crossover,DOGE-USDT,1d,,,,2496.27,17.49,-4.49,86.3,22.74,73,1.0,555.79,12.0,35.0,7.0,,,,,,,,,,,
macd_crossover,DOGE-USDT,1d,,,,1522.74,16.648,-4.02,81.5,20.57,65,1.0,378.91,12.0,35.0,9.0,,,,,,,,,,,
macd_crossover,DOGE-USDT,1d,,,,1407.31,17.042,-4.24,84.1,17.0,69,1.0,331.75,12.0,35.0,11.0,,,,,,,,,,,
macd_crossover,DOGE-USDT,1d,,,,5082.75,17.45,-2.33,83.2,26.75,101,1.0,2182.69,14.0,20.0,5.0,,,,,,,,,,,
macd_crossover,DOGE-USDT,1d,,,,3158.78,17.088,-2.77,85.4,21.13,89,1.0,1139.59,14.0,20.0,7.0,,,,,,,,,,,
macd_crossover,DOGE-USDT,1d,,,,2175.02,17.297,-4.94,85.7,19.94,77,1.0,440.2,14.0,20.0,9.0,,,,,,,,,,,
macd_crossover,DOGE-USDT,1d,,,,1664.15,16.227,-5.25,84.5,17.2,71,1.0,317.06,14.0,20.0,11.0,,,,,,,,,,,
macd_crossover,DOGE-USDT,1d,,,,5900.36,17.384,-4.48,85.0,23.67,107,1.0,1316.08,14.0,23.0,5.0,,,,,,,,,,,
macd_crossover,DOGE-USDT,1d,,,,2871.7,17.327,-2.81,85.4,29.95,89,1.0,1020.14,14.0,23.0,7.0,,,,,,,,,,,
macd_crossover,DOGE-USDT,1d,,,,2609.12,18.722,-4.65,89.0,25.46,73,1.0,560.63,14.0,23.0,9.0,,,,,,,,,,,
macd_crossover,DOGE-USDT,1d,,,,1904.11,17.847,-3.94,87.7,39.32,65,1.0,483.4,14.0,23.0,11.0,,,,,,,,,,,
macd_crossover,DOGE-USDT,1d,,,,4743.77,17.982,-4.48,85.6,18.53,97,1.0,1058.1,14.0,26.0,5.0,,,,,,,,,,,
macd_crossover,DOGE-USDT,1d,,,,2738.45,17.582,-4.49,88.9,28.98,81,1.0,609.71,14.0,26.0,7.0,,,,,,,,,,,
macd_crossover,DOGE-USDT,1d,,,,1527.82,15.589,-3.94,81.2,16.49,69,1.0,387.87,14.0,26.0,9.0,,,,,,,,,,,
macd_crossover,DOGE-USDT,1d,,,,1533.6,19.578,-1.11,86.2,78.91,65,1.0,1386.43,14.0,26.0,11.0,,,,,,,,,,,
macd_crossover,DOGE-USDT,1d,,,,3386.59,18.085,-2.77,85.4,31.34,89,1.0,1221.78,14.0,29.0,5.0,,,,,,,,,,,
macd_crossover,DOGE-USDT,1d,,,,2536.48,17.556,-4.49,87.0,21.95,77,1.0,564.74,14.0,29.0,7.0,,,,,,,,,,,
macd_crossover,DOGE-USDT,1d,,,,2233.22,17.405,-3.94,89.0,43.78,73,1.0,566.95,14.0,29.0,9.0,,,,,,,,,,,
macd_crossover,DOGE-USDT,1d,,,,1253.43,16.681,-4.24,82.1,20.04,67,1.0,295.48,14.0,29.0,11.0,,,,,,,,,,,
macd_crossover,DOGE-USDT,1d,,,,2675.66,18.481,-2.77,84.3,28.09,89,1.0,965.3,14.0,32.0,5.0,,,,,,,,,,,
macd_crossover,DOGE-USDT,1d,,,,2534.78,17.771,-4.02,86.3,32.88,73,1.0,630.75,14.0,32.0,7.0,,,,,,,,,,,
macd_crossover,DOGE-USDT,1d,,,,1561.08,18.351,-2.5,84.1,38.56,69,1.0,624.17,14.0,32.0,9.0,,,,,,,,,,,
macd_crossover,DOGE-USDT,1d,,,,1003.93,16.705,-4.3,85.1,19.08,67,1.0,233.66,14.0,32.0,11.0,,,,,,,,,,,
macd_crossover,DOGE-USDT,1d,,,,2393.21,17.909,-2.03,85.4,31.42,89,1.0,1181.73,14.0,35.0,5.0,,,,,,,,,,,
macd_crossover,DOGE-USDT,1d,,,,1901.94,16.078,-4.02,80.3,18.84,71,1.0,473.27,14.0,35.0,7.0,,,,,,,,,,,
macd_crossover,DOGE-USDT,1d,,,,1458.47,17.158,-4.24,84.1,15.95,69,1.0,343.81,14.0,35.0,9.0,,,,,,,,,,,
macd_crossover,DOGE-USDT,1d,,,,655.59,15.222,-4.43,77.8,9.57,63,1.0,147.93,14.0,35.0,11.0,,,,,,,,,,,
bb_reversion,DOGE-USDT,1d,15.0,,,-100.0,-13.493,-102.45,0.0,0.0,102,2.7,-0.98,,,,1.5,,,,,,,,,,
bb_reversion,DOGE-USDT,1d,15.0,,,-100.0,-16.627,-101.23,0.0,0.0,59,2.1,-0.99,,,,2.0,,,,,,,,,,
bb_reversion,DOGE-USDT,1d,15.0,,,-99.33,-21.504,-99.33,0.0,0.0,32,1.2,-1.0,,,,2.5,,,,,,,,,,
bb_reversion,DOGE-USDT,1d,15.0,,,-65.3,-36.247,-65.3,0.0,0.0,6,1.2,-1.0,,,,3.0,,,,,,,,,,
bb_reversion,DOGE-USDT,1d,17.0,,,-100.0,-14.221,-102.7,0.0,0.0,98,2.7,-0.97,,,,1.5,,,,,,,,,,
bb_reversion,DOGE-USDT,1d,17.0,,,-100.0,-15.601,-101.16,0.0,0.0,70,2.0,-0.99,,,,2.0,,,,,,,,,,
bb_reversion,DOGE-USDT,1d,17.0,,,-99.72,-19.529,-99.72,0.0,0.0,29,1.6,-1.0,,,,2.5,,,,,,,,,,
bb_reversion,DOGE-USDT,1d,17.0,,,-79.44,-36.295,-79.44,0.0,0.0,9,1.1,-1.0,,,,3.0,,,,,,,,,,
bb_reversion,DOGE-USDT,1d,19.0,,,-100.0,-13.818,-102.72,0.0,0.0,93,3.0,-0.97,,,,1.5,,,,,,,,,,
bb_reversion,DOGE-USDT,1d,19.0,,,-100.0,-12.983,-101.28,0.0,0.0,67,2.2,-0.99,,,,2.0,,,,,,,,,,
bb_reversion,DOGE-USDT,1d,19.0,,,-99.66,-19.631,-99.66,0.0,0.0,30,1.5,-1.0,,,,2.5,,,,,,,,,,
bb_reversion,DOGE-USDT,1d,19.0,,,-91.23,-21.575,-91.23,0.0,0.0,11,1.2,-1.0,,,,3.0,,,,,,,,,,
bb_reversion,DOGE-USDT,1d,21.0,,,-100.0,-13.051,-100.16,0.0,0.0,90,3.1,-1.0,,,,1.5,,,,,,,,,,
bb_reversion,DOGE-USDT,1d,21.0,,,-100.0,-13.078,-101.43,0.0,0.0,63,2.2,-0.99,,,,2.0,,,,,,,,,,
bb_reversion,DOGE-USDT,1d,21.0,,,-100.04,-14.276,-102.17,0.0,0.0,31,1.5,-0.98,,,,2.5,,,,,,,,,,
bb_reversion,DOGE-USDT,1d,21.0,,,-91.79,-20.854,-91.79,0.0,0.0,12,1.2,-1.0,,,,3.0,,,,,,,,,,
bb_reversion,DOGE-USDT,1d,23.0,,,-100.0,-14.48,-100.11,0.0,0.0,79,3.6,-1.0,,,,1.5,,,,,,,,,,
bb_reversion,DOGE-USDT,1d,23.0,,,-100.0,-12.662,-101.56,0.0,0.0,61,2.3,-0.98,,,,2.0,,,,,,,,,,
bb_reversion,DOGE-USDT,1d,23.0,,,-100.0,-13.795,-102.16,0.0,0.0,28,1.8,-0.98,,,,2.5,,,,,,,,,,
bb_reversion,DOGE-USDT,1d,23.0,,,-93.3,-17.62,-93.3,0.0,0.0,11,1.4,-1.0,,,,3.0,,,,,,,,,,
bb_reversion,DOGE-USDT,1d,25.0,,,-100.0,-13.737,-102.5,0.0,0.0,77,3.7,-0.98,,,,1.5,,,,,,,,,,
bb_reversion,DOGE-USDT,1d,25.0,,,-100.0,-12.543,-101.57,0.0,0.0,59,2.4,-0.98,,,,2.0,,,,,,,,,,
bb_reversion,DOGE-USDT,1d,25.0,,,-100.0,-13.431,-102.07,0.0,0.0,29,1.9,-0.98,,,,2.5,,,,,,,,,,
bb_reversion,DOGE-USDT,1d,25.0,,,-95.86,-18.425,-95.86,0.0,0.0,10,1.6,-1.0,,,,3.0,,,,,,,,,,
ema_crossover,DOGE-USDT,1d,,,,21994.69,7.936,-14.43,69.0,18.67,42,26.0,1524.72,5.0,25.0,,,,,,,,,,,,
ema_crossover,DOGE-USDT,1d,,,,17528.75,7.615,-14.43,67.5,20.16,40,27.3,1215.13,5.0,30.0,,,,,,,,,,,,
ema_crossover,DOGE-USDT,1d,,,,7789.0,7.051,-19.84,66.7,13.02,42,26.0,392.68,5.0,35.0,,,,,,,,,,,,
ema_crossover,DOGE-USDT,1d,,,,10716.81,8.094,-19.24,72.2,19.67,36,30.4,556.96,5.0,40.0,,,,,,,,,,,,
ema_crossover,DOGE-USDT,1d,,,,9872.55,8.351,-11.23,75.0,19.82,40,27.3,879.3,5.0,45.0,,,,,,,,,,,,
ema_crossover,DOGE-USDT,1d,,,,5070.95,7.769,-16.3,69.4,11.71,36,30.4,311.02,5.0,50.0,,,,,,,,,,,,
ema_crossover,DOGE-USDT,1d,,,,6716.62,6.784,-18.42,62.5,11.1,40,27.3,364.61,8.0,25.0,,,,,,,,,,,,
ema_crossover,DOGE-USDT,1d,,,,4957.39,7.255,-29.03,64.7,9.02,34,32.1,170.75,8.0,30.0,,,,,,,,,,,,
ema_crossover,DOGE-USDT,1d,,,,3877.25,8.117,-38.49,66.7,7.89,30,36.4,100.72,8.0,35.0,,,,,,,,,,,,
ema_crossover,DOGE-USDT,1d,,,,3523.73,7.483,-31.96,67.6,8.46,34,32.1,110.24,8.0,40.0,,,,,,,,,,,,
ema_crossover,DOGE-USDT,1d,,,,3228.99,7.46,-42.1,67.6,7.84,34,32.1,76.69,8.0,45.0,,,,,,,,,,,,
ema_crossover,DOGE-USDT,1d,,,,2898.87,7.919,-26.87,67.9,12.51,28,39.0,107.9,8.0,50.0,,,,,,,,,,,,
ema_crossover,DOGE-USDT,1d,,,,4298.04,7.187,-22.11,62.5,9.4,32,34.2,194.43,11.0,25.0,,,,,,,,,,,,
ema_crossover,DOGE-USDT,1d,,,,2496.48,7.355,-33.04,60.0,6.51,30,36.4,75.55,11.0,30.0,,,,,,,,,,,,
ema_crossover,DOGE-USDT,1d,,,,1726.18,7.065,-37.35,53.6,5.66,28,39.0,46.22,11.0,35.0,,,,,,,,,,,,
ema_crossover,DOGE-USDT,1d,,,,1564.06,6.378,-39.69,58.8,5.33,34,32.1,39.41,11.0,40.0,,,,,,,,,,,,
ema_crossover,DOGE-USDT,1d,,,,1648.03,7.407,-44.21,61.5,6.22,26,42.0,37.28,11.0,45.0,,,,,,,,,,,,
ema_crossover,DOGE-USDT,1d,,,,1452.57,7.616,-24.07,59.1,7.47,22,49.7,60.34,11.0,50.0,,,,,,,,,,,,
ema_crossover,DOGE-USDT,1d,,,,2696.8,7.483,-26.56,63.3,7.17,30,36.4,101.53,14.0,25.0,,,,,,,,,,,,
ema_crossover,DOGE-USDT,1d,,,,1659.83,6.989,-25.31,67.9,6.1,28,39.0,65.58,14.0,30.0,,,,,,,,,,,,
ema_crossover,DOGE-USDT,1d,,,,1023.08,6.343,-42.82,60.7,4.48,28,39.0,23.89,14.0,35.0,,,,,,,,,,,,
ema_crossover,DOGE-USDT,1d,,,,1412.22,6.961,-38.32,53.8,5.75,26,42.0,36.85,14.0,40.0,,,,,,,,,,,,
ema_crossover,DOGE-USDT,1d,,,,1173.44,6.868,-33.46,54.2,5.78,24,45.5,35.07,14.0,45.0,,,,,,,,,,,,
ema_crossover,DOGE-USDT,1d,,,,1015.3,7.873,-27.12,50.0,6.22,18,60.7,37.43,14.0,50.0,,,,,,,,,,,,
ema_crossover,DOGE-USDT,1d,,,,1844.3,7.478,-27.71,65.4,6.14,26,42.0,66.57,17.0,25.0,,,,,,,,,,,,
ema_crossover,DOGE-USDT,1d,,,,1048.06,6.943,-31.76,62.5,4.78,24,45.5,32.99,17.0,30.0,,,,,,,,,,,,
ema_crossover,DOGE-USDT,1d,,,,1015.85,6.145,-41.62,46.4,4.5,28,39.0,24.41,17.0,35.0,,,,,,,,,,,,
ema_crossover,DOGE-USDT,1d,,,,934.97,6.786,-42.42,54.2,4.68,24,45.5,22.04,17.0,40.0,,,,,,,,,,,,
ema_crossover,DOGE-USDT,1d,,,,685.28,6.671,-29.47,50.0,4.41,20,54.6,23.25,17.0,45.0,,,,,,,,,,,,
ema_crossover,DOGE-USDT,1d,,,,764.28,7.435,-31.91,50.0,5.06,18,60.7,23.95,17.0,50.0,,,,,,,,,,,,
ema_crossover,DOGE-USDT,1d,,,,1005.61,6.675,-34.04,58.3,4.73,24,45.5,29.55,20.0,25.0,,,,,,,,,,,,
ema_crossover,DOGE-USDT,1d,,,,1315.48,6.766,-28.98,57.7,5.33,26,42.0,45.4,20.0,30.0,,,,,,,,,,,,
ema_crossover,DOGE-USDT,1d,,,,830.16,6.287,-41.53,45.8,4.4,24,45.5,19.99,20.0,35.0,,,,,,,,,,,,
ema_crossover,DOGE-USDT,1d,,,,602.85,6.432,-41.88,45.0,3.94,20,54.6,14.39,20.0,40.0,,,,,,,,,,,,
ema_crossover,DOGE-USDT,1d,,,,946.12,7.896,-23.75,50.0,6.14,18,60.7,39.83,20.0,45.0,,,,,,,,,,,,
ema_crossover,DOGE-USDT,1d,,,,844.91,8.524,-28.01,56.2,6.14,16,68.3,30.17,20.0,50.0,,,,,,,,,,,,
stoch_rsi,DOGE-USDT,1d,7.0,15.0,75.0,120.28,4.807,-12.73,65.1,2.01,86,1.0,9.45,,,,,3.0,3.0,,,,,,,,
stoch_rsi,DOGE-USDT,1d,7.0,15.0,80.0,53.91,3.105,-18.03,61.8,1.59,76,1.0,2.99,,,,,3.0,3.0,,,,,,,,
stoch_rsi,DOGE-USDT,1d,7.0,15.0,85.0,35.15,2.383,-18.03,59.2,1.43,71,1.0,1.95,,,,,3.0,3.0,,,,,,,,
stoch_rsi,DOGE-USDT,1d,7.0,20.0,75.0,215.59,6.088,-12.73,68.0,2.42,97,1.0,16.93,,,,,3.0,3.0,,,,,,,,
stoch_rsi,DOGE-USDT,1d,7.0,20.0,80.0,120.51,4.726,-16.12,65.5,2.02,87,1.0,7.47,,,,,3.0,3.0,,,,,,,,
stoch_rsi,DOGE-USDT,1d,7.0,20.0,85.0,93.63,4.169,-16.12,63.4,1.86,82,1.0,5.81,,,,,3.0,3.0,,,,,,,,
stoch_rsi,DOGE-USDT,1d,7.0,25.0,75.0,249.35,6.24,-15.35,68.3,2.46,104,1.0,16.25,,,,,3.0,3.0,,,,,,,,
stoch_rsi,DOGE-USDT,1d,7.0,25.0,80.0,144.09,4.975,-18.58,66.0,2.08,94,1.0,7.75,,,,,3.0,3.0,,,,,,,,
stoch_rsi,DOGE-USDT,1d,7.0,25.0,85.0,114.34,4.462,-18.58,64.0,1.93,89,1.0,6.15,,,,,3.0,3.0,,,,,,,,
stoch_rsi,DOGE-USDT,1d,9.0,15.0,75.0,463.06,9.886,-19.35,75.6,4.67,90,1.0,23.93,,,,,3.0,3.0,,,,,,,,
stoch_rsi,DOGE-USDT,1d,9.0,15.0,80.0,345.64,9.352,-19.35,75.0,4.25,84,1.0,17.86,,,,,3.0,3.0,,,,,,,,
stoch_rsi,DOGE-USDT,1d,9.0,15.0,85.0,242.19,8.473,-19.35,71.6,3.69,74,1.0,12.52,,,,,3.0,3.0,,,,,,,,
stoch_rsi,DOGE-USDT,1d,9.0,20.0,75.0,536.47,9.42,-19.35,76.2,4.18,101,1.0,27.73,,,,,3.0,3.0,,,,,,,,
stoch_rsi,DOGE-USDT,1d,9.0,20.0,80.0,403.75,8.918,-19.35,75.8,3.83,95,1.0,20.87,,,,,3.0,3.0,,,,,,,,
stoch_rsi,DOGE-USDT,1d,9.0,20.0,85.0,286.8,8.123,-19.35,72.9,3.38,85,1.0,14.82,,,,,3.0,3.0,,,,,,,,
stoch_rsi,DOGE-USDT,1d,9.0,25.0,75.0,660.06,9.823,-19.35,77.1,4.45,109,1.0,34.11,,,,,3.0,3.0,,,,,,,,
stoch_rsi,DOGE-USDT,1d,9.0,25.0,80.0,501.56,9.38,-19.35,76.7,4.1,103,1.0,25.92,,,,,3.0,3.0,,,,,,,,
stoch_rsi,DOGE-USDT,1d,9.0,25.0,85.0,361.91,8.653,-19.35,74.2,3.66,93,1.0,18.7,,,,,3.0,3.0,,,,,,,,
stoch_rsi,DOGE-USDT,1d,11.0,15.0,75.0,244.15,7.417,-10.59,74.7,2.95,99,1.0,23.05,,,,,3.0,3.0,,,,,,,,
stoch_rsi,DOGE-USDT,1d,11.0,15.0,80.0,225.47,7.275,-10.59,74.7,2.88,95,1.0,21.28,,,,,3.0,3.0,,,,,,,,
stoch_rsi,DOGE-USDT,1d,11.0,15.0,85.0,209.32,7.298,-10.59,75.3,2.88,89,1.0,19.76,,,,,3.0,3.0,,,,,,,,
stoch_rsi,DOGE-USDT,1d,11.0,20.0,75.0,366.61,7.398,-10.44,73.9,2.98,111,1.0,35.11,,,,,3.0,3.0,,,,,,,,
stoch_rsi,DOGE-USDT,1d,11.0,20.0,80.0,341.28,7.297,-10.44,73.8,2.93,107,1.0,32.68,,,,,3.0,3.0,,,,,,,,
stoch_rsi,DOGE-USDT,1d,11.0,20.0,85.0,319.38,7.332,-10.44,74.3,2.93,101,1.0,30.59,,,,,3.0,3.0,,,,,,,,
stoch_rsi,DOGE-USDT,1d,11.0,25.0,75.0,404.3,6.98,-12.71,73.9,2.79,119,1.0,31.81,,,,,3.0,3.0,,,,,,,,
stoch_rsi,DOGE-USDT,1d,11.0,25.0,80.0,376.93,6.886,-12.71,73.9,2.74,115,1.0,29.65,,,,,3.0,3.0,,,,,,,,
stoch_rsi,DOGE-USDT,1d,11.0,25.0,85.0,353.26,6.908,-12.71,74.3,2.73,109,1.0,27.79,,,,,3.0,3.0,,,,,,,,
stoch_rsi,DOGE-USDT,1d,13.0,15.0,75.0,126.58,4.528,-16.82,63.4,1.88,93,1.0,7.53,,,,,3.0,3.0,,,,,,,,
stoch_rsi,DOGE-USDT,1d,13.0,15.0,80.0,91.37,3.941,-16.82,62.4,1.74,85,1.0,5.43,,,,,3.0,3.0,,,,,,,,
stoch_rsi,DOGE-USDT,1d,13.0,15.0,85.0,40.76,2.766,-16.97,60.3,1.44,68,1.0,2.4,,,,,3.0,3.0,,,,,,,,
stoch_rsi,DOGE-USDT,1d,13.0,20.0,75.0,239.42,5.855,-16.82,65.3,2.3,101,1.0,14.23,,,,,3.0,3.0,,,,,,,,
stoch_rsi,DOGE-USDT,1d,13.0,20.0,80.0,186.67,5.43,-16.82,64.5,2.16,93,1.0,11.1,,,,,3.0,3.0,,,,,,,,
stoch_rsi,DOGE-USDT,1d,13.0,20.0,85.0,110.85,4.755,-16.82,63.2,1.91,76,1.0,6.59,,,,,3.0,3.0,,,,,,,,
stoch_rsi,DOGE-USDT,1d,13.0,25.0,75.0,367.74,6.481,-16.71,64.9,2.56,111,1.0,22.01,,,,,3.0,3.0,,,,,,,,
stoch_rsi,DOGE-USDT,1d,13.0,25.0,80.0,295.04,6.147,-16.71,64.1,2.44,103,1.0,17.66,,,,,3.0,3.0,,,,,,,,
stoch_rsi,DOGE-USDT,1d,13.0,25.0,85.0,190.57,5.7,-16.71,62.8,2.23,86,1.0,11.4,,,,,3.0,3.0,,,,,,,,
stoch_rsi,DOGE-USDT,1d,15.0,15.0,75.0,710.52,10.933,-7.42,80.0,7.17,90,1.0,95.72,,,,,3.0,3.0,,,,,,,,
stoch_rsi,DOGE-USDT,1d,15.0,15.0,80.0,521.27,11.232,-7.42,80.2,6.35,86,1.0,70.23,,,,,3.0,3.0,,,,,,,,
stoch_rsi,DOGE-USDT,1d,15.0,15.0,85.0,303.18,10.429,-7.42,77.9,5.08,77,1.0,40.84,,,,,3.0,3.0,,,,,,,,
stoch_rsi,DOGE-USDT,1d,15.0,20.0,75.0,815.57,11.238,-7.42,80.9,7.52,94,1.0,109.87,,,,,3.0,3.0,,,,,,,,
stoch_rsi,DOGE-USDT,1d,15.0,20.0,80.0,601.79,11.597,-7.42,81.1,6.71,90,1.0,81.07,,,,,3.0,3.0,,,,,,,,
stoch_rsi,DOGE-USDT,1d,15.0,20.0,85.0,355.43,10.899,-7.42,79.0,5.43,81,1.0,47.88,,,,,3.0,3.0,,,,,,,,
stoch_rsi,DOGE-USDT,1d,15.0,25.0,75.0,988.59,10.988,-7.42,79.8,7.1,99,1.0,133.18,,,,,3.0,3.0,,,,,,,,
stoch_rsi,DOGE-USDT,1d,15.0,25.0,80.0,734.42,11.181,-7.42,80.0,6.4,95,1.0,98.94,,,,,3.0,3.0,,,,,,,,
stoch_rsi,DOGE-USDT,1d,15.0,25.0,85.0,441.5,10.42,-7.42,77.9,5.3,86,1.0,59.48,,,,,3.0,3.0,,,,,,,,
stoch_rsi,DOGE-USDT,1d,17.0,15.0,75.0,314.44,6.022,-15.93,60.6,2.36,99,1.0,19.73,,,,,3.0,3.0,,,,,,,,
stoch_rsi,DOGE-USDT,1d,17.0,15.0,80.0,224.04,5.451,-17.08,58.4,2.17,89,1.0,13.12,,,,,3.0,3.0,,,,,,,,
stoch_rsi,DOGE-USDT,1d,17.0,15.0,85.0,106.7,4.041,-17.08,55.7,1.77,79,1.0,6.25,,,,,3.0,3.0,,,,,,,,
stoch_rsi,DOGE-USDT,1d,17.0,20.0,75.0,406.84,6.373,-15.93,61.9,2.51,105,1.0,25.53,,,,,3.0,3.0,,,,,,,,
stoch_rsi,DOGE-USDT,1d,17.0,20.0,80.0,296.28,5.871,-17.08,60.0,2.33,95,1.0,17.35,,,,,3.0,3.0,,,,,,,,
stoch_rsi,DOGE-USDT,1d,17.0,20.0,85.0,152.78,4.634,-17.08,57.6,1.95,85,1.0,8.95,,,,,3.0,3.0,,,,,,,,
stoch_rsi,DOGE-USDT,1d,17.0,25.0,75.0,578.57,7.034,-15.93,63.7,2.77,113,1.0,36.31,,,,,3.0,3.0,,,,,,,,
stoch_rsi,DOGE-USDT,1d,17.0,25.0,80.0,430.55,6.605,-17.08,62.1,2.59,103,1.0,25.21,,,,,3.0,3.0,,,,,,,,
stoch_rsi,DOGE-USDT,1d,17.0,25.0,85.0,238.44,5.546,-17.08,60.2,2.22,93,1.0,13.96,,,,,3.0,3.0,,,,,,,,
stoch_rsi,DOGE-USDT,1d,19.0,15.0,75.0,252.09,6.561,-16.28,67.3,2.59,98,1.0,15.49,,,,,3.0,3.0,,,,,,,,
stoch_rsi,DOGE-USDT,1d,19.0,15.0,80.0,242.72,6.615,-16.28,67.7,2.58,93,1.0,14.91,,,,,3.0,3.0,,,,,,,,
stoch_rsi,DOGE-USDT,1d,19.0,15.0,85.0,100.79,4.986,-20.9,65.4,1.97,81,1.0,4.82,,,,,3.0,3.0,,,,,,,,
stoch_rsi,DOGE-USDT,1d,19.0,20.0,75.0,398.54,7.542,-16.28,68.6,2.96,105,1.0,24.48,,,,,3.0,3.0,,,,,,,,
stoch_rsi,DOGE-USDT,1d,19.0,20.0,80.0,385.27,7.627,-16.28,69.0,2.95,100,1.0,23.67,,,,,3.0,3.0,,,,,,,,
stoch_rsi,DOGE-USDT,1d,19.0,20.0,85.0,184.31,6.384,-16.28,67.0,2.39,88,1.0,11.32,,,,,3.0,3.0,,,,,,,,
stoch_rsi,DOGE-USDT,1d,19.0,25.0,75.0,409.85,7.404,-16.28,69.1,2.9,110,1.0,25.18,,,,,3.0,3.0,,,,,,,,
stoch_rsi,DOGE-USDT,1d,19.0,25.0,80.0,396.28,7.479,-16.28,69.5,2.9,105,1.0,24.34,,,,,3.0,3.0,,,,,,,,
stoch_rsi,DOGE-USDT,1d,19.0,25.0,85.0,190.76,6.27,-16.28,67.7,2.36,93,1.0,11.72,,,,,3.0,3.0,,,,,,,,
stoch_rsi,DOGE-USDT,1d,21.0,15.0,75.0,930.22,13.398,-6.05,76.3,8.93,93,1.0,153.81,,,,,3.0,3.0,,,,,,,,
stoch_rsi,DOGE-USDT,1d,21.0,15.0,80.0,791.45,13.528,-6.05,77.9,8.61,86,1.0,130.86,,,,,3.0,3.0,,,,,,,,
stoch_rsi,DOGE-USDT,1d,21.0,15.0,85.0,473.01,13.83,-4.58,77.3,9.15,75,1.0,103.26,,,,,3.0,3.0,,,,,,,,
stoch_rsi,DOGE-USDT,1d,21.0,20.0,75.0,1107.48,13.316,-6.05,75.8,8.1,99,1.0,183.12,,,,,3.0,3.0,,,,,,,,
stoch_rsi,DOGE-USDT,1d,21.0,20.0,80.0,944.84,13.431,-6.05,77.2,7.81,92,1.0,156.22,,,,,3.0,3.0,,,,,,,,
stoch_rsi,DOGE-USDT,1d,21.0,20.0,85.0,571.6,13.646,-4.58,76.5,8.02,81,1.0,124.78,,,,,3.0,3.0,,,,,,,,
stoch_rsi,DOGE-USDT,1d,21.0,25.0,75.0,1080.29,12.22,-7.59,73.3,6.38,105,1.0,142.27,,,,,3.0,3.0,,,,,,,,
stoch_rsi,DOGE-USDT,1d,21.0,25.0,80.0,921.31,12.252,-7.59,74.5,6.14,98,1.0,121.34,,,,,3.0,3.0,,,,,,,,
stoch_rsi,DOGE-USDT,1d,21.0,25.0,85.0,556.48,12.179,-7.59,73.6,5.96,87,1.0,73.29,,,,,3.0,3.0,,,,,,,,
kc_breakout,DOGE-USDT,1d,15.0,,,136791.86,13.906,0.0,100.0,999.0,59,2.5,0.0,,,,,,,1.5,,,,,,,
kc_breakout,DOGE-USDT,1d,15.0,,,7344.1,13.98,0.0,100.0,999.0,29,1.9,0.0,,,,,,,2.0,,,,,,,
kc_breakout,DOGE-USDT,1d,15.0,,,610.84,17.962,0.0,100.0,999.0,10,1.7,0.0,,,,,,,2.5,,,,,,,
kc_breakout,DOGE-USDT,1d,15.0,,,321.84,21.072,0.0,100.0,999.0,6,1.5,0.0,,,,,,,3.0,,,,,,,
kc_breakout,DOGE-USDT,1d,17.0,,,269704.07,13.249,0.0,100.0,999.0,67,2.8,0.0,,,,,,,1.5,,,,,,,
kc_breakout,DOGE-USDT,1d,17.0,,,11313.21,14.392,0.0,100.0,999.0,33,2.2,0.0,,,,,,,2.0,,,,,,,
kc_breakout,DOGE-USDT,1d,17.0,,,975.11,14.948,0.0,100.0,999.0,12,2.0,0.0,,,,,,,2.5,,,,,,,
kc_breakout,DOGE-USDT,1d,17.0,,,406.28,22.035,0.0,100.0,999.0,6,2.0,0.0,,,,,,,3.0,,,,,,,
kc_breakout,DOGE-USDT,1d,19.0,,,283892.57,11.703,0.0,100.0,999.0,71,3.0,0.0,,,,,,,1.5,,,,,,,
kc_breakout,DOGE-USDT,1d,19.0,,,16799.76,13.644,0.0,100.0,999.0,39,2.4,0.0,,,,,,,2.0,,,,,,,
kc_breakout,DOGE-USDT,1d,19.0,,,1852.97,14.247,0.0,100.0,999.0,17,2.2,0.0,,,,,,,2.5,,,,,,,
kc_breakout,DOGE-USDT,1d,19.0,,,498.91,17.285,0.0,100.0,999.0,9,1.8,0.0,,,,,,,3.0,,,,,,,
kc_breakout,DOGE-USDT,1d,21.0,,,342834.36,10.777,0.0,100.0,999.0,75,3.2,0.0,,,,,,,1.5,,,,,,,
kc_breakout,DOGE-USDT,1d,21.0,,,25852.7,11.934,0.0,100.0,999.0,39,3.1,0.0,,,,,,,2.0,,,,,,,
kc_breakout,DOGE-USDT,1d,21.0,,,2952.97,13.633,0.0,100.0,999.0,24,2.0,0.0,,,,,,,2.5,,,,,,,
kc_breakout,DOGE-USDT,1d,21.0,,,767.75,14.225,0.0,100.0,999.0,11,1.9,0.0,,,,,,,3.0,,,,,,,
kc_breakout,DOGE-USDT,1d,23.0,,,389493.94,10.855,0.0,100.0,999.0,76,3.5,0.0,,,,,,,1.5,,,,,,,
kc_breakout,DOGE-USDT,1d,23.0,,,34444.3,12.398,0.0,100.0,999.0,40,3.5,0.0,,,,,,,2.0,,,,,,,
kc_breakout,DOGE-USDT,1d,23.0,,,4484.04,13.3,0.0,100.0,999.0,26,2.3,0.0,,,,,,,2.5,,,,,,,
kc_breakout,DOGE-USDT,1d,23.0,,,821.12,15.473,0.0,100.0,999.0,11,2.4,0.0,,,,,,,3.0,,,,,,,
kc_breakout,DOGE-USDT,1d,25.0,,,388886.51,12.123,0.0,100.0,999.0,78,3.8,0.0,,,,,,,1.5,,,,,,,
kc_breakout,DOGE-USDT,1d,25.0,,,44799.32,12.034,0.0,100.0,999.0,49,3.3,0.0,,,,,,,2.0,,,,,,,
kc_breakout,DOGE-USDT,1d,25.0,,,7094.95,10.734,0.0,100.0,999.0,31,2.4,0.0,,,,,,,2.5,,,,,,,
kc_breakout,DOGE-USDT,1d,25.0,,,1615.03,15.579,0.0,100.0,999.0,17,2.2,0.0,,,,,,,3.0,,,,,,,
rsi_adx_combo,DOGE-USDT,1d,,,,2419.55,5.753,-28.41,56.5,4.75,46,21.4,85.15,,,,,,,,14.0,25.0,65.0,14.0,20.0,,
rsi_adx_combo,DOGE-USDT,1d,,,,1480.92,4.43,-28.75,44.8,3.65,58,14.9,51.51,,,,,,,,14.0,25.0,65.0,14.0,25.0,,
rsi_adx_combo,DOGE-USDT,1d,,,,2517.08,6.016,-28.41,58.1,4.97,43,22.8,88.59,,,,,,,,14.0,25.0,70.0,14.0,20.0,,
rsi_adx_combo,DOGE-USDT,1d,,,,1620.45,4.601,-28.75,46.4,3.84,56,15.3,56.36,,,,,,,,14.0,25.0,70.0,14.0,25.0,,
rsi_adx_combo,DOGE-USDT,1d,,,,2877.15,6.189,-28.41,60.5,5.51,43,22.7,101.26,,,,,,,,14.0,25.0,75.0,14.0,20.0,,
rsi_adx_combo,DOGE-USDT,1d,,,,2071.83,5.043,-28.75,50.0,4.47,52,16.4,72.06,,,,,,,,14.0,25.0,75.0,14.0,25.0,,
rsi_adx_combo,DOGE-USDT,1d,,,,2414.73,5.621,-28.41,56.2,4.73,48,20.5,84.99,,,,,,,,14.0,30.0,65.0,14.0,20.0,,
rsi_adx_combo,DOGE-USDT,1d,,,,1489.73,4.321,-28.75,45.9,3.65,61,14.2,51.82,,,,,,,,14.0,30.0,65.0,14.0,25.0,,
rsi_adx_combo,DOGE-USDT,1d,,,,2512.07,5.868,-28.41,57.8,4.95,45,21.8,88.41,,,,,,,,14.0,30.0,70.0,14.0,20.0,,
rsi_adx_combo,DOGE-USDT,1d,,,,1630.03,4.484,-28.75,47.5,3.83,59,14.6,56.7,,,,,,,,14.0,30.0,70.0,14.0,25.0,,
rsi_adx_combo,DOGE-USDT,1d,,,,2871.45,6.036,-28.41,60.0,5.48,45,21.8,101.06,,,,,,,,14.0,30.0,75.0,14.0,20.0,,
rsi_adx_combo,DOGE-USDT,1d,,,,2083.92,4.903,-28.75,50.9,4.46,55,15.5,72.48,,,,,,,,14.0,30.0,75.0,14.0,25.0,,
rsi_adx_combo,DOGE-USDT,1d,,,,2353.57,5.47,-28.41,56.0,4.63,50,19.8,82.83,,,,,,,,14.0,35.0,65.0,14.0,20.0,,
rsi_adx_combo,DOGE-USDT,1d,,,,1409.45,4.131,-28.17,46.2,3.52,65,13.4,50.04,,,,,,,,14.0,35.0,65.0,14.0,25.0,,
rsi_adx_combo,DOGE-USDT,1d,,,,2448.54,5.701,-28.41,57.4,4.84,47,21.0,86.18,,,,,,,,14.0,35.0,70.0,14.0,20.0,,
rsi_adx_combo,DOGE-USDT,1d,,,,1542.67,4.282,-28.17,47.6,3.69,63,13.8,54.77,,,,,,,,14.0,35.0,70.0,14.0,25.0,,
rsi_adx_combo,DOGE-USDT,1d,,,,2799.18,5.865,-28.41,59.6,5.35,47,20.9,98.52,,,,,,,,14.0,35.0,75.0,14.0,20.0,,
rsi_adx_combo,DOGE-USDT,1d,,,,1973.64,4.672,-28.17,50.8,4.26,59,14.6,70.07,,,,,,,,14.0,35.0,75.0,14.0,25.0,,
rsi_vol_combo,DOGE-USDT,1d,,,,-99.86,-13.275,-99.86,11.1,0.02,36,2.3,-1.0,,,,,,,,14.0,25.0,65.0,,,20.0,1.5
rsi_vol_combo,DOGE-USDT,1d,,,,-99.64,-13.337,-99.64,6.7,0.02,30,1.7,-1.0,,,,,,,,14.0,25.0,65.0,,,20.0,2.0
rsi_vol_combo,DOGE-USDT,1d,,,,-99.77,-13.807,-99.77,6.7,0.01,30,2.2,-1.0,,,,,,,,14.0,25.0,70.0,,,20.0,1.5
rsi_vol_combo,DOGE-USDT,1d,,,,-99.47,-13.726,-99.47,3.8,0.0,26,1.7,-1.0,,,,,,,,14.0,25.0,70.0,,,20.0,2.0
rsi_vol_combo,DOGE-USDT,1d,,,,-99.72,-14.285,-99.72,0.0,0.0,26,2.0,-1.0,,,,,,,,14.0,25.0,75.0,,,20.0,1.5
rsi_vol_combo,DOGE-USDT,1d,,,,-99.22,-13.701,-99.22,0.0,0.0,22,1.6,-1.0,,,,,,,,14.0,25.0,75.0,,,20.0,2.0
rsi_vol_combo,DOGE-USDT,1d,,,,-99.91,-12.648,-99.91,13.6,0.03,44,2.1,-1.0,,,,,,,,14.0,30.0,65.0,,,20.0,1.5
rsi_vol_combo,DOGE-USDT,1d,,,,-99.62,-12.236,-99.62,12.1,0.04,33,1.7,-1.0,,,,,,,,14.0,30.0,65.0,,,20.0,2.0
rsi_vol_combo,DOGE-USDT,1d,,,,-99.85,-12.933,-99.85,10.5,0.01,38,2.0,-1.0,,,,,,,,14.0,30.0,70.0,,,20.0,1.5
rsi_vol_combo,DOGE-USDT,1d,,,,-99.45,-12.433,-99.45,10.3,0.02,29,1.6,-1.0,,,,,,,,14.0,30.0,70.0,,,20.0,2.0
rsi_vol_combo,DOGE-USDT,1d,,,,-99.81,-13.139,-99.81,5.9,0.01,34,1.9,-1.0,,,,,,,,14.0,30.0,75.0,,,20.0,1.5
rsi_vol_combo,DOGE-USDT,1d,,,,-99.19,-12.23,-99.19,8.0,0.02,25,1.5,-1.0,,,,,,,,14.0,30.0,75.0,,,20.0,2.0
rsi_vol_combo,DOGE-USDT,1d,,,,-99.93,-11.885,-99.93,17.6,0.06,51,2.1,-1.0,,,,,,,,14.0,35.0,65.0,,,20.0,1.5
rsi_vol_combo,DOGE-USDT,1d,,,,-99.58,-10.497,-99.58,20.5,0.07,39,1.6,-1.0,,,,,,,,14.0,35.0,65.0,,,20.0,2.0
rsi_vol_combo,DOGE-USDT,1d,,,,-99.88,-12.016,-99.88,15.6,0.04,45,2.0,-1.0,,,,,,,,14.0,35.0,70.0,,,20.0,1.5
rsi_vol_combo,DOGE-USDT,1d,,,,-99.38,-10.472,-99.38,20.0,0.06,35,1.5,-1.0,,,,,,,,14.0,35.0,70.0,,,20.0,2.0
rsi_vol_combo,DOGE-USDT,1d,,,,-99.85,-12.084,-99.85,12.2,0.04,41,1.9,-1.0,,,,,,,,14.0,35.0,75.0,,,20.0,1.5
rsi_vol_combo,DOGE-USDT,1d,,,,-99.1,-10.099,-99.1,19.4,0.06,31,1.5,-1.0,,,,,,,,14.0,35.0,75.0,,,20.0,2.0
rsi_reversion,DOGE-USDT,4h,7.0,20.0,60.0,-93.31,-14.404,-93.32,14.0,0.04,150,3.3,-1.0,,,,,,,,,,,,,,
rsi_reversion,DOGE-USDT,4h,7.0,20.0,65.0,-92.53,-14.228,-92.53,12.7,0.04,142,2.9,-1.0,,,,,,,,,,,,,,
rsi_reversion,DOGE-USDT,4h,7.0,20.0,70.0,-92.34,-13.145,-92.34,12.4,0.04,129,2.6,-1.0,,,,,,,,,,,,,,
rsi_reversion,DOGE-USDT,4h,7.0,20.0,75.0,-89.93,-13.826,-89.93,16.2,0.03,111,2.5,-1.0,,,,,,,,,,,,,,
rsi_reversion,DOGE-USDT,4h,7.0,20.0,80.0,-88.91,-13.52,-88.92,17.5,0.03,97,2.4,-1.0,,,,,,,,,,,,,,
rsi_reversion,DOGE-USDT,4h,7.0,25.0,60.0,-94.67,-14.485,-94.68,13.0,0.04,162,3.4,-1.0,,,,,,,,,,,,,,
rsi_reversion,DOGE-USDT,4h,7.0,25.0,65.0,-94.05,-14.324,-94.05,11.7,0.03,154,3.1,-1.0,,,,,,,,,,,,,,
rsi_reversion,DOGE-USDT,4h,7.0,25.0,70.0,-93.9,-13.296,-93.9,11.3,0.03,141,2.8,-1.0,,,,,,,,,,,,,,
rsi_reversion,DOGE-USDT,4h,7.0,25.0,75.0,-91.98,-13.945,-91.98,14.6,0.03,123,2.7,-1.0,,,,,,,,,,,,,,
rsi_reversion,DOGE-USDT,4h,7.0,25.0,80.0,-91.17,-13.635,-91.18,15.6,0.03,109,2.6,-1.0,,,,,,,,,,,,,,
rsi_reversion,DOGE-USDT,4h,7.0,30.0,60.0,-95.68,-15.139,-95.69,12.6,0.04,167,3.7,-1.0,,,,,,,,,,,,,,
rsi_reversion,DOGE-USDT,4h,7.0,30.0,65.0,-95.18,-15.003,-95.18,11.3,0.03,159,3.4,-1.0,,,,,,,,,,,,,,
rsi_reversion,DOGE-USDT,4h,7.0,30.0,70.0,-95.05,-13.965,-95.05,11.0,0.04,146,3.2,-1.0,,,,,,,,,,,,,,
rsi_reversion,DOGE-USDT,4h,7.0,30.0,75.0,-93.5,-14.717,-93.5,14.1,0.03,128,3.2,-1.0,,,,,,,,,,,,,,
rsi_reversion,DOGE-USDT,4h,7.0,30.0,80.0,-92.84,-14.433,-92.85,14.9,0.03,114,3.1,-1.0,,,,,,,,,,,,,,
rsi_reversion,DOGE-USDT,4h,7.0,35.0,60.0,-96.92,-14.645,-96.93,13.1,0.04,199,3.5,-1.0,,,,,,,,,,,,,,
rsi_reversion,DOGE-USDT,4h,7.0,35.0,65.0,-96.56,-14.498,-96.56,12.0,0.04,191,3.2,-1.0,,,,,,,,,,,,,,
rsi_reversion,DOGE-USDT,4h,7.0,35.0,70.0,-96.47,-13.497,-96.47,11.8,0.04,178,3.1,-1.0,,,,,,,,,,,,,,
rsi_reversion,DOGE-USDT,4h,7.0,35.0,75.0,-95.37,-14.065,-95.37,14.4,0.03,160,3.0,-1.0,,,,,,,,,,,,,,
rsi_reversion,DOGE-USDT,4h,7.0,35.0,80.0,-94.9,-13.688,-94.9,15.1,0.03,146,3.0,-1.0,,,,,,,,,,,,,,
rsi_reversion,DOGE-USDT,4h,9.0,20.0,60.0,-89.13,-14.004,-89.13,12.7,0.03,118,3.7,-1.0,,,,,,,,,,,,,,
rsi_reversion,DOGE-USDT,4h,9.0,20.0,65.0,-89.24,-14.193,-89.24,12.4,0.04,113,3.0,-1.0,,,,,,,,,,,,,,
rsi_reversion,DOGE-USDT,4h,9.0,20.0,70.0,-88.9,-15.191,-88.9,10.4,0.02,96,2.8,-1.0,,,,,,,,,,,,,,
rsi_reversion,DOGE-USDT,4h,9.0,20.0,75.0,-83.77,-14.114,-83.77,13.6,0.03,81,2.4,-1.0,,,,,,,,,,,,,,
rsi_reversion,DOGE-USDT,4h,9.0,20.0,80.0,-78.65,-14.279,-78.65,12.9,0.02,62,2.5,-1.0,,,,,,,,,,,,,,
rsi_reversion,DOGE-USDT,4h,9.0,25.0,60.0,-91.65,-14.464,-91.65,12.7,0.02,126,3.9,-1.0,,,,,,,,,,,,,,
rsi_reversion,DOGE-USDT,4h,9.0,25.0,65.0,-91.73,-14.665,-91.73,12.4,0.03,121,3.2,-1.0,,,,,,,,,,,,,,
rsi_reversion,DOGE-USDT,4h,9.0,25.0,70.0,-91.47,-15.68,-91.47,10.6,0.02,104,3.1,-1.0,,,,,,,,,,,,,,
rsi_reversion,DOGE-USDT,4h,9.0,25.0,75.0,-87.54,-14.748,-87.54,13.5,0.02,89,2.8,-1.0,,,,,,,,,,,,,,
rsi_reversion,DOGE-USDT,4h,9.0,25.0,80.0,-83.6,-15.036,-83.6,12.9,0.02,70,3.1,-1.0,,,,,,,,,,,,,,
rsi_reversion,DOGE-USDT,4h,9.0,30.0,60.0,-93.29,-14.897,-93.29,11.5,0.03,131,4.3,-1.0,,,,,,,,,,,,,,
rsi_reversion,DOGE-USDT,4h,9.0,30.0,65.0,-93.35,-15.114,-93.35,11.1,0.03,126,3.7,-1.0,,,,,,,,,,,,,,
rsi_reversion,DOGE-USDT,4h,9.0,30.0,70.0,-93.14,-16.178,-93.14,9.2,0.02,109,3.6,-1.0,,,,,,,,,,,,,,
rsi_reversion,DOGE-USDT,4h,9.0,30.0,75.0,-89.98,-15.353,-89.98,11.7,0.02,94,3.4,-1.0,,,,,,,,,,,,,,
rsi_reversion,DOGE-USDT,4h,9.0,30.0,80.0,-86.82,-15.771,-86.82,10.7,0.02,75,3.8,-1.0,,,,,,,,,,,,,,
rsi_reversion,DOGE-USDT,4h,9.0,35.0,60.0,-94.7,-14.464,-94.7,11.6,0.04,147,4.4,-1.0,,,,,,,,,,,,,,
rsi_reversion,DOGE-USDT,4h,9.0,35.0,65.0,-94.75,-14.641,-94.75,11.3,0.04,142,3.8,-1.0,,,,,,,,,,,,,,
rsi_reversion,DOGE-USDT,4h,9.0,35.0,70.0,-94.58,-15.486,-94.58,9.6,0.03,125,3.7,-1.0,,,,,,,,,,,,,,
rsi_reversion,DOGE-USDT,4h,9.0,35.0,75.0,-92.09,-14.704,-92.09,11.8,0.04,110,3.6,-1.0,,,,,,,,,,,,,,
rsi_reversion,DOGE-USDT,4h,9.0,35.0,80.0,-89.59,-14.892,-89.59,11.0,0.03,91,3.9,-1.0,,,,,,,,,,,,,,
rsi_reversion,DOGE-USDT,4h,11.0,20.0,60.0,-84.21,-15.035,-84.21,13.0,0.02,100,3.7,-1.0,,,,,,,,,,,,,,
rsi_reversion,DOGE-USDT,4h,11.0,20.0,65.0,-84.3,-15.154,-84.3,15.6,0.02,90,2.8,-1.0,,,,,,,,,,,,,,
rsi_reversion,DOGE-USDT,4h,11.0,20.0,70.0,-81.31,-15.29,-81.31,9.6,0.01,73,2.4,-1.0,,,,,,,,,,,,,,
rsi_reversion,DOGE-USDT,4h,11.0,20.0,75.0,-76.77,-14.842,-76.77,13.6,0.01,59,2.2,-1.0,,,,,,,,,,,,,,
rsi_reversion,DOGE-USDT,4h,11.0,20.0,80.0,-67.58,-14.816,-67.58,14.6,0.01,41,2.3,-1.0,,,,,,,,,,,,,,
rsi_reversion,DOGE-USDT,4h,11.0,25.0,60.0,-88.46,-15.244,-88.46,8.9,0.02,112,4.0,-1.0,,,,,,,,,,,,,,
rsi_reversion,DOGE-USDT,4h,11.0,25.0,65.0,-88.53,-15.412,-88.53,10.8,0.02,102,3.2,-1.0,,,,,,,,,,,,,,
rsi_reversion,DOGE-USDT,4h,11.0,25.0,70.0,-86.33,-15.591,-86.33,4.7,0.01,85,2.9,-1.0,,,,,,,,,,,,,,
rsi_reversion,DOGE-USDT,4h,11.0,25.0,75.0,-83.02,-15.245,-83.02,7.0,0.01,71,2.9,-1.0,,,,,,,,,,,,,,
rsi_reversion,DOGE-USDT,4h,11.0,25.0,80.0,-76.31,-15.292,-76.31,5.7,0.01,53,3.2,-1.0,,,,,,,,,,,,,,
rsi_reversion,DOGE-USDT,4h,11.0,30.0,60.0,-89.35,-14.565,-89.35,13.5,0.02,126,4.0,-1.0,,,,,,,,,,,,,,
rsi_reversion,DOGE-USDT,4h,11.0,30.0,65.0,-89.41,-14.606,-89.41,15.5,0.02,116,3.4,-1.0,,,,,,,,,,,,,,
rsi_reversion,DOGE-USDT,4h,11.0,30.0,70.0,-87.39,-14.569,-87.39,11.1,0.02,99,3.2,-1.0,,,,,,,,,,,,,,
rsi_reversion,DOGE-USDT,4h,11.0,30.0,75.0,-84.33,-14.067,-84.33,14.1,0.02,85,3.2,-1.0,,,,,,,,,,,,,,
rsi_reversion,DOGE-USDT,4h,11.0,30.0,80.0,-78.14,-13.737,-78.14,14.9,0.02,67,3.5,-1.0,,,,,,,,,,,,,,
rsi_reversion,DOGE-USDT,4h,11.0,35.0,60.0,-92.18,-14.891,-92.18,14.1,0.04,135,4.4,-1.0,,,,,,,,,,,,,,
rsi_reversion,DOGE-USDT,4h,11.0,35.0,65.0,-92.22,-15.003,-92.22,16.0,0.04,125,3.8,-1.0,,,,,,,,,,,,,,
rsi_reversion,DOGE-USDT,4h,11.0,35.0,70.0,-90.74,-15.06,-90.74,12.0,0.03,108,3.7,-1.0,,,,,,,,,,,,,,
rsi_reversion,DOGE-USDT,4h,11.0,35.0,75.0,-88.49,-14.681,-88.49,14.9,0.04,94,3.8,-1.0,,,,,,,,,,,,,,
rsi_reversion,DOGE-USDT,4h,11.0,35.0,80.0,-83.94,-14.522,-83.94,15.8,0.04,76,4.2,-1.0,,,,,,,,,,,,,,
rsi_reversion,DOGE-USDT,4h,13.0,20.0,60.0,-78.96,-15.517,-78.98,13.4,0.05,82,3.9,-1.0,,,,,,,,,,,,,,
rsi_reversion,DOGE-USDT,4h,13.0,20.0,65.0,-77.06,-13.465,-77.08,10.8,0.04,74,2.9,-1.0,,,,,,,,,,,,,,
rsi_reversion,DOGE-USDT,4h,13.0,20.0,70.0,-67.04,-14.737,-67.16,13.2,0.03,53,2.6,-1.0,,,,,,,,,,,,,,
rsi_reversion,DOGE-USDT,4h,13.0,20.0,75.0,-57.37,-12.676,-57.41,12.5,0.03,40,2.2,-1.0,,,,,,,,,,,,,,
rsi_reversion,DOGE-USDT,4h,13.0,20.0,80.0,-50.52,-16.963,-50.57,10.7,0.02,28,2.4,-1.0,,,,,,,,,,,,,,
rsi_reversion,DOGE-USDT,4h,13.0,25.0,60.0,-83.74,-15.719,-83.74,15.5,0.04,97,3.9,-1.0,,,,,,,,,,,,,,
rsi_reversion,DOGE-USDT,4h,13.0,25.0,65.0,-82.28,-13.826,-82.28,13.5,0.04,89,3.0,-1.0,,,,,,,,,,,,,,
rsi_reversion,DOGE-USDT,4h,13.0,25.0,70.0,-74.54,-15.035,-74.61,16.2,0.03,68,2.8,-1.0,,,,,,,,,,,,,,
rsi_reversion,DOGE-USDT,4h,13.0,25.0,75.0,-67.07,-13.277,-67.16,16.4,0.02,55,2.6,-1.0,,,,,,,,,,,,,,
rsi_reversion,DOGE-USDT,4h,13.0,25.0,80.0,-61.78,-16.686,-61.89,16.3,0.02,43,2.8,-1.0,,,,,,,,,,,,,,
rsi_reversion,DOGE-USDT,4h,13.0,30.0,60.0,-86.97,-15.843,-86.97,13.6,0.04,103,4.2,-1.0,,,,,,,,,,,,,,
rsi_reversion,DOGE-USDT,4h,13.0,30.0,65.0,-85.79,-14.206,-85.79,11.6,0.04,95,3.5,-1.0,,,,,,,,,,,,,,
rsi_reversion,DOGE-USDT,4h,13.0,30.0,70.0,-79.59,-15.397,-79.64,13.5,0.03,74,3.4,-1.0,,,,,,,,,,,,,,
rsi_reversion,DOGE-USDT,4h,13.0,30.0,75.0,-73.6,-13.951,-73.6,13.1,0.03,61,3.3,-1.0,,,,,,,,,,,,,,
rsi_reversion,DOGE-USDT,4h,13.0,30.0,80.0,-69.35,-17.044,-69.35,12.2,0.02,49,3.7,-1.0,,,,,,,,,,,,,,
rsi_reversion,DOGE-USDT,4h,13.0,35.0,60.0,-89.84,-14.47,-89.84,13.6,0.04,110,4.9,-1.0,,,,,,,,,,,,,,
rsi_reversion,DOGE-USDT,4h,13.0,35.0,65.0,-88.92,-13.372,-88.92,11.8,0.04,102,4.3,-1.0,,,,,,,,,,,,,,
rsi_reversion,DOGE-USDT,4h,13.0,35.0,70.0,-84.09,-14.088,-84.13,13.6,0.03,81,4.5,-1.0,,,,,,,,,,,,,,
rsi_reversion,DOGE-USDT,4h,13.0,35.0,75.0,-79.42,-13.037,-79.42,13.2,0.02,68,4.5,-1.0,,,,,,,,,,,,,,
rsi_reversion,DOGE-USDT,4h,13.0,35.0,80.0,-76.11,-14.959,-76.11,12.5,0.02,56,5.2,-1.0,,,,,,,,,,,,,,
rsi_reversion,DOGE-USDT,4h,15.0,20.0,60.0,-74.49,-12.855,-74.49,17.9,0.1,78,3.4,-1.0,,,,,,,,,,,,,,
rsi_reversion,DOGE-USDT,4h,15.0,20.0,65.0,-70.32,-13.899,-70.32,12.5,0.05,64,2.5,-1.0,,,,,,,,,,,,,,
rsi_reversion,DOGE-USDT,4h,15.0,20.0,70.0,-63.69,-14.419,-63.69,10.6,0.04,47,2.1,-1.0,,,,,,,,,,,,,,
rsi_reversion,DOGE-USDT,4h,15.0,20.0,75.0,-45.59,-12.461,-45.59,12.0,0.06,25,2.2,-1.0,,,,,,,,,,,,,,
rsi_reversion,DOGE-USDT,4h,15.0,20.0,80.0,-37.35,-10.792,-37.35,15.8,0.08,19,2.2,-1.0,,,,,,,,,,,,,,
rsi_reversion,DOGE-USDT,4h,15.0,25.0,60.0,-80.43,-12.978,-80.43,17.4,0.08,86,3.7,-1.0,,,,,,,,,,,,,,
rsi_reversion,DOGE-USDT,4h,15.0,25.0,65.0,-77.23,-13.903,-77.23,12.5,0.04,72,3.0,-1.0,,,,,,,,,,,,,,
rsi_reversion,DOGE-USDT,4h,15.0,25.0,70.0,-72.14,-14.474,-72.14,10.9,0.03,55,2.7,-1.0,,,,,,,,,,,,,,
rsi_reversion,DOGE-USDT,4h,15.0,25.0,75.0,-58.27,-13.287,-58.33,12.1,0.04,33,3.2,-1.0,,,,,,,,,,,,,,
rsi_reversion,DOGE-USDT,4h,15.0,25.0,80.0,-51.94,-12.194,-52.01,14.8,0.05,27,3.4,-1.0,,,,,,,,,,,,,,
rsi_reversion,DOGE-USDT,4h,15.0,30.0,60.0,-84.84,-12.935,-85.01,18.4,0.09,103,3.9,-1.0,,,,,,,,,,,,,,
rsi_reversion,DOGE-USDT,4h,15.0,30.0,65.0,-82.36,-13.684,-82.56,14.6,0.06,89,3.3,-1.0,,,,,,,,,,,,,,
rsi_reversion,DOGE-USDT,4h,15.0,30.0,70.0,-78.42,-14.019,-78.67,13.9,0.05,72,3.2,-1.0,,,,,,,,,,,,,,
rsi_reversion,DOGE-USDT,4h,15.0,30.0,75.0,-67.68,-12.783,-68.04,16.0,0.07,50,3.7,-0.99,,,,,,,,,,,,,,
rsi_reversion,DOGE-USDT,4h,15.0,30.0,80.0,-62.78,-11.854,-63.2,18.2,0.08,44,3.9,-0.99,,,,,,,,,,,,,,
rsi_reversion,DOGE-USDT,4h,15.0,35.0,60.0,-88.89,-13.301,-88.89,15.9,0.07,113,4.3,-1.0,,,,,,,,,,,,,,
rsi_reversion,DOGE-USDT,4h,15.0,35.0,65.0,-87.07,-14.027,-87.07,12.1,0.04,99,3.8,-1.0,,,,,,,,,,,,,,
rsi_reversion,DOGE-USDT,4h,15.0,35.0,70.0,-84.19,-14.422,-84.19,11.0,0.03,82,3.9,-1.0,,,,,,,,,,,,,,
rsi_reversion,DOGE-USDT,4h,15.0,35.0,75.0,-76.31,-13.537,-76.31,11.7,0.03,60,4.6,-1.0,,,,,,,,,,,,,,
rsi_reversion,DOGE-USDT,4h,15.0,35.0,80.0,-72.72,-12.813,-72.72,13.0,0.04,54,4.8,-1.0,,,,,,,,,,,,,,
rsi_reversion,DOGE-USDT,4h,17.0,20.0,60.0,-66.57,-11.904,-66.7,24.2,0.09,62,3.6,-1.0,,,,,,,,,,,,,,
rsi_reversion,DOGE-USDT,4h,17.0,20.0,65.0,-56.61,-11.472,-56.79,22.0,0.09,50,2.5,-1.0,,,,,,,,,,,,,,
rsi_reversion,DOGE-USDT,4h,17.0,20.0,70.0,-49.24,-13.581,-49.38,12.5,0.05,32,2.0,-1.0,,,,,,,,,,,,,,
rsi_reversion,DOGE-USDT,4h,17.0,20.0,75.0,-42.55,-12.998,-42.55,11.1,0.05,18,1.9,-1.0,,,,,,,,,,,,,,
rsi_reversion,DOGE-USDT,4h,17.0,20.0,80.0,-37.38,-12.508,-37.38,14.3,0.06,14,2.1,-1.0,,,,,,,,,,,,,,
rsi_reversion,DOGE-USDT,4h,17.0,25.0,60.0,-73.19,-12.451,-73.3,24.3,0.08,74,3.6,-1.0,,,,,,,,,,,,,,
rsi_reversion,DOGE-USDT,4h,17.0,25.0,65.0,-65.2,-12.217,-65.34,22.6,0.08,62,2.6,-1.0,,,,,,,,,,,,,,
rsi_reversion,DOGE-USDT,4h,17.0,25.0,70.0,-59.29,-14.101,-59.4,15.9,0.04,44,2.3,-1.0,,,,,,,,,,,,,,
rsi_reversion,DOGE-USDT,4h,17.0,25.0,75.0,-53.92,-13.142,-53.99,16.7,0.04,30,2.5,-1.0,,,,,,,,,,,,,,
rsi_reversion,DOGE-USDT,4h,17.0,25.0,80.0,-49.78,-12.629,-49.92,19.2,0.05,26,2.7,-1.0,,,,,,,,,,,,,,
rsi_reversion,DOGE-USDT,4h,17.0,30.0,60.0,-76.7,-11.538,-76.82,27.1,0.1,85,4.0,-1.0,,,,,,,,,,,,,,
rsi_reversion,DOGE-USDT,4h,17.0,30.0,65.0,-69.76,-11.181,-69.97,26.0,0.1,73,3.2,-1.0,,,,,,,,,,,,,,
rsi_reversion,DOGE-USDT,4h,17.0,30.0,70.0,-64.62,-12.306,-64.96,21.8,0.07,55,3.2,-0.99,,,,,,,,,,,,,,
rsi_reversion,DOGE-USDT,4h,17.0,30.0,75.0,-59.95,-11.452,-60.51,24.4,0.08,41,3.6,-0.99,,,,,,,,,,,,,,
rsi_reversion,DOGE-USDT,4h,17.0,30.0,80.0,-56.36,-10.968,-57.02,27.0,0.08,37,3.8,-0.99,,,,,,,,,,,,,,
rsi_reversion,DOGE-USDT,4h,17.0,35.0,60.0,-81.43,-11.184,-81.5,23.7,0.11,97,4.4,-1.0,,,,,,,,,,,,,,
rsi_reversion,DOGE-USDT,4h,17.0,35.0,65.0,-75.9,-10.833,-76.06,22.4,0.11,85,3.9,-1.0,,,,,,,,,,,,,,
rsi_reversion,DOGE-USDT,4h,17.0,35.0,70.0,-71.8,-11.667,-72.07,17.9,0.1,67,4.0,-1.0,,,,,,,,,,,,,,
rsi_reversion,DOGE-USDT,4h,17.0,35.0,75.0,-68.08,-11.03,-68.29,18.9,0.1,53,4.5,-1.0,,,,,,,,,,,,,,
rsi_reversion,DOGE-USDT,4h,17.0,35.0,80.0,-65.21,-10.643,-65.45,20.4,0.11,49,4.8,-1.0,,,,,,,,,,,,,,
rsi_reversion,DOGE-USDT,4h,19.0,20.0,60.0,-66.48,-13.6,-66.48,19.6,0.09,56,3.8,-1.0,,,,,,,,,,,,,,
rsi_reversion,DOGE-USDT,4h,19.0,20.0,65.0,-57.31,-14.139,-57.31,10.8,0.03,37,2.3,-1.0,,,,,,,,,,,,,,
rsi_reversion,DOGE-USDT,4h,19.0,20.0,70.0,-50.82,-16.027,-50.82,0.0,0.0,19,2.5,-1.0,,,,,,,,,,,,,,
rsi_reversion,DOGE-USDT,4h,19.0,20.0,75.0,-41.26,-16.194,-41.26,0.0,0.0,12,2.5,-1.0,,,,,,,,,,,,,,
rsi_reversion,DOGE-USDT,4h,19.0,20.0,80.0,-29.7,-18.926,-29.7,0.0,0.0,7,3.3,-1.0,,,,,,,,,,,,,,
rsi_reversion,DOGE-USDT,4h,19.0,25.0,60.0,-69.02,-13.415,-69.02,22.2,0.1,63,3.6,-1.0,,,,,,,,,,,,,,
rsi_reversion,DOGE-USDT,4h,19.0,25.0,65.0,-60.54,-13.71,-60.54,15.9,0.05,44,2.4,-1.0,,,,,,,,,,,,,,
rsi_reversion,DOGE-USDT,4h,19.0,25.0,70.0,-54.54,-14.354,-54.54,11.5,0.03,26,2.5,-1.0,,,,,,,,,,,,,,
rsi_reversion,DOGE-USDT,4h,19.0,25.0,75.0,-45.7,-13.66,-45.7,15.8,0.04,19,2.6,-1.0,,,,,,,,,,,,,,
rsi_reversion,DOGE-USDT,4h,19.0,25.0,80.0,-35.01,-14.182,-35.01,21.4,0.05,14,3.0,-1.0,,,,,,,,,,,,,,
rsi_reversion,DOGE-USDT,4h,19.0,30.0,60.0,-77.1,-14.389,-77.1,19.8,0.09,81,3.8,-1.0,,,,,,,,,,,,,,
rsi_reversion,DOGE-USDT,4h,19.0,30.0,65.0,-70.83,-14.713,-70.83,14.5,0.05,62,2.9,-1.0,,,,,,,,,,,,,,
rsi_reversion,DOGE-USDT,4h,19.0,30.0,70.0,-66.4,-14.582,-66.4,11.4,0.03,44,3.2,-1.0,,,,,,,,,,,,,,
rsi_reversion,DOGE-USDT,4h,19.0,30.0,75.0,-59.86,-13.959,-59.86,13.5,0.04,37,3.4,-1.0,,,,,,,,,,,,,,
rsi_reversion,DOGE-USDT,4h,19.0,30.0,80.0,-51.97,-14.913,-52.02,15.6,0.05,32,3.7,-1.0,,,,,,,,,,,,,,
rsi_reversion,DOGE-USDT,4h,19.0,35.0,60.0,-80.8,-13.166,-80.8,18.2,0.09,88,4.4,-1.0,,,,,,,,,,,,,,
rsi_reversion,DOGE-USDT,4h,19.0,35.0,65.0,-75.54,-13.319,-75.54,13.0,0.05,69,3.9,-1.0,,,,,,,,,,,,,,
rsi_reversion,DOGE-USDT,4h,19.0,35.0,70.0,-71.82,-13.355,-71.82,9.8,0.04,51,4.5,-1.0,,,,,,,,,,,,,,
rsi_reversion,DOGE-USDT,4h,19.0,35.0,75.0,-66.34,-12.777,-66.34,11.4,0.05,44,4.8,-1.0,,,,,,,,,,,,,,
rsi_reversion,DOGE-USDT,4h,19.0,35.0,80.0,-59.72,-13.03,-59.72,12.8,0.05,39,5.2,-1.0,,,,,,,,,,,,,,
rsi_reversion,DOGE-USDT,4h,21.0,20.0,60.0,-60.32,-17.117,-60.32,14.0,0.04,50,3.4,-1.0,,,,,,,,,,,,,,
rsi_reversion,DOGE-USDT,4h,21.0,20.0,65.0,-52.18,-19.976,-52.18,3.8,0.01,26,2.5,-1.0,,,,,,,,,,,,,,
rsi_reversion,DOGE-USDT,4h,21.0,20.0,70.0,-33.97,-22.327,-33.97,0.0,0.0,13,2.5,-1.0,,,,,,,,,,,,,,
rsi_reversion,DOGE-USDT,4h,21.0,20.0,75.0,-24.35,-23.212,-24.35,0.0,0.0,8,2.2,-1.0,,,,,,,,,,,,,,
rsi_reversion,DOGE-USDT,4h,21.0,20.0,80.0,-20.81,-25.2,-20.81,0.0,0.0,6,2.7,-1.0,,,,,,,,,,,,,,
rsi_reversion,DOGE-USDT,4h,21.0,25.0,60.0,-63.43,-16.137,-63.43,14.3,0.04,56,3.4,-1.0,,,,,,,,,,,,,,
rsi_reversion,DOGE-USDT,4h,21.0,25.0,65.0,-55.94,-17.811,-55.94,6.2,0.01,32,2.7,-1.0,,,,,,,,,,,,,,
rsi_reversion,DOGE-USDT,4h,21.0,25.0,70.0,-39.15,-17.753,-39.15,5.3,0.01,19,2.8,-1.0,,,,,,,,,,,,,,
rsi_reversion,DOGE-USDT,4h,21.0,25.0,75.0,-30.29,-16.743,-30.29,7.1,0.01,14,2.7,-1.0,,,,,,,,,,,,,,
rsi_reversion,DOGE-USDT,4h,21.0,25.0,80.0,-27.02,-16.486,-27.02,8.3,0.01,12,3.0,-1.0,,,,,,,,,,,,,,
rsi_reversion,DOGE-USDT,4h,21.0,30.0,60.0,-71.06,-15.317,-71.11,15.3,0.06,72,3.5,-1.0,,,,,,,,,,,,,,
rsi_reversion,DOGE-USDT,4h,21.0,30.0,65.0,-65.13,-15.966,-65.18,10.4,0.04,48,3.0,-1.0,,,,,,,,,,,,,,
rsi_reversion,DOGE-USDT,4h,21.0,30.0,70.0,-51.85,-15.29,-52.05,11.4,0.05,35,3.2,-1.0,,,,,,,,,,,,,,
rsi_reversion,DOGE-USDT,4h,21.0,30.0,75.0,-44.84,-14.458,-45.14,13.3,0.06,30,3.3,-0.99,,,,,,,,,,,,,,
rsi_reversion,DOGE-USDT,4h,21.0,30.0,80.0,-42.25,-14.182,-42.57,14.3,0.07,28,3.4,-0.99,,,,,,,,,,,,,,
rsi_reversion,DOGE-USDT,4h,21.0,35.0,60.0,-76.14,-13.816,-76.21,16.9,0.06,83,4.1,-1.0,,,,,,,,,,,,,,
rsi_reversion,DOGE-USDT,4h,21.0,35.0,65.0,-71.25,-14.225,-71.33,13.6,0.04,59,4.1,-1.0,,,,,,,,,,,,,,
rsi_reversion,DOGE-USDT,4h,21.0,35.0,70.0,-60.3,-13.316,-60.42,15.2,0.05,46,4.5,-1.0,,,,,,,,,,,,,,
rsi_reversion,DOGE-USDT,4h,21.0,35.0,75.0,-54.52,-12.576,-54.65,17.1,0.06,41,4.7,-1.0,,,,,,,,,,,,,,
rsi_reversion,DOGE-USDT,4h,21.0,35.0,80.0,-52.39,-12.331,-52.53,17.9,0.07,39,4.8,-1.0,,,,,,,,,,,,,,
macd_crossover,DOGE-USDT,4h,,,,442.21,21.289,-0.56,88.1,54.31,143,1.0,788.01,6.0,20.0,5.0,,,,,,,,,,,
macd_crossover,DOGE-USDT,4h,,,,346.62,21.379,-0.65,85.5,36.83,131,1.0,531.48,6.0,20.0,7.0,,,,,,,,,,,
macd_crossover,DOGE-USDT,4h,,,,241.14,18.832,-0.9,82.4,30.61,119,1.0,268.87,6.0,20.0,9.0,,,,,,,,,,,
macd_crossover,DOGE-USDT,4h,,,,216.1,18.492,-2.78,82.9,21.7,111,1.0,77.72,6.0,20.0,11.0,,,,,,,,,,,
macd_crossover,DOGE-USDT,4h,,,,392.8,20.88,-1.7,85.6,32.3,139,1.0,231.1,6.0,23.0,5.0,,,,,,,,,,,
macd_crossover,DOGE-USDT,4h,,,,350.9,20.749,-1.7,85.7,30.94,133,1.0,206.68,6.0,23.0,7.0,,,,,,,,,,,
macd_crossover,DOGE-USDT,4h,,,,241.37,19.289,-1.81,86.1,30.38,115,1.0,133.45,6.0,23.0,9.0,,,,,,,,,,,
macd_crossover,DOGE-USDT,4h,,,,227.15,20.27,-0.53,84.4,40.34,109,1.0,427.96,6.0,23.0,11.0,,,,,,,,,,,
macd_crossover,DOGE-USDT,4h,,,,388.26,22.505,-0.35,88.1,62.87,135,1.0,1113.01,6.0,26.0,5.0,,,,,,,,,,,
macd_crossover,DOGE-USDT,4h,,,,304.73,20.875,-0.9,85.6,37.2,125,1.0,339.78,6.0,26.0,7.0,,,,,,,,,,,
macd_crossover,DOGE-USDT,4h,,,,237.32,20.118,-0.86,86.7,39.92,113,1.0,275.03,6.0,26.0,9.0,,,,,,,,,,,
macd_crossover,DOGE-USDT,4h,,,,223.63,21.2,-0.62,85.3,39.22,109,1.0,361.54,6.0,26.0,11.0,,,,,,,,,,,
macd_crossover,DOGE-USDT,4h,,,,392.0,22.733,-0.65,89.6,59.62,135,1.0,601.07,6.0,29.0,5.0,,,,,,,,,,,
macd_crossover,DOGE-USDT,4h,,,,299.81,21.358,-0.9,87.0,40.99,123,1.0,334.29,6.0,29.0,7.0,,,,,,,,,,,
macd_crossover,DOGE-USDT,4h,,,,231.12,19.922,-2.22,86.5,31.92,111,1.0,104.16,6.0,29.0,9.0,,,,,,,,,,,
macd_crossover,DOGE-USDT,4h,,,,266.94,21.736,-1.22,87.6,33.67,113,1.0,218.09,6.0,29.0,11.0,,,,,,,,,,,
macd_crossover,DOGE-USDT,4h,,,,405.91,22.983,-0.36,90.5,71.68,137,1.0,1125.73,6.0,32.0,5.0,,,,,,,,,,,
macd_crossover,DOGE-USDT,4h,,,,282.2,19.692,-1.81,86.4,27.2,125,1.0,156.02,6.0,32.0,7.0,,,,,,,,,,,
macd_crossover,DOGE-USDT,4h,,,,256.7,22.739,-0.28,89.4,93.4,113,1.0,927.97,6.0,32.0,9.0,,,,,,,,,,,
macd_crossover,DOGE-USDT,4h,,,,311.97,22.532,-0.72,87.4,41.84,119,1.0,433.92,6.0,32.0,11.0,,,,,,,,,,,
macd_crossover,DOGE-USDT,4h,,,,391.79,23.221,-0.36,91.0,85.28,133,1.0,1086.56,6.0,35.0,5.0,,,,,,,,,,,
macd_crossover,DOGE-USDT,4h,,,,295.4,21.548,-0.43,88.6,60.94,123,1.0,686.31,6.0,35.0,7.0,,,,,,,,,,,
macd_crossover,DOGE-USDT,4h,,,,256.81,22.246,-1.22,89.4,47.23,113,1.0,209.81,6.0,35.0,9.0,,,,,,,,,,,
macd_crossover,DOGE-USDT,4h,,,,305.14,22.476,-0.72,87.2,45.98,117,1.0,424.42,6.0,35.0,11.0,,,,,,,,,,,
macd_crossover,DOGE-USDT,4h,,,,352.3,21.535,-0.65,86.5,38.08,133,1.0,540.19,8.0,20.0,5.0,,,,,,,,,,,
macd_crossover,DOGE-USDT,4h,,,,224.09,17.985,-1.81,82.6,22.07,115,1.0,123.89,8.0,20.0,7.0,,,,,,,,,,,
macd_crossover,DOGE-USDT,4h,,,,187.77,17.8,-2.78,82.5,20.15,103,1.0,67.53,8.0,20.0,9.0,,,,,,,,,,,
macd_crossover,DOGE-USDT,4h,,,,198.64,20.365,-0.72,83.2,33.92,101,1.0,276.3,8.0,20.0,11.0,,,,,,,,,,,
macd_crossover,DOGE-USDT,4h,,,,353.59,21.032,-0.65,85.2,37.49,135,1.0,542.16,8.0,23.0,5.0,,,,,,,,,,,
macd_crossover,DOGE-USDT,4h,,,,223.78,19.288,-0.68,83.2,39.96,113,1.0,327.08,8.0,23.0,7.0,,,,,,,,,,,
macd_crossover,DOGE-USDT,4h,,,,203.09,20.622,-0.62,84.8,40.66,105,1.0,328.33,8.0,23.0,9.0,,,,,,,,,,,
macd_crossover,DOGE-USDT,4h,,,,235.18,17.957,-1.69,83.2,25.73,107,1.0,138.95,8.0,23.0,11.0,,,,,,,,,,,
macd_crossover,DOGE-USDT,4h,,,,341.75,22.073,-0.5,87.4,56.22,127,1.0,680.77,8.0,26.0,5.0,,,,,,,,,,,
macd_crossover,DOGE-USDT,4h,,,,216.17,18.848,-2.78,85.6,24.54,111,1.0,77.75,8.0,26.0,7.0,,,,,,,,,,,
macd_crossover,DOGE-USDT,4h,,,,222.44,20.443,-1.22,83.2,26.39,107,1.0,181.73,8.0,26.0,9.0,,,,,,,,,,,
macd_crossover,DOGE-USDT,4h,,,,257.32,18.554,-0.72,83.5,33.01,109,1.0,357.42,8.0,26.0,11.0,,,,,,,,,,,
macd_crossover,DOGE-USDT,4h,,,,316.94,21.264,-0.9,85.6,41.47,125,1.0,353.38,8.0,29.0,5.0,,,,,,,,,,,
macd_crossover,DOGE-USDT,4h,,,,216.73,19.094,-2.22,84.4,27.35,109,1.0,97.68,8.0,29.0,7.0,,,,,,,,,,,
macd_crossover,DOGE-USDT,4h,,,,255.73,20.508,-1.58,85.0,25.97,113,1.0,162.19,8.0,29.0,9.0,,,,,,,,,,,
macd_crossover,DOGE-USDT,4h,,,,256.22,19.899,-1.24,85.9,42.64,99,1.0,207.41,8.0,29.0,11.0,,,,,,,,,,,
macd_crossover,DOGE-USDT,4h,,,,311.72,21.19,-0.9,86.2,32.97,123,1.0,347.57,8.0,32.0,5.0,,,,,,,,,,,
macd_crossover,DOGE-USDT,4h,,,,238.14,22.154,-0.41,88.1,59.52,109,1.0,586.43,8.0,32.0,7.0,,,,,,,,,,,
macd_crossover,DOGE-USDT,4h,,,,312.2,20.095,-0.72,86.1,40.33,115,1.0,434.24,8.0,32.0,9.0,,,,,,,,,,,
macd_crossover,DOGE-USDT,4h,,,,256.45,20.036,-1.24,85.9,33.07,99,1.0,207.59,8.0,32.0,11.0,,,,,,,,,,,
macd_crossover,DOGE-USDT,4h,,,,291.17,21.632,-0.86,89.3,48.69,121,1.0,337.44,8.0,35.0,5.0,,,,,,,,,,,
macd_crossover,DOGE-USDT,4h,,,,258.29,21.69,-1.22,86.7,33.68,113,1.0,211.03,8.0,35.0,7.0,,,,,,,,,,,
macd_crossover,DOGE-USDT,4h,,,,295.33,19.571,-0.69,86.7,39.46,113,1.0,426.45,8.0,35.0,9.0,,,,,,,,,,,
macd_crossover,DOGE-USDT,4h,,,,251.27,19.304,-0.92,86.9,37.88,99,1.0,274.11,8.0,35.0,11.0,,,,,,,,,,,
macd_crossover,DOGE-USDT,4h,,,,277.38,20.33,-0.9,85.4,36.12,123,1.0,309.28,10.0,20.0,5.0,,,,,,,,,,,
macd_crossover,DOGE-USDT,4h,,,,195.68,18.033,-2.78,82.9,19.16,105,1.0,70.38,10.0,20.0,7.0,,,,,,,,,,,
macd_crossover,DOGE-USDT,4h,,,,218.84,18.527,-0.72,83.2,31.93,101,1.0,304.38,10.0,20.0,9.0,,,,,,,,,,,
macd_crossover,DOGE-USDT,4h,,,,184.84,16.208,-1.69,78.2,18.8,101,1.0,109.21,10.0,20.0,11.0,,,,,,,,,,,
macd_crossover,DOGE-USDT,4h,,,,267.18,19.996,-1.81,87.6,33.01,121,1.0,147.71,10.0,23.0,5.0,,,,,,,,,,,
macd_crossover,DOGE-USDT,4h,,,,209.1,20.214,-0.62,83.5,33.73,109,1.0,338.05,10.0,23.0,7.0,,,,,,,,,,,
macd_crossover,DOGE-USDT,4h,,,,239.98,18.233,-1.69,84.1,28.35,107,1.0,141.78,10.0,23.0,9.0,,,,,,,,,,,
macd_crossover,DOGE-USDT,4h,,,,214.13,18.161,-1.36,81.4,22.24,97,1.0,157.88,10.0,23.0,11.0,,,,,,,,,,,
macd_crossover,DOGE-USDT,4h,,,,252.0,20.396,-0.86,85.7,40.13,119,1.0,292.04,10.0,26.0,5.0,,,,,,,,,,,
macd_crossover,DOGE-USDT,4h,,,,230.08,21.303,-1.22,85.0,32.83,107,1.0,187.97,10.0,26.0,7.0,,,,,,,,,,,
macd_crossover,DOGE-USDT,4h,,,,253.79,18.337,-0.96,83.5,32.04,109,1.0,263.72,10.0,26.0,9.0,,,,,,,,,,,
macd_crossover,DOGE-USDT,4h,,,,222.25,18.093,-1.36,84.2,20.93,101,1.0,163.87,10.0,26.0,11.0,,,,,,,,,,,
macd_crossover,DOGE-USDT,4h,,,,267.88,20.965,-0.53,86.6,47.21,119,1.0,504.68,10.0,29.0,5.0,,,,,,,,,,,
macd_crossover,DOGE-USDT,4h,,,,257.54,20.256,-1.58,84.3,25.2,115,1.0,163.33,10.0,29.0,7.0,,,,,,,,,,,
macd_crossover,DOGE-USDT,4h,,,,254.48,19.733,-1.24,84.8,39.46,99,1.0,205.99,10.0,29.0,9.0,,,,,,,,,,,
macd_crossover,DOGE-USDT,4h,,,,211.25,18.196,-1.36,84.9,24.39,93,1.0,155.76,10.0,29.0,11.0,,,,,,,,,,,
macd_crossover,DOGE-USDT,4h,,,,280.9,21.071,-2.22,88.2,38.72,119,1.0,126.6,10.0,32.0,5.0,,,,,,,,,,,
macd_crossover,DOGE-USDT,4h,,,,288.71,21.806,-0.72,86.1,38.64,115,1.0,401.57,10.0,32.0,7.0,,,,,,,,,,,
macd_crossover,DOGE-USDT,4h,,,,253.92,19.375,-1.24,84.2,27.78,101,1.0,205.54,10.0,32.0,9.0,,,,,,,,,,,
macd_crossover,DOGE-USDT,4h,,,,213.83,18.301,-1.52,84.9,22.41,93,1.0,141.14,10.0,32.0,11.0,,,,,,,,,,,
macd_crossover,DOGE-USDT,4h,,,,276.4,21.401,-1.93,90.6,44.36,117,1.0,142.9,10.0,35.0,5.0,,,,,,,,,,,
macd_crossover,DOGE-USDT,4h,,,,313.78,20.262,-0.54,87.0,44.14,115,1.0,582.1,10.0,35.0,7.0,,,,,,,,,,,
macd_crossover,DOGE-USDT,4h,,,,251.27,19.304,-0.92,86.9,37.88,99,1.0,274.11,10.0,35.0,9.0,,,,,,,,,,,
macd_crossover,DOGE-USDT,4h,,,,169.02,15.623,-1.28,79.1,14.81,91,1.0,131.59,10.0,35.0,11.0,,,,,,,,,,,
macd_crossover,DOGE-USDT,4h,,,,233.67,19.963,-0.68,85.2,43.79,115,1.0,341.53,12.0,20.0,5.0,,,,,,,,,,,
macd_crossover,DOGE-USDT,4h,,,,219.67,21.05,-0.62,85.0,40.71,107,1.0,355.14,12.0,20.0,7.0,,,,,,,,,,,
macd_crossover,DOGE-USDT,4h,,,,206.92,16.461,-1.69,80.0,21.16,105,1.0,122.26,12.0,20.0,9.0,,,,,,,,,,,
macd_crossover,DOGE-USDT,4h,,,,202.41,17.151,-1.36,79.8,18.42,99,1.0,149.24,12.0,20.0,11.0,,,,,,,,,,,
macd_crossover,DOGE-USDT,4h,,,,224.57,19.191,-2.78,85.6,23.22,111,1.0,80.77,12.0,23.0,5.0,,,,,,,,,,,
macd_crossover,DOGE-USDT,4h,,,,232.15,20.4,-1.22,85.3,29.65,109,1.0,189.66,12.0,23.0,7.0,,,,,,,,,,,
macd_crossover,DOGE-USDT,4h,,,,212.02,18.005,-1.36,81.4,21.97,97,1.0,156.32,12.0,23.0,9.0,,,,,,,,,,,
macd_crossover,DOGE-USDT,4h,,,,211.17,18.025,-1.36,85.3,24.38,95,1.0,155.7,12.0,23.0,11.0,,,,,,,,,,,
macd_crossover,DOGE-USDT,4h,,,,254.55,22.242,-0.29,90.1,84.23,111,1.0,877.36,12.0,26.0,5.0,,,,,,,,,,,
macd_crossover,DOGE-USDT,4h,,,,274.61,19.193,-0.72,84.7,34.59,111,1.0,381.43,12.0,26.0,7.0,,,,,,,,,,,
macd_crossover,DOGE-USDT,4h,,,,230.13,18.32,-1.36,83.2,20.98,101,1.0,169.68,12.0,26.0,9.0,,,,,,,,,,,
macd_crossover,DOGE-USDT,4h,,,,192.07,17.685,-1.25,84.3,21.68,89,1.0,153.11,12.0,26.0,11.0,,,,,,,,,,,
macd_crossover,DOGE-USDT,4h,,,,268.2,21.978,-1.22,88.7,36.48,115,1.0,219.12,12.0,29.0,5.0,,,,,,,,,,,
macd_crossover,DOGE-USDT,4h,,,,285.68,19.713,-0.96,86.2,38.72,109,1.0,296.86,12.0,29.0,7.0,,,,,,,,,,,
macd_crossover,DOGE-USDT,4h,,,,219.88,18.534,-1.36,86.3,26.36,95,1.0,162.12,12.0,29.0,9.0,,,,,,,,,,,
macd_crossover,DOGE-USDT,4h,,,,149.28,15.102,-1.25,79.3,14.76,87,1.0,118.99,12.0,29.0,11.0,,,,,,,,,,,
macd_crossover,DOGE-USDT,4h,,,,304.35,21.728,-1.58,87.6,32.06,121,1.0,193.02,12.0,32.0,5.0,,,,,,,,,,,
macd_crossover,DOGE-USDT,4h,,,,277.03,20.531,-1.24,86.4,41.32,103,1.0,224.24,12.0,32.0,7.0,,,,,,,,,,,
macd_crossover,DOGE-USDT,4h,,,,219.74,18.812,-1.52,86.0,25.74,93,1.0,145.04,12.0,32.0,9.0,,,,,,,,,,,
macd_crossover,DOGE-USDT,4h,,,,147.54,15.312,-1.25,80.0,14.89,85,1.0,117.61,12.0,32.0,11.0,,,,,,,,,,,
macd_crossover,DOGE-USDT,4h,,,,321.86,22.734,-0.72,87.8,44.77,123,1.0,447.68,12.0,35.0,5.0,,,,,,,,,,,
macd_crossover,DOGE-USDT,4h,,,,268.08,19.631,-1.24,88.3,37.24,103,1.0,217.0,12.0,35.0,7.0,,,,,,,,,,,
macd_crossover,DOGE-USDT,4h,,,,174.22,15.919,-1.28,80.2,15.52,91,1.0,135.64,12.0,35.0,9.0,,,,,,,,,,,
macd_crossover,DOGE-USDT,4h,,,,144.47,15.316,-1.48,81.2,14.8,85,1.0,97.93,12.0,35.0,11.0,,,,,,,,,,,
macd_crossover,DOGE-USDT,4h,,,,238.33,20.731,-0.86,87.4,36.99,111,1.0,276.2,14.0,20.0,5.0,,,,,,,,,,,
macd_crossover,DOGE-USDT,4h,,,,235.18,17.957,-1.69,83.2,25.73,107,1.0,138.95,14.0,20.0,7.0,,,,,,,,,,,
macd_crossover,DOGE-USDT,4h,,,,212.89,18.097,-1.36,81.4,22.17,97,1.0,156.97,14.0,20.0,9.0,,,,,,,,,,,
macd_crossover,DOGE-USDT,4h,,,,205.16,17.56,-1.52,84.2,21.3,95,1.0,135.42,14.0,20.0,11.0,,,,,,,,,,,
macd_crossover,DOGE-USDT,4h,,,,234.94,21.578,-0.62,87.6,48.54,113,1.0,379.81,14.0,23.0,5.0,,,,,,,,,,,
macd_crossover,DOGE-USDT,4h,,,,256.84,19.306,-0.83,85.7,40.54,105,1.0,309.63,14.0,23.0,7.0,,,,,,,,,,,
macd_crossover,DOGE-USDT,4h,,,,199.5,17.799,-1.36,83.2,21.96,95,1.0,147.1,14.0,23.0,9.0,,,,,,,,,,,
macd_crossover,DOGE-USDT,4h,,,,155.99,15.574,-1.25,80.5,15.84,87,1.0,124.35,14.0,23.0,11.0,,,,,,,,,,,
macd_crossover,DOGE-USDT,4h,,,,301.0,21.939,-1.58,87.4,33.05,119,1.0,190.9,14.0,26.0,5.0,,,,,,,,,,,
macd_crossover,DOGE-USDT,4h,,,,264.29,20.121,-1.24,87.1,42.54,101,1.0,213.94,14.0,26.0,7.0,,,,,,,,,,,
macd_crossover,DOGE-USDT,4h,,,,204.14,17.899,-1.52,83.5,20.49,91,1.0,134.75,14.0,26.0,9.0,,,,,,,,,,,
macd_crossover,DOGE-USDT,4h,,,,150.92,15.269,-1.71,81.2,13.33,85,1.0,88.12,14.0,26.0,11.0,,,,,,,,,,,
macd_crossover,DOGE-USDT,4h,,,,309.68,23.362,-0.72,87.8,57.38,115,1.0,430.73,14.0,29.0,5.0,,,,,,,,,,,
macd_crossover,DOGE-USDT,4h,,,,254.2,19.136,-0.92,84.8,31.62,99,1.0,277.3,14.0,29.0,7.0,,,,,,,,,,,
macd_crossover,DOGE-USDT,4h,,,,165.91,16.289,-1.28,81.6,16.42,87,1.0,129.17,14.0,29.0,9.0,,,,,,,,,,,
macd_crossover,DOGE-USDT,4h,,,,156.68,15.976,-1.25,81.6,17.69,87,1.0,124.9,14.0,29.0,11.0,,,,,,,,,,,
macd_crossover,DOGE-USDT,4h,,,,320.15,23.164,-0.54,88.2,52.27,119,1.0,593.92,14.0,32.0,5.0,,,,,,,,,,,
macd_crossover,DOGE-USDT,4h,,,,257.86,19.868,-1.02,88.7,40.47,97,1.0,252.07,14.0,32.0,7.0,,,,,,,,,,,
macd_crossover,DOGE-USDT,4h,,,,148.85,15.322,-1.25,78.8,16.06,85,1.0,118.65,14.0,32.0,9.0,,,,,,,,,,,
macd_crossover,DOGE-USDT,4h,,,,149.55,16.475,-1.25,84.3,21.69,83,1.0,119.21,14.0,32.0,11.0,,,,,,,,,,,
macd_crossover,DOGE-USDT,4h,,,,293.89,22.726,-0.54,87.8,49.78,115,1.0,545.2,14.0,35.0,5.0,,,,,,,,,,,
macd_crossover,DOGE-USDT,4h,,,,255.61,19.98,-1.52,88.4,31.87,95,1.0,168.72,14.0,35.0,7.0,,,,,,,,,,,
macd_crossover,DOGE-USDT,4h,,,,145.13,15.069,-1.25,79.3,14.47,87,1.0,115.69,14.0,35.0,9.0,,,,,,,,,,,
macd_crossover,DOGE-USDT,4h,,,,149.45,16.873,-0.95,82.7,23.17,81,1.0,157.45,14.0,35.0,11.0,,,,,,,,,,,
bb_reversion,DOGE-USDT,4h,15.0,,,-97.42,-20.329,-97.42,0.0,0.0,117,2.3,-1.0,,,,1.5,,,,,,,,,,
bb_reversion,DOGE-USDT,4h,15.0,,,-89.87,-19.912,-89.87,0.0,0.0,62,1.5,-1.0,,,,2.0,,,,,,,,,,
bb_reversion,DOGE-USDT,4h,15.0,,,-60.7,-28.993,-60.7,0.0,0.0,24,1.2,-1.0,,,,2.5,,,,,,,,,,
bb_reversion,DOGE-USDT,4h,15.0,,,-20.89,-97.153,-20.89,0.0,0.0,6,1.0,-1.0,,,,3.0,,,,,,,,,,
bb_reversion,DOGE-USDT,4h,17.0,,,-96.77,-19.803,-96.77,0.9,0.0,117,2.4,-1.0,,,,1.5,,,,,,,,,,
bb_reversion,DOGE-USDT,4h,17.0,,,-87.62,-18.683,-87.62,0.0,0.0,55,1.7,-1.0,,,,2.0,,,,,,,,,,
bb_reversion,DOGE-USDT,4h,17.0,,,-67.63,-26.073,-67.63,0.0,0.0,25,1.4,-1.0,,,,2.5,,,,,,,,,,
bb_reversion,DOGE-USDT,4h,17.0,,,-32.76,-43.23,-32.76,0.0,0.0,8,1.1,-1.0,,,,3.0,,,,,,,,,,
bb_reversion,DOGE-USDT,4h,19.0,,,-96.28,-21.717,-96.28,0.0,0.0,114,2.4,-1.0,,,,1.5,,,,,,,,,,
bb_reversion,DOGE-USDT,4h,19.0,,,-87.04,-18.577,-87.04,0.0,0.0,54,1.8,-1.0,,,,2.0,,,,,,,,,,
bb_reversion,DOGE-USDT,4h,19.0,,,-64.46,-26.269,-64.46,0.0,0.0,22,1.5,-1.0,,,,2.5,,,,,,,,,,
bb_reversion,DOGE-USDT,4h,19.0,,,-36.03,-38.946,-36.03,0.0,0.0,9,1.2,-1.0,,,,3.0,,,,,,,,,,
bb_reversion,DOGE-USDT,4h,21.0,,,-95.27,-20.141,-95.27,0.0,0.0,106,2.6,-1.0,,,,1.5,,,,,,,,,,
bb_reversion,DOGE-USDT,4h,21.0,,,-85.67,-18.086,-85.67,0.0,0.0,52,1.8,-1.0,,,,2.0,,,,,,,,,,
bb_reversion,DOGE-USDT,4h,21.0,,,-70.97,-24.233,-70.97,0.0,0.0,21,1.8,-1.0,,,,2.5,,,,,,,,,,
bb_reversion,DOGE-USDT,4h,21.0,,,-33.15,-40.522,-33.15,0.0,0.0,9,1.2,-1.0,,,,3.0,,,,,,,,,,
bb_reversion,DOGE-USDT,4h,23.0,,,-93.76,-19.784,-93.76,0.0,0.0,93,2.9,-1.0,,,,1.5,,,,,,,,,,
bb_reversion,DOGE-USDT,4h,23.0,,,-85.49,-19.57,-85.49,0.0,0.0,48,2.1,-1.0,,,,2.0,,,,,,,,,,
bb_reversion,DOGE-USDT,4h,23.0,,,-74.11,-22.929,-74.11,0.0,0.0,25,1.8,-1.0,,,,2.5,,,,,,,,,,
bb_reversion,DOGE-USDT,4h,23.0,,,-34.44,-42.812,-34.44,0.0,0.0,9,1.4,-1.0,,,,3.0,,,,,,,,,,
bb_reversion,DOGE-USDT,4h,25.0,,,-92.89,-19.265,-92.89,0.0,0.0,88,3.0,-1.0,,,,1.5,,,,,,,,,,
bb_reversion,DOGE-USDT,4h,25.0,,,-85.12,-19.604,-85.12,0.0,0.0,46,2.2,-1.0,,,,2.0,,,,,,,,,,
bb_reversion,DOGE-USDT,4h,25.0,,,-70.03,-22.289,-70.03,0.0,0.0,23,1.8,-1.0,,,,2.5,,,,,,,,,,
bb_reversion,DOGE-USDT,4h,25.0,,,-44.02,-43.717,-44.02,0.0,0.0,12,1.5,-1.0,,,,3.0,,,,,,,,,,
ema_crossover,DOGE-USDT,4h,,,,233.89,8.615,-5.53,64.4,8.16,59,18.3,42.26,5.0,25.0,,,,,,,,,,,,
ema_crossover,DOGE-USDT,4h,,,,188.17,8.177,-6.08,64.2,7.6,53,20.4,30.96,5.0,30.0,,,,,,,,,,,,
ema_crossover,DOGE-USDT,4h,,,,145.14,7.03,-9.33,56.1,5.52,57,18.9,15.56,5.0,35.0,,,,,,,,,,,,
ema_crossover,DOGE-USDT,4h,,,,100.59,5.392,-8.93,49.1,3.86,53,20.4,11.26,5.0,40.0,,,,,,,,,,,,
ema_crossover,DOGE-USDT,4h,,,,78.79,4.756,-13.69,51.0,3.27,51,21.2,5.76,5.0,45.0,,,,,,,,,,,,
ema_crossover,DOGE-USDT,4h,,,,77.78,4.772,-15.25,49.0,3.22,51,21.2,5.1,5.0,50.0,,,,,,,,,,,,
ema_crossover,DOGE-USDT,4h,,,,69.11,4.428,-21.83,51.0,2.53,49,22.0,3.17,8.0,25.0,,,,,,,,,,,,
ema_crossover,DOGE-USDT,4h,,,,59.13,3.995,-22.01,49.0,2.27,49,22.0,2.69,8.0,30.0,,,,,,,,,,,,
ema_crossover,DOGE-USDT,4h,,,,49.65,3.712,-21.35,46.3,2.16,41,26.3,2.33,8.0,35.0,,,,,,,,,,,,
ema_crossover,DOGE-USDT,4h,,,,48.25,3.857,-24.33,43.6,2.23,39,27.7,1.98,8.0,40.0,,,,,,,,,,,,
ema_crossover,DOGE-USDT,4h,,,,39.33,3.094,-25.75,40.0,1.98,45,24.0,1.53,8.0,45.0,,,,,,,,,,,,
ema_crossover,DOGE-USDT,4h,,,,30.16,2.618,-24.17,37.2,1.77,43,25.1,1.25,8.0,50.0,,,,,,,,,,,,
ema_crossover,DOGE-USDT,4h,,,,36.38,2.84,-30.05,44.7,1.73,47,23.0,1.21,11.0,25.0,,,,,,,,,,,,
ema_crossover,DOGE-USDT,4h,,,,33.73,2.947,-25.69,37.8,1.77,37,29.2,1.31,11.0,30.0,,,,,,,,,,,,
ema_crossover,DOGE-USDT,4h,,,,15.2,1.717,-34.86,29.7,1.39,37,29.2,0.44,11.0,35.0,,,,,,,,,,,,
ema_crossover,DOGE-USDT,4h,,,,21.1,2.153,-31.19,37.8,1.53,37,29.2,0.68,11.0,40.0,,,,,,,,,,,,
ema_crossover,DOGE-USDT,4h,,,,16.6,1.834,-31.78,32.4,1.43,37,29.2,0.52,11.0,45.0,,,,,,,,,,,,
ema_crossover,DOGE-USDT,4h,,,,22.97,2.587,-29.09,32.3,1.65,31,34.8,0.79,11.0,50.0,,,,,,,,,,,,
ema_crossover,DOGE-USDT,4h,,,,13.28,1.523,-37.6,28.2,1.33,39,27.7,0.35,14.0,25.0,,,,,,,,,,,,
ema_crossover,DOGE-USDT,4h,,,,18.5,1.886,-37.51,38.5,1.44,39,27.7,0.49,14.0,30.0,,,,,,,,,,,,
ema_crossover,DOGE-USDT,4h,,,,16.84,1.96,-30.49,27.3,1.45,33,32.7,0.55,14.0,35.0,,,,,,,,,,,,
ema_crossover,DOGE-USDT,4h,,,,7.82,1.161,-36.48,27.0,1.25,37,29.2,0.21,14.0,40.0,,,,,,,,,,,,
ema_crossover,DOGE-USDT,4h,,,,14.64,1.836,-34.52,37.5,1.41,32,33.8,0.42,14.0,45.0,,,,,,,,,,,,
ema_crossover,DOGE-USDT,4h,,,,2.48,0.837,-39.17,28.6,1.15,28,38.6,0.06,14.0,50.0,,,,,,,,,,,,
ema_crossover,DOGE-USDT,4h,,,,15.55,1.717,-36.82,32.4,1.39,37,29.2,0.42,17.0,25.0,,,,,,,,,,,,
ema_crossover,DOGE-USDT,4h,,,,24.57,2.478,-29.89,34.3,1.6,35,30.9,0.82,17.0,30.0,,,,,,,,,,,,
ema_crossover,DOGE-USDT,4h,,,,2.01,0.711,-38.94,30.6,1.14,36,30.0,0.05,17.0,35.0,,,,,,,,,,,,
ema_crossover,DOGE-USDT,4h,,,,1.21,0.677,-37.41,33.3,1.12,30,36.0,0.03,17.0,40.0,,,,,,,,,,,,
ema_crossover,DOGE-USDT,4h,,,,6.89,1.302,-37.18,26.9,1.24,26,41.5,0.19,17.0,45.0,,,,,,,,,,,,
ema_crossover,DOGE-USDT,4h,,,,30.87,3.747,-26.8,27.3,1.92,22,49.1,1.15,17.0,50.0,,,,,,,,,,,,
ema_crossover,DOGE-USDT,4h,,,,20.61,2.249,-29.89,30.3,1.54,33,32.7,0.69,20.0,25.0,,,,,,,,,,,,
ema_crossover,DOGE-USDT,4h,,,,3.6,0.87,-39.56,32.4,1.17,34,31.8,0.09,20.0,30.0,,,,,,,,,,,,
ema_crossover,DOGE-USDT,4h,,,,-9.76,-0.364,-42.25,32.4,0.94,34,31.8,-0.23,20.0,35.0,,,,,,,,,,,,
ema_crossover,DOGE-USDT,4h,,,,-5.86,-0.096,-40.09,28.6,0.98,28,38.6,-0.15,20.0,40.0,,,,,,,,,,,,
ema_crossover,DOGE-USDT,4h,,,,38.79,4.442,-21.57,40.9,2.15,22,49.1,1.8,20.0,45.0,,,,,,,,,,,,
ema_crossover,DOGE-USDT,4h,,,,56.36,6.867,-10.64,55.6,3.14,18,60.0,5.3,20.0,50.0,,,,,,,,,,,,
stoch_rsi,DOGE-USDT,4h,7.0,15.0,75.0,44.52,6.431,-4.14,67.4,2.57,95,1.0,10.74,,,,,3.0,3.0,,,,,,,,
stoch_rsi,DOGE-USDT,4h,7.0,15.0,80.0,35.47,6.433,-4.14,66.7,2.58,84,1.0,8.56,,,,,3.0,3.0,,,,,,,,
stoch_rsi,DOGE-USDT,4h,7.0,15.0,85.0,29.79,6.195,-4.14,67.1,2.54,76,1.0,7.19,,,,,3.0,3.0,,,,,,,,
stoch_rsi,DOGE-USDT,4h,7.0,20.0,75.0,44.26,5.556,-5.25,66.4,2.24,107,1.0,8.43,,,,,3.0,3.0,,,,,,,,
stoch_rsi,DOGE-USDT,4h,7.0,20.0,80.0,35.22,5.393,-5.25,65.6,2.2,96,1.0,6.71,,,,,3.0,3.0,,,,,,,,
stoch_rsi,DOGE-USDT,4h,7.0,20.0,85.0,29.55,5.094,-5.25,65.9,2.13,88,1.0,5.63,,,,,3.0,3.0,,,,,,,,
stoch_rsi,DOGE-USDT,4h,7.0,25.0,75.0,55.31,6.135,-4.16,67.5,2.43,117,1.0,13.28,,,,,3.0,3.0,,,,,,,,
stoch_rsi,DOGE-USDT,4h,7.0,25.0,80.0,45.59,6.077,-4.36,67.0,2.42,106,1.0,10.46,,,,,3.0,3.0,,,,,,,,
stoch_rsi,DOGE-USDT,4h,7.0,25.0,85.0,39.48,5.867,-4.36,67.3,2.38,98,1.0,9.06,,,,,3.0,3.0,,,,,,,,
stoch_rsi,DOGE-USDT,4h,9.0,15.0,75.0,48.15,5.721,-6.88,64.4,2.49,101,1.0,7.0,,,,,3.0,3.0,,,,,,,,
stoch_rsi,DOGE-USDT,4h,9.0,15.0,80.0,19.34,3.583,-6.88,60.9,1.71,87,1.0,2.81,,,,,3.0,3.0,,,,,,,,
stoch_rsi,DOGE-USDT,4h,9.0,15.0,85.0,18.48,3.572,-6.88,59.8,1.71,82,1.0,2.69,,,,,3.0,3.0,,,,,,,,
stoch_rsi,DOGE-USDT,4h,9.0,20.0,75.0,60.28,6.461,-6.88,67.3,2.78,110,1.0,8.76,,,,,3.0,3.0,,,,,,,,
stoch_rsi,DOGE-USDT,4h,9.0,20.0,80.0,29.11,4.735,-6.88,64.6,2.02,96,1.0,4.23,,,,,3.0,3.0,,,,,,,,
stoch_rsi,DOGE-USDT,4h,9.0,20.0,85.0,28.18,4.765,-6.88,63.7,2.03,91,1.0,4.1,,,,,3.0,3.0,,,,,,,,
stoch_rsi,DOGE-USDT,4h,9.0,25.0,75.0,74.55,7.269,-6.88,69.0,3.1,116,1.0,10.84,,,,,3.0,3.0,,,,,,,,
stoch_rsi,DOGE-USDT,4h,9.0,25.0,80.0,40.6,5.869,-6.88,66.7,2.36,102,1.0,5.9,,,,,3.0,3.0,,,,,,,,
stoch_rsi,DOGE-USDT,4h,9.0,25.0,85.0,39.59,5.938,-6.88,66.0,2.37,97,1.0,5.76,,,,,3.0,3.0,,,,,,,,
stoch_rsi,DOGE-USDT,4h,11.0,15.0,75.0,56.66,6.07,-5.8,67.9,2.62,106,1.0,9.77,,,,,3.0,3.0,,,,,,,,
stoch_rsi,DOGE-USDT,4h,11.0,15.0,80.0,44.85,5.553,-6.67,66.7,2.34,102,1.0,6.72,,,,,3.0,3.0,,,,,,,,
stoch_rsi,DOGE-USDT,4h,11.0,15.0,85.0,31.35,4.658,-6.67,65.9,2.01,91,1.0,4.7,,,,,3.0,3.0,,,,,,,,
stoch_rsi,DOGE-USDT,4h,11.0,20.0,75.0,66.87,6.65,-5.8,69.9,2.84,113,1.0,11.54,,,,,3.0,3.0,,,,,,,,
stoch_rsi,DOGE-USDT,4h,11.0,20.0,80.0,54.29,6.217,-5.8,68.8,2.56,109,1.0,9.37,,,,,3.0,3.0,,,,,,,,
stoch_rsi,DOGE-USDT,4h,11.0,20.0,85.0,39.91,5.443,-5.8,68.4,2.24,98,1.0,6.89,,,,,3.0,3.0,,,,,,,,
stoch_rsi,DOGE-USDT,4h,11.0,25.0,75.0,79.24,7.196,-5.8,70.3,3.07,118,1.0,13.67,,,,,3.0,3.0,,,,,,,,
stoch_rsi,DOGE-USDT,4h,11.0,25.0,80.0,65.74,6.826,-5.8,69.3,2.79,114,1.0,11.34,,,,,3.0,3.0,,,,,,,,
stoch_rsi,DOGE-USDT,4h,11.0,25.0,85.0,50.29,6.162,-5.8,68.9,2.49,103,1.0,8.68,,,,,3.0,3.0,,,,,,,,
stoch_rsi,DOGE-USDT,4h,13.0,15.0,75.0,57.32,6.651,-8.2,64.0,2.79,100,1.0,6.99,,,,,3.0,3.0,,,,,,,,
stoch_rsi,DOGE-USDT,4h,13.0,15.0,80.0,41.17,5.579,-8.2,61.7,2.37,94,1.0,5.02,,,,,3.0,3.0,,,,,,,,
stoch_rsi,DOGE-USDT,4h,13.0,15.0,85.0,34.67,5.055,-8.29,59.8,2.18,87,1.0,4.18,,,,,3.0,3.0,,,,,,,,
stoch_rsi,DOGE-USDT,4h,13.0,20.0,75.0,70.56,7.119,-8.2,64.0,2.95,111,1.0,8.61,,,,,3.0,3.0,,,,,,,,
stoch_rsi,DOGE-USDT,4h,13.0,20.0,80.0,53.05,6.186,-8.2,61.9,2.55,105,1.0,6.47,,,,,3.0,3.0,,,,,,,,
stoch_rsi,DOGE-USDT,4h,13.0,20.0,85.0,46.01,5.738,-8.29,60.2,2.38,98,1.0,5.55,,,,,3.0,3.0,,,,,,,,
stoch_rsi,DOGE-USDT,4h,13.0,25.0,75.0,68.79,6.823,-8.2,63.2,2.8,114,1.0,8.39,,,,,3.0,3.0,,,,,,,,
stoch_rsi,DOGE-USDT,4h,13.0,25.0,80.0,51.46,5.894,-8.2,61.1,2.43,108,1.0,6.28,,,,,3.0,3.0,,,,,,,,
stoch_rsi,DOGE-USDT,4h,13.0,25.0,85.0,44.49,5.446,-8.29,59.4,2.27,101,1.0,5.36,,,,,3.0,3.0,,,,,,,,
stoch_rsi,DOGE-USDT,4h,15.0,15.0,75.0,63.27,10.448,-2.8,70.6,5.09,85,1.0,22.59,,,,,3.0,3.0,,,,,,,,
stoch_rsi,DOGE-USDT,4h,15.0,15.0,80.0,67.42,11.674,-2.07,72.8,6.47,81,1.0,32.55,,,,,3.0,3.0,,,,,,,,
stoch_rsi,DOGE-USDT,4h,15.0,15.0,85.0,61.75,12.451,-1.6,72.6,7.68,73,1.0,38.61,,,,,3.0,3.0,,,,,,,,
stoch_rsi,DOGE-USDT,4h,15.0,20.0,75.0,78.25,10.637,-3.32,68.7,5.14,99,1.0,23.59,,,,,3.0,3.0,,,,,,,,
stoch_rsi,DOGE-USDT,4h,15.0,20.0,80.0,82.78,11.7,-2.59,70.5,6.29,95,1.0,31.95,,,,,3.0,3.0,,,,,,,,
stoch_rsi,DOGE-USDT,4h,15.0,20.0,85.0,76.58,12.354,-1.71,70.1,7.19,87,1.0,44.66,,,,,3.0,3.0,,,,,,,,
stoch_rsi,DOGE-USDT,4h,15.0,25.0,75.0,89.86,10.868,-3.62,68.8,5.39,109,1.0,24.85,,,,,3.0,3.0,,,,,,,,
stoch_rsi,DOGE-USDT,4h,15.0,25.0,80.0,94.69,11.857,-2.89,70.5,6.53,105,1.0,32.74,,,,,3.0,3.0,,,,,,,,
stoch_rsi,DOGE-USDT,4h,15.0,25.0,85.0,88.09,12.473,-1.6,70.1,7.43,97,1.0,55.09,,,,,3.0,3.0,,,,,,,,
stoch_rsi,DOGE-USDT,4h,17.0,15.0,75.0,90.3,11.629,-2.12,71.3,5.73,87,1.0,42.59,,,,,3.0,3.0,,,,,,,,
stoch_rsi,DOGE-USDT,4h,17.0,15.0,80.0,80.89,11.524,-2.12,72.5,5.64,80,1.0,38.15,,,,,3.0,3.0,,,,,,,,
stoch_rsi,DOGE-USDT,4h,17.0,15.0,85.0,78.72,11.576,-2.12,72.7,5.68,77,1.0,37.12,,,,,3.0,3.0,,,,,,,,
stoch_rsi,DOGE-USDT,4h,17.0,20.0,75.0,97.45,10.666,-2.46,69.3,4.94,101,1.0,39.62,,,,,3.0,3.0,,,,,,,,
stoch_rsi,DOGE-USDT,4h,17.0,20.0,80.0,87.69,10.514,-2.46,70.2,4.83,94,1.0,35.66,,,,,3.0,3.0,,,,,,,,
stoch_rsi,DOGE-USDT,4h,17.0,20.0,85.0,85.44,10.53,-2.46,70.3,4.85,91,1.0,34.74,,,,,3.0,3.0,,,,,,,,
stoch_rsi,DOGE-USDT,4h,17.0,25.0,75.0,100.77,10.718,-2.46,69.2,5.0,104,1.0,40.97,,,,,3.0,3.0,,,,,,,,
stoch_rsi,DOGE-USDT,4h,17.0,25.0,80.0,90.85,10.571,-2.46,70.1,4.9,97,1.0,36.94,,,,,3.0,3.0,,,,,,,,
stoch_rsi,DOGE-USDT,4h,17.0,25.0,85.0,88.56,10.587,-2.46,70.2,4.92,94,1.0,36.01,,,,,3.0,3.0,,,,,,,,
stoch_rsi,DOGE-USDT,4h,19.0,15.0,75.0,99.68,13.422,-2.98,78.9,8.82,95,1.0,33.49,,,,,3.0,3.0,,,,,,,,
stoch_rsi,DOGE-USDT,4h,19.0,15.0,80.0,88.01,13.232,-2.98,78.4,8.72,88,1.0,29.57,,,,,3.0,3.0,,,,,,,,
stoch_rsi,DOGE-USDT,4h,19.0,15.0,85.0,76.01,13.069,-2.98,79.2,8.74,77,1.0,25.54,,,,,3.0,3.0,,,,,,,,
stoch_rsi,DOGE-USDT,4h,19.0,20.0,75.0,102.76,13.373,-2.98,78.4,8.58,97,1.0,34.53,,,,,3.0,3.0,,,,,,,,
stoch_rsi,DOGE-USDT,4h,19.0,20.0,80.0,90.92,13.185,-2.98,77.8,8.46,90,1.0,30.55,,,,,3.0,3.0,,,,,,,,
stoch_rsi,DOGE-USDT,4h,19.0,20.0,85.0,78.73,13.024,-2.98,78.5,8.46,79,1.0,26.45,,,,,3.0,3.0,,,,,,,,
stoch_rsi,DOGE-USDT,4h,19.0,25.0,75.0,110.61,13.345,-2.98,77.7,8.23,103,1.0,37.17,,,,,3.0,3.0,,,,,,,,
stoch_rsi,DOGE-USDT,4h,19.0,25.0,80.0,98.31,13.166,-2.98,77.1,8.1,96,1.0,33.03,,,,,3.0,3.0,,,,,,,,
stoch_rsi,DOGE-USDT,4h,19.0,25.0,85.0,85.65,13.009,-2.98,77.6,8.06,85,1.0,28.78,,,,,3.0,3.0,,,,,,,,
stoch_rsi,DOGE-USDT,4h,21.0,15.0,75.0,61.45,9.361,-1.87,64.8,4.55,91,1.0,32.84,,,,,3.0,3.0,,,,,,,,
stoch_rsi,DOGE-USDT,4h,21.0,15.0,80.0,53.26,9.181,-1.77,66.3,4.48,83,1.0,30.04,,,,,3.0,3.0,,,,,,,,
stoch_rsi,DOGE-USDT,4h,21.0,15.0,85.0,36.88,8.058,-3.08,64.8,3.77,71,1.0,11.96,,,,,3.0,3.0,,,,,,,,
stoch_rsi,DOGE-USDT,4h,21.0,20.0,75.0,60.18,7.968,-4.79,64.4,3.48,101,1.0,12.56,,,,,3.0,3.0,,,,,,,,
stoch_rsi,DOGE-USDT,4h,21.0,20.0,80.0,52.05,7.7,-4.7,65.6,3.36,93,1.0,11.09,,,,,3.0,3.0,,,,,,,,
stoch_rsi,DOGE-USDT,4h,21.0,20.0,85.0,35.81,6.552,-4.7,64.2,2.82,81,1.0,7.63,,,,,3.0,3.0,,,,,,,,
stoch_rsi,DOGE-USDT,4h,21.0,25.0,75.0,62.31,7.986,-4.79,63.8,3.49,105,1.0,13.01,,,,,3.0,3.0,,,,,,,,
stoch_rsi,DOGE-USDT,4h,21.0,25.0,80.0,54.08,7.727,-4.7,64.9,3.37,97,1.0,11.52,,,,,3.0,3.0,,,,,,,,
stoch_rsi,DOGE-USDT,4h,21.0,25.0,85.0,37.62,6.623,-4.7,63.5,2.84,85,1.0,8.01,,,,,3.0,3.0,,,,,,,,
kc_breakout,DOGE-USDT,4h,15.0,,,614.0,22.75,0.0,100.0,999.0,54,2.2,0.0,,,,,,,1.5,,,,,,,
kc_breakout,DOGE-USDT,4h,15.0,,,224.41,27.456,0.0,100.0,999.0,24,1.8,0.0,,,,,,,2.0,,,,,,,
kc_breakout,DOGE-USDT,4h,15.0,,,72.28,32.653,0.0,100.0,999.0,8,1.9,0.0,,,,,,,2.5,,,,,,,
kc_breakout,DOGE-USDT,4h,15.0,,,20.57,24.573,0.0,100.0,999.0,2,3.0,0.0,,,,,,,3.0,,,,,,,
kc_breakout,DOGE-USDT,4h,17.0,,,763.43,23.345,0.0,100.0,999.0,58,2.5,0.0,,,,,,,1.5,,,,,,,
kc_breakout,DOGE-USDT,4h,17.0,,,314.18,26.427,0.0,100.0,999.0,29,2.0,0.0,,,,,,,2.0,,,,,,,
kc_breakout,DOGE-USDT,4h,17.0,,,99.79,33.64,0.0,100.0,999.0,10,2.1,0.0,,,,,,,2.5,,,,,,,
kc_breakout,DOGE-USDT,4h,17.0,,,26.98,26.381,0.0,100.0,999.0,3,2.3,0.0,,,,,,,3.0,,,,,,,
kc_breakout,DOGE-USDT,4h,19.0,,,810.88,21.882,0.0,100.0,999.0,61,2.8,0.0,,,,,,,1.5,,,,,,,
kc_breakout,DOGE-USDT,4h,19.0,,,334.77,23.945,0.0,100.0,999.0,34,2.1,0.0,,,,,,,2.0,,,,,,,
kc_breakout,DOGE-USDT,4h,19.0,,,114.94,25.233,0.0,100.0,999.0,14,2.0,0.0,,,,,,,2.5,,,,,,,
kc_breakout,DOGE-USDT,4h,19.0,,,41.92,28.232,0.0,100.0,999.0,5,2.2,0.0,,,,,,,3.0,,,,,,,
kc_breakout,DOGE-USDT,4h,21.0,,,888.48,21.133,0.0,100.0,999.0,65,3.0,0.0,,,,,,,1.5,,,,,,,
kc_breakout,DOGE-USDT,4h,21.0,,,357.08,23.158,0.0,100.0,999.0,37,2.2,0.0,,,,,,,2.0,,,,,,,
kc_breakout,DOGE-USDT,4h,21.0,,,171.05,25.661,0.0,100.0,999.0,21,1.8,0.0,,,,,,,2.5,,,,,,,
kc_breakout,DOGE-USDT,4h,21.0,,,59.55,33.855,0.0,100.0,999.0,8,2.0,0.0,,,,,,,3.0,,,,,,,
kc_breakout,DOGE-USDT,4h,23.0,,,805.19,21.361,0.0,100.0,999.0,64,3.2,0.0,,,,,,,1.5,,,,,,,
kc_breakout,DOGE-USDT,4h,23.0,,,391.53,21.248,0.0,100.0,999.0,44,2.3,0.0,,,,,,,2.0,,,,,,,
kc_breakout,DOGE-USDT,4h,23.0,,,188.74,26.156,0.0,100.0,999.0,21,2.1,0.0,,,,,,,2.5,,,,,,,
kc_breakout,DOGE-USDT,4h,23.0,,,67.09,35.253,0.0,100.0,999.0,9,2.0,0.0,,,,,,,3.0,,,,,,,
kc_breakout,DOGE-USDT,4h,25.0,,,777.8,20.528,0.0,100.0,999.0,65,3.5,0.0,,,,,,,1.5,,,,,,,
kc_breakout,DOGE-USDT,4h,25.0,,,442.79,20.732,0.0,100.0,999.0,46,2.5,0.0,,,,,,,2.0,,,,,,,
kc_breakout,DOGE-USDT,4h,25.0,,,237.7,26.441,0.0,100.0,999.0,25,2.3,0.0,,,,,,,2.5,,,,,,,
kc_breakout,DOGE-USDT,4h,25.0,,,73.99,41.997,0.0,100.0,999.0,9,2.2,0.0,,,,,,,3.0,,,,,,,
rsi_adx_combo,DOGE-USDT,4h,,,,16.3,1.528,-28.9,38.6,1.31,57,16.5,0.56,,,,,,,,14.0,25.0,65.0,14.0,20.0,,
rsi_adx_combo,DOGE-USDT,4h,,,,-4.21,0.044,-34.75,36.1,1.01,61,13.1,-0.12,,,,,,,,14.0,25.0,65.0,14.0,25.0,,
rsi_adx_combo,DOGE-USDT,4h,,,,25.94,2.201,-25.15,40.0,1.47,55,16.9,1.03,,,,,,,,14.0,25.0,70.0,14.0,20.0,,
rsi_adx_combo,DOGE-USDT,4h,,,,14.43,1.5,-25.58,41.8,1.31,55,14.2,0.56,,,,,,,,14.0,25.0,70.0,14.0,25.0,,
rsi_adx_combo,DOGE-USDT,4h,,,,26.53,2.259,-24.66,38.9,1.48,54,17.2,1.08,,,,,,,,14.0,25.0,75.0,14.0,20.0,,
rsi_adx_combo,DOGE-USDT,4h,,,,19.97,1.98,-23.73,41.2,1.43,51,15.2,0.84,,,,,,,,14.0,25.0,75.0,14.0,25.0,,
rsi_adx_combo,DOGE-USDT,4h,,,,17.12,1.567,-28.9,39.7,1.32,58,16.2,0.59,,,,,,,,14.0,30.0,65.0,14.0,20.0,,
rsi_adx_combo,DOGE-USDT,4h,,,,-7.31,-0.192,-34.25,36.9,0.97,65,12.4,-0.21,,,,,,,,14.0,30.0,65.0,14.0,25.0,,
rsi_adx_combo,DOGE-USDT,4h,,,,26.83,2.236,-25.15,41.1,1.48,56,16.6,1.07,,,,,,,,14.0,30.0,70.0,14.0,20.0,,
rsi_adx_combo,DOGE-USDT,4h,,,,10.73,1.178,-25.0,42.4,1.24,59,13.3,0.43,,,,,,,,14.0,30.0,70.0,14.0,25.0,,
rsi_adx_combo,DOGE-USDT,4h,,,,27.42,2.294,-24.66,40.0,1.49,55,16.9,1.11,,,,,,,,14.0,30.0,75.0,14.0,20.0,,
rsi_adx_combo,DOGE-USDT,4h,,,,16.09,1.62,-23.14,41.8,1.34,55,14.1,0.7,,,,,,,,14.0,30.0,75.0,14.0,25.0,,
rsi_adx_combo,DOGE-USDT,4h,,,,7.15,0.868,-31.09,36.5,1.16,63,15.1,0.23,,,,,,,,14.0,35.0,65.0,14.0,20.0,,
rsi_adx_combo,DOGE-USDT,4h,,,,-18.95,-1.035,-35.13,35.5,0.83,76,10.9,-0.54,,,,,,,,14.0,35.0,65.0,14.0,25.0,,
rsi_adx_combo,DOGE-USDT,4h,,,,16.04,1.473,-26.46,37.7,1.29,61,15.4,0.61,,,,,,,,14.0,35.0,70.0,14.0,20.0,,
rsi_adx_combo,DOGE-USDT,4h,,,,-3.18,0.107,-26.0,40.0,1.02,70,11.6,-0.12,,,,,,,,14.0,35.0,70.0,14.0,25.0,,
rsi_adx_combo,DOGE-USDT,4h,,,,16.58,1.52,-25.97,36.7,1.3,60,15.7,0.64,,,,,,,,14.0,35.0,75.0,14.0,20.0,,
rsi_adx_combo,DOGE-USDT,4h,,,,1.51,0.459,-24.41,39.4,1.09,66,12.1,0.06,,,,,,,,14.0,35.0,75.0,14.0,25.0,,
rsi_vol_combo,DOGE-USDT,4h,,,,-70.84,-17.853,-70.84,4.8,0.03,42,1.5,-1.0,,,,,,,,14.0,25.0,65.0,,,20.0,1.5
rsi_vol_combo,DOGE-USDT,4h,,,,-64.47,-15.55,-64.47,10.7,0.07,28,1.5,-1.0,,,,,,,,14.0,25.0,65.0,,,20.0,2.0
rsi_vol_combo,DOGE-USDT,4h,,,,-51.85,-19.531,-51.85,3.6,0.03,28,1.5,-1.0,,,,,,,,14.0,25.0,70.0,,,20.0,1.5
rsi_vol_combo,DOGE-USDT,4h,,,,-49.27,-14.97,-49.27,10.0,0.09,20,1.5,-1.0,,,,,,,,14.0,25.0,70.0,,,20.0,2.0
rsi_vol_combo,DOGE-USDT,4h,,,,-45.46,-16.987,-45.46,5.3,0.04,19,1.5,-1.0,,,,,,,,14.0,25.0,75.0,,,20.0,1.5
rsi_vol_combo,DOGE-USDT,4h,,,,-46.2,-18.505,-46.2,0.0,0.0,15,1.6,-1.0,,,,,,,,14.0,25.0,75.0,,,20.0,2.0
rsi_vol_combo,DOGE-USDT,4h,,,,-79.66,-19.694,-79.66,3.8,0.02,52,1.5,-1.0,,,,,,,,14.0,30.0,65.0,,,20.0,1.5
rsi_vol_combo,DOGE-USDT,4h,,,,-72.72,-16.636,-72.72,8.3,0.06,36,1.5,-1.0,,,,,,,,14.0,30.0,65.0,,,20.0,2.0
rsi_vol_combo,DOGE-USDT,4h,,,,-66.42,-22.183,-66.42,2.6,0.02,38,1.5,-1.0,,,,,,,,14.0,30.0,70.0,,,20.0,1.5
rsi_vol_combo,DOGE-USDT,4h,,,,-61.06,-16.7,-61.06,7.1,0.07,28,1.5,-1.0,,,,,,,,14.0,30.0,70.0,,,20.0,2.0
rsi_vol_combo,DOGE-USDT,4h,,,,-61.97,-20.327,-61.97,3.4,0.02,29,1.6,-1.0,,,,,,,,14.0,30.0,75.0,,,20.0,1.5
rsi_vol_combo,DOGE-USDT,4h,,,,-58.7,-19.78,-58.7,0.0,0.0,23,1.6,-1.0,,,,,,,,14.0,30.0,75.0,,,20.0,2.0
rsi_vol_combo,DOGE-USDT,4h,,,,-81.53,-18.193,-81.53,6.7,0.04,60,1.5,-1.0,,,,,,,,14.0,35.0,65.0,,,20.0,1.5
rsi_vol_combo,DOGE-USDT,4h,,,,-74.73,-16.978,-74.73,7.9,0.06,38,1.5,-1.0,,,,,,,,14.0,35.0,65.0,,,20.0,2.0
rsi_vol_combo,DOGE-USDT,4h,,,,-69.51,-19.561,-69.51,6.5,0.04,46,1.5,-1.0,,,,,,,,14.0,35.0,70.0,,,20.0,1.5
rsi_vol_combo,DOGE-USDT,4h,,,,-63.92,-17.179,-63.92,6.7,0.06,30,1.5,-1.0,,,,,,,,14.0,35.0,70.0,,,20.0,2.0
rsi_vol_combo,DOGE-USDT,4h,,,,-65.46,-17.74,-65.46,8.1,0.04,37,1.5,-1.0,,,,,,,,14.0,35.0,75.0,,,20.0,1.5
rsi_vol_combo,DOGE-USDT,4h,,,,-61.74,-20.22,-61.74,0.0,0.0,25,1.6,-1.0,,,,,,,,14.0,35.0,75.0,,,20.0,2.0
rsi_reversion,AVAX-USDT,1d,7.0,20.0,60.0,-100.0,-11.724,-104.06,16.4,0.05,140,3.4,-0.96,,,,,,,,,,,,,,
rsi_reversion,AVAX-USDT,1d,7.0,20.0,65.0,-100.0,-11.551,-116.78,12.5,0.03,128,3.3,-0.86,,,,,,,,,,,,,,
rsi_reversion,AVAX-USDT,1d,7.0,20.0,70.0,-100.0,-15.991,-100.0,13.0,0.03,123,2.9,-1.0,,,,,,,,,,,,,,
rsi_reversion,AVAX-USDT,1d,7.0,20.0,75.0,-99.99,-15.557,-99.99,13.6,0.04,118,2.6,-1.0,,,,,,,,,,,,,,
rsi_reversion,AVAX-USDT,1d,7.0,20.0,80.0,-99.98,-15.726,-99.98,11.3,0.03,106,2.4,-1.0,,,,,,,,,,,,,,
rsi_reversion,AVAX-USDT,1d,7.0,25.0,60.0,-100.0,-11.689,-104.23,18.2,0.05,148,3.7,-0.96,,,,,,,,,,,,,,
rsi_reversion,AVAX-USDT,1d,7.0,25.0,65.0,-100.0,-11.485,-117.5,14.7,0.04,136,3.6,-0.85,,,,,,,,,,,,,,
rsi_reversion,AVAX-USDT,1d,7.0,25.0,70.0,-100.0,-15.792,-100.0,15.3,0.04,131,3.3,-1.0,,,,,,,,,,,,,,
rsi_reversion,AVAX-USDT,1d,7.0,25.0,75.0,-100.0,-15.391,-100.0,15.9,0.04,126,2.9,-1.0,,,,,,,,,,,,,,
rsi_reversion,AVAX-USDT,1d,7.0,25.0,80.0,-99.98,-15.548,-99.98,14.0,0.03,114,2.8,-1.0,,,,,,,,,,,,,,
rsi_reversion,AVAX-USDT,1d,7.0,30.0,60.0,-100.0,-11.523,-103.43,17.8,0.05,157,3.9,-0.97,,,,,,,,,,,,,,
rsi_reversion,AVAX-USDT,1d,7.0,30.0,65.0,-100.0,-11.309,-114.18,14.5,0.04,145,3.8,-0.88,,,,,,,,,,,,,,
rsi_reversion,AVAX-USDT,1d,7.0,30.0,70.0,-100.0,-15.28,-100.0,15.0,0.04,140,3.5,-1.0,,,,,,,,,,,,,,
rsi_reversion,AVAX-USDT,1d,7.0,30.0,75.0,-100.0,-14.884,-100.0,15.6,0.05,135,3.2,-1.0,,,,,,,,,,,,,,
rsi_reversion,AVAX-USDT,1d,7.0,30.0,80.0,-99.99,-14.953,-99.99,13.8,0.03,123,3.1,-1.0,,,,,,,,,,,,,,
rsi_reversion,AVAX-USDT,1d,7.0,35.0,60.0,-100.0,-12.253,-103.27,15.8,0.05,152,4.6,-0.97,,,,,,,,,,,,,,
rsi_reversion,AVAX-USDT,1d,7.0,35.0,65.0,-100.0,-12.104,-113.54,12.1,0.04,140,4.5,-0.88,,,,,,,,,,,,,,
rsi_reversion,AVAX-USDT,1d,7.0,35.0,70.0,-100.0,-16.126,-100.0,12.6,0.04,135,4.2,-1.0,,,,,,,,,,,,,,
rsi_reversion,AVAX-USDT,1d,7.0,35.0,75.0,-100.0,-15.696,-100.0,13.1,0.05,130,3.9,-1.0,,,,,,,,,,,,,,
rsi_reversion,AVAX-USDT,1d,7.0,35.0,80.0,-100.0,-15.781,-100.0,11.0,0.04,118,3.9,-1.0,,,,,,,,,,,,,,
rsi_reversion,AVAX-USDT,1d,9.0,20.0,60.0,-100.0,-9.07,-118.95,17.3,0.05,104,4.1,-0.84,,,,,,,,,,,,,,
rsi_reversion,AVAX-USDT,1d,9.0,20.0,65.0,-100.01,-9.389,-133.04,12.0,0.03,92,3.8,-0.75,,,,,,,,,,,,,,
rsi_reversion,AVAX-USDT,1d,9.0,20.0,70.0,-100.0,-14.287,-100.0,9.3,0.02,86,3.4,-1.0,,,,,,,,,,,,,,
rsi_reversion,AVAX-USDT,1d,9.0,20.0,75.0,-99.98,-13.212,-99.98,8.6,0.02,81,2.9,-1.0,,,,,,,,,,,,,,
rsi_reversion,AVAX-USDT,1d,9.0,20.0,80.0,-99.92,-13.026,-99.92,8.5,0.02,71,2.6,-1.0,,,,,,,,,,,,,,
rsi_reversion,AVAX-USDT,1d,9.0,25.0,60.0,-100.0,-8.969,-117.66,18.4,0.06,114,4.2,-0.85,,,,,,,,,,,,,,
rsi_reversion,AVAX-USDT,1d,9.0,25.0,65.0,-100.01,-9.244,-130.79,13.7,0.04,102,4.0,-0.76,,,,,,,,,,,,,,
rsi_reversion,AVAX-USDT,1d,9.0,25.0,70.0,-100.0,-13.808,-100.0,11.5,0.03,96,3.7,-1.0,,,,,,,,,,,,,,
rsi_reversion,AVAX-USDT,1d,9.0,25.0,75.0,-99.99,-12.839,-99.99,11.0,0.03,91,3.2,-1.0,,,,,,,,,,,,,,
rsi_reversion,AVAX-USDT,1d,9.0,25.0,80.0,-99.95,-12.648,-99.95,11.1,0.03,81,3.0,-1.0,,,,,,,,,,,,,,
rsi_reversion,AVAX-USDT,1d,9.0,30.0,60.0,-100.0,-9.384,-117.42,16.5,0.05,127,4.4,-0.85,,,,,,,,,,,,,,
rsi_reversion,AVAX-USDT,1d,9.0,30.0,65.0,-100.0,-9.663,-130.38,12.2,0.04,115,4.2,-0.77,,,,,,,,,,,,,,
rsi_reversion,AVAX-USDT,1d,9.0,30.0,70.0,-100.0,-14.151,-100.0,10.1,0.03,109,3.9,-1.0,,,,,,,,,,,,,,
rsi_reversion,AVAX-USDT,1d,9.0,30.0,75.0,-100.0,-13.323,-100.0,9.6,0.03,104,3.5,-1.0,,,,,,,,,,,,,,
rsi_reversion,AVAX-USDT,1d,9.0,30.0,80.0,-99.99,-13.245,-99.99,9.6,0.03,94,3.4,-1.0,,,,,,,,,,,,,,
rsi_reversion,AVAX-USDT,1d,9.0,35.0,60.0,-100.0,-9.579,-117.53,18.2,0.05,137,4.7,-0.85,,,,,,,,,,,,,,
rsi_reversion,AVAX-USDT,1d,9.0,35.0,65.0,-100.0,-9.852,-130.58,14.4,0.04,125,4.5,-0.77,,,,,,,,,,,,,,
rsi_reversion,AVAX-USDT,1d,9.0,35.0,70.0,-100.0,-14.188,-100.0,12.6,0.02,119,4.3,-1.0,,,,,,,,,,,,,,
rsi_reversion,AVAX-USDT,1d,9.0,35.0,75.0,-100.0,-13.439,-100.0,12.3,0.03,114,3.9,-1.0,,,,,,,,,,,,,,
rsi_reversion,AVAX-USDT,1d,9.0,35.0,80.0,-99.99,-13.392,-99.99,12.5,0.03,104,3.9,-1.0,,,,,,,,,,,,,,
rsi_reversion,AVAX-USDT,1d,11.0,20.0,60.0,-100.0,-10.221,-111.49,12.0,0.03,75,4.9,-0.9,,,,,,,,,,,,,,
rsi_reversion,AVAX-USDT,1d,11.0,20.0,65.0,-99.99,-9.737,-111.55,12.0,0.03,75,4.0,-0.9,,,,,,,,,,,,,,
rsi_reversion,AVAX-USDT,1d,11.0,20.0,70.0,-100.05,-10.458,-103.09,9.5,0.02,63,3.7,-0.97,,,,,,,,,,,,,,
rsi_reversion,AVAX-USDT,1d,11.0,20.0,75.0,-100.01,-11.467,-100.45,13.1,0.03,61,2.8,-1.0,,,,,,,,,,,,,,
rsi_reversion,AVAX-USDT,1d,11.0,20.0,80.0,-99.38,-14.782,-99.38,7.1,0.03,42,2.8,-1.0,,,,,,,,,,,,,,
rsi_reversion,AVAX-USDT,1d,11.0,25.0,60.0,-100.0,-10.393,-110.19,12.2,0.03,98,4.4,-0.91,,,,,,,,,,,,,,
rsi_reversion,AVAX-USDT,1d,11.0,25.0,65.0,-100.0,-9.923,-110.24,12.2,0.03,98,3.8,-0.91,,,,,,,,,,,,,,
rsi_reversion,AVAX-USDT,1d,11.0,25.0,70.0,-100.01,-10.753,-102.74,10.5,0.02,86,3.5,-0.97,,,,,,,,,,,,,,
rsi_reversion,AVAX-USDT,1d,11.0,25.0,75.0,-100.0,-11.862,-100.4,13.1,0.03,84,2.8,-1.0,,,,,,,,,,,,,,
rsi_reversion,AVAX-USDT,1d,11.0,25.0,80.0,-99.87,-14.893,-99.87,9.2,0.03,65,2.9,-1.0,,,,,,,,,,,,,,
rsi_reversion,AVAX-USDT,1d,11.0,30.0,60.0,-100.0,-10.359,-110.12,13.5,0.03,104,4.8,-0.91,,,,,,,,,,,,,,
rsi_reversion,AVAX-USDT,1d,11.0,30.0,65.0,-100.0,-9.909,-110.16,13.5,0.03,104,4.2,-0.91,,,,,,,,,,,,,,
rsi_reversion,AVAX-USDT,1d,11.0,30.0,70.0,-100.01,-10.7,-102.72,12.0,0.02,92,4.0,-0.97,,,,,,,,,,,,,,
rsi_reversion,AVAX-USDT,1d,11.0,30.0,75.0,-100.0,-11.728,-100.4,14.4,0.03,90,3.4,-1.0,,,,,,,,,,,,,,
rsi_reversion,AVAX-USDT,1d,11.0,30.0,80.0,-99.92,-14.325,-99.92,11.3,0.02,71,3.6,-1.0,,,,,,,,,,,,,,
rsi_reversion,AVAX-USDT,1d,11.0,35.0,60.0,-100.0,-10.246,-109.82,13.2,0.03,121,4.8,-0.91,,,,,,,,,,,,,,
rsi_reversion,AVAX-USDT,1d,11.0,35.0,65.0,-100.0,-9.813,-109.86,13.2,0.03,121,4.3,-0.91,,,,,,,,,,,,,,
rsi_reversion,AVAX-USDT,1d,11.0,35.0,70.0,-100.0,-10.61,-102.64,11.9,0.03,109,4.1,-0.97,,,,,,,,,,,,,,
rsi_reversion,AVAX-USDT,1d,11.0,35.0,75.0,-100.0,-11.642,-100.39,14.0,0.04,107,3.6,-1.0,,,,,,,,,,,,,,
rsi_reversion,AVAX-USDT,1d,11.0,35.0,80.0,-99.97,-14.033,-99.97,11.4,0.03,88,3.8,-1.0,,,,,,,,,,,,,,
rsi_reversion,AVAX-USDT,1d,13.0,20.0,60.0,-100.0,-8.773,-112.87,22.1,0.04,68,5.1,-0.89,,,,,,,,,,,,,,
rsi_reversion,AVAX-USDT,1d,13.0,20.0,65.0,-99.99,-9.455,-103.4,20.3,0.03,64,4.1,-0.97,,,,,,,,,,,,,,
rsi_reversion,AVAX-USDT,1d,13.0,20.0,70.0,-100.01,-10.111,-100.44,15.1,0.01,53,3.6,-1.0,,,,,,,,,,,,,,
rsi_reversion,AVAX-USDT,1d,13.0,20.0,75.0,-100.49,-10.282,-104.62,14.0,0.02,43,3.0,-0.96,,,,,,,,,,,,,,
rsi_reversion,AVAX-USDT,1d,13.0,20.0,80.0,-98.81,-11.352,-98.81,19.4,0.02,31,3.0,-1.0,,,,,,,,,,,,,,
rsi_reversion,AVAX-USDT,1d,13.0,25.0,60.0,-100.0,-9.06,-112.77,20.3,0.06,79,5.1,-0.89,,,,,,,,,,,,,,
rsi_reversion,AVAX-USDT,1d,13.0,25.0,65.0,-100.0,-9.748,-103.37,18.7,0.05,75,4.3,-0.97,,,,,,,,,,,,,,
rsi_reversion,AVAX-USDT,1d,13.0,25.0,70.0,-100.0,-10.371,-100.43,14.1,0.04,64,3.8,-1.0,,,,,,,,,,,,,,
rsi_reversion,AVAX-USDT,1d,13.0,25.0,75.0,-100.19,-10.703,-104.58,13.0,0.04,54,3.4,-0.96,,,,,,,,,,,,,,
rsi_reversion,AVAX-USDT,1d,13.0,25.0,80.0,-99.54,-11.985,-99.54,16.7,0.06,42,3.5,-1.0,,,,,,,,,,,,,,
rsi_reversion,AVAX-USDT,1d,13.0,30.0,60.0,-100.0,-9.84,-112.07,17.4,0.03,86,5.5,-0.89,,,,,,,,,,,,,,
rsi_reversion,AVAX-USDT,1d,13.0,30.0,65.0,-100.0,-10.611,-103.18,15.9,0.02,82,4.8,-0.97,,,,,,,,,,,,,,
rsi_reversion,AVAX-USDT,1d,13.0,30.0,70.0,-100.0,-11.349,-100.41,11.3,0.01,71,4.5,-1.0,,,,,,,,,,,,,,
rsi_reversion,AVAX-USDT,1d,13.0,30.0,75.0,-100.06,-12.007,-104.33,9.8,0.01,61,4.2,-0.96,,,,,,,,,,,,,,
rsi_reversion,AVAX-USDT,1d,13.0,30.0,80.0,-99.85,-13.926,-99.85,12.2,0.01,49,4.5,-1.0,,,,,,,,,,,,,,
rsi_reversion,AVAX-USDT,1d,13.0,35.0,60.0,-100.0,-9.37,-110.91,19.0,0.05,105,5.4,-0.9,,,,,,,,,,,,,,
rsi_reversion,AVAX-USDT,1d,13.0,35.0,65.0,-100.0,-10.012,-102.88,17.8,0.04,101,4.8,-0.97,,,,,,,,,,,,,,
rsi_reversion,AVAX-USDT,1d,13.0,35.0,70.0,-100.0,-10.534,-100.37,14.4,0.03,90,4.6,-1.0,,,,,,,,,,,,,,
rsi_reversion,AVAX-USDT,1d,13.0,35.0,75.0,-100.02,-10.961,-103.91,13.8,0.04,80,4.4,-0.96,,,,,,,,,,,,,,
rsi_reversion,AVAX-USDT,1d,13.0,35.0,80.0,-99.95,-12.115,-99.95,16.2,0.04,68,4.6,-1.0,,,,,,,,,,,,,,
rsi_reversion,AVAX-USDT,1d,15.0,20.0,60.0,-100.0,-9.891,-100.0,23.6,0.04,55,5.5,-1.0,,,,,,,,,,,,,,
rsi_reversion,AVAX-USDT,1d,15.0,20.0,65.0,-100.0,-11.197,-100.17,11.8,0.01,51,4.5,-1.0,,,,,,,,,,,,,,
rsi_reversion,AVAX-USDT,1d,15.0,20.0,70.0,-99.98,-11.379,-99.98,15.9,0.02,44,3.6,-1.0,,,,,,,,,,,,,,
rsi_reversion,AVAX-USDT,1d,15.0,20.0,75.0,-99.87,-12.016,-99.88,14.3,0.02,35,3.2,-1.0,,,,,,,,,,,,,,
rsi_reversion,AVAX-USDT,1d,15.0,20.0,80.0,-99.16,-11.172,-99.18,19.0,0.02,21,3.3,-1.0,,,,,,,,,,,,,,
rsi_reversion,AVAX-USDT,1d,15.0,25.0,60.0,-100.0,-9.777,-100.0,21.1,0.05,71,5.0,-1.0,,,,,,,,,,,,,,
rsi_reversion,AVAX-USDT,1d,15.0,25.0,65.0,-100.0,-10.84,-100.17,11.9,0.03,67,4.2,-1.0,,,,,,,,,,,,,,
rsi_reversion,AVAX-USDT,1d,15.0,25.0,70.0,-99.99,-11.081,-99.99,15.0,0.04,60,3.6,-1.0,,,,,,,,,,,,,,
rsi_reversion,AVAX-USDT,1d,15.0,25.0,75.0,-99.95,-11.604,-99.95,13.7,0.04,51,3.3,-1.0,,,,,,,,,,,,,,
rsi_reversion,AVAX-USDT,1d,15.0,25.0,80.0,-99.7,-10.651,-99.7,16.2,0.05,37,3.4,-1.0,,,,,,,,,,,,,,
rsi_reversion,AVAX-USDT,1d,15.0,30.0,60.0,-100.0,-10.71,-100.0,20.0,0.05,85,5.0,-1.0,,,,,,,,,,,,,,
rsi_reversion,AVAX-USDT,1d,15.0,30.0,65.0,-100.0,-11.717,-100.16,12.3,0.03,81,4.3,-1.0,,,,,,,,,,,,,,
rsi_reversion,AVAX-USDT,1d,15.0,30.0,70.0,-100.0,-12.203,-100.0,14.9,0.04,74,3.8,-1.0,,,,,,,,,,,,,,
rsi_reversion,AVAX-USDT,1d,15.0,30.0,75.0,-99.99,-12.957,-99.99,13.8,0.04,65,3.7,-1.0,,,,,,,,,,,,,,
rsi_reversion,AVAX-USDT,1d,15.0,30.0,80.0,-99.95,-12.404,-99.95,15.7,0.04,51,3.8,-1.0,,,,,,,,,,,,,,
rsi_reversion,AVAX-USDT,1d,15.0,35.0,60.0,-100.0,-10.057,-100.0,24.7,0.07,89,5.9,-1.0,,,,,,,,,,,,,,
rsi_reversion,AVAX-USDT,1d,15.0,35.0,65.0,-100.0,-10.95,-100.15,17.6,0.05,85,5.3,-1.0,,,,,,,,,,,,,,
rsi_reversion,AVAX-USDT,1d,15.0,35.0,70.0,-100.0,-11.229,-100.0,20.5,0.07,78,4.9,-1.0,,,,,,,,,,,,,,
rsi_reversion,AVAX-USDT,1d,15.0,35.0,75.0,-99.99,-11.686,-99.99,20.3,0.07,69,4.9,-1.0,,,,,,,,,,,,,,
rsi_reversion,AVAX-USDT,1d,15.0,35.0,80.0,-99.95,-10.989,-99.95,23.6,0.09,55,5.4,-1.0,,,,,,,,,,,,,,
rsi_reversion,AVAX-USDT,1d,17.0,20.0,60.0,-100.0,-11.135,-100.0,7.5,0.03,53,5.1,-1.0,,,,,,,,,,,,,,
rsi_reversion,AVAX-USDT,1d,17.0,20.0,65.0,-99.99,-11.872,-99.99,7.9,0.01,38,5.4,-1.0,,,,,,,,,,,,,,
rsi_reversion,AVAX-USDT,1d,17.0,20.0,70.0,-99.8,-12.0,-99.8,3.0,0.0,33,4.4,-1.0,,,,,,,,,,,,,,
rsi_reversion,AVAX-USDT,1d,17.0,20.0,75.0,-99.31,-14.419,-99.31,3.6,0.0,28,3.4,-1.0,,,,,,,,,,,,,,
rsi_reversion,AVAX-USDT,1d,17.0,20.0,80.0,-97.74,-13.039,-97.74,0.0,0.0,19,3.2,-1.0,,,,,,,,,,,,,,
rsi_reversion,AVAX-USDT,1d,17.0,25.0,60.0,-100.0,-11.746,-100.0,9.4,0.03,64,4.9,-1.0,,,,,,,,,,,,,,
rsi_reversion,AVAX-USDT,1d,17.0,25.0,65.0,-100.0,-12.595,-100.0,10.2,0.02,49,5.1,-1.0,,,,,,,,,,,,,,
rsi_reversion,AVAX-USDT,1d,17.0,25.0,70.0,-99.95,-12.83,-99.95,6.8,0.01,44,4.3,-1.0,,,,,,,,,,,,,,
rsi_reversion,AVAX-USDT,1d,17.0,25.0,75.0,-99.83,-15.06,-99.83,7.7,0.02,39,3.5,-1.0,,,,,,,,,,,,,,
rsi_reversion,AVAX-USDT,1d,17.0,25.0,80.0,-99.45,-14.037,-99.45,6.7,0.02,30,3.4,-1.0,,,,,,,,,,,,,,
rsi_reversion,AVAX-USDT,1d,17.0,30.0,60.0,-100.0,-10.917,-100.0,16.0,0.05,75,5.1,-1.0,,,,,,,,,,,,,,
rsi_reversion,AVAX-USDT,1d,17.0,30.0,65.0,-100.0,-11.416,-100.0,18.3,0.04,60,5.3,-1.0,,,,,,,,,,,,,,
rsi_reversion,AVAX-USDT,1d,17.0,30.0,70.0,-99.96,-11.506,-99.96,16.4,0.04,55,4.7,-1.0,,,,,,,,,,,,,,
rsi_reversion,AVAX-USDT,1d,17.0,30.0,75.0,-99.87,-13.1,-99.87,18.0,0.04,50,4.2,-1.0,,,,,,,,,,,,,,
rsi_reversion,AVAX-USDT,1d,17.0,30.0,80.0,-99.59,-11.946,-99.59,19.5,0.05,41,4.3,-1.0,,,,,,,,,,,,,,
rsi_reversion,AVAX-USDT,1d,17.0,35.0,60.0,-100.0,-11.221,-100.0,10.5,0.04,86,5.5,-1.0,,,,,,,,,,,,,,
rsi_reversion,AVAX-USDT,1d,17.0,35.0,65.0,-100.0,-11.783,-100.0,11.3,0.03,71,5.8,-1.0,,,,,,,,,,,,,,
rsi_reversion,AVAX-USDT,1d,17.0,35.0,70.0,-99.99,-11.933,-99.99,9.1,0.03,66,5.4,-1.0,,,,,,,,,,,,,,
rsi_reversion,AVAX-USDT,1d,17.0,35.0,75.0,-99.95,-13.501,-99.95,9.8,0.03,61,5.0,-1.0,,,,,,,,,,,,,,
rsi_reversion,AVAX-USDT,1d,17.0,35.0,80.0,-99.85,-12.527,-99.85,9.6,0.04,52,5.2,-1.0,,,,,,,,,,,,,,
rsi_reversion,AVAX-USDT,1d,19.0,20.0,60.0,-100.02,-9.908,-101.59,19.1,0.04,47,5.2,-0.98,,,,,,,,,,,,,,
rsi_reversion,AVAX-USDT,1d,19.0,20.0,65.0,-99.93,-11.28,-99.93,18.2,0.02,33,5.5,-1.0,,,,,,,,,,,,,,
rsi_reversion,AVAX-USDT,1d,19.0,20.0,70.0,-99.62,-12.782,-99.62,9.4,0.01,32,3.9,-1.0,,,,,,,,,,,,,,
rsi_reversion,AVAX-USDT,1d,19.0,20.0,75.0,-96.8,-15.09,-96.8,12.0,0.01,25,3.0,-1.0,,,,,,,,,,,,,,
rsi_reversion,AVAX-USDT,1d,19.0,20.0,80.0,-90.83,-12.437,-90.83,11.1,0.01,18,2.6,-1.0,,,,,,,,,,,,,,
rsi_reversion,AVAX-USDT,1d,19.0,25.0,60.0,-100.01,-10.544,-101.49,17.3,0.04,52,5.4,-0.99,,,,,,,,,,,,,,
rsi_reversion,AVAX-USDT,1d,19.0,25.0,65.0,-99.97,-11.94,-99.97,15.8,0.02,38,5.8,-1.0,,,,,,,,,,,,,,
rsi_reversion,AVAX-USDT,1d,19.0,25.0,70.0,-99.81,-13.565,-99.81,8.1,0.01,37,4.4,-1.0,,,,,,,,,,,,,,
rsi_reversion,AVAX-USDT,1d,19.0,25.0,75.0,-98.42,-16.225,-98.42,10.0,0.01,30,3.8,-1.0,,,,,,,,,,,,,,
rsi_reversion,AVAX-USDT,1d,19.0,25.0,80.0,-95.46,-14.106,-95.46,8.7,0.01,23,3.7,-1.0,,,,,,,,,,,,,,
rsi_reversion,AVAX-USDT,1d,19.0,30.0,60.0,-100.0,-11.266,-101.31,16.7,0.04,66,5.5,-0.99,,,,,,,,,,,,,,
rsi_reversion,AVAX-USDT,1d,19.0,30.0,65.0,-99.99,-12.461,-99.99,15.4,0.02,52,5.7,-1.0,,,,,,,,,,,,,,
rsi_reversion,AVAX-USDT,1d,19.0,30.0,70.0,-99.95,-14.145,-99.95,9.8,0.02,51,4.7,-1.0,,,,,,,,,,,,,,
rsi_reversion,AVAX-USDT,1d,19.0,30.0,75.0,-99.59,-16.902,-99.59,11.4,0.02,44,4.4,-1.0,,,,,,,,,,,,,,
rsi_reversion,AVAX-USDT,1d,19.0,30.0,80.0,-98.84,-15.4,-98.84,10.8,0.02,37,4.4,-1.0,,,,,,,,,,,,,,
rsi_reversion,AVAX-USDT,1d,19.0,35.0,60.0,-100.0,-11.183,-101.34,17.9,0.05,78,5.7,-0.99,,,,,,,,,,,,,,
rsi_reversion,AVAX-USDT,1d,19.0,35.0,65.0,-100.0,-12.132,-100.0,17.2,0.04,64,6.0,-1.0,,,,,,,,,,,,,,
rsi_reversion,AVAX-USDT,1d,19.0,35.0,70.0,-99.98,-13.637,-99.98,12.7,0.04,63,5.2,-1.0,,,,,,,,,,,,,,
rsi_reversion,AVAX-USDT,1d,19.0,35.0,75.0,-99.83,-15.856,-99.83,14.3,0.04,56,5.0,-1.0,,,,,,,,,,,,,,
rsi_reversion,AVAX-USDT,1d,19.0,35.0,80.0,-99.5,-14.596,-99.5,14.3,0.05,49,5.1,-1.0,,,,,,,,,,,,,,
rsi_reversion,AVAX-USDT,1d,21.0,20.0,60.0,-100.01,-10.77,-102.21,22.2,0.02,36,6.6,-0.98,,,,,,,,,,,,,,
rsi_reversion,AVAX-USDT,1d,21.0,20.0,65.0,-99.93,-11.67,-99.93,17.9,0.03,28,5.9,-1.0,,,,,,,,,,,,,,
rsi_reversion,AVAX-USDT,1d,21.0,20.0,70.0,-98.82,-13.844,-98.82,17.9,0.02,28,3.9,-1.0,,,,,,,,,,,,,,
rsi_reversion,AVAX-USDT,1d,21.0,20.0,75.0,-94.5,-15.308,-94.5,9.5,0.01,21,2.8,-1.0,,,,,,,,,,,,,,
rsi_reversion,AVAX-USDT,1d,21.0,20.0,80.0,-78.49,-14.324,-78.49,16.7,0.02,12,2.8,-1.0,,,,,,,,,,,,,,
rsi_reversion,AVAX-USDT,1d,21.0,25.0,60.0,-100.0,-10.907,-102.15,17.4,0.02,46,6.2,-0.98,,,,,,,,,,,,,,
rsi_reversion,AVAX-USDT,1d,21.0,25.0,65.0,-99.97,-11.627,-99.97,13.2,0.03,38,5.5,-1.0,,,,,,,,,,,,,,
rsi_reversion,AVAX-USDT,1d,21.0,25.0,70.0,-99.53,-13.942,-99.53,13.2,0.03,38,4.1,-1.0,,,,,,,,,,,,,,
rsi_reversion,AVAX-USDT,1d,21.0,25.0,75.0,-97.82,-15.359,-97.82,6.5,0.02,31,3.4,-1.0,,,,,,,,,,,,,,
rsi_reversion,AVAX-USDT,1d,21.0,25.0,80.0,-91.49,-14.934,-91.49,9.1,0.03,22,3.6,-1.0,,,,,,,,,,,,,,
rsi_reversion,AVAX-USDT,1d,21.0,30.0,60.0,-100.0,-11.018,-102.04,14.5,0.02,55,6.4,-0.98,,,,,,,,,,,,,,
rsi_reversion,AVAX-USDT,1d,21.0,30.0,65.0,-99.99,-11.657,-99.99,10.6,0.03,47,6.0,-1.0,,,,,,,,,,,,,,
rsi_reversion,AVAX-USDT,1d,21.0,30.0,70.0,-99.75,-14.248,-99.75,10.6,0.02,47,4.8,-1.0,,,,,,,,,,,,,,
rsi_reversion,AVAX-USDT,1d,21.0,30.0,75.0,-98.85,-15.966,-98.85,5.0,0.01,40,4.3,-1.0,,,,,,,,,,,,,,
rsi_reversion,AVAX-USDT,1d,21.0,30.0,80.0,-95.52,-16.157,-95.52,6.5,0.02,31,4.8,-1.0,,,,,,,,,,,,,,
rsi_reversion,AVAX-USDT,1d,21.0,35.0,60.0,-100.0,-11.837,-101.91,13.4,0.02,67,6.7,-0.98,,,,,,,,,,,,,,
rsi_reversion,AVAX-USDT,1d,21.0,35.0,65.0,-100.0,-12.522,-100.0,10.2,0.02,59,6.3,-1.0,,,,,,,,,,,,,,
rsi_reversion,AVAX-USDT,1d,21.0,35.0,70.0,-99.95,-15.324,-99.95,10.2,0.02,59,5.4,-1.0,,,,,,,,,,,,,,
rsi_reversion,AVAX-USDT,1d,21.0,35.0,75.0,-99.75,-17.163,-99.75,5.8,0.01,52,5.1,-1.0,,,,,,,,,,,,,,
rsi_reversion,AVAX-USDT,1d,21.0,35.0,80.0,-99.0,-17.666,-99.0,7.0,0.02,43,5.7,-1.0,,,,,,,,,,,,,,
macd_crossover,AVAX-USDT,1d,,,,46714.28,21.081,-2.16,89.6,53.59,135,1.0,21607.35,6.0,20.0,5.0,,,,,,,,,,,
macd_crossover,AVAX-USDT,1d,,,,6918.05,17.426,-6.46,85.8,21.13,113,1.0,1071.57,6.0,20.0,7.0,,,,,,,,,,,
macd_crossover,AVAX-USDT,1d,,,,4793.91,17.117,-5.37,84.7,16.27,111,1.0,892.58,6.0,20.0,9.0,,,,,,,,,,,
macd_crossover,AVAX-USDT,1d,,,,2379.48,17.371,-5.37,87.4,16.28,95,1.0,443.03,6.0,20.0,11.0,,,,,,,,,,,
macd_crossover,AVAX-USDT,1d,,,,49505.47,21.014,-4.32,90.4,44.97,135,1.0,11459.86,6.0,23.0,5.0,,,,,,,,,,,
macd_crossover,AVAX-USDT,1d,,,,7247.96,17.713,-6.46,87.4,23.87,111,1.0,1122.67,6.0,23.0,7.0,,,,,,,,,,,
macd_crossover,AVAX-USDT,1d,,,,3028.52,18.231,-5.37,88.7,20.1,97,1.0,563.88,6.0,23.0,9.0,,,,,,,,,,,
macd_crossover,AVAX-USDT,1d,,,,2328.24,18.171,-5.41,90.1,18.48,91,1.0,429.99,6.0,23.0,11.0,,,,,,,,,,,
macd_crossover,AVAX-USDT,1d,,,,33553.49,20.591,-4.32,90.8,40.2,131,1.0,7767.19,6.0,26.0,5.0,,,,,,,,,,,
macd_crossover,AVAX-USDT,1d,,,,8133.64,20.082,-3.53,89.2,34.3,111,1.0,2302.56,6.0,26.0,7.0,,,,,,,,,,,
macd_crossover,AVAX-USDT,1d,,,,2576.07,18.141,-5.37,89.2,16.61,93,1.0,479.64,6.0,26.0,9.0,,,,,,,,,,,
macd_crossover,AVAX-USDT,1d,,,,1728.1,16.242,-9.36,87.6,12.63,89,1.0,184.67,6.0,26.0,11.0,,,,,,,,,,,
macd_crossover,AVAX-USDT,1d,,,,26581.78,19.567,-6.46,90.8,28.58,131,1.0,4117.37,6.0,29.0,5.0,,,,,,,,,,,
macd_crossover,AVAX-USDT,1d,,,,8739.96,20.864,-3.53,91.0,40.95,111,1.0,2474.2,6.0,29.0,7.0,,,,,,,,,,,
macd_crossover,AVAX-USDT,1d,,,,2570.02,17.729,-5.41,87.9,13.34,91,1.0,474.64,6.0,29.0,9.0,,,,,,,,,,,
macd_crossover,AVAX-USDT,1d,,,,2040.38,16.775,-9.36,89.0,15.25,91,1.0,218.04,6.0,29.0,11.0,,,,,,,,,,,
macd_crossover,AVAX-USDT,1d,,,,30175.21,20.563,-6.46,92.7,34.97,137,1.0,4673.98,6.0,32.0,5.0,,,,,,,,,,,
macd_crossover,AVAX-USDT,1d,,,,7997.22,21.25,-3.53,91.4,45.38,105,1.0,2263.94,6.0,32.0,7.0,,,,,,,,,,,
macd_crossover,AVAX-USDT,1d,,,,2213.38,16.435,-9.36,86.5,11.04,89,1.0,236.53,6.0,32.0,9.0,,,,,,,,,,,
macd_crossover,AVAX-USDT,1d,,,,1799.93,20.068,-3.53,89.4,26.07,85,1.0,509.54,6.0,32.0,11.0,,,,,,,,,,,
macd_crossover,AVAX-USDT,1d,,,,22548.7,20.672,-6.46,94.6,38.1,129,1.0,3492.67,6.0,35.0,5.0,,,,,,,,,,,
macd_crossover,AVAX-USDT,1d,,,,5582.6,18.553,-5.37,88.8,22.24,107,1.0,1039.42,6.0,35.0,7.0,,,,,,,,,,,
macd_crossover,AVAX-USDT,1d,,,,3279.88,17.868,-9.36,89.7,15.84,97,1.0,350.5,6.0,35.0,9.0,,,,,,,,,,,
macd_crossover,AVAX-USDT,1d,,,,2336.17,21.171,-3.53,91.8,38.34,85,1.0,661.35,6.0,35.0,11.0,,,,,,,,,,,
macd_crossover,AVAX-USDT,1d,,,,13084.98,18.501,-6.46,87.6,23.26,121,1.0,2026.79,8.0,20.0,5.0,,,,,,,,,,,
macd_crossover,AVAX-USDT,1d,,,,3814.75,17.941,-5.37,85.7,19.16,105,1.0,710.27,8.0,20.0,7.0,,,,,,,,,,,
macd_crossover,AVAX-USDT,1d,,,,1901.7,18.323,-5.41,89.4,19.98,85,1.0,351.22,8.0,20.0,9.0,,,,,,,,,,,
macd_crossover,AVAX-USDT,1d,,,,1427.16,16.149,-9.36,89.7,11.87,87,1.0,152.51,8.0,20.0,11.0,,,,,,,,,,,
macd_crossover,AVAX-USDT,1d,,,,8466.25,18.559,-6.46,89.2,32.55,111,1.0,1311.38,8.0,23.0,5.0,,,,,,,,,,,
macd_crossover,AVAX-USDT,1d,,,,3103.79,18.847,-5.37,89.7,24.19,97,1.0,577.89,8.0,23.0,7.0,,,,,,,,,,,
macd_crossover,AVAX-USDT,1d,,,,1808.97,16.852,-9.36,89.7,13.07,87,1.0,193.31,8.0,23.0,9.0,,,,,,,,,,,
macd_crossover,AVAX-USDT,1d,,,,1277.59,19.075,-3.53,90.9,21.0,77,1.0,361.67,8.0,23.0,11.0,,,,,,,,,,,
macd_crossover,AVAX-USDT,1d,,,,9929.51,20.852,-2.89,89.4,47.42,113,1.0,3437.65,8.0,26.0,5.0,,,,,,,,,,,
macd_crossover,AVAX-USDT,1d,,,,2428.01,17.799,-5.37,88.2,16.47,93,1.0,452.07,8.0,26.0,7.0,,,,,,,,,,,
macd_crossover,AVAX-USDT,1d,,,,1721.21,17.373,-9.36,91.8,15.16,85,1.0,183.93,8.0,26.0,9.0,,,,,,,,,,,
macd_crossover,AVAX-USDT,1d,,,,1423.23,20.15,-3.53,93.5,26.29,77,1.0,402.9,8.0,26.0,11.0,,,,,,,,,,,
macd_crossover,AVAX-USDT,1d,,,,9767.95,21.015,-2.89,90.3,54.13,113,1.0,3381.72,8.0,29.0,5.0,,,,,,,,,,,
macd_crossover,AVAX-USDT,1d,,,,1598.97,15.364,-9.36,85.1,9.4,87,1.0,170.87,8.0,29.0,7.0,,,,,,,,,,,
macd_crossover,AVAX-USDT,1d,,,,1321.62,19.856,-4.07,92.0,25.4,75,1.0,324.57,8.0,29.0,9.0,,,,,,,,,,,
macd_crossover,AVAX-USDT,1d,,,,1176.75,18.113,-4.96,89.3,16.07,75,1.0,237.28,8.0,29.0,11.0,,,,,,,,,,,
macd_crossover,AVAX-USDT,1d,,,,8744.73,21.205,-2.89,90.7,46.89,107,1.0,3027.48,8.0,32.0,5.0,,,,,,,,,,,
macd_crossover,AVAX-USDT,1d,,,,1776.75,15.887,-9.36,85.4,10.71,89,1.0,189.87,8.0,32.0,7.0,,,,,,,,,,,
macd_crossover,AVAX-USDT,1d,,,,1451.04,20.506,-3.53,92.0,27.62,75,1.0,410.78,8.0,32.0,9.0,,,,,,,,,,,
macd_crossover,AVAX-USDT,1d,,,,1070.95,18.231,-4.96,87.3,16.67,71,1.0,215.94,8.0,32.0,11.0,,,,,,,,,,,
macd_crossover,AVAX-USDT,1d,,,,7749.32,20.149,-3.53,90.8,34.73,109,1.0,2193.76,8.0,35.0,5.0,,,,,,,,,,,
macd_crossover,AVAX-USDT,1d,,,,2968.21,17.513,-9.36,88.4,14.87,95,1.0,317.19,8.0,35.0,7.0,,,,,,,,,,,
macd_crossover,AVAX-USDT,1d,,,,1304.93,19.066,-3.53,90.9,24.15,77,1.0,369.41,8.0,35.0,9.0,,,,,,,,,,,
macd_crossover,AVAX-USDT,1d,,,,1227.77,19.214,-3.53,89.3,25.4,75,1.0,347.57,8.0,35.0,11.0,,,,,,,,,,,
macd_crossover,AVAX-USDT,1d,,,,7264.55,19.519,-3.53,87.6,35.31,113,1.0,2056.53,10.0,20.0,5.0,,,,,,,,,,,
macd_crossover,AVAX-USDT,1d,,,,1823.69,17.559,-5.41,88.5,18.32,87,1.0,336.81,10.0,20.0,7.0,,,,,,,,,,,
macd_crossover,AVAX-USDT,1d,,,,1367.43,15.729,-9.36,89.4,11.73,85,1.0,146.13,10.0,20.0,9.0,,,,,,,,,,,
macd_crossover,AVAX-USDT,1d,,,,1315.57,19.923,-3.53,92.0,25.09,75,1.0,372.43,10.0,20.0,11.0,,,,,,,,,,,
macd_crossover,AVAX-USDT,1d,,,,6004.85,20.66,-3.53,90.7,31.98,107,1.0,1699.92,10.0,23.0,5.0,,,,,,,,,,,
macd_crossover,AVAX-USDT,1d,,,,1976.19,16.855,-9.36,89.0,13.38,91,1.0,211.18,10.0,23.0,7.0,,,,,,,,,,,
macd_crossover,AVAX-USDT,1d,,,,1420.77,18.806,-3.53,89.9,17.99,79,1.0,402.21,10.0,23.0,9.0,,,,,,,,,,,
macd_crossover,AVAX-USDT,1d,,,,1067.32,19.645,-4.03,94.2,26.14,69,1.0,264.55,10.0,23.0,11.0,,,,,,,,,,,
macd_crossover,AVAX-USDT,1d,,,,4331.91,19.042,-5.37,88.1,21.4,101,1.0,806.56,10.0,26.0,5.0,,,,,,,,,,,
macd_crossover,AVAX-USDT,1d,,,,1826.23,17.301,-9.36,90.8,15.39,87,1.0,195.16,10.0,26.0,7.0,,,,,,,,,,,
macd_crossover,AVAX-USDT,1d,,,,1284.99,19.532,-4.85,92.0,22.96,75,1.0,265.02,10.0,26.0,9.0,,,,,,,,,,,
macd_crossover,AVAX-USDT,1d,,,,1060.51,19.404,-6.49,89.6,16.78,67,1.0,163.48,10.0,26.0,11.0,,,,,,,,,,,
macd_crossover,AVAX-USDT,1d,,,,3338.17,18.692,-5.37,88.2,18.18,93,1.0,621.53,10.0,29.0,5.0,,,,,,,,,,,
macd_crossover,AVAX-USDT,1d,,,,1807.16,18.275,-4.07,89.4,23.58,85,1.0,443.81,10.0,29.0,7.0,,,,,,,,,,,
macd_crossover,AVAX-USDT,1d,,,,1345.36,19.427,-4.96,92.0,20.82,75,1.0,271.27,10.0,29.0,9.0,,,,,,,,,,,
macd_crossover,AVAX-USDT,1d,,,,949.85,19.739,-3.53,91.0,20.89,67,1.0,268.89,10.0,29.0,11.0,,,,,,,,,,,
macd_crossover,AVAX-USDT,1d,,,,2982.99,17.448,-5.41,86.3,13.19,95,1.0,550.91,10.0,32.0,5.0,,,,,,,,,,,
macd_crossover,AVAX-USDT,1d,,,,1715.38,21.252,-3.53,92.4,36.88,79,1.0,485.61,10.0,32.0,7.0,,,,,,,,,,,
macd_crossover,AVAX-USDT,1d,,,,1048.23,18.882,-4.96,88.4,18.57,69,1.0,211.36,10.0,32.0,9.0,,,,,,,,,,,
macd_crossover,AVAX-USDT,1d,,,,716.84,16.141,-5.0,85.9,11.96,71,1.0,143.43,10.0,32.0,11.0,,,,,,,,,,,
macd_crossover,AVAX-USDT,1d,,,,2796.94,16.406,-9.36,86.6,11.06,97,1.0,298.89,10.0,35.0,5.0,,,,,,,,,,,
macd_crossover,AVAX-USDT,1d,,,,1517.2,19.899,-3.53,91.1,25.37,79,1.0,429.5,10.0,35.0,7.0,,,,,,,,,,,
macd_crossover,AVAX-USDT,1d,,,,1230.24,19.235,-3.53,89.3,22.97,75,1.0,348.27,10.0,35.0,9.0,,,,,,,,,,,
macd_crossover,AVAX-USDT,1d,,,,715.94,16.655,-3.95,85.9,15.18,71,1.0,181.31,10.0,35.0,11.0,,,,,,,,,,,
macd_crossover,AVAX-USDT,1d,,,,4699.59,19.575,-5.37,90.3,23.6,103,1.0,875.02,12.0,20.0,5.0,,,,,,,,,,,
macd_crossover,AVAX-USDT,1d,,,,1561.57,16.356,-9.36,89.4,12.22,85,1.0,166.88,12.0,20.0,7.0,,,,,,,,,,,
macd_crossover,AVAX-USDT,1d,,,,1233.33,18.781,-3.88,90.7,16.82,75,1.0,318.04,12.0,20.0,9.0,,,,,,,,,,,
macd_crossover,AVAX-USDT,1d,,,,1010.02,20.209,-4.03,92.3,24.64,65,1.0,250.35,12.0,20.0,11.0,,,,,,,,,,,
macd_crossover,AVAX-USDT,1d,,,,3115.99,18.334,-5.37,89.5,17.68,95,1.0,580.17,12.0,23.0,5.0,,,,,,,,,,,
macd_crossover,AVAX-USDT,1d,,,,1595.13,18.275,-5.69,91.4,18.94,81,1.0,280.32,12.0,23.0,7.0,,,,,,,,,,,
macd_crossover,AVAX-USDT,1d,,,,1068.57,19.661,-4.03,94.2,26.15,69,1.0,264.86,12.0,23.0,9.0,,,,,,,,,,,
macd_crossover,AVAX-USDT,1d,,,,897.64,18.827,-3.88,91.0,17.56,67,1.0,231.47,12.0,23.0,11.0,,,,,,,,,,,
macd_crossover,AVAX-USDT,1d,,,,2740.59,17.729,-5.41,88.2,13.68,93,1.0,506.14,12.0,26.0,5.0,,,,,,,,,,,
macd_crossover,AVAX-USDT,1d,,,,1650.56,20.765,-3.53,93.7,27.58,79,1.0,467.26,12.0,26.0,7.0,,,,,,,,,,,
macd_crossover,AVAX-USDT,1d,,,,1060.51,19.404,-6.49,89.6,16.78,67,1.0,163.48,12.0,26.0,9.0,,,,,,,,,,,
macd_crossover,AVAX-USDT,1d,,,,733.39,16.599,-5.13,87.0,12.18,69,1.0,142.96,12.0,26.0,11.0,,,,,,,,,,,
macd_crossover,AVAX-USDT,1d,,,,3069.24,17.889,-9.36,90.7,15.59,97,1.0,327.99,12.0,29.0,5.0,,,,,,,,,,,
macd_crossover,AVAX-USDT,1d,,,,1162.36,18.143,-4.96,89.3,17.86,75,1.0,234.37,12.0,29.0,7.0,,,,,,,,,,,
macd_crossover,AVAX-USDT,1d,,,,1043.56,19.655,-3.53,91.3,22.39,69,1.0,295.42,12.0,29.0,9.0,,,,,,,,,,,
macd_crossover,AVAX-USDT,1d,,,,504.55,14.209,-8.19,82.1,8.45,67,1.0,61.6,12.0,29.0,11.0,,,,,,,,,,,
macd_crossover,AVAX-USDT,1d,,,,4022.59,18.657,-9.36,90.7,17.87,97,1.0,429.87,12.0,32.0,5.0,,,,,,,,,,,
macd_crossover,AVAX-USDT,1d,,,,1104.83,17.517,-4.96,86.7,15.77,75,1.0,222.78,12.0,32.0,7.0,,,,,,,,,,,
macd_crossover,AVAX-USDT,1d,,,,782.72,17.184,-5.0,87.3,15.18,71,1.0,156.61,12.0,32.0,9.0,,,,,,,,,,,
macd_crossover,AVAX-USDT,1d,,,,399.9,13.959,-8.19,81.5,6.36,65,1.0,48.82,12.0,32.0,11.0,,,,,,,,,,,
macd_crossover,AVAX-USDT,1d,,,,4457.43,19.894,-3.53,90.7,23.41,97,1.0,1261.86,12.0,35.0,5.0,,,,,,,,,,,
macd_crossover,AVAX-USDT,1d,,,,1278.5,18.03,-4.96,87.0,18.34,77,1.0,257.79,12.0,35.0,7.0,,,,,,,,,,,
macd_crossover,AVAX-USDT,1d,,,,840.09,16.905,-3.95,85.9,16.16,71,1.0,212.75,12.0,35.0,9.0,,,,,,,,,,,
macd_crossover,AVAX-USDT,1d,,,,510.46,14.9,-4.44,82.6,7.81,69,1.0,115.05,12.0,35.0,11.0,,,,,,,,,,,
macd_crossover,AVAX-USDT,1d,,,,2726.7,18.869,-5.37,91.4,19.4,93,1.0,507.68,14.0,20.0,5.0,,,,,,,,,,,
macd_crossover,AVAX-USDT,1d,,,,1479.43,18.019,-3.53,89.9,19.5,79,1.0,418.81,14.0,20.0,7.0,,,,,,,,,,,
macd_crossover,AVAX-USDT,1d,,,,1042.01,19.983,-4.03,94.0,25.92,67,1.0,258.28,14.0,20.0,9.0,,,,,,,,,,,
macd_crossover,AVAX-USDT,1d,,,,888.5,19.489,-3.53,91.0,21.64,67,1.0,251.53,14.0,20.0,11.0,,,,,,,,,,,
macd_crossover,AVAX-USDT,1d,,,,2274.36,16.65,-9.36,88.4,12.46,95,1.0,243.05,14.0,23.0,5.0,,,,,,,,,,,
macd_crossover,AVAX-USDT,1d,,,,1399.57,20.411,-3.53,93.3,27.68,75,1.0,396.21,14.0,23.0,7.0,,,,,,,,,,,
macd_crossover,AVAX-USDT,1d,,,,989.43,19.096,-4.03,89.6,18.7,67,1.0,245.25,14.0,23.0,9.0,,,,,,,,,,,
macd_crossover,AVAX-USDT,1d,,,,779.52,16.325,-5.13,83.6,11.92,73,1.0,151.95,14.0,23.0,11.0,,,,,,,,,,,
macd_crossover,AVAX-USDT,1d,,,,3040.41,17.902,-9.36,89.5,16.19,95,1.0,324.91,14.0,26.0,5.0,,,,,,,,,,,
macd_crossover,AVAX-USDT,1d,,,,1267.17,19.397,-4.96,90.4,20.33,73,1.0,255.51,14.0,26.0,7.0,,,,,,,,,,,
macd_crossover,AVAX-USDT,1d,,,,715.12,17.428,-3.53,86.6,16.57,67,1.0,202.44,14.0,26.0,9.0,,,,,,,,,,,
macd_crossover,AVAX-USDT,1d,,,,445.28,14.321,-8.19,81.7,7.61,71,1.0,54.36,14.0,26.0,11.0,,,,,,,,,,,
macd_crossover,AVAX-USDT,1d,,,,2554.7,21.397,-3.53,92.0,28.98,87,1.0,723.21,14.0,29.0,5.0,,,,,,,,,,,
macd_crossover,AVAX-USDT,1d,,,,1136.23,19.023,-4.96,88.7,19.1,71,1.0,229.11,14.0,29.0,7.0,,,,,,,,,,,
macd_crossover,AVAX-USDT,1d,,,,619.45,16.186,-3.95,83.6,12.79,67,1.0,156.87,14.0,29.0,9.0,,,,,,,,,,,
macd_crossover,AVAX-USDT,1d,,,,382.81,14.479,-5.89,83.1,6.91,65,1.0,65.03,14.0,29.0,11.0,,,,,,,,,,,
macd_crossover,AVAX-USDT,1d,,,,2985.13,21.645,-3.53,92.1,37.4,89,1.0,845.06,14.0,32.0,5.0,,,,,,,,,,,
macd_crossover,AVAX-USDT,1d,,,,1048.9,18.336,-3.53,88.0,18.74,75,1.0,296.94,14.0,32.0,7.0,,,,,,,,,,,
macd_crossover,AVAX-USDT,1d,,,,474.41,15.368,-8.19,83.6,8.48,67,1.0,57.92,14.0,32.0,9.0,,,,,,,,,,,
macd_crossover,AVAX-USDT,1d,,,,479.15,19.36,-4.35,88.5,17.42,61,1.0,110.17,14.0,32.0,11.0,,,,,,,,,,,
macd_crossover,AVAX-USDT,1d,,,,2250.62,18.673,-4.96,87.6,18.55,89,1.0,453.81,14.0,35.0,5.0,,,,,,,,,,,
macd_crossover,AVAX-USDT,1d,,,,1062.42,18.258,-3.53,87.7,22.98,73,1.0,300.76,14.0,35.0,7.0,,,,,,,,,,,
macd_crossover,AVAX-USDT,1d,,,,544.18,15.339,-8.19,84.1,8.44,69,1.0,66.43,14.0,35.0,9.0,,,,,,,,,,,
macd_crossover,AVAX-USDT,1d,,,,448.93,16.368,-3.53,84.1,11.29,63,1.0,127.09,14.0,35.0,11.0,,,,,,,,,,,
bb_reversion,AVAX-USDT,1d,15.0,,,-100.0,-20.303,-100.0,0.0,0.0,111,2.6,-1.0,,,,1.5,,,,,,,,,,
bb_reversion,AVAX-USDT,1d,15.0,,,-99.99,-23.132,-99.99,0.0,0.0,56,1.8,-1.0,,,,2.0,,,,,,,,,,
bb_reversion,AVAX-USDT,1d,15.0,,,-98.0,-33.901,-98.0,0.0,0.0,28,1.2,-1.0,,,,2.5,,,,,,,,,,
bb_reversion,AVAX-USDT,1d,15.0,,,-37.38,-39.921,-37.38,0.0,0.0,2,1.0,-1.0,,,,3.0,,,,,,,,,,
bb_reversion,AVAX-USDT,1d,17.0,,,-100.0,-20.271,-100.0,0.0,0.0,101,2.9,-1.0,,,,1.5,,,,,,,,,,
bb_reversion,AVAX-USDT,1d,17.0,,,-99.99,-22.521,-99.99,0.0,0.0,60,1.8,-1.0,,,,2.0,,,,,,,,,,
bb_reversion,AVAX-USDT,1d,17.0,,,-97.68,-35.435,-97.68,0.0,0.0,26,1.2,-1.0,,,,2.5,,,,,,,,,,
bb_reversion,AVAX-USDT,1d,17.0,,,-59.25,-35.648,-59.25,0.0,0.0,6,1.0,-1.0,,,,3.0,,,,,,,,,,
bb_reversion,AVAX-USDT,1d,19.0,,,-100.0,-20.718,-100.0,0.0,0.0,97,3.2,-1.0,,,,1.5,,,,,,,,,,
bb_reversion,AVAX-USDT,1d,19.0,,,-99.99,-21.126,-99.99,0.0,0.0,65,1.7,-1.0,,,,2.0,,,,,,,,,,
bb_reversion,AVAX-USDT,1d,19.0,,,-98.47,-24.459,-98.47,0.0,0.0,25,1.5,-1.0,,,,2.5,,,,,,,,,,
bb_reversion,AVAX-USDT,1d,19.0,,,-64.39,-38.58,-64.39,0.0,0.0,7,1.0,-1.0,,,,3.0,,,,,,,,,,
bb_reversion,AVAX-USDT,1d,21.0,,,-100.0,-18.218,-100.0,0.0,0.0,89,3.4,-1.0,,,,1.5,,,,,,,,,,
bb_reversion,AVAX-USDT,1d,21.0,,,-99.99,-22.183,-99.99,0.0,0.0,62,2.0,-1.0,,,,2.0,,,,,,,,,,
bb_reversion,AVAX-USDT,1d,21.0,,,-97.93,-28.27,-97.93,0.0,0.0,23,1.5,-1.0,,,,2.5,,,,,,,,,,
bb_reversion,AVAX-USDT,1d,21.0,,,-76.66,-40.547,-76.66,0.0,0.0,8,1.1,-1.0,,,,3.0,,,,,,,,,,
bb_reversion,AVAX-USDT,1d,23.0,,,-100.0,-17.713,-100.0,0.0,0.0,90,3.5,-1.0,,,,1.5,,,,,,,,,,
bb_reversion,AVAX-USDT,1d,23.0,,,-99.98,-22.002,-99.98,0.0,0.0,62,2.1,-1.0,,,,2.0,,,,,,,,,,
bb_reversion,AVAX-USDT,1d,23.0,,,-98.05,-24.259,-98.05,0.0,0.0,22,1.7,-1.0,,,,2.5,,,,,,,,,,
bb_reversion,AVAX-USDT,1d,23.0,,,-75.97,-48.501,-75.97,0.0,0.0,9,1.0,-1.0,,,,3.0,,,,,,,,,,
bb_reversion,AVAX-USDT,1d,25.0,,,-100.0,-18.609,-100.0,0.0,0.0,84,3.8,-1.0,,,,1.5,,,,,,,,,,
bb_reversion,AVAX-USDT,1d,25.0,,,-99.98,-22.214,-99.98,0.0,0.0,56,2.3,-1.0,,,,2.0,,,,,,,,,,
bb_reversion,AVAX-USDT,1d,25.0,,,-97.83,-28.68,-97.83,0.0,0.0,21,1.8,-1.0,,,,2.5,,,,,,,,,,
bb_reversion,AVAX-USDT,1d,25.0,,,-83.32,-27.564,-83.32,0.0,0.0,10,1.2,-1.0,,,,3.0,,,,,,,,,,
ema_crossover,AVAX-USDT,1d,,,,17112.19,6.015,-15.14,64.3,13.15,56,19.5,1130.25,5.0,25.0,,,,,,,,,,,,
ema_crossover,AVAX-USDT,1d,,,,12806.58,6.283,-13.02,73.1,16.34,52,21.0,983.58,5.0,30.0,,,,,,,,,,,,
ema_crossover,AVAX-USDT,1d,,,,10074.05,6.605,-17.11,58.3,13.65,48,22.8,588.93,5.0,35.0,,,,,,,,,,,,
ema_crossover,AVAX-USDT,1d,,,,6205.72,6.716,-17.11,55.0,10.96,40,27.3,362.79,5.0,40.0,,,,,,,,,,,,
ema_crossover,AVAX-USDT,1d,,,,4934.82,6.624,-14.57,57.1,8.42,42,26.0,338.59,5.0,45.0,,,,,,,,,,,,
ema_crossover,AVAX-USDT,1d,,,,3426.78,6.326,-14.7,47.5,7.82,40,27.3,233.18,5.0,50.0,,,,,,,,,,,,
ema_crossover,AVAX-USDT,1d,,,,6811.15,6.045,-15.83,65.2,10.09,46,23.8,430.34,8.0,25.0,,,,,,,,,,,,
ema_crossover,AVAX-USDT,1d,,,,4724.89,6.59,-15.65,65.0,7.25,40,27.3,301.99,8.0,30.0,,,,,,,,,,,,
ema_crossover,AVAX-USDT,1d,,,,3163.62,6.341,-23.2,58.3,7.22,36,30.4,136.37,8.0,35.0,,,,,,,,,,,,
ema_crossover,AVAX-USDT,1d,,,,2537.79,5.637,-19.36,52.5,6.43,40,27.3,131.09,8.0,40.0,,,,,,,,,,,,
ema_crossover,AVAX-USDT,1d,,,,2075.81,5.843,-29.76,55.3,5.92,38,28.8,69.74,8.0,45.0,,,,,,,,,,,,
ema_crossover,AVAX-USDT,1d,,,,2655.33,6.928,-27.25,55.9,6.68,34,32.1,97.45,8.0,50.0,,,,,,,,,,,,
ema_crossover,AVAX-USDT,1d,,,,3342.32,7.201,-20.48,63.3,8.01,30,36.4,163.22,11.0,25.0,,,,,,,,,,,,
ema_crossover,AVAX-USDT,1d,,,,2389.6,6.214,-27.5,59.4,6.75,32,34.2,86.9,11.0,30.0,,,,,,,,,,,,
ema_crossover,AVAX-USDT,1d,,,,2811.07,6.722,-23.09,60.0,7.75,30,36.4,121.74,11.0,35.0,,,,,,,,,,,,
ema_crossover,AVAX-USDT,1d,,,,2406.92,5.872,-30.26,60.0,6.44,40,27.3,79.55,11.0,40.0,,,,,,,,,,,,
ema_crossover,AVAX-USDT,1d,,,,3510.33,8.982,-11.76,66.7,10.94,24,45.5,298.43,11.0,45.0,,,,,,,,,,,,
ema_crossover,AVAX-USDT,1d,,,,1310.83,7.706,-26.02,55.0,6.81,20,54.6,50.38,11.0,50.0,,,,,,,,,,,,
ema_crossover,AVAX-USDT,1d,,,,2064.46,6.311,-35.52,56.7,6.31,30,36.4,58.12,14.0,25.0,,,,,,,,,,,,
ema_crossover,AVAX-USDT,1d,,,,1588.52,5.795,-40.45,59.4,5.17,32,34.2,39.27,14.0,30.0,,,,,,,,,,,,
ema_crossover,AVAX-USDT,1d,,,,3485.56,6.941,-17.41,64.7,8.91,34,32.1,200.17,14.0,35.0,,,,,,,,,,,,
ema_crossover,AVAX-USDT,1d,,,,4087.27,9.803,-9.98,68.2,17.57,22,49.7,409.56,14.0,40.0,,,,,,,,,,,,
ema_crossover,AVAX-USDT,1d,,,,1756.98,8.316,-15.52,65.0,9.29,20,54.6,113.22,14.0,45.0,,,,,,,,,,,,
ema_crossover,AVAX-USDT,1d,,,,696.84,7.03,-26.43,50.0,4.75,20,54.6,26.36,14.0,50.0,,,,,,,,,,,,
ema_crossover,AVAX-USDT,1d,,,,2210.88,6.493,-32.01,56.7,6.47,30,36.4,69.07,17.0,25.0,,,,,,,,,,,,
ema_crossover,AVAX-USDT,1d,,,,2977.71,6.799,-15.68,66.7,8.34,30,36.4,189.95,17.0,30.0,,,,,,,,,,,,
ema_crossover,AVAX-USDT,1d,,,,2073.42,8.375,-9.98,54.5,12.56,22,49.7,207.76,17.0,35.0,,,,,,,,,,,,
ema_crossover,AVAX-USDT,1d,,,,1943.41,9.729,-9.98,62.5,16.85,16,68.3,194.74,17.0,40.0,,,,,,,,,,,,
ema_crossover,AVAX-USDT,1d,,,,956.47,7.742,-24.48,65.0,6.24,20,54.6,39.08,17.0,45.0,,,,,,,,,,,,
ema_crossover,AVAX-USDT,1d,,,,643.54,6.596,-29.62,50.0,4.71,20,54.6,21.72,17.0,50.0,,,,,,,,,,,,
ema_crossover,AVAX-USDT,1d,,,,2687.71,6.658,-16.43,66.7,7.48,30,36.4,163.56,20.0,25.0,,,,,,,,,,,,
ema_crossover,AVAX-USDT,1d,,,,1904.75,8.649,-11.82,55.0,10.95,20,54.6,161.18,20.0,30.0,,,,,,,,,,,,
ema_crossover,AVAX-USDT,1d,,,,1745.04,8.319,-15.08,55.0,10.23,20,54.6,115.75,20.0,35.0,,,,,,,,,,,,
ema_crossover,AVAX-USDT,1d,,,,1198.48,9.255,-19.57,68.8,10.13,16,68.3,61.24,20.0,40.0,,,,,,,,,,,,
ema_crossover,AVAX-USDT,1d,,,,804.04,6.694,-27.03,59.1,5.2,22,49.7,29.75,20.0,45.0,,,,,,,,,,,,
ema_crossover,AVAX-USDT,1d,,,,678.6,7.332,-22.03,50.0,6.18,16,68.3,30.8,20.0,50.0,,,,,,,,,,,,
stoch_rsi,AVAX-USDT,1d,7.0,15.0,75.0,89.74,3.927,-17.65,58.7,1.75,92,1.0,5.08,,,,,3.0,3.0,,,,,,,,
stoch_rsi,AVAX-USDT,1d,7.0,15.0,80.0,55.11,3.022,-17.65,57.0,1.53,86,1.0,3.12,,,,,3.0,3.0,,,,,,,,
stoch_rsi,AVAX-USDT,1d,7.0,15.0,85.0,13.27,1.226,-17.65,52.0,1.19,75,1.0,0.75,,,,,3.0,3.0,,,,,,,,
stoch_rsi,AVAX-USDT,1d,7.0,20.0,75.0,129.63,4.326,-17.65,57.9,1.85,107,1.0,7.34,,,,,3.0,3.0,,,,,,,,
stoch_rsi,AVAX-USDT,1d,7.0,20.0,80.0,87.72,3.588,-17.65,56.4,1.66,101,1.0,4.97,,,,,3.0,3.0,,,,,,,,
stoch_rsi,AVAX-USDT,1d,7.0,20.0,85.0,37.09,2.175,-17.65,52.2,1.36,90,1.0,2.1,,,,,3.0,3.0,,,,,,,,
stoch_rsi,AVAX-USDT,1d,7.0,25.0,75.0,168.61,4.674,-17.65,58.1,1.93,117,1.0,9.55,,,,,3.0,3.0,,,,,,,,
stoch_rsi,AVAX-USDT,1d,7.0,25.0,80.0,119.58,4.024,-17.65,56.8,1.76,111,1.0,6.77,,,,,3.0,3.0,,,,,,,,
stoch_rsi,AVAX-USDT,1d,7.0,25.0,85.0,60.36,2.798,-17.65,53.0,1.48,100,1.0,3.42,,,,,3.0,3.0,,,,,,,,
stoch_rsi,AVAX-USDT,1d,9.0,15.0,75.0,595.22,9.507,-16.98,64.3,3.63,98,1.0,35.06,,,,,3.0,3.0,,,,,,,,
stoch_rsi,AVAX-USDT,1d,9.0,15.0,80.0,548.44,9.308,-16.98,63.5,3.54,96,1.0,32.31,,,,,3.0,3.0,,,,,,,,
stoch_rsi,AVAX-USDT,1d,9.0,15.0,85.0,303.11,7.893,-17.17,59.5,2.91,84,1.0,17.66,,,,,3.0,3.0,,,,,,,,
stoch_rsi,AVAX-USDT,1d,9.0,20.0,75.0,757.88,9.001,-16.98,65.5,3.35,110,1.0,44.64,,,,,3.0,3.0,,,,,,,,
stoch_rsi,AVAX-USDT,1d,9.0,20.0,80.0,700.16,8.829,-16.98,64.8,3.28,108,1.0,41.24,,,,,3.0,3.0,,,,,,,,
stoch_rsi,AVAX-USDT,1d,9.0,20.0,85.0,397.43,7.603,-20.95,61.5,2.77,96,1.0,18.97,,,,,3.0,3.0,,,,,,,,
stoch_rsi,AVAX-USDT,1d,9.0,25.0,75.0,994.25,9.396,-14.41,66.4,3.56,116,1.0,68.99,,,,,3.0,3.0,,,,,,,,
stoch_rsi,AVAX-USDT,1d,9.0,25.0,80.0,920.63,9.238,-14.41,65.8,3.49,114,1.0,63.88,,,,,3.0,3.0,,,,,,,,
stoch_rsi,AVAX-USDT,1d,9.0,25.0,85.0,534.49,8.126,-18.51,62.7,2.99,102,1.0,28.87,,,,,3.0,3.0,,,,,,,,
stoch_rsi,AVAX-USDT,1d,11.0,15.0,75.0,317.34,8.161,-11.74,63.8,2.99,94,1.0,27.02,,,,,3.0,3.0,,,,,,,,
stoch_rsi,AVAX-USDT,1d,11.0,15.0,80.0,291.18,8.551,-11.74,64.0,3.09,89,1.0,24.8,,,,,3.0,3.0,,,,,,,,
stoch_rsi,AVAX-USDT,1d,11.0,15.0,85.0,190.26,7.321,-11.74,61.7,2.66,81,1.0,16.2,,,,,3.0,3.0,,,,,,,,
stoch_rsi,AVAX-USDT,1d,11.0,20.0,75.0,655.25,8.825,-11.12,66.0,3.61,106,1.0,58.94,,,,,3.0,3.0,,,,,,,,
stoch_rsi,AVAX-USDT,1d,11.0,20.0,80.0,607.92,9.127,-11.12,66.3,3.77,101,1.0,54.69,,,,,3.0,3.0,,,,,,,,
stoch_rsi,AVAX-USDT,1d,11.0,20.0,85.0,425.27,8.256,-11.12,64.5,3.37,93,1.0,38.26,,,,,3.0,3.0,,,,,,,,
stoch_rsi,AVAX-USDT,1d,11.0,25.0,75.0,891.18,9.212,-11.12,66.4,3.8,113,1.0,80.17,,,,,3.0,3.0,,,,,,,,
stoch_rsi,AVAX-USDT,1d,11.0,25.0,80.0,829.07,9.512,-11.12,66.7,3.97,108,1.0,74.58,,,,,3.0,3.0,,,,,,,,
stoch_rsi,AVAX-USDT,1d,11.0,25.0,85.0,589.36,8.735,-11.12,65.0,3.59,100,1.0,53.02,,,,,3.0,3.0,,,,,,,,
stoch_rsi,AVAX-USDT,1d,13.0,15.0,75.0,330.49,8.044,-15.9,73.5,2.95,102,1.0,20.79,,,,,3.0,3.0,,,,,,,,
stoch_rsi,AVAX-USDT,1d,13.0,15.0,80.0,296.86,7.827,-15.9,73.5,2.86,98,1.0,18.67,,,,,3.0,3.0,,,,,,,,
stoch_rsi,AVAX-USDT,1d,13.0,15.0,85.0,156.25,6.131,-19.2,70.6,2.3,85,1.0,8.14,,,,,3.0,3.0,,,,,,,,
stoch_rsi,AVAX-USDT,1d,13.0,20.0,75.0,376.41,7.85,-15.9,72.1,2.92,111,1.0,23.68,,,,,3.0,3.0,,,,,,,,
stoch_rsi,AVAX-USDT,1d,13.0,20.0,80.0,339.19,7.649,-15.9,72.0,2.84,107,1.0,21.34,,,,,3.0,3.0,,,,,,,,
stoch_rsi,AVAX-USDT,1d,13.0,20.0,85.0,183.58,6.106,-19.2,69.1,2.32,94,1.0,9.56,,,,,3.0,3.0,,,,,,,,
stoch_rsi,AVAX-USDT,1d,13.0,25.0,75.0,587.98,8.764,-15.9,72.7,3.35,121,1.0,36.99,,,,,3.0,3.0,,,,,,,,
stoch_rsi,AVAX-USDT,1d,13.0,25.0,80.0,534.24,8.603,-15.9,72.6,3.27,117,1.0,33.61,,,,,3.0,3.0,,,,,,,,
stoch_rsi,AVAX-USDT,1d,13.0,25.0,85.0,309.52,7.297,-15.9,70.2,2.76,104,1.0,19.47,,,,,3.0,3.0,,,,,,,,
stoch_rsi,AVAX-USDT,1d,15.0,15.0,75.0,588.75,9.433,-22.98,77.0,3.81,100,1.0,25.62,,,,,3.0,3.0,,,,,,,,
stoch_rsi,AVAX-USDT,1d,15.0,15.0,80.0,492.74,8.977,-22.98,76.0,3.6,96,1.0,21.44,,,,,3.0,3.0,,,,,,,,
stoch_rsi,AVAX-USDT,1d,15.0,15.0,85.0,326.87,7.96,-25.63,75.0,3.17,88,1.0,12.75,,,,,3.0,3.0,,,,,,,,
stoch_rsi,AVAX-USDT,1d,15.0,20.0,75.0,845.36,9.783,-20.14,76.4,3.99,110,1.0,41.98,,,,,3.0,3.0,,,,,,,,
stoch_rsi,AVAX-USDT,1d,15.0,20.0,80.0,713.58,9.385,-20.14,75.5,3.79,106,1.0,35.44,,,,,3.0,3.0,,,,,,,,
stoch_rsi,AVAX-USDT,1d,15.0,20.0,85.0,485.91,8.507,-22.89,74.5,3.41,98,1.0,21.23,,,,,3.0,3.0,,,,,,,,
stoch_rsi,AVAX-USDT,1d,15.0,25.0,75.0,861.78,9.621,-20.14,75.2,3.89,113,1.0,42.8,,,,,3.0,3.0,,,,,,,,
stoch_rsi,AVAX-USDT,1d,15.0,25.0,80.0,727.71,9.229,-20.14,74.3,3.7,109,1.0,36.14,,,,,3.0,3.0,,,,,,,,
stoch_rsi,AVAX-USDT,1d,15.0,25.0,85.0,496.08,8.368,-22.89,73.3,3.33,101,1.0,21.67,,,,,3.0,3.0,,,,,,,,
stoch_rsi,AVAX-USDT,1d,17.0,15.0,75.0,449.07,7.407,-11.25,67.3,2.72,101,1.0,39.91,,,,,3.0,3.0,,,,,,,,
stoch_rsi,AVAX-USDT,1d,17.0,15.0,80.0,389.55,7.186,-11.25,67.7,2.63,96,1.0,34.62,,,,,3.0,3.0,,,,,,,,
stoch_rsi,AVAX-USDT,1d,17.0,15.0,85.0,349.69,7.038,-14.58,67.0,2.57,91,1.0,23.98,,,,,3.0,3.0,,,,,,,,
stoch_rsi,AVAX-USDT,1d,17.0,20.0,75.0,600.96,7.886,-10.02,68.5,2.89,111,1.0,59.99,,,,,3.0,3.0,,,,,,,,
stoch_rsi,AVAX-USDT,1d,17.0,20.0,80.0,524.98,7.694,-10.02,68.9,2.8,106,1.0,52.4,,,,,3.0,3.0,,,,,,,,
stoch_rsi,AVAX-USDT,1d,17.0,20.0,85.0,474.09,7.566,-13.4,68.3,2.75,101,1.0,35.39,,,,,3.0,3.0,,,,,,,,
stoch_rsi,AVAX-USDT,1d,17.0,25.0,75.0,644.99,7.667,-13.13,67.5,2.8,117,1.0,49.12,,,,,3.0,3.0,,,,,,,,
stoch_rsi,AVAX-USDT,1d,17.0,25.0,80.0,564.23,7.48,-13.13,67.9,2.72,112,1.0,42.97,,,,,3.0,3.0,,,,,,,,
stoch_rsi,AVAX-USDT,1d,17.0,25.0,85.0,510.15,7.355,-13.4,67.3,2.67,107,1.0,38.08,,,,,3.0,3.0,,,,,,,,
stoch_rsi,AVAX-USDT,1d,19.0,15.0,75.0,444.28,9.204,-12.96,74.7,3.54,95,1.0,34.27,,,,,3.0,3.0,,,,,,,,
stoch_rsi,AVAX-USDT,1d,19.0,15.0,80.0,437.04,9.44,-12.96,74.7,3.66,91,1.0,33.71,,,,,3.0,3.0,,,,,,,,
stoch_rsi,AVAX-USDT,1d,19.0,15.0,85.0,318.03,8.874,-12.96,73.3,3.26,86,1.0,24.53,,,,,3.0,3.0,,,,,,,,
stoch_rsi,AVAX-USDT,1d,19.0,20.0,75.0,467.23,9.08,-14.13,74.3,3.53,101,1.0,33.07,,,,,3.0,3.0,,,,,,,,
stoch_rsi,AVAX-USDT,1d,19.0,20.0,80.0,459.68,9.298,-14.13,74.2,3.64,97,1.0,32.54,,,,,3.0,3.0,,,,,,,,
stoch_rsi,AVAX-USDT,1d,19.0,20.0,85.0,335.65,8.759,-14.13,72.8,3.26,92,1.0,23.76,,,,,3.0,3.0,,,,,,,,
stoch_rsi,AVAX-USDT,1d,19.0,25.0,75.0,722.33,9.442,-8.66,74.6,3.82,114,1.0,83.36,,,,,3.0,3.0,,,,,,,,
stoch_rsi,AVAX-USDT,1d,19.0,25.0,80.0,711.38,9.645,-8.66,74.5,3.93,110,1.0,82.1,,,,,3.0,3.0,,,,,,,,
stoch_rsi,AVAX-USDT,1d,19.0,25.0,85.0,531.57,9.193,-8.66,73.3,3.58,105,1.0,61.35,,,,,3.0,3.0,,,,,,,,
stoch_rsi,AVAX-USDT,1d,21.0,15.0,75.0,960.63,11.349,-16.73,74.7,4.88,99,1.0,57.43,,,,,3.0,3.0,,,,,,,,
stoch_rsi,AVAX-USDT,1d,21.0,15.0,80.0,864.49,11.852,-16.73,75.8,5.29,91,1.0,51.68,,,,,3.0,3.0,,,,,,,,
stoch_rsi,AVAX-USDT,1d,21.0,15.0,85.0,422.58,11.032,-16.73,73.8,4.15,80,1.0,25.26,,,,,3.0,3.0,,,,,,,,
stoch_rsi,AVAX-USDT,1d,21.0,20.0,75.0,1168.64,11.436,-16.73,75.0,4.98,108,1.0,69.86,,,,,3.0,3.0,,,,,,,,
stoch_rsi,AVAX-USDT,1d,21.0,20.0,80.0,1053.63,11.91,-16.73,76.0,5.38,100,1.0,62.99,,,,,3.0,3.0,,,,,,,,
stoch_rsi,AVAX-USDT,1d,21.0,20.0,85.0,525.07,11.216,-16.73,74.2,4.31,89,1.0,31.39,,,,,3.0,3.0,,,,,,,,
stoch_rsi,AVAX-USDT,1d,21.0,25.0,75.0,1211.99,11.473,-16.73,75.5,5.03,110,1.0,72.46,,,,,3.0,3.0,,,,,,,,
stoch_rsi,AVAX-USDT,1d,21.0,25.0,80.0,1093.06,11.945,-16.73,76.5,5.44,102,1.0,65.35,,,,,3.0,3.0,,,,,,,,
stoch_rsi,AVAX-USDT,1d,21.0,25.0,85.0,546.43,11.289,-16.73,74.7,4.36,91,1.0,32.67,,,,,3.0,3.0,,,,,,,,
kc_breakout,AVAX-USDT,1d,15.0,,,318647.14,19.011,0.0,100.0,999.0,73,2.6,0.0,,,,,,,1.5,,,,,,,
kc_breakout,AVAX-USDT,1d,15.0,,,3690.27,24.346,0.0,100.0,999.0,30,1.7,0.0,,,,,,,2.0,,,,,,,
kc_breakout,AVAX-USDT,1d,15.0,,,467.77,31.097,0.0,100.0,999.0,11,1.5,0.0,,,,,,,2.5,,,,,,,
kc_breakout,AVAX-USDT,1d,15.0,,,65.94,128.622,0.0,100.0,999.0,4,1.0,0.0,,,,,,,3.0,,,,,,,
kc_breakout,AVAX-USDT,1d,17.0,,,645762.65,18.07,0.0,100.0,999.0,85,2.8,0.0,,,,,,,1.5,,,,,,,
kc_breakout,AVAX-USDT,1d,17.0,,,9569.59,22.33,0.0,100.0,999.0,42,2.0,0.0,,,,,,,2.0,,,,,,,
kc_breakout,AVAX-USDT,1d,17.0,,,844.87,26.41,0.0,100.0,999.0,14,1.6,0.0,,,,,,,2.5,,,,,,,
kc_breakout,AVAX-USDT,1d,17.0,,,199.38,29.182,0.0,100.0,999.0,6,1.8,0.0,,,,,,,3.0,,,,,,,
kc_breakout,AVAX-USDT,1d,19.0,,,685202.74,17.999,0.0,100.0,999.0,77,3.8,0.0,,,,,,,1.5,,,,,,,
kc_breakout,AVAX-USDT,1d,19.0,,,27031.36,19.989,0.0,100.0,999.0,47,2.6,0.0,,,,,,,2.0,,,,,,,
kc_breakout,AVAX-USDT,1d,19.0,,,1673.25,26.554,0.0,100.0,999.0,19,2.0,0.0,,,,,,,2.5,,,,,,,
kc_breakout,AVAX-USDT,1d,19.0,,,288.63,29.286,0.0,100.0,999.0,8,1.6,0.0,,,,,,,3.0,,,,,,,
kc_breakout,AVAX-USDT,1d,21.0,,,597967.91,15.057,0.0,100.0,999.0,70,4.6,0.0,,,,,,,1.5,,,,,,,
kc_breakout,AVAX-USDT,1d,21.0,,,49866.06,19.518,0.0,100.0,999.0,51,3.1,0.0,,,,,,,2.0,,,,,,,
kc_breakout,AVAX-USDT,1d,21.0,,,2940.81,21.051,0.0,100.0,999.0,29,2.0,0.0,,,,,,,2.5,,,,,,,
kc_breakout,AVAX-USDT,1d,21.0,,,492.17,29.455,0.0,100.0,999.0,11,1.5,0.0,,,,,,,3.0,,,,,,,
kc_breakout,AVAX-USDT,1d,23.0,,,711242.17,13.865,0.0,100.0,999.0,76,4.6,0.0,,,,,,,1.5,,,,,,,
kc_breakout,AVAX-USDT,1d,23.0,,,83160.0,16.628,0.0,100.0,999.0,60,3.1,0.0,,,,,,,2.0,,,,,,,
kc_breakout,AVAX-USDT,1d,23.0,,,3877.54,18.941,0.0,100.0,999.0,29,2.5,0.0,,,,,,,2.5,,,,,,,
kc_breakout,AVAX-USDT,1d,23.0,,,720.02,26.832,0.0,100.0,999.0,12,2.2,0.0,,,,,,,3.0,,,,,,,
kc_breakout,AVAX-USDT,1d,25.0,,,1087396.16,13.797,0.0,100.0,999.0,82,4.6,0.0,,,,,,,1.5,,,,,,,
kc_breakout,AVAX-USDT,1d,25.0,,,126847.89,18.461,0.0,100.0,999.0,61,3.7,0.0,,,,,,,2.0,,,,,,,
kc_breakout,AVAX-USDT,1d,25.0,,,6826.3,21.138,0.0,100.0,999.0,33,2.8,0.0,,,,,,,2.5,,,,,,,
kc_breakout,AVAX-USDT,1d,25.0,,,1264.62,23.008,0.0,100.0,999.0,18,2.0,0.0,,,,,,,3.0,,,,,,,
rsi_adx_combo,AVAX-USDT,1d,,,,2429.94,5.097,-47.41,50.0,4.45,48,20.5,51.25,,,,,,,,14.0,25.0,65.0,14.0,20.0,,
rsi_adx_combo,AVAX-USDT,1d,,,,1919.75,4.63,-47.96,49.1,3.84,53,16.0,40.02,,,,,,,,14.0,25.0,65.0,14.0,25.0,,
rsi_adx_combo,AVAX-USDT,1d,,,,2517.58,5.19,-47.41,51.1,4.56,47,20.9,53.1,,,,,,,,14.0,25.0,70.0,14.0,20.0,,
rsi_adx_combo,AVAX-USDT,1d,,,,2328.92,5.122,-47.96,51.1,4.33,47,17.9,48.56,,,,,,,,14.0,25.0,70.0,14.0,25.0,,
rsi_adx_combo,AVAX-USDT,1d,,,,2742.19,5.339,-42.9,52.2,4.82,46,21.3,63.92,,,,,,,,14.0,25.0,75.0,14.0,20.0,,
rsi_adx_combo,AVAX-USDT,1d,,,,2555.13,5.213,-43.12,51.1,4.57,47,17.9,59.26,,,,,,,,14.0,25.0,75.0,14.0,25.0,,
rsi_adx_combo,AVAX-USDT,1d,,,,2207.27,4.999,-47.41,47.9,4.23,48,20.5,46.56,,,,,,,,14.0,30.0,65.0,14.0,20.0,,
rsi_adx_combo,AVAX-USDT,1d,,,,1746.34,4.416,-47.96,48.2,3.63,56,15.2,36.41,,,,,,,,14.0,30.0,65.0,14.0,25.0,,
rsi_adx_combo,AVAX-USDT,1d,,,,2287.2,5.091,-47.41,48.9,4.33,47,20.9,48.24,,,,,,,,14.0,30.0,70.0,14.0,20.0,,
rsi_adx_combo,AVAX-USDT,1d,,,,2120.38,4.868,-47.96,50.0,4.06,50,16.9,44.21,,,,,,,,14.0,30.0,70.0,14.0,25.0,,
rsi_adx_combo,AVAX-USDT,1d,,,,2492.03,5.238,-42.9,50.0,4.56,46,21.3,58.09,,,,,,,,14.0,30.0,75.0,14.0,20.0,,
rsi_adx_combo,AVAX-USDT,1d,,,,2327.16,4.956,-43.12,50.0,4.27,50,16.8,53.97,,,,,,,,14.0,30.0,75.0,14.0,25.0,,
rsi_adx_combo,AVAX-USDT,1d,,,,2122.26,4.909,-47.41,46.9,4.11,49,20.1,44.76,,,,,,,,14.0,35.0,65.0,14.0,20.0,,
rsi_adx_combo,AVAX-USDT,1d,,,,1283.26,4.037,-47.96,45.8,3.21,59,14.6,26.75,,,,,,,,14.0,35.0,65.0,14.0,25.0,,
rsi_adx_combo,AVAX-USDT,1d,,,,2199.24,4.998,-47.41,47.9,4.2,48,20.5,46.39,,,,,,,,14.0,35.0,70.0,14.0,20.0,,
rsi_adx_combo,AVAX-USDT,1d,,,,1563.49,4.443,-47.96,47.2,3.55,53,16.1,32.6,,,,,,,,14.0,35.0,70.0,14.0,25.0,,
rsi_adx_combo,AVAX-USDT,1d,,,,2396.53,5.141,-42.9,48.9,4.42,47,20.9,55.86,,,,,,,,14.0,35.0,75.0,14.0,20.0,,
rsi_adx_combo,AVAX-USDT,1d,,,,1718.4,4.527,-43.12,47.2,3.71,53,16.1,39.85,,,,,,,,14.0,35.0,75.0,14.0,25.0,,
rsi_vol_combo,AVAX-USDT,1d,,,,-99.36,-13.459,-99.36,17.0,0.06,47,2.0,-1.0,,,,,,,,14.0,25.0,65.0,,,20.0,1.5
rsi_vol_combo,AVAX-USDT,1d,,,,-94.53,-16.615,-94.53,11.5,0.04,26,1.5,-1.0,,,,,,,,14.0,25.0,65.0,,,20.0,2.0
rsi_vol_combo,AVAX-USDT,1d,,,,-99.32,-14.859,-99.32,12.2,0.03,41,1.9,-1.0,,,,,,,,14.0,25.0,70.0,,,20.0,1.5
rsi_vol_combo,AVAX-USDT,1d,,,,-95.23,-18.01,-95.23,7.7,0.01,26,1.3,-1.0,,,,,,,,14.0,25.0,70.0,,,20.0,2.0
rsi_vol_combo,AVAX-USDT,1d,,,,-98.56,-14.535,-98.56,10.8,0.02,37,1.7,-1.0,,,,,,,,14.0,25.0,75.0,,,20.0,1.5
rsi_vol_combo,AVAX-USDT,1d,,,,-91.79,-18.602,-91.79,4.5,0.01,22,1.2,-1.0,,,,,,,,14.0,25.0,75.0,,,20.0,2.0
rsi_vol_combo,AVAX-USDT,1d,,,,-99.56,-12.847,-99.56,20.8,0.09,53,2.0,-1.0,,,,,,,,14.0,30.0,65.0,,,20.0,1.5
rsi_vol_combo,AVAX-USDT,1d,,,,-96.84,-17.022,-96.84,13.3,0.04,30,1.5,-1.0,,,,,,,,14.0,30.0,65.0,,,20.0,2.0
rsi_vol_combo,AVAX-USDT,1d,,,,-99.54,-13.965,-99.54,17.0,0.07,47,2.0,-1.0,,,,,,,,14.0,30.0,70.0,,,20.0,1.5
rsi_vol_combo,AVAX-USDT,1d,,,,-97.24,-18.241,-97.24,10.0,0.02,30,1.3,-1.0,,,,,,,,14.0,30.0,70.0,,,20.0,2.0
rsi_vol_combo,AVAX-USDT,1d,,,,-99.02,-13.599,-99.02,16.3,0.07,43,1.8,-1.0,,,,,,,,14.0,30.0,75.0,,,20.0,1.5
rsi_vol_combo,AVAX-USDT,1d,,,,-95.26,-18.749,-95.26,7.7,0.02,26,1.2,-1.0,,,,,,,,14.0,30.0,75.0,,,20.0,2.0
rsi_vol_combo,AVAX-USDT,1d,,,,-99.65,-12.367,-99.65,21.1,0.11,57,2.0,-1.0,,,,,,,,14.0,35.0,65.0,,,20.0,1.5
rsi_vol_combo,AVAX-USDT,1d,,,,-97.22,-16.62,-97.22,15.2,0.05,33,1.4,-1.0,,,,,,,,14.0,35.0,65.0,,,20.0,2.0
rsi_vol_combo,AVAX-USDT,1d,,,,-99.63,-13.328,-99.63,17.6,0.09,51,2.0,-1.0,,,,,,,,14.0,35.0,70.0,,,20.0,1.5
rsi_vol_combo,AVAX-USDT,1d,,,,-97.57,-17.728,-97.57,12.1,0.02,33,1.3,-1.0,,,,,,,,14.0,35.0,70.0,,,20.0,2.0
rsi_vol_combo,AVAX-USDT,1d,,,,-99.21,-12.935,-99.21,17.0,0.09,47,1.8,-1.0,,,,,,,,14.0,35.0,75.0,,,20.0,1.5
rsi_vol_combo,AVAX-USDT,1d,,,,-95.83,-18.146,-95.83,10.3,0.02,29,1.2,-1.0,,,,,,,,14.0,35.0,75.0,,,20.0,2.0
rsi_reversion,AVAX-USDT,4h,7.0,20.0,60.0,-93.0,-13.435,-93.0,18.7,0.06,150,3.2,-1.0,,,,,,,,,,,,,,
rsi_reversion,AVAX-USDT,4h,7.0,20.0,65.0,-90.03,-13.008,-90.05,20.3,0.07,138,3.0,-1.0,,,,,,,,,,,,,,
rsi_reversion,AVAX-USDT,4h,7.0,20.0,70.0,-89.19,-13.582,-89.19,18.0,0.05,128,2.6,-1.0,,,,,,,,,,,,,,
rsi_reversion,AVAX-USDT,4h,7.0,20.0,75.0,-88.42,-13.755,-88.42,16.5,0.05,115,2.4,-1.0,,,,,,,,,,,,,,
rsi_reversion,AVAX-USDT,4h,7.0,20.0,80.0,-85.87,-14.353,-85.87,15.2,0.02,99,2.4,-1.0,,,,,,,,,,,,,,
rsi_reversion,AVAX-USDT,4h,7.0,25.0,60.0,-94.31,-13.174,-94.31,17.8,0.06,157,3.4,-1.0,,,,,,,,,,,,,,
rsi_reversion,AVAX-USDT,4h,7.0,25.0,65.0,-91.9,-12.736,-91.91,19.3,0.07,145,3.2,-1.0,,,,,,,,,,,,,,
rsi_reversion,AVAX-USDT,4h,7.0,25.0,70.0,-91.21,-13.236,-91.21,17.0,0.06,135,2.9,-1.0,,,,,,,,,,,,,,
rsi_reversion,AVAX-USDT,4h,7.0,25.0,75.0,-90.58,-13.434,-90.58,15.6,0.05,122,2.7,-1.0,,,,,,,,,,,,,,
rsi_reversion,AVAX-USDT,4h,7.0,25.0,80.0,-88.51,-13.938,-88.51,14.2,0.03,106,2.7,-1.0,,,,,,,,,,,,,,
rsi_reversion,AVAX-USDT,4h,7.0,30.0,60.0,-95.71,-13.286,-95.71,15.9,0.06,164,3.7,-1.0,,,,,,,,,,,,,,
rsi_reversion,AVAX-USDT,4h,7.0,30.0,65.0,-93.89,-12.874,-93.9,17.1,0.07,152,3.5,-1.0,,,,,,,,,,,,,,
rsi_reversion,AVAX-USDT,4h,7.0,30.0,70.0,-93.38,-13.35,-93.38,14.8,0.05,142,3.3,-1.0,,,,,,,,,,,,,,
rsi_reversion,AVAX-USDT,4h,7.0,30.0,75.0,-92.9,-13.591,-92.9,13.2,0.05,129,3.1,-1.0,,,,,,,,,,,,,,
rsi_reversion,AVAX-USDT,4h,7.0,30.0,80.0,-91.34,-14.093,-91.34,11.5,0.03,113,3.2,-1.0,,,,,,,,,,,,,,
rsi_reversion,AVAX-USDT,4h,7.0,35.0,60.0,-97.11,-13.724,-97.11,14.6,0.05,178,3.7,-1.0,,,,,,,,,,,,,,
rsi_reversion,AVAX-USDT,4h,7.0,35.0,65.0,-95.88,-13.374,-95.89,15.7,0.06,166,3.6,-1.0,,,,,,,,,,,,,,
rsi_reversion,AVAX-USDT,4h,7.0,35.0,70.0,-95.53,-13.845,-95.53,13.5,0.05,156,3.3,-1.0,,,,,,,,,,,,,,
rsi_reversion,AVAX-USDT,4h,7.0,35.0,75.0,-95.22,-14.104,-95.22,11.9,0.04,143,3.2,-1.0,,,,,,,,,,,,,,
rsi_reversion,AVAX-USDT,4h,7.0,35.0,80.0,-94.16,-14.622,-94.16,10.2,0.02,127,3.3,-1.0,,,,,,,,,,,,,,
rsi_reversion,AVAX-USDT,4h,9.0,20.0,60.0,-90.63,-15.046,-90.63,14.7,0.04,116,3.6,-1.0,,,,,,,,,,,,,,
rsi_reversion,AVAX-USDT,4h,9.0,20.0,65.0,-87.41,-14.778,-87.41,8.8,0.03,102,3.2,-1.0,,,,,,,,,,,,,,
rsi_reversion,AVAX-USDT,4h,9.0,20.0,70.0,-85.85,-16.668,-85.85,10.6,0.02,85,2.8,-1.0,,,,,,,,,,,,,,
rsi_reversion,AVAX-USDT,4h,9.0,20.0,75.0,-84.78,-19.001,-84.78,6.2,0.01,65,2.8,-1.0,,,,,,,,,,,,,,
rsi_reversion,AVAX-USDT,4h,9.0,20.0,80.0,-79.33,-18.319,-79.42,9.4,0.01,53,2.8,-1.0,,,,,,,,,,,,,,
rsi_reversion,AVAX-USDT,4h,9.0,25.0,60.0,-92.81,-15.038,-92.81,16.0,0.05,131,3.7,-1.0,,,,,,,,,,,,,,
rsi_reversion,AVAX-USDT,4h,9.0,25.0,65.0,-90.33,-14.799,-90.33,11.1,0.04,117,3.3,-1.0,,,,,,,,,,,,,,
rsi_reversion,AVAX-USDT,4h,9.0,25.0,70.0,-89.13,-16.41,-89.13,13.0,0.04,100,3.1,-1.0,,,,,,,,,,,,,,
rsi_reversion,AVAX-USDT,4h,9.0,25.0,75.0,-88.31,-18.132,-88.31,10.0,0.02,80,3.1,-1.0,,,,,,,,,,,,,,
rsi_reversion,AVAX-USDT,4h,9.0,25.0,80.0,-84.13,-17.42,-84.19,13.2,0.03,68,3.2,-1.0,,,,,,,,,,,,,,
rsi_reversion,AVAX-USDT,4h,9.0,30.0,60.0,-94.23,-14.259,-94.23,15.0,0.05,140,3.8,-1.0,,,,,,,,,,,,,,
rsi_reversion,AVAX-USDT,4h,9.0,30.0,65.0,-92.25,-13.988,-92.25,10.3,0.04,126,3.5,-1.0,,,,,,,,,,,,,,
rsi_reversion,AVAX-USDT,4h,9.0,30.0,70.0,-91.29,-15.255,-91.29,11.9,0.04,109,3.3,-1.0,,,,,,,,,,,,,,
rsi_reversion,AVAX-USDT,4h,9.0,30.0,75.0,-90.63,-16.645,-90.63,9.0,0.03,89,3.4,-1.0,,,,,,,,,,,,,,
rsi_reversion,AVAX-USDT,4h,9.0,30.0,80.0,-87.28,-15.965,-87.33,11.7,0.03,77,3.5,-1.0,,,,,,,,,,,,,,
rsi_reversion,AVAX-USDT,4h,9.0,35.0,60.0,-95.49,-13.935,-95.49,13.9,0.05,151,4.0,-1.0,,,,,,,,,,,,,,
rsi_reversion,AVAX-USDT,4h,9.0,35.0,65.0,-93.93,-13.671,-93.93,9.5,0.05,137,3.8,-1.0,,,,,,,,,,,,,,
rsi_reversion,AVAX-USDT,4h,9.0,35.0,70.0,-93.18,-14.753,-93.18,10.8,0.04,120,3.6,-1.0,,,,,,,,,,,,,,
rsi_reversion,AVAX-USDT,4h,9.0,35.0,75.0,-92.66,-15.921,-92.66,8.0,0.03,100,3.7,-1.0,,,,,,,,,,,,,,
rsi_reversion,AVAX-USDT,4h,9.0,35.0,80.0,-90.04,-15.29,-90.08,10.2,0.04,88,3.9,-1.0,,,,,,,,,,,,,,
rsi_reversion,AVAX-USDT,4h,11.0,20.0,60.0,-86.09,-14.369,-86.09,16.5,0.06,109,3.5,-1.0,,,,,,,,,,,,,,
rsi_reversion,AVAX-USDT,4h,11.0,20.0,65.0,-80.91,-15.043,-80.91,15.5,0.05,84,3.3,-1.0,,,,,,,,,,,,,,
rsi_reversion,AVAX-USDT,4h,11.0,20.0,70.0,-77.29,-17.113,-77.29,15.5,0.04,71,2.7,-1.0,,,,,,,,,,,,,,
rsi_reversion,AVAX-USDT,4h,11.0,20.0,75.0,-70.38,-17.017,-70.38,16.1,0.02,56,2.5,-1.0,,,,,,,,,,,,,,
rsi_reversion,AVAX-USDT,4h,11.0,20.0,80.0,-65.18,-17.7,-65.18,11.6,0.02,43,2.7,-1.0,,,,,,,,,,,,,,
rsi_reversion,AVAX-USDT,4h,11.0,25.0,60.0,-90.18,-14.01,-90.18,17.9,0.05,112,3.9,-1.0,,,,,,,,,,,,,,
rsi_reversion,AVAX-USDT,4h,11.0,25.0,65.0,-86.52,-14.702,-86.52,17.2,0.04,87,3.8,-1.0,,,,,,,,,,,,,,
rsi_reversion,AVAX-USDT,4h,11.0,25.0,70.0,-83.97,-16.201,-83.97,17.6,0.03,74,3.3,-1.0,,,,,,,,,,,,,,
rsi_reversion,AVAX-USDT,4h,11.0,25.0,75.0,-79.09,-16.279,-79.09,18.6,0.02,59,3.3,-1.0,,,,,,,,,,,,,,
rsi_reversion,AVAX-USDT,4h,11.0,25.0,80.0,-75.42,-17.271,-75.42,15.2,0.02,46,3.6,-1.0,,,,,,,,,,,,,,
rsi_reversion,AVAX-USDT,4h,11.0,30.0,60.0,-91.36,-13.647,-91.36,15.6,0.05,122,4.0,-1.0,,,,,,,,,,,,,,
rsi_reversion,AVAX-USDT,4h,11.0,30.0,65.0,-88.15,-14.168,-88.15,14.4,0.03,97,4.0,-1.0,,,,,,,,,,,,,,
rsi_reversion,AVAX-USDT,4h,11.0,30.0,70.0,-85.9,-15.37,-85.9,14.3,0.03,84,3.6,-1.0,,,,,,,,,,,,,,
rsi_reversion,AVAX-USDT,4h,11.0,30.0,75.0,-81.61,-15.262,-81.61,14.5,0.01,69,3.6,-1.0,,,,,,,,,,,,,,
rsi_reversion,AVAX-USDT,4h,11.0,30.0,80.0,-78.39,-15.797,-78.39,10.7,0.01,56,3.9,-1.0,,,,,,,,,,,,,,
rsi_reversion,AVAX-USDT,4h,11.0,35.0,60.0,-92.15,-11.819,-92.15,16.2,0.06,130,4.3,-1.0,,,,,,,,,,,,,,
rsi_reversion,AVAX-USDT,4h,11.0,35.0,65.0,-89.23,-12.016,-89.23,15.2,0.05,105,4.3,-1.0,,,,,,,,,,,,,,
rsi_reversion,AVAX-USDT,4h,11.0,35.0,70.0,-87.19,-12.629,-87.19,15.2,0.04,92,4.0,-1.0,,,,,,,,,,,,,,
rsi_reversion,AVAX-USDT,4h,11.0,35.0,75.0,-83.29,-12.313,-83.29,15.6,0.03,77,4.0,-1.0,,,,,,,,,,,,,,
rsi_reversion,AVAX-USDT,4h,11.0,35.0,80.0,-80.36,-12.472,-80.36,12.5,0.03,64,4.4,-1.0,,,,,,,,,,,,,,
rsi_reversion,AVAX-USDT,4h,13.0,20.0,60.0,-82.15,-15.344,-82.2,17.4,0.08,86,3.8,-1.0,,,,,,,,,,,,,,
rsi_reversion,AVAX-USDT,4h,13.0,20.0,65.0,-75.7,-15.256,-76.11,25.0,0.07,68,3.4,-0.99,,,,,,,,,,,,,,
rsi_reversion,AVAX-USDT,4h,13.0,20.0,70.0,-71.18,-17.504,-71.5,18.5,0.04,54,2.9,-1.0,,,,,,,,,,,,,,
rsi_reversion,AVAX-USDT,4h,13.0,20.0,75.0,-59.96,-16.251,-59.96,20.5,0.04,44,2.3,-1.0,,,,,,,,,,,,,,
rsi_reversion,AVAX-USDT,4h,13.0,20.0,80.0,-52.16,-17.801,-52.16,20.7,0.03,29,2.6,-1.0,,,,,,,,,,,,,,
rsi_reversion,AVAX-USDT,4h,13.0,25.0,60.0,-84.55,-15.696,-84.55,14.9,0.08,94,4.0,-1.0,,,,,,,,,,,,,,
rsi_reversion,AVAX-USDT,4h,13.0,25.0,65.0,-78.97,-15.661,-79.25,21.1,0.06,76,3.6,-1.0,,,,,,,,,,,,,,
rsi_reversion,AVAX-USDT,4h,13.0,25.0,70.0,-75.06,-17.824,-75.21,14.5,0.04,62,3.3,-1.0,,,,,,,,,,,,,,
rsi_reversion,AVAX-USDT,4h,13.0,25.0,75.0,-65.35,-16.846,-65.35,15.4,0.04,52,2.9,-1.0,,,,,,,,,,,,,,
rsi_reversion,AVAX-USDT,4h,13.0,25.0,80.0,-58.6,-18.157,-58.6,13.5,0.03,37,3.4,-1.0,,,,,,,,,,,,,,
rsi_reversion,AVAX-USDT,4h,13.0,30.0,60.0,-87.75,-13.964,-87.75,14.9,0.07,101,4.3,-1.0,,,,,,,,,,,,,,
rsi_reversion,AVAX-USDT,4h,13.0,30.0,65.0,-83.33,-13.775,-83.52,20.5,0.05,83,4.0,-1.0,,,,,,,,,,,,,,
rsi_reversion,AVAX-USDT,4h,13.0,30.0,70.0,-80.23,-14.95,-80.46,14.5,0.03,69,3.8,-1.0,,,,,,,,,,,,,,
rsi_reversion,AVAX-USDT,4h,13.0,30.0,75.0,-72.53,-13.755,-72.53,15.3,0.03,59,3.5,-1.0,,,,,,,,,,,,,,
rsi_reversion,AVAX-USDT,4h,13.0,30.0,80.0,-67.18,-14.366,-67.18,13.6,0.02,44,4.2,-1.0,,,,,,,,,,,,,,
rsi_reversion,AVAX-USDT,4h,13.0,35.0,60.0,-91.2,-12.661,-91.2,11.2,0.06,107,4.8,-1.0,,,,,,,,,,,,,,
rsi_reversion,AVAX-USDT,4h,13.0,35.0,65.0,-88.02,-12.491,-88.09,15.7,0.04,89,4.7,-1.0,,,,,,,,,,,,,,
rsi_reversion,AVAX-USDT,4h,13.0,35.0,70.0,-85.79,-13.258,-85.88,9.3,0.02,75,4.6,-1.0,,,,,,,,,,,,,,
rsi_reversion,AVAX-USDT,4h,13.0,35.0,75.0,-80.27,-12.239,-80.27,9.2,0.01,65,4.4,-1.0,,,,,,,,,,,,,,
rsi_reversion,AVAX-USDT,4h,13.0,35.0,80.0,-76.42,-12.783,-76.42,6.0,0.01,50,5.2,-1.0,,,,,,,,,,,,,,
rsi_reversion,AVAX-USDT,4h,15.0,20.0,60.0,-65.86,-13.739,-66.48,21.1,0.1,76,3.6,-0.99,,,,,,,,,,,,,,
rsi_reversion,AVAX-USDT,4h,15.0,20.0,65.0,-59.39,-16.59,-60.01,22.2,0.07,54,3.4,-0.99,,,,,,,,,,,,,,
rsi_reversion,AVAX-USDT,4h,15.0,20.0,70.0,-56.12,-14.187,-56.77,22.4,0.06,49,2.4,-0.99,,,,,,,,,,,,,,
rsi_reversion,AVAX-USDT,4h,15.0,20.0,75.0,-48.89,-17.666,-48.89,14.3,0.02,28,2.2,-1.0,,,,,,,,,,,,,,
rsi_reversion,AVAX-USDT,4h,15.0,20.0,80.0,-35.57,-19.461,-35.66,16.7,0.01,18,2.4,-1.0,,,,,,,,,,,,,,
rsi_reversion,AVAX-USDT,4h,15.0,25.0,60.0,-75.01,-12.147,-75.47,15.5,0.08,84,3.9,-0.99,,,,,,,,,,,,,,
rsi_reversion,AVAX-USDT,4h,15.0,25.0,65.0,-70.28,-13.691,-70.73,14.5,0.05,62,3.8,-0.99,,,,,,,,,,,,,,
rsi_reversion,AVAX-USDT,4h,15.0,25.0,70.0,-67.89,-12.649,-68.32,14.0,0.04,57,3.0,-0.99,,,,,,,,,,,,,,
rsi_reversion,AVAX-USDT,4h,15.0,25.0,75.0,-62.59,-14.979,-62.59,2.8,0.0,36,3.2,-1.0,,,,,,,,,,,,,,
rsi_reversion,AVAX-USDT,4h,15.0,25.0,80.0,-52.85,-15.003,-52.85,0.0,0.0,26,3.8,-1.0,,,,,,,,,,,,,,
rsi_reversion,AVAX-USDT,4h,15.0,30.0,60.0,-81.36,-11.79,-81.65,14.3,0.07,91,4.3,-1.0,,,,,,,,,,,,,,
rsi_reversion,AVAX-USDT,4h,15.0,30.0,65.0,-77.84,-13.087,-78.17,13.0,0.04,69,4.4,-1.0,,,,,,,,,,,,,,
rsi_reversion,AVAX-USDT,4h,15.0,30.0,70.0,-76.05,-12.414,-76.37,12.5,0.03,64,3.8,-1.0,,,,,,,,,,,,,,
rsi_reversion,AVAX-USDT,4h,15.0,30.0,75.0,-72.1,-14.469,-72.1,2.3,0.0,43,4.3,-1.0,,,,,,,,,,,,,,
rsi_reversion,AVAX-USDT,4h,15.0,30.0,80.0,-64.83,-14.497,-64.83,0.0,0.0,33,5.1,-1.0,,,,,,,,,,,,,,
rsi_reversion,AVAX-USDT,4h,15.0,35.0,60.0,-86.44,-12.148,-86.64,13.5,0.06,111,4.2,-1.0,,,,,,,,,,,,,,
rsi_reversion,AVAX-USDT,4h,15.0,35.0,65.0,-83.87,-13.232,-84.11,12.4,0.04,89,4.3,-1.0,,,,,,,,,,,,,,
rsi_reversion,AVAX-USDT,4h,15.0,35.0,70.0,-82.57,-12.612,-82.8,11.9,0.03,84,3.7,-1.0,,,,,,,,,,,,,,
rsi_reversion,AVAX-USDT,4h,15.0,35.0,75.0,-79.69,-13.96,-79.69,4.8,0.01,63,4.1,-1.0,,,,,,,,,,,,,,
rsi_reversion,AVAX-USDT,4h,15.0,35.0,80.0,-74.4,-13.792,-74.4,3.8,0.01,53,4.5,-1.0,,,,,,,,,,,,,,
rsi_reversion,AVAX-USDT,4h,17.0,20.0,60.0,-61.22,-11.797,-61.83,24.6,0.11,69,3.6,-0.99,,,,,,,,,,,,,,
rsi_reversion,AVAX-USDT,4h,17.0,20.0,65.0,-52.74,-11.892,-52.95,28.0,0.1,50,2.8,-1.0,,,,,,,,,,,,,,
rsi_reversion,AVAX-USDT,4h,17.0,20.0,70.0,-42.14,-11.137,-42.39,29.0,0.1,31,2.6,-0.99,,,,,,,,,,,,,,
rsi_reversion,AVAX-USDT,4h,17.0,20.0,75.0,-36.48,-16.311,-36.48,14.3,0.02,14,3.2,-1.0,,,,,,,,,,,,,,
rsi_reversion,AVAX-USDT,4h,17.0,20.0,80.0,-28.0,-14.447,-28.0,20.0,0.02,10,3.4,-1.0,,,,,,,,,,,,,,
rsi_reversion,AVAX-USDT,4h,17.0,25.0,60.0,-70.57,-11.363,-71.04,25.6,0.1,82,3.6,-0.99,,,,,,,,,,,,,,
rsi_reversion,AVAX-USDT,4h,17.0,25.0,65.0,-64.14,-11.466,-64.29,28.6,0.08,63,3.0,-1.0,,,,,,,,,,,,,,
rsi_reversion,AVAX-USDT,4h,17.0,25.0,70.0,-56.09,-11.104,-56.28,29.5,0.08,44,2.8,-1.0,,,,,,,,,,,,,,
rsi_reversion,AVAX-USDT,4h,17.0,25.0,75.0,-51.79,-13.774,-51.79,22.2,0.02,27,3.3,-1.0,,,,,,,,,,,,,,
rsi_reversion,AVAX-USDT,4h,17.0,25.0,80.0,-45.36,-12.638,-45.36,26.1,0.03,23,3.4,-1.0,,,,,,,,,,,,,,
rsi_reversion,AVAX-USDT,4h,17.0,30.0,60.0,-78.87,-11.392,-79.2,21.7,0.08,92,3.9,-1.0,,,,,,,,,,,,,,
rsi_reversion,AVAX-USDT,4h,17.0,30.0,65.0,-74.25,-11.614,-74.54,23.3,0.06,73,3.5,-1.0,,,,,,,,,,,,,,
rsi_reversion,AVAX-USDT,4h,17.0,30.0,70.0,-68.47,-11.604,-68.83,22.2,0.06,54,3.6,-0.99,,,,,,,,,,,,,,
rsi_reversion,AVAX-USDT,4h,17.0,30.0,75.0,-65.38,-13.857,-65.63,13.5,0.02,37,4.3,-1.0,,,,,,,,,,,,,,
rsi_reversion,AVAX-USDT,4h,17.0,30.0,80.0,-60.76,-13.121,-61.04,15.2,0.02,33,4.5,-1.0,,,,,,,,,,,,,,
rsi_reversion,AVAX-USDT,4h,17.0,35.0,60.0,-82.25,-11.471,-82.53,21.8,0.08,101,4.3,-1.0,,,,,,,,,,,,,,
rsi_reversion,AVAX-USDT,4h,17.0,35.0,65.0,-78.37,-11.687,-78.63,23.2,0.07,82,4.0,-1.0,,,,,,,,,,,,,,
rsi_reversion,AVAX-USDT,4h,17.0,35.0,70.0,-73.52,-11.678,-73.83,22.2,0.06,63,4.2,-1.0,,,,,,,,,,,,,,
rsi_reversion,AVAX-USDT,4h,17.0,35.0,75.0,-70.93,-13.499,-71.15,15.2,0.03,46,5.0,-1.0,,,,,,,,,,,,,,
rsi_reversion,AVAX-USDT,4h,17.0,35.0,80.0,-67.05,-12.86,-67.3,16.7,0.03,42,5.2,-1.0,,,,,,,,,,,,,,
rsi_reversion,AVAX-USDT,4h,19.0,20.0,60.0,-63.34,-11.408,-63.34,13.1,0.1,61,3.8,-1.0,,,,,,,,,,,,,,
rsi_reversion,AVAX-USDT,4h,19.0,20.0,65.0,-58.46,-13.469,-58.46,11.9,0.05,42,2.8,-1.0,,,,,,,,,,,,,,
rsi_reversion,AVAX-USDT,4h,19.0,20.0,70.0,-42.48,-15.2,-42.48,5.6,0.0,18,2.8,-1.0,,,,,,,,,,,,,,
rsi_reversion,AVAX-USDT,4h,19.0,20.0,75.0,-34.37,-16.682,-34.37,0.0,0.0,10,3.3,-1.0,,,,,,,,,,,,,,
rsi_reversion,AVAX-USDT,4h,19.0,20.0,80.0,-33.32,-15.816,-33.32,0.0,0.0,10,3.1,-1.0,,,,,,,,,,,,,,
rsi_reversion,AVAX-USDT,4h,19.0,25.0,60.0,-66.84,-11.764,-66.84,14.3,0.11,70,3.8,-1.0,,,,,,,,,,,,,,
rsi_reversion,AVAX-USDT,4h,19.0,25.0,65.0,-62.42,-13.611,-62.42,13.7,0.07,51,2.9,-1.0,,,,,,,,,,,,,,
rsi_reversion,AVAX-USDT,4h,19.0,25.0,70.0,-47.98,-14.348,-47.98,11.1,0.03,27,3.0,-1.0,,,,,,,,,,,,,,
rsi_reversion,AVAX-USDT,4h,19.0,25.0,75.0,-40.64,-14.173,-40.64,10.5,0.04,19,3.3,-1.0,,,,,,,,,,,,,,
rsi_reversion,AVAX-USDT,4h,19.0,25.0,80.0,-39.68,-13.698,-39.68,10.5,0.04,19,3.2,-1.0,,,,,,,,,,,,,,
rsi_reversion,AVAX-USDT,4h,19.0,30.0,60.0,-72.86,-11.993,-72.86,14.7,0.08,75,4.3,-1.0,,,,,,,,,,,,,,
rsi_reversion,AVAX-USDT,4h,19.0,30.0,65.0,-69.25,-13.754,-69.25,14.3,0.05,56,3.6,-1.0,,,,,,,,,,,,,,
rsi_reversion,AVAX-USDT,4h,19.0,30.0,70.0,-57.43,-14.771,-57.43,12.5,0.01,32,4.3,-1.0,,,,,,,,,,,,,,
rsi_reversion,AVAX-USDT,4h,19.0,30.0,75.0,-51.42,-14.907,-51.42,12.5,0.01,24,5.0,-1.0,,,,,,,,,,,,,,
rsi_reversion,AVAX-USDT,4h,19.0,30.0,80.0,-50.64,-14.527,-50.64,12.5,0.01,24,4.9,-1.0,,,,,,,,,,,,,,
rsi_reversion,AVAX-USDT,4h,19.0,35.0,60.0,-78.46,-10.696,-78.46,17.9,0.08,84,4.8,-1.0,,,,,,,,,,,,,,
rsi_reversion,AVAX-USDT,4h,19.0,35.0,65.0,-75.6,-11.844,-75.6,18.5,0.05,65,4.4,-1.0,,,,,,,,,,,,,,
rsi_reversion,AVAX-USDT,4h,19.0,35.0,70.0,-66.21,-12.21,-66.21,19.5,0.02,41,5.4,-1.0,,,,,,,,,,,,,,
rsi_reversion,AVAX-USDT,4h,19.0,35.0,75.0,-61.45,-12.125,-61.45,21.2,0.03,33,6.2,-1.0,,,,,,,,,,,,,,
rsi_reversion,AVAX-USDT,4h,19.0,35.0,80.0,-60.83,-11.901,-60.83,21.2,0.03,33,6.1,-1.0,,,,,,,,,,,,,,
rsi_reversion,AVAX-USDT,4h,21.0,20.0,60.0,-54.06,-12.869,-54.17,28.3,0.1,46,4.3,-1.0,,,,,,,,,,,,,,
rsi_reversion,AVAX-USDT,4h,21.0,20.0,65.0,-42.84,-13.308,-42.84,14.7,0.03,34,2.6,-1.0,,,,,,,,,,,,,,
rsi_reversion,AVAX-USDT,4h,21.0,20.0,70.0,-29.4,-14.164,-29.75,12.5,0.03,16,2.4,-0.99,,,,,,,,,,,,,,
rsi_reversion,AVAX-USDT,4h,21.0,20.0,75.0,-21.44,-14.735,-22.19,12.5,0.04,8,3.2,-0.97,,,,,,,,,,,,,,
rsi_reversion,AVAX-USDT,4h,21.0,20.0,80.0,-18.71,-13.355,-19.48,14.3,0.05,7,3.1,-0.96,,,,,,,,,,,,,,
rsi_reversion,AVAX-USDT,4h,21.0,25.0,60.0,-60.88,-12.267,-60.97,23.1,0.07,52,4.3,-1.0,,,,,,,,,,,,,,
rsi_reversion,AVAX-USDT,4h,21.0,25.0,65.0,-51.33,-12.329,-51.33,10.0,0.01,40,2.9,-1.0,,,,,,,,,,,,,,
rsi_reversion,AVAX-USDT,4h,21.0,25.0,70.0,-39.89,-12.921,-39.89,4.5,0.01,22,3.0,-1.0,,,,,,,,,,,,,,
rsi_reversion,AVAX-USDT,4h,21.0,25.0,75.0,-33.11,-13.217,-33.11,0.0,0.0,14,3.7,-1.0,,,,,,,,,,,,,,
rsi_reversion,AVAX-USDT,4h,21.0,25.0,80.0,-30.79,-12.495,-30.79,0.0,0.0,13,3.7,-1.0,,,,,,,,,,,,,,
rsi_reversion,AVAX-USDT,4h,21.0,30.0,60.0,-70.71,-12.313,-70.71,22.6,0.06,62,4.3,-1.0,,,,,,,,,,,,,,
rsi_reversion,AVAX-USDT,4h,21.0,30.0,65.0,-63.56,-12.372,-63.56,12.0,0.01,50,3.2,-1.0,,,,,,,,,,,,,,
rsi_reversion,AVAX-USDT,4h,21.0,30.0,70.0,-54.99,-13.071,-54.99,9.4,0.01,32,3.5,-1.0,,,,,,,,,,,,,,
rsi_reversion,AVAX-USDT,4h,21.0,30.0,75.0,-49.92,-13.39,-49.92,8.3,0.0,24,4.1,-1.0,,,,,,,,,,,,,,
rsi_reversion,AVAX-USDT,4h,21.0,30.0,80.0,-48.18,-12.979,-48.18,8.7,0.0,23,4.1,-1.0,,,,,,,,,,,,,,
rsi_reversion,AVAX-USDT,4h,21.0,35.0,60.0,-73.88,-11.594,-73.88,30.6,0.08,72,4.8,-1.0,,,,,,,,,,,,,,
rsi_reversion,AVAX-USDT,4h,21.0,35.0,65.0,-67.5,-11.507,-67.5,23.3,0.04,60,4.0,-1.0,,,,,,,,,,,,,,
rsi_reversion,AVAX-USDT,4h,21.0,35.0,70.0,-59.86,-11.721,-59.86,26.2,0.05,42,4.5,-1.0,,,,,,,,,,,,,,
rsi_reversion,AVAX-USDT,4h,21.0,35.0,75.0,-55.34,-11.653,-55.34,29.4,0.05,34,5.2,-1.0,,,,,,,,,,,,,,
rsi_reversion,AVAX-USDT,4h,21.0,35.0,80.0,-53.78,-11.323,-53.78,30.3,0.05,33,5.2,-1.0,,,,,,,,,,,,,,
macd_crossover,AVAX-USDT,4h,,,,701.71,20.04,-0.93,88.9,35.16,153,1.0,756.58,6.0,20.0,5.0,,,,,,,,,,,
macd_crossover,AVAX-USDT,4h,,,,496.51,19.093,-1.68,86.5,25.03,133,1.0,295.21,6.0,20.0,7.0,,,,,,,,,,,
macd_crossover,AVAX-USDT,4h,,,,508.7,21.492,-0.78,91.1,44.58,123,1.0,653.41,6.0,20.0,9.0,,,,,,,,,,,
macd_crossover,AVAX-USDT,4h,,,,448.72,20.891,-1.26,90.9,32.02,121,1.0,357.48,6.0,20.0,11.0,,,,,,,,,,,
macd_crossover,AVAX-USDT,4h,,,,739.97,20.75,-0.93,90.5,40.65,147,1.0,797.83,6.0,23.0,5.0,,,,,,,,,,,
macd_crossover,AVAX-USDT,4h,,,,614.61,21.019,-0.79,91.9,51.47,135,1.0,778.98,6.0,23.0,7.0,,,,,,,,,,,
macd_crossover,AVAX-USDT,4h,,,,502.59,21.304,-1.26,91.9,37.81,123,1.0,400.39,6.0,23.0,9.0,,,,,,,,,,,
macd_crossover,AVAX-USDT,4h,,,,499.48,20.567,-1.12,92.6,43.28,121,1.0,446.18,6.0,23.0,11.0,,,,,,,,,,,
macd_crossover,AVAX-USDT,4h,,,,638.09,19.949,-0.94,90.1,31.06,141,1.0,681.89,6.0,26.0,5.0,,,,,,,,,,,
macd_crossover,AVAX-USDT,4h,,,,603.08,20.451,-0.79,90.4,37.36,135,1.0,764.36,6.0,26.0,7.0,,,,,,,,,,,
macd_crossover,AVAX-USDT,4h,,,,509.13,20.666,-1.26,92.8,36.98,125,1.0,405.61,6.0,26.0,9.0,,,,,,,,,,,
macd_crossover,AVAX-USDT,4h,,,,457.73,20.803,-0.72,93.2,58.07,117,1.0,639.3,6.0,26.0,11.0,,,,,,,,,,,
macd_crossover,AVAX-USDT,4h,,,,656.91,20.245,-0.94,90.1,33.78,141,1.0,702.0,6.0,29.0,5.0,,,,,,,,,,,
macd_crossover,AVAX-USDT,4h,,,,675.86,21.394,-1.26,91.9,39.04,135,1.0,538.44,6.0,29.0,7.0,,,,,,,,,,,
macd_crossover,AVAX-USDT,4h,,,,550.37,21.354,-0.72,92.7,61.31,123,1.0,769.2,6.0,29.0,9.0,,,,,,,,,,,
macd_crossover,AVAX-USDT,4h,,,,469.86,20.961,-1.06,93.2,50.73,117,1.0,442.25,6.0,29.0,11.0,,,,,,,,,,,
macd_crossover,AVAX-USDT,4h,,,,742.02,21.503,-0.93,91.6,49.42,143,1.0,800.04,6.0,32.0,5.0,,,,,,,,,,,
macd_crossover,AVAX-USDT,4h,,,,685.56,21.553,-1.26,93.3,40.41,135,1.0,546.16,6.0,32.0,7.0,,,,,,,,,,,
macd_crossover,AVAX-USDT,4h,,,,531.99,22.035,-0.62,94.9,88.78,117,1.0,860.87,6.0,32.0,9.0,,,,,,,,,,,
macd_crossover,AVAX-USDT,4h,,,,430.12,20.537,-1.06,92.0,46.39,113,1.0,404.85,6.0,32.0,11.0,,,,,,,,,,,
macd_crossover,AVAX-USDT,4h,,,,768.23,22.092,-0.93,93.0,59.76,143,1.0,828.3,6.0,35.0,5.0,,,,,,,,,,,
macd_crossover,AVAX-USDT,4h,,,,680.79,22.107,-1.12,94.7,50.48,131,1.0,608.14,6.0,35.0,7.0,,,,,,,,,,,
macd_crossover,AVAX-USDT,4h,,,,594.5,22.814,-0.63,94.1,72.14,119,1.0,939.88,6.0,35.0,9.0,,,,,,,,,,,
macd_crossover,AVAX-USDT,4h,,,,416.57,20.212,-1.08,91.0,40.17,111,1.0,385.58,6.0,35.0,11.0,,,,,,,,,,,
macd_crossover,AVAX-USDT,4h,,,,546.71,19.613,-0.94,87.6,29.05,137,1.0,584.23,8.0,20.0,5.0,,,,,,,,,,,
macd_crossover,AVAX-USDT,4h,,,,439.7,20.154,-1.26,89.9,29.15,119,1.0,350.3,8.0,20.0,7.0,,,,,,,,,,,
macd_crossover,AVAX-USDT,4h,,,,402.12,19.905,-1.53,89.1,24.29,119,1.0,263.31,8.0,20.0,9.0,,,,,,,,,,,
macd_crossover,AVAX-USDT,4h,,,,336.29,19.139,-1.06,88.2,25.52,119,1.0,316.53,8.0,20.0,11.0,,,,,,,,,,,
macd_crossover,AVAX-USDT,4h,,,,595.04,20.471,-0.79,91.1,48.72,135,1.0,754.18,8.0,23.0,5.0,,,,,,,,,,,
macd_crossover,AVAX-USDT,4h,,,,485.11,21.321,-1.26,90.9,33.2,121,1.0,386.47,8.0,23.0,7.0,,,,,,,,,,,
macd_crossover,AVAX-USDT,4h,,,,427.68,19.889,-0.82,91.5,41.94,117,1.0,522.88,8.0,23.0,9.0,,,,,,,,,,,
macd_crossover,AVAX-USDT,4h,,,,334.44,18.961,-1.06,88.5,24.15,113,1.0,314.79,8.0,23.0,11.0,,,,,,,,,,,
macd_crossover,AVAX-USDT,4h,,,,682.7,21.626,-0.79,92.8,54.21,139,1.0,865.28,8.0,26.0,5.0,,,,,,,,,,,
macd_crossover,AVAX-USDT,4h,,,,516.72,20.666,-1.12,92.0,37.44,125,1.0,461.58,8.0,26.0,7.0,,,,,,,,,,,
macd_crossover,AVAX-USDT,4h,,,,416.67,19.832,-1.06,92.3,40.04,117,1.0,392.19,8.0,26.0,9.0,,,,,,,,,,,
macd_crossover,AVAX-USDT,4h,,,,287.85,17.889,-1.08,86.2,20.5,109,1.0,266.44,8.0,26.0,11.0,,,,,,,,,,,
macd_crossover,AVAX-USDT,4h,,,,678.81,21.364,-1.26,91.9,34.96,135,1.0,540.79,8.0,29.0,5.0,,,,,,,,,,,
macd_crossover,AVAX-USDT,4h,,,,493.33,20.543,-0.72,91.6,47.73,119,1.0,689.02,8.0,29.0,7.0,,,,,,,,,,,
macd_crossover,AVAX-USDT,4h,,,,378.49,20.303,-1.06,90.4,33.46,115,1.0,356.25,8.0,29.0,9.0,,,,,,,,,,,
macd_crossover,AVAX-USDT,4h,,,,286.51,18.388,-1.08,86.9,21.73,107,1.0,265.19,8.0,29.0,11.0,,,,,,,,,,,
macd_crossover,AVAX-USDT,4h,,,,737.71,22.283,-1.26,93.4,52.32,137,1.0,587.71,8.0,32.0,5.0,,,,,,,,,,,
macd_crossover,AVAX-USDT,4h,,,,519.8,22.178,-0.62,94.9,87.83,117,1.0,841.15,8.0,32.0,7.0,,,,,,,,,,,
macd_crossover,AVAX-USDT,4h,,,,336.41,19.505,-1.08,88.3,25.44,111,1.0,311.39,8.0,32.0,9.0,,,,,,,,,,,
macd_crossover,AVAX-USDT,4h,,,,275.7,18.248,-1.1,87.6,24.63,105,1.0,250.67,8.0,32.0,11.0,,,,,,,,,,,
macd_crossover,AVAX-USDT,4h,,,,754.71,21.941,-1.26,94.2,46.27,137,1.0,601.25,8.0,35.0,5.0,,,,,,,,,,,
macd_crossover,AVAX-USDT,4h,,,,543.54,22.426,-0.62,93.9,70.34,115,1.0,879.57,8.0,35.0,7.0,,,,,,,,,,,
macd_crossover,AVAX-USDT,4h,,,,312.15,19.471,-1.08,88.8,29.11,107,1.0,288.93,8.0,35.0,9.0,,,,,,,,,,,
macd_crossover,AVAX-USDT,4h,,,,282.3,18.206,-1.1,86.7,24.15,105,1.0,256.67,8.0,35.0,11.0,,,,,,,,,,,
macd_crossover,AVAX-USDT,4h,,,,550.78,21.443,-0.79,91.5,45.27,129,1.0,698.07,10.0,20.0,5.0,,,,,,,,,,,
macd_crossover,AVAX-USDT,4h,,,,411.54,19.729,-1.53,89.1,24.57,119,1.0,269.48,10.0,20.0,7.0,,,,,,,,,,,
macd_crossover,AVAX-USDT,4h,,,,333.74,18.692,-1.06,87.6,24.73,121,1.0,314.13,10.0,20.0,9.0,,,,,,,,,,,
macd_crossover,AVAX-USDT,4h,,,,279.44,17.691,-1.23,84.4,18.15,109,1.0,227.23,10.0,20.0,11.0,,,,,,,,,,,
macd_crossover,AVAX-USDT,4h,,,,592.72,21.911,-1.26,92.9,49.77,127,1.0,472.2,10.0,23.0,5.0,,,,,,,,,,,
macd_crossover,AVAX-USDT,4h,,,,428.45,19.791,-1.12,91.5,34.01,117,1.0,382.73,10.0,23.0,7.0,,,,,,,,,,,
macd_crossover,AVAX-USDT,4h,,,,301.8,18.264,-1.08,86.5,20.01,111,1.0,279.35,10.0,23.0,9.0,,,,,,,,,,,
macd_crossover,AVAX-USDT,4h,,,,247.39,16.556,-1.1,84.1,14.75,107,1.0,224.93,10.0,23.0,11.0,,,,,,,,,,,
macd_crossover,AVAX-USDT,4h,,,,571.27,21.624,-1.26,93.6,48.5,125,1.0,455.11,10.0,26.0,5.0,,,,,,,,,,,
macd_crossover,AVAX-USDT,4h,,,,400.41,19.575,-1.06,92.2,39.29,115,1.0,376.89,10.0,26.0,7.0,,,,,,,,,,,
macd_crossover,AVAX-USDT,4h,,,,291.5,17.848,-1.08,85.3,18.19,109,1.0,269.82,10.0,26.0,9.0,,,,,,,,,,,
macd_crossover,AVAX-USDT,4h,,,,249.8,16.879,-1.29,84.5,15.82,103,1.0,193.13,10.0,26.0,11.0,,,,,,,,,,,
macd_crossover,AVAX-USDT,4h,,,,678.2,22.027,-1.12,93.9,53.39,131,1.0,605.83,10.0,29.0,5.0,,,,,,,,,,,
macd_crossover,AVAX-USDT,4h,,,,444.15,19.831,-1.06,90.8,36.16,119,1.0,418.06,10.0,29.0,7.0,,,,,,,,,,,
macd_crossover,AVAX-USDT,4h,,,,255.25,17.03,-1.1,85.0,16.25,107,1.0,232.08,10.0,29.0,9.0,,,,,,,,,,,
macd_crossover,AVAX-USDT,4h,,,,228.94,17.907,-1.29,86.3,18.82,95,1.0,177.0,10.0,29.0,11.0,,,,,,,,,,,
macd_crossover,AVAX-USDT,4h,,,,636.24,22.726,-0.63,95.2,90.85,125,1.0,1005.87,10.0,32.0,5.0,,,,,,,,,,,
macd_crossover,AVAX-USDT,4h,,,,397.39,19.682,-1.08,90.1,34.79,111,1.0,367.83,10.0,32.0,7.0,,,,,,,,,,,
macd_crossover,AVAX-USDT,4h,,,,276.77,18.303,-1.1,87.6,24.68,105,1.0,251.64,10.0,32.0,9.0,,,,,,,,,,,
macd_crossover,AVAX-USDT,4h,,,,235.52,19.222,-1.29,89.5,29.78,95,1.0,182.09,10.0,32.0,11.0,,,,,,,,,,,
macd_crossover,AVAX-USDT,4h,,,,566.58,21.838,-0.74,93.4,55.99,121,1.0,770.29,10.0,35.0,5.0,,,,,,,,,,,
macd_crossover,AVAX-USDT,4h,,,,356.39,18.992,-1.08,89.0,28.77,109,1.0,329.88,10.0,35.0,7.0,,,,,,,,,,,
macd_crossover,AVAX-USDT,4h,,,,275.73,18.139,-1.1,86.4,22.66,103,1.0,250.69,10.0,35.0,9.0,,,,,,,,,,,
macd_crossover,AVAX-USDT,4h,,,,203.48,19.593,-1.29,88.8,25.3,89,1.0,157.31,10.0,35.0,11.0,,,,,,,,,,,
macd_crossover,AVAX-USDT,4h,,,,567.71,21.549,-1.26,92.8,43.47,125,1.0,452.28,12.0,20.0,5.0,,,,,,,,,,,
macd_crossover,AVAX-USDT,4h,,,,395.44,19.844,-0.82,90.8,34.93,119,1.0,483.47,12.0,20.0,7.0,,,,,,,,,,,
macd_crossover,AVAX-USDT,4h,,,,288.66,18.151,-1.08,86.2,19.68,109,1.0,267.19,12.0,20.0,9.0,,,,,,,,,,,
macd_crossover,AVAX-USDT,4h,,,,240.51,16.709,-1.29,85.1,15.81,101,1.0,185.95,12.0,20.0,11.0,,,,,,,,,,,
macd_crossover,AVAX-USDT,4h,,,,563.18,21.561,-1.12,94.4,58.44,125,1.0,503.08,12.0,23.0,5.0,,,,,,,,,,,
macd_crossover,AVAX-USDT,4h,,,,346.77,19.227,-1.06,89.7,28.34,117,1.0,326.39,12.0,23.0,7.0,,,,,,,,,,,
macd_crossover,AVAX-USDT,4h,,,,245.64,16.432,-1.23,83.2,14.05,107,1.0,199.75,12.0,23.0,9.0,,,,,,,,,,,
macd_crossover,AVAX-USDT,4h,,,,230.09,17.053,-1.29,83.8,15.54,99,1.0,177.89,12.0,23.0,11.0,,,,,,,,,,,
macd_crossover,AVAX-USDT,4h,,,,546.57,21.225,-0.63,92.7,62.75,123,1.0,864.1,12.0,26.0,5.0,,,,,,,,,,,
macd_crossover,AVAX-USDT,4h,,,,309.19,18.061,-1.08,86.7,19.29,113,1.0,286.19,12.0,26.0,7.0,,,,,,,,,,,
macd_crossover,AVAX-USDT,4h,,,,264.28,17.781,-1.1,86.4,20.7,103,1.0,240.28,12.0,26.0,9.0,,,,,,,,,,,
macd_crossover,AVAX-USDT,4h,,,,236.32,19.618,-1.29,89.0,28.19,91,1.0,182.71,12.0,26.0,11.0,,,,,,,,,,,
macd_crossover,AVAX-USDT,4h,,,,594.66,22.228,-0.63,93.3,59.59,119,1.0,940.13,12.0,29.0,5.0,,,,,,,,,,,
macd_crossover,AVAX-USDT,4h,,,,281.99,18.173,-1.08,86.9,21.07,107,1.0,261.02,12.0,29.0,7.0,,,,,,,,,,,
macd_crossover,AVAX-USDT,4h,,,,230.76,16.723,-1.29,83.2,14.65,101,1.0,178.41,12.0,29.0,9.0,,,,,,,,,,,
macd_crossover,AVAX-USDT,4h,,,,179.82,18.617,-1.29,85.9,19.49,85,1.0,139.03,12.0,29.0,11.0,,,,,,,,,,,
macd_crossover,AVAX-USDT,4h,,,,563.18,22.483,-0.63,93.0,58.19,115,1.0,890.37,12.0,32.0,5.0,,,,,,,,,,,
macd_crossover,AVAX-USDT,4h,,,,270.11,18.188,-1.1,87.6,22.88,105,1.0,245.59,12.0,32.0,7.0,,,,,,,,,,,
macd_crossover,AVAX-USDT,4h,,,,240.64,19.104,-1.29,88.7,26.89,97,1.0,186.04,12.0,32.0,9.0,,,,,,,,,,,
macd_crossover,AVAX-USDT,4h,,,,157.51,16.551,-1.34,79.5,12.3,83,1.0,117.43,12.0,32.0,11.0,,,,,,,,,,,
macd_crossover,AVAX-USDT,4h,,,,528.96,21.712,-0.63,92.4,53.66,119,1.0,836.27,12.0,35.0,5.0,,,,,,,,,,,
macd_crossover,AVAX-USDT,4h,,,,282.3,18.206,-1.1,86.7,24.15,105,1.0,256.67,12.0,35.0,7.0,,,,,,,,,,,
macd_crossover,AVAX-USDT,4h,,,,210.54,20.265,-1.29,89.9,29.76,89,1.0,162.77,12.0,35.0,9.0,,,,,,,,,,,
macd_crossover,AVAX-USDT,4h,,,,168.2,16.846,-1.34,78.3,13.29,83,1.0,125.4,12.0,35.0,11.0,,,,,,,,,,,
macd_crossover,AVAX-USDT,4h,,,,511.19,20.785,-1.12,93.4,46.27,121,1.0,456.64,14.0,20.0,5.0,,,,,,,,,,,
macd_crossover,AVAX-USDT,4h,,,,344.95,18.816,-1.06,88.0,24.78,117,1.0,324.68,14.0,20.0,7.0,,,,,,,,,,,
macd_crossover,AVAX-USDT,4h,,,,259.51,17.268,-1.1,86.0,17.47,107,1.0,235.95,14.0,20.0,9.0,,,,,,,,,,,
macd_crossover,AVAX-USDT,4h,,,,240.78,17.588,-1.29,83.8,17.19,99,1.0,186.15,14.0,20.0,11.0,,,,,,,,,,,
macd_crossover,AVAX-USDT,4h,,,,499.28,20.879,-0.62,93.4,71.23,121,1.0,807.95,14.0,23.0,5.0,,,,,,,,,,,
macd_crossover,AVAX-USDT,4h,,,,293.22,17.644,-1.08,85.6,18.25,111,1.0,271.41,14.0,23.0,7.0,,,,,,,,,,,
macd_crossover,AVAX-USDT,4h,,,,246.6,16.991,-1.29,85.1,15.78,101,1.0,190.66,14.0,23.0,9.0,,,,,,,,,,,
macd_crossover,AVAX-USDT,4h,,,,226.31,19.371,-1.29,89.0,27.45,91,1.0,174.97,14.0,23.0,11.0,,,,,,,,,,,
macd_crossover,AVAX-USDT,4h,,,,496.92,21.049,-1.06,93.4,54.86,121,1.0,467.72,14.0,26.0,5.0,,,,,,,,,,,
macd_crossover,AVAX-USDT,4h,,,,272.27,17.986,-1.1,86.9,22.34,107,1.0,247.55,14.0,26.0,7.0,,,,,,,,,,,
macd_crossover,AVAX-USDT,4h,,,,228.92,18.366,-1.29,87.1,21.45,93,1.0,176.99,14.0,26.0,9.0,,,,,,,,,,,
macd_crossover,AVAX-USDT,4h,,,,160.1,17.342,-1.18,81.9,14.42,83,1.0,135.55,14.0,26.0,11.0,,,,,,,,,,,
macd_crossover,AVAX-USDT,4h,,,,511.3,21.661,-1.06,93.2,57.09,117,1.0,481.26,14.0,29.0,5.0,,,,,,,,,,,
macd_crossover,AVAX-USDT,4h,,,,293.88,18.862,-1.1,88.6,25.82,105,1.0,267.2,14.0,29.0,7.0,,,,,,,,,,,
macd_crossover,AVAX-USDT,4h,,,,235.9,19.746,-1.29,89.0,28.1,91,1.0,182.38,14.0,29.0,9.0,,,,,,,,,,,
macd_crossover,AVAX-USDT,4h,,,,151.07,15.932,-1.34,79.5,12.16,83,1.0,112.63,14.0,29.0,11.0,,,,,,,,,,,
macd_crossover,AVAX-USDT,4h,,,,440.68,19.624,-1.08,89.6,30.09,115,1.0,407.9,14.0,32.0,5.0,,,,,,,,,,,
macd_crossover,AVAX-USDT,4h,,,,276.18,18.18,-1.13,87.4,21.82,103,1.0,244.82,14.0,32.0,7.0,,,,,,,,,,,
macd_crossover,AVAX-USDT,4h,,,,166.49,17.136,-1.29,81.2,13.8,85,1.0,128.72,14.0,32.0,9.0,,,,,,,,,,,
macd_crossover,AVAX-USDT,4h,,,,149.29,15.963,-1.72,78.3,11.63,83,1.0,87.01,14.0,32.0,11.0,,,,,,,,,,,
macd_crossover,AVAX-USDT,4h,,,,377.36,19.218,-1.08,89.0,30.65,109,1.0,349.29,14.0,35.0,5.0,,,,,,,,,,,
macd_crossover,AVAX-USDT,4h,,,,224.32,17.631,-1.29,85.6,17.21,97,1.0,173.43,14.0,35.0,7.0,,,,,,,,,,,
macd_crossover,AVAX-USDT,4h,,,,158.46,16.867,-1.34,79.5,12.88,83,1.0,118.14,14.0,35.0,9.0,,,,,,,,,,,
macd_crossover,AVAX-USDT,4h,,,,136.44,15.312,-1.72,79.0,10.66,81,1.0,79.52,14.0,35.0,11.0,,,,,,,,,,,
bb_reversion,AVAX-USDT,4h,15.0,,,-97.27,-22.191,-97.27,0.0,0.0,113,2.2,-1.0,,,,1.5,,,,,,,,,,
bb_reversion,AVAX-USDT,4h,15.0,,,-88.42,-24.042,-88.42,0.0,0.0,62,1.6,-1.0,,,,2.0,,,,,,,,,,
bb_reversion,AVAX-USDT,4h,15.0,,,-58.87,-39.313,-58.87,0.0,0.0,22,1.1,-1.0,,,,2.5,,,,,,,,,,
bb_reversion,AVAX-USDT,4h,15.0,,,-16.03,-93.316,-16.03,0.0,0.0,5,1.0,-1.0,,,,3.0,,,,,,,,,,
bb_reversion,AVAX-USDT,4h,17.0,,,-96.93,-22.484,-96.93,0.0,0.0,109,2.4,-1.0,,,,1.5,,,,,,,,,,
bb_reversion,AVAX-USDT,4h,17.0,,,-88.82,-25.228,-88.82,0.0,0.0,60,1.7,-1.0,,,,2.0,,,,,,,,,,
bb_reversion,AVAX-USDT,4h,17.0,,,-58.51,-50.439,-58.51,0.0,0.0,22,1.2,-1.0,,,,2.5,,,,,,,,,,
bb_reversion,AVAX-USDT,4h,17.0,,,-35.77,-61.525,-35.77,0.0,0.0,11,1.0,-1.0,,,,3.0,,,,,,,,,,
bb_reversion,AVAX-USDT,4h,19.0,,,-96.15,-21.337,-96.15,0.0,0.0,105,2.6,-1.0,,,,1.5,,,,,,,,,,
bb_reversion,AVAX-USDT,4h,19.0,,,-86.97,-27.232,-86.97,0.0,0.0,60,1.8,-1.0,,,,2.0,,,,,,,,,,
bb_reversion,AVAX-USDT,4h,19.0,,,-62.99,-28.392,-62.99,0.0,0.0,27,1.3,-1.0,,,,2.5,,,,,,,,,,
bb_reversion,AVAX-USDT,4h,19.0,,,-30.33,-63.909,-30.33,0.0,0.0,9,1.0,-1.0,,,,3.0,,,,,,,,,,
bb_reversion,AVAX-USDT,4h,21.0,,,-95.39,-21.942,-95.39,0.0,0.0,100,2.8,-1.0,,,,1.5,,,,,,,,,,
bb_reversion,AVAX-USDT,4h,21.0,,,-87.94,-25.696,-87.94,0.0,0.0,62,1.8,-1.0,,,,2.0,,,,,,,,,,
bb_reversion,AVAX-USDT,4h,21.0,,,-60.34,-27.675,-60.34,0.0,0.0,24,1.3,-1.0,,,,2.5,,,,,,,,,,
bb_reversion,AVAX-USDT,4h,21.0,,,-33.39,-69.087,-33.39,0.0,0.0,10,1.0,-1.0,,,,3.0,,,,,,,,,,
bb_reversion,AVAX-USDT,4h,23.0,,,-94.65,-21.634,-94.65,0.0,0.0,95,3.0,-1.0,,,,1.5,,,,,,,,,,
bb_reversion,AVAX-USDT,4h,23.0,,,-85.79,-26.109,-85.79,0.0,0.0,57,1.9,-1.0,,,,2.0,,,,,,,,,,
bb_reversion,AVAX-USDT,4h,23.0,,,-55.92,-26.587,-55.92,0.0,0.0,20,1.6,-1.0,,,,2.5,,,,,,,,,,
bb_reversion,AVAX-USDT,4h,23.0,,,-30.72,-74.34,-30.72,0.0,0.0,9,1.0,-1.0,,,,3.0,,,,,,,,,,
bb_reversion,AVAX-USDT,4h,25.0,,,-94.37,-21.901,-94.37,0.0,0.0,95,2.9,-1.0,,,,1.5,,,,,,,,,,
bb_reversion,AVAX-USDT,4h,25.0,,,-85.02,-23.245,-85.02,0.0,0.0,56,1.9,-1.0,,,,2.0,,,,,,,,,,
bb_reversion,AVAX-USDT,4h,25.0,,,-56.82,-29.381,-56.82,0.0,0.0,21,1.7,-1.0,,,,2.5,,,,,,,,,,
bb_reversion,AVAX-USDT,4h,25.0,,,-32.94,-74.791,-32.94,0.0,0.0,10,1.0,-1.0,,,,3.0,,,,,,,,,,
ema_crossover,AVAX-USDT,4h,,,,182.99,5.939,-6.71,50.7,4.34,73,14.8,27.27,5.0,25.0,,,,,,,,,,,,
ema_crossover,AVAX-USDT,4h,,,,152.9,5.552,-4.9,52.1,4.03,73,14.8,31.19,5.0,30.0,,,,,,,,,,,,
ema_crossover,AVAX-USDT,4h,,,,99.49,4.537,-7.19,50.7,3.02,67,16.1,13.84,5.0,35.0,,,,,,,,,,,,
ema_crossover,AVAX-USDT,4h,,,,98.5,4.563,-7.63,50.7,3.12,67,16.1,12.91,5.0,40.0,,,,,,,,,,,,
ema_crossover,AVAX-USDT,4h,,,,92.69,4.57,-9.07,50.7,3.17,67,16.1,10.22,5.0,45.0,,,,,,,,,,,,
ema_crossover,AVAX-USDT,4h,,,,83.4,4.345,-17.05,54.0,2.97,63,17.1,4.89,5.0,50.0,,,,,,,,,,,,
ema_crossover,AVAX-USDT,4h,,,,13.83,1.208,-35.55,29.5,1.29,61,17.7,0.39,8.0,25.0,,,,,,,,,,,,
ema_crossover,AVAX-USDT,4h,,,,24.09,1.837,-29.45,32.7,1.47,55,19.6,0.82,8.0,30.0,,,,,,,,,,,,
ema_crossover,AVAX-USDT,4h,,,,12.91,1.212,-27.5,36.8,1.29,57,18.9,0.47,8.0,35.0,,,,,,,,,,,,
ema_crossover,AVAX-USDT,4h,,,,-9.64,-0.19,-43.42,33.3,0.96,57,18.9,-0.22,8.0,40.0,,,,,,,,,,,,
ema_crossover,AVAX-USDT,4h,,,,-0.99,0.398,-42.48,35.8,1.08,53,20.4,-0.02,8.0,45.0,,,,,,,,,,,,
ema_crossover,AVAX-USDT,4h,,,,20.49,1.695,-34.25,37.7,1.45,53,20.4,0.6,8.0,50.0,,,,,,,,,,,,
ema_crossover,AVAX-USDT,4h,,,,-9.16,-0.101,-43.4,27.1,0.98,59,18.3,-0.21,11.0,25.0,,,,,,,,,,,,
ema_crossover,AVAX-USDT,4h,,,,-4.94,0.146,-40.29,36.4,1.03,55,19.6,-0.12,11.0,30.0,,,,,,,,,,,,
ema_crossover,AVAX-USDT,4h,,,,-27.82,-1.452,-55.34,33.3,0.76,57,18.9,-0.5,11.0,35.0,,,,,,,,,,,,
ema_crossover,AVAX-USDT,4h,,,,-23.47,-1.251,-49.6,31.4,0.8,51,21.2,-0.47,11.0,40.0,,,,,,,,,,,,
ema_crossover,AVAX-USDT,4h,,,,-11.21,-0.299,-45.72,34.7,0.94,49,22.0,-0.25,11.0,45.0,,,,,,,,,,,,
ema_crossover,AVAX-USDT,4h,,,,-11.35,-0.373,-41.81,38.8,0.93,49,22.0,-0.27,11.0,50.0,,,,,,,,,,,,
ema_crossover,AVAX-USDT,4h,,,,-16.25,-0.602,-47.78,34.0,0.89,53,20.4,-0.34,14.0,25.0,,,,,,,,,,,,
ema_crossover,AVAX-USDT,4h,,,,-37.39,-2.26,-54.77,28.1,0.66,57,18.9,-0.68,14.0,30.0,,,,,,,,,,,,
ema_crossover,AVAX-USDT,4h,,,,-27.82,-1.576,-50.98,32.1,0.75,53,20.4,-0.55,14.0,35.0,,,,,,,,,,,,
ema_crossover,AVAX-USDT,4h,,,,-23.22,-1.276,-47.41,30.6,0.78,49,22.0,-0.49,14.0,40.0,,,,,,,,,,,,
ema_crossover,AVAX-USDT,4h,,,,-27.84,-1.952,-46.51,30.2,0.7,43,25.1,-0.6,14.0,45.0,,,,,,,,,,,,
ema_crossover,AVAX-USDT,4h,,,,-35.29,-2.874,-46.55,28.2,0.6,39,27.7,-0.76,14.0,50.0,,,,,,,,,,,,
ema_crossover,AVAX-USDT,4h,,,,-27.07,-1.448,-50.91,32.1,0.77,53,20.4,-0.53,17.0,25.0,,,,,,,,,,,,
ema_crossover,AVAX-USDT,4h,,,,-38.44,-2.56,-53.12,33.9,0.63,59,18.3,-0.72,17.0,30.0,,,,,,,,,,,,
ema_crossover,AVAX-USDT,4h,,,,-27.94,-1.807,-46.91,30.6,0.72,49,22.0,-0.6,17.0,35.0,,,,,,,,,,,,
ema_crossover,AVAX-USDT,4h,,,,-33.95,-2.437,-46.8,24.4,0.64,41,26.3,-0.73,17.0,40.0,,,,,,,,,,,,
ema_crossover,AVAX-USDT,4h,,,,-36.36,-2.927,-48.08,29.3,0.6,41,26.3,-0.76,17.0,45.0,,,,,,,,,,,,
ema_crossover,AVAX-USDT,4h,,,,-28.15,-2.166,-44.65,29.7,0.69,37,29.2,-0.63,17.0,50.0,,,,,,,,,,,,
ema_crossover,AVAX-USDT,4h,,,,-42.41,-2.856,-54.04,28.1,0.61,57,18.9,-0.78,20.0,25.0,,,,,,,,,,,,
ema_crossover,AVAX-USDT,4h,,,,-17.44,-0.875,-42.54,36.7,0.85,49,22.0,-0.41,20.0,30.0,,,,,,,,,,,,
ema_crossover,AVAX-USDT,4h,,,,-37.95,-2.963,-48.51,17.9,0.59,39,27.7,-0.78,20.0,35.0,,,,,,,,,,,,
ema_crossover,AVAX-USDT,4h,,,,-37.91,-3.357,-46.02,23.1,0.56,39,27.7,-0.82,20.0,40.0,,,,,,,,,,,,
ema_crossover,AVAX-USDT,4h,,,,-33.36,-2.903,-44.53,21.6,0.61,37,29.2,-0.75,20.0,45.0,,,,,,,,,,,,
ema_crossover,AVAX-USDT,4h,,,,-29.49,-2.378,-45.03,25.8,0.65,31,34.8,-0.65,20.0,50.0,,,,,,,,,,,,
stoch_rsi,AVAX-USDT,4h,7.0,15.0,75.0,39.03,5.871,-4.81,62.1,2.28,95,1.0,8.11,,,,,3.0,3.0,,,,,,,,
stoch_rsi,AVAX-USDT,4h,7.0,15.0,80.0,30.04,5.089,-4.81,59.3,2.06,86,1.0,6.24,,,,,3.0,3.0,,,,,,,,
stoch_rsi,AVAX-USDT,4h,7.0,15.0,85.0,26.89,4.935,-4.81,58.8,2.04,80,1.0,5.59,,,,,3.0,3.0,,,,,,,,
stoch_rsi,AVAX-USDT,4h,7.0,20.0,75.0,47.11,6.357,-4.81,62.7,2.47,102,1.0,9.79,,,,,3.0,3.0,,,,,,,,
stoch_rsi,AVAX-USDT,4h,7.0,20.0,80.0,37.6,5.67,-4.81,60.2,2.26,93,1.0,7.81,,,,,3.0,3.0,,,,,,,,
stoch_rsi,AVAX-USDT,4h,7.0,20.0,85.0,34.27,5.566,-4.81,59.8,2.26,87,1.0,7.12,,,,,3.0,3.0,,,,,,,,
stoch_rsi,AVAX-USDT,4h,7.0,25.0,75.0,67.76,7.16,-4.81,64.5,2.95,110,1.0,14.08,,,,,3.0,3.0,,,,,,,,
stoch_rsi,AVAX-USDT,4h,7.0,25.0,80.0,56.91,6.641,-4.81,62.4,2.77,101,1.0,11.83,,,,,3.0,3.0,,,,,,,,
stoch_rsi,AVAX-USDT,4h,7.0,25.0,85.0,53.11,6.61,-4.81,62.1,2.8,95,1.0,11.04,,,,,3.0,3.0,,,,,,,,
stoch_rsi,AVAX-USDT,4h,9.0,15.0,75.0,56.95,7.509,-6.08,72.1,2.88,111,1.0,9.36,,,,,3.0,3.0,,,,,,,,
stoch_rsi,AVAX-USDT,4h,9.0,15.0,80.0,54.73,7.737,-6.08,72.8,2.99,103,1.0,9.0,,,,,3.0,3.0,,,,,,,,
stoch_rsi,AVAX-USDT,4h,9.0,15.0,85.0,44.39,7.24,-6.08,73.3,2.8,90,1.0,7.3,,,,,3.0,3.0,,,,,,,,
stoch_rsi,AVAX-USDT,4h,9.0,20.0,75.0,66.58,7.76,-6.08,72.7,2.96,121,1.0,10.95,,,,,3.0,3.0,,,,,,,,
stoch_rsi,AVAX-USDT,4h,9.0,20.0,80.0,64.24,7.983,-6.08,73.5,3.08,113,1.0,10.56,,,,,3.0,3.0,,,,,,,,
stoch_rsi,AVAX-USDT,4h,9.0,20.0,85.0,53.25,7.561,-6.08,74.0,2.91,100,1.0,8.75,,,,,3.0,3.0,,,,,,,,
stoch_rsi,AVAX-USDT,4h,9.0,25.0,75.0,71.01,7.953,-6.08,73.0,3.03,126,1.0,11.67,,,,,3.0,3.0,,,,,,,,
stoch_rsi,AVAX-USDT,4h,9.0,25.0,80.0,68.6,8.181,-6.08,73.7,3.15,118,1.0,11.28,,,,,3.0,3.0,,,,,,,,
stoch_rsi,AVAX-USDT,4h,9.0,25.0,85.0,57.32,7.786,-6.08,74.3,2.99,105,1.0,9.42,,,,,3.0,3.0,,,,,,,,
stoch_rsi,AVAX-USDT,4h,11.0,15.0,75.0,104.6,12.287,-2.63,82.7,7.32,98,1.0,39.84,,,,,3.0,3.0,,,,,,,,
stoch_rsi,AVAX-USDT,4h,11.0,15.0,80.0,83.38,11.404,-2.63,80.5,6.35,87,1.0,31.75,,,,,3.0,3.0,,,,,,,,
stoch_rsi,AVAX-USDT,4h,11.0,15.0,85.0,67.37,10.816,-2.7,81.0,5.92,79,1.0,24.93,,,,,3.0,3.0,,,,,,,,
stoch_rsi,AVAX-USDT,4h,11.0,20.0,75.0,127.18,12.173,-2.63,81.7,6.84,109,1.0,48.44,,,,,3.0,3.0,,,,,,,,
stoch_rsi,AVAX-USDT,4h,11.0,20.0,80.0,103.62,11.417,-2.63,79.6,6.06,98,1.0,39.46,,,,,3.0,3.0,,,,,,,,
stoch_rsi,AVAX-USDT,4h,11.0,20.0,85.0,85.84,10.909,-2.63,80.0,5.7,90,1.0,32.69,,,,,3.0,3.0,,,,,,,,
stoch_rsi,AVAX-USDT,4h,11.0,25.0,75.0,144.61,12.755,-2.63,82.5,7.36,114,1.0,55.08,,,,,3.0,3.0,,,,,,,,
stoch_rsi,AVAX-USDT,4h,11.0,25.0,80.0,119.24,12.066,-2.63,80.6,6.59,103,1.0,45.41,,,,,3.0,3.0,,,,,,,,
stoch_rsi,AVAX-USDT,4h,11.0,25.0,85.0,100.1,11.631,-2.63,81.1,6.26,95,1.0,38.12,,,,,3.0,3.0,,,,,,,,
stoch_rsi,AVAX-USDT,4h,13.0,15.0,75.0,80.56,10.176,-3.06,73.8,4.03,107,1.0,26.32,,,,,3.0,3.0,,,,,,,,
stoch_rsi,AVAX-USDT,4h,13.0,15.0,80.0,76.07,10.21,-3.06,75.2,4.07,101,1.0,24.85,,,,,3.0,3.0,,,,,,,,
stoch_rsi,AVAX-USDT,4h,13.0,15.0,85.0,55.45,8.887,-3.06,73.0,3.4,89,1.0,18.11,,,,,3.0,3.0,,,,,,,,
stoch_rsi,AVAX-USDT,4h,13.0,20.0,75.0,91.02,10.307,-3.06,72.8,4.16,114,1.0,29.73,,,,,3.0,3.0,,,,,,,,
stoch_rsi,AVAX-USDT,4h,13.0,20.0,80.0,86.28,10.347,-3.06,74.1,4.2,108,1.0,28.18,,,,,3.0,3.0,,,,,,,,
stoch_rsi,AVAX-USDT,4h,13.0,20.0,85.0,64.46,9.146,-3.06,71.9,3.57,96,1.0,21.05,,,,,3.0,3.0,,,,,,,,
stoch_rsi,AVAX-USDT,4h,13.0,25.0,75.0,107.43,10.785,-3.06,73.8,4.46,122,1.0,35.09,,,,,3.0,3.0,,,,,,,,
stoch_rsi,AVAX-USDT,4h,13.0,25.0,80.0,102.28,10.846,-3.06,75.0,4.51,116,1.0,33.41,,,,,3.0,3.0,,,,,,,,
stoch_rsi,AVAX-USDT,4h,13.0,25.0,85.0,78.58,9.776,-3.06,73.1,3.9,104,1.0,25.67,,,,,3.0,3.0,,,,,,,,
stoch_rsi,AVAX-USDT,4h,15.0,15.0,75.0,109.34,13.539,-3.35,77.5,6.49,111,1.0,32.68,,,,,3.0,3.0,,,,,,,,
stoch_rsi,AVAX-USDT,4h,15.0,15.0,80.0,103.55,14.013,-2.38,78.4,6.89,102,1.0,43.51,,,,,3.0,3.0,,,,,,,,
stoch_rsi,AVAX-USDT,4h,15.0,15.0,85.0,80.43,13.315,-2.38,78.0,6.33,91,1.0,33.8,,,,,3.0,3.0,,,,,,,,
stoch_rsi,AVAX-USDT,4h,15.0,20.0,75.0,134.93,14.001,-3.28,78.0,7.14,118,1.0,41.08,,,,,3.0,3.0,,,,,,,,
stoch_rsi,AVAX-USDT,4h,15.0,20.0,80.0,128.43,14.489,-2.32,78.9,7.6,109,1.0,55.4,,,,,3.0,3.0,,,,,,,,
stoch_rsi,AVAX-USDT,4h,15.0,20.0,85.0,102.48,13.884,-2.32,78.6,7.13,98,1.0,44.21,,,,,3.0,3.0,,,,,,,,
stoch_rsi,AVAX-USDT,4h,15.0,25.0,75.0,162.06,13.713,-2.45,78.7,7.93,122,1.0,66.09,,,,,3.0,3.0,,,,,,,,
stoch_rsi,AVAX-USDT,4h,15.0,25.0,80.0,154.81,14.165,-1.73,79.6,8.48,113,1.0,89.33,,,,,3.0,3.0,,,,,,,,
stoch_rsi,AVAX-USDT,4h,15.0,25.0,85.0,125.87,13.585,-1.73,79.4,8.09,102,1.0,72.63,,,,,3.0,3.0,,,,,,,,
stoch_rsi,AVAX-USDT,4h,17.0,15.0,75.0,76.33,9.04,-4.13,67.0,3.41,94,1.0,18.47,,,,,3.0,3.0,,,,,,,,
stoch_rsi,AVAX-USDT,4h,17.0,15.0,80.0,56.85,7.862,-4.13,64.8,2.91,88,1.0,13.76,,,,,3.0,3.0,,,,,,,,
stoch_rsi,AVAX-USDT,4h,17.0,15.0,85.0,54.36,8.013,-4.13,65.4,2.95,81,1.0,13.15,,,,,3.0,3.0,,,,,,,,
stoch_rsi,AVAX-USDT,4h,17.0,20.0,75.0,82.11,9.114,-4.13,68.3,3.49,101,1.0,19.87,,,,,3.0,3.0,,,,,,,,
stoch_rsi,AVAX-USDT,4h,17.0,20.0,80.0,61.99,8.01,-4.13,66.3,3.01,95,1.0,15.0,,,,,3.0,3.0,,,,,,,,
stoch_rsi,AVAX-USDT,4h,17.0,20.0,85.0,59.42,8.154,-4.13,67.0,3.04,88,1.0,14.38,,,,,3.0,3.0,,,,,,,,
stoch_rsi,AVAX-USDT,4h,17.0,25.0,75.0,87.39,9.238,-4.13,68.9,3.56,106,1.0,21.15,,,,,3.0,3.0,,,,,,,,
stoch_rsi,AVAX-USDT,4h,17.0,25.0,80.0,66.69,8.186,-4.13,67.0,3.08,100,1.0,16.14,,,,,3.0,3.0,,,,,,,,
stoch_rsi,AVAX-USDT,4h,17.0,25.0,85.0,64.04,8.332,-4.13,67.7,3.12,93,1.0,15.5,,,,,3.0,3.0,,,,,,,,
stoch_rsi,AVAX-USDT,4h,19.0,15.0,75.0,69.34,9.045,-5.5,69.7,3.67,99,1.0,12.61,,,,,3.0,3.0,,,,,,,,
stoch_rsi,AVAX-USDT,4h,19.0,15.0,80.0,60.94,8.536,-5.85,69.1,3.44,94,1.0,10.42,,,,,3.0,3.0,,,,,,,,
stoch_rsi,AVAX-USDT,4h,19.0,15.0,85.0,56.59,9.511,-2.96,70.6,4.05,85,1.0,19.14,,,,,3.0,3.0,,,,,,,,
stoch_rsi,AVAX-USDT,4h,19.0,20.0,75.0,71.89,8.551,-5.94,69.1,3.38,110,1.0,12.09,,,,,3.0,3.0,,,,,,,,
stoch_rsi,AVAX-USDT,4h,19.0,20.0,80.0,63.36,8.07,-5.94,68.6,3.17,105,1.0,10.66,,,,,3.0,3.0,,,,,,,,
stoch_rsi,AVAX-USDT,4h,19.0,20.0,85.0,58.94,8.88,-2.96,69.8,3.61,96,1.0,19.94,,,,,3.0,3.0,,,,,,,,
stoch_rsi,AVAX-USDT,4h,19.0,25.0,75.0,93.24,8.686,-5.94,69.0,3.85,116,1.0,15.68,,,,,3.0,3.0,,,,,,,,
stoch_rsi,AVAX-USDT,4h,19.0,25.0,80.0,83.65,8.291,-5.94,68.5,3.65,111,1.0,14.07,,,,,3.0,3.0,,,,,,,,
stoch_rsi,AVAX-USDT,4h,19.0,25.0,85.0,78.68,8.919,-2.96,69.6,4.21,102,1.0,26.61,,,,,3.0,3.0,,,,,,,,
stoch_rsi,AVAX-USDT,4h,21.0,15.0,75.0,80.56,11.387,-2.48,67.7,6.06,93,1.0,32.44,,,,,3.0,3.0,,,,,,,,
stoch_rsi,AVAX-USDT,4h,21.0,15.0,80.0,79.6,11.447,-2.28,68.1,6.1,91,1.0,34.92,,,,,3.0,3.0,,,,,,,,
stoch_rsi,AVAX-USDT,4h,21.0,15.0,85.0,75.11,11.848,-1.33,67.5,6.65,83,1.0,56.36,,,,,3.0,3.0,,,,,,,,
stoch_rsi,AVAX-USDT,4h,21.0,20.0,75.0,92.55,11.084,-2.48,68.0,5.95,97,1.0,37.27,,,,,3.0,3.0,,,,,,,,
stoch_rsi,AVAX-USDT,4h,21.0,20.0,80.0,91.53,11.142,-2.28,68.4,5.98,95,1.0,40.16,,,,,3.0,3.0,,,,,,,,
stoch_rsi,AVAX-USDT,4h,21.0,20.0,85.0,86.74,11.495,-1.6,67.8,6.44,87,1.0,54.22,,,,,3.0,3.0,,,,,,,,
stoch_rsi,AVAX-USDT,4h,21.0,25.0,75.0,100.45,10.781,-2.92,67.6,5.34,102,1.0,34.41,,,,,3.0,3.0,,,,,,,,
stoch_rsi,AVAX-USDT,4h,21.0,25.0,80.0,99.38,10.834,-2.92,68.0,5.36,100,1.0,34.04,,,,,3.0,3.0,,,,,,,,
stoch_rsi,AVAX-USDT,4h,21.0,25.0,85.0,94.4,11.143,-2.92,67.4,5.66,92,1.0,32.34,,,,,3.0,3.0,,,,,,,,
kc_breakout,AVAX-USDT,4h,15.0,,,738.6,26.995,0.0,100.0,999.0,55,2.8,0.0,,,,,,,1.5,,,,,,,
kc_breakout,AVAX-USDT,4h,15.0,,,218.58,28.429,0.0,100.0,999.0,32,1.7,0.0,,,,,,,2.0,,,,,,,
kc_breakout,AVAX-USDT,4h,15.0,,,60.97,37.696,0.0,100.0,999.0,13,1.2,0.0,,,,,,,2.5,,,,,,,
kc_breakout,AVAX-USDT,4h,17.0,,,740.81,27.21,0.0,100.0,999.0,55,3.2,0.0,,,,,,,1.5,,,,,,,
kc_breakout,AVAX-USDT,4h,17.0,,,295.03,23.526,0.0,100.0,999.0,40,1.9,0.0,,,,,,,2.0,,,,,,,
kc_breakout,AVAX-USDT,4h,17.0,,,108.79,39.597,0.0,100.0,999.0,17,1.4,0.0,,,,,,,2.5,,,,,,,
kc_breakout,AVAX-USDT,4h,17.0,,,17.5,33.946,0.0,100.0,999.0,3,1.3,0.0,,,,,,,3.0,,,,,,,
kc_breakout,AVAX-USDT,4h,19.0,,,823.31,23.706,0.0,100.0,999.0,61,3.3,0.0,,,,,,,1.5,,,,,,,
kc_breakout,AVAX-USDT,4h,19.0,,,364.96,28.11,0.0,100.0,999.0,43,2.2,0.0,,,,,,,2.0,,,,,,,
kc_breakout,AVAX-USDT,4h,19.0,,,148.29,30.18,0.0,100.0,999.0,23,1.6,0.0,,,,,,,2.5,,,,,,,
kc_breakout,AVAX-USDT,4h,19.0,,,43.49,35.71,0.0,100.0,999.0,9,1.1,0.0,,,,,,,3.0,,,,,,,
kc_breakout,AVAX-USDT,4h,21.0,,,801.18,19.381,0.0,100.0,999.0,64,3.5,0.0,,,,,,,1.5,,,,,,,
kc_breakout,AVAX-USDT,4h,21.0,,,403.54,27.837,0.0,100.0,999.0,46,2.5,0.0,,,,,,,2.0,,,,,,,
kc_breakout,AVAX-USDT,4h,21.0,,,162.41,24.948,0.0,100.0,999.0,22,1.9,0.0,,,,,,,2.5,,,,,,,
kc_breakout,AVAX-USDT,4h,21.0,,,64.44,34.973,0.0,100.0,999.0,11,1.4,0.0,,,,,,,3.0,,,,,,,
kc_breakout,AVAX-USDT,4h,23.0,,,833.27,21.446,0.0,100.0,999.0,63,3.9,0.0,,,,,,,1.5,,,,,,,
kc_breakout,AVAX-USDT,4h,23.0,,,421.84,26.267,0.0,100.0,999.0,45,3.0,0.0,,,,,,,2.0,,,,,,,
kc_breakout,AVAX-USDT,4h,23.0,,,187.21,26.298,0.0,100.0,999.0,25,2.2,0.0,,,,,,,2.5,,,,,,,
kc_breakout,AVAX-USDT,4h,23.0,,,77.28,33.591,0.0,100.0,999.0,12,1.6,0.0,,,,,,,3.0,,,,,,,
kc_breakout,AVAX-USDT,4h,25.0,,,864.35,18.553,0.0,100.0,999.0,65,4.1,0.0,,,,,,,1.5,,,,,,,
kc_breakout,AVAX-USDT,4h,25.0,,,434.7,22.63,0.0,100.0,999.0,47,3.1,0.0,,,,,,,2.0,,,,,,,
kc_breakout,AVAX-USDT,4h,25.0,,,208.49,27.042,0.0,100.0,999.0,31,2.2,0.0,,,,,,,2.5,,,,,,,
kc_breakout,AVAX-USDT,4h,25.0,,,89.39,31.129,0.0,100.0,999.0,14,1.7,0.0,,,,,,,3.0,,,,,,,
rsi_adx_combo,AVAX-USDT,4h,,,,-13.87,-0.474,-44.02,36.2,0.92,69,13.5,-0.32,,,,,,,,14.0,25.0,65.0,14.0,20.0,,
rsi_adx_combo,AVAX-USDT,4h,,,,-31.47,-1.711,-48.51,34.2,0.73,76,10.5,-0.65,,,,,,,,14.0,25.0,65.0,14.0,25.0,,
rsi_adx_combo,AVAX-USDT,4h,,,,-7.98,-0.071,-41.84,36.2,0.99,69,13.4,-0.19,,,,,,,,14.0,25.0,70.0,14.0,20.0,,
rsi_adx_combo,AVAX-USDT,4h,,,,-24.62,-1.212,-46.95,35.6,0.8,73,10.8,-0.52,,,,,,,,14.0,25.0,70.0,14.0,25.0,,
rsi_adx_combo,AVAX-USDT,4h,,,,-2.42,0.27,-40.25,38.5,1.05,65,14.2,-0.06,,,,,,,,14.0,25.0,75.0,14.0,20.0,,
rsi_adx_combo,AVAX-USDT,4h,,,,-13.85,-0.487,-41.14,38.5,0.91,65,11.9,-0.34,,,,,,,,14.0,25.0,75.0,14.0,25.0,,
rsi_adx_combo,AVAX-USDT,4h,,,,-15.43,-0.577,-44.02,35.7,0.9,70,13.3,-0.35,,,,,,,,14.0,30.0,65.0,14.0,20.0,,
rsi_adx_combo,AVAX-USDT,4h,,,,-35.97,-2.028,-49.33,32.5,0.69,80,10.0,-0.73,,,,,,,,14.0,30.0,65.0,14.0,25.0,,
rsi_adx_combo,AVAX-USDT,4h,,,,-9.65,-0.175,-41.84,35.7,0.97,70,13.2,-0.23,,,,,,,,14.0,30.0,70.0,14.0,20.0,,
rsi_adx_combo,AVAX-USDT,4h,,,,-29.57,-1.549,-47.8,33.8,0.75,77,10.3,-0.62,,,,,,,,14.0,30.0,70.0,14.0,25.0,,
rsi_adx_combo,AVAX-USDT,4h,,,,-4.19,0.158,-40.25,37.9,1.03,66,14.0,-0.1,,,,,,,,14.0,30.0,75.0,14.0,20.0,,
rsi_adx_combo,AVAX-USDT,4h,,,,-19.51,-0.866,-42.08,36.2,0.85,69,11.3,-0.46,,,,,,,,14.0,30.0,75.0,14.0,25.0,,
rsi_adx_combo,AVAX-USDT,4h,,,,-19.66,-0.863,-45.96,35.2,0.85,71,13.2,-0.43,,,,,,,,14.0,35.0,65.0,14.0,20.0,,
rsi_adx_combo,AVAX-USDT,4h,,,,-41.25,-2.397,-52.1,32.9,0.65,85,9.5,-0.79,,,,,,,,14.0,35.0,65.0,14.0,25.0,,
rsi_adx_combo,AVAX-USDT,4h,,,,-14.17,-0.461,-43.85,35.2,0.92,71,13.1,-0.32,,,,,,,,14.0,35.0,70.0,14.0,20.0,,
rsi_adx_combo,AVAX-USDT,4h,,,,-35.38,-1.942,-48.92,34.1,0.7,82,9.8,-0.72,,,,,,,,14.0,35.0,70.0,14.0,25.0,,
rsi_adx_combo,AVAX-USDT,4h,,,,-8.98,-0.145,-42.31,37.3,0.97,67,13.8,-0.21,,,,,,,,14.0,35.0,75.0,14.0,20.0,,
rsi_adx_combo,AVAX-USDT,4h,,,,-26.15,-1.308,-43.33,36.5,0.78,74,10.6,-0.6,,,,,,,,14.0,35.0,75.0,14.0,25.0,,
rsi_vol_combo,AVAX-USDT,4h,,,,-63.7,-14.689,-63.89,11.6,0.05,43,1.3,-1.0,,,,,,,,14.0,25.0,65.0,,,20.0,1.5
rsi_vol_combo,AVAX-USDT,4h,,,,-55.94,-24.841,-55.94,3.7,0.03,27,1.2,-1.0,,,,,,,,14.0,25.0,65.0,,,20.0,2.0
rsi_vol_combo,AVAX-USDT,4h,,,,-55.39,-17.345,-55.62,10.0,0.05,30,1.3,-1.0,,,,,,,,14.0,25.0,70.0,,,20.0,1.5
rsi_vol_combo,AVAX-USDT,4h,,,,-50.99,-24.672,-50.99,4.5,0.03,22,1.2,-1.0,,,,,,,,14.0,25.0,70.0,,,20.0,2.0
rsi_vol_combo,AVAX-USDT,4h,,,,-49.38,-18.393,-49.64,9.1,0.04,22,1.4,-0.99,,,,,,,,14.0,25.0,75.0,,,20.0,1.5
rsi_vol_combo,AVAX-USDT,4h,,,,-45.75,-23.256,-45.75,5.3,0.04,19,1.2,-1.0,,,,,,,,14.0,25.0,75.0,,,20.0,2.0
rsi_vol_combo,AVAX-USDT,4h,,,,-70.82,-15.227,-70.97,15.1,0.05,53,1.4,-1.0,,,,,,,,14.0,30.0,65.0,,,20.0,1.5
rsi_vol_combo,AVAX-USDT,4h,,,,-63.82,-24.732,-63.82,5.9,0.03,34,1.2,-1.0,,,,,,,,14.0,30.0,65.0,,,20.0,2.0
rsi_vol_combo,AVAX-USDT,4h,,,,-64.14,-17.539,-64.33,15.0,0.04,40,1.4,-1.0,,,,,,,,14.0,30.0,70.0,,,20.0,1.5
rsi_vol_combo,AVAX-USDT,4h,,,,-59.76,-24.529,-59.76,6.9,0.03,29,1.2,-1.0,,,,,,,,14.0,30.0,70.0,,,20.0,2.0
rsi_vol_combo,AVAX-USDT,4h,,,,-59.31,-18.19,-59.52,15.6,0.04,32,1.4,-1.0,,,,,,,,14.0,30.0,75.0,,,20.0,1.5
rsi_vol_combo,AVAX-USDT,4h,,,,-55.46,-23.436,-55.46,7.7,0.03,26,1.2,-1.0,,,,,,,,14.0,30.0,75.0,,,20.0,2.0
rsi_vol_combo,AVAX-USDT,4h,,,,-75.01,-14.325,-75.14,18.5,0.08,65,1.4,-1.0,,,,,,,,14.0,35.0,65.0,,,20.0,1.5
rsi_vol_combo,AVAX-USDT,4h,,,,-66.97,-20.933,-66.97,9.8,0.06,41,1.2,-1.0,,,,,,,,14.0,35.0,65.0,,,20.0,2.0
rsi_vol_combo,AVAX-USDT,4h,,,,-69.28,-15.792,-69.44,19.2,0.08,52,1.4,-1.0,,,,,,,,14.0,35.0,70.0,,,20.0,1.5
rsi_vol_combo,AVAX-USDT,4h,,,,-63.27,-20.419,-63.27,11.1,0.07,36,1.2,-1.0,,,,,,,,14.0,35.0,70.0,,,20.0,2.0
rsi_vol_combo,AVAX-USDT,4h,,,,-65.15,-15.915,-65.33,20.5,0.09,44,1.4,-1.0,,,,,,,,14.0,35.0,75.0,,,20.0,1.5
rsi_vol_combo,AVAX-USDT,4h,,,,-59.33,-19.452,-59.33,12.1,0.08,33,1.2,-1.0,,,,,,,,14.0,35.0,75.0,,,20.0,2.0
rsi_reversion,DOT-USDT,1d,7.0,20.0,60.0,-100.0,-12.729,-100.0,14.4,0.04,139,3.5,-1.0,,,,,,,,,,,,,,
rsi_reversion,DOT-USDT,1d,7.0,20.0,65.0,-100.0,-14.092,-100.0,15.4,0.04,136,3.1,-1.0,,,,,,,,,,,,,,
rsi_reversion,DOT-USDT,1d,7.0,20.0,70.0,-99.99,-13.824,-99.99,13.1,0.05,122,3.0,-1.0,,,,,,,,,,,,,,
rsi_reversion,DOT-USDT,1d,7.0,20.0,75.0,-99.98,-14.903,-99.98,12.4,0.04,113,2.9,-1.0,,,,,,,,,,,,,,
rsi_reversion,DOT-USDT,1d,7.0,20.0,80.0,-99.91,-16.975,-99.91,11.0,0.03,100,2.7,-1.0,,,,,,,,,,,,,,
rsi_reversion,DOT-USDT,1d,7.0,25.0,60.0,-100.0,-12.403,-100.0,14.9,0.04,148,3.6,-1.0,,,,,,,,,,,,,,
rsi_reversion,DOT-USDT,1d,7.0,25.0,65.0,-100.0,-13.617,-100.0,15.9,0.05,145,3.3,-1.0,,,,,,,,,,,,,,
rsi_reversion,DOT-USDT,1d,7.0,25.0,70.0,-99.99,-13.328,-99.99,13.7,0.05,131,3.3,-1.0,,,,,,,,,,,,,,
rsi_reversion,DOT-USDT,1d,7.0,25.0,75.0,-99.98,-14.228,-99.98,13.1,0.04,122,3.1,-1.0,,,,,,,,,,,,,,
rsi_reversion,DOT-USDT,1d,7.0,25.0,80.0,-99.94,-15.82,-99.94,11.9,0.04,109,3.0,-1.0,,,,,,,,,,,,,,
rsi_reversion,DOT-USDT,1d,7.0,30.0,60.0,-100.0,-13.201,-100.0,13.7,0.04,161,3.8,-1.0,,,,,,,,,,,,,,
rsi_reversion,DOT-USDT,1d,7.0,30.0,65.0,-100.0,-14.581,-100.0,14.6,0.05,158,3.5,-1.0,,,,,,,,,,,,,,
rsi_reversion,DOT-USDT,1d,7.0,30.0,70.0,-100.0,-14.382,-100.0,12.5,0.05,144,3.5,-1.0,,,,,,,,,,,,,,
rsi_reversion,DOT-USDT,1d,7.0,30.0,75.0,-100.0,-15.436,-100.0,11.9,0.04,135,3.4,-1.0,,,,,,,,,,,,,,
rsi_reversion,DOT-USDT,1d,7.0,30.0,80.0,-99.98,-17.38,-99.98,10.7,0.04,122,3.3,-1.0,,,,,,,,,,,,,,
rsi_reversion,DOT-USDT,1d,7.0,35.0,60.0,-100.0,-13.776,-100.0,15.2,0.04,158,4.4,-1.0,,,,,,,,,,,,,,
rsi_reversion,DOT-USDT,1d,7.0,35.0,65.0,-100.0,-15.174,-100.0,16.1,0.04,155,4.2,-1.0,,,,,,,,,,,,,,
rsi_reversion,DOT-USDT,1d,7.0,35.0,70.0,-100.0,-15.031,-100.0,14.2,0.04,141,4.2,-1.0,,,,,,,,,,,,,,
rsi_reversion,DOT-USDT,1d,7.0,35.0,75.0,-100.0,-16.134,-100.0,13.6,0.03,132,4.1,-1.0,,,,,,,,,,,,,,
rsi_reversion,DOT-USDT,1d,7.0,35.0,80.0,-99.99,-18.1,-99.99,12.6,0.03,119,4.2,-1.0,,,,,,,,,,,,,,
rsi_reversion,DOT-USDT,1d,9.0,20.0,60.0,-99.99,-11.024,-99.99,17.5,0.05,103,4.0,-1.0,,,,,,,,,,,,,,
rsi_reversion,DOT-USDT,1d,9.0,20.0,65.0,-99.99,-12.627,-99.99,14.9,0.03,94,3.7,-1.0,,,,,,,,,,,,,,
rsi_reversion,DOT-USDT,1d,9.0,20.0,70.0,-99.92,-12.951,-99.92,14.3,0.03,84,3.4,-1.0,,,,,,,,,,,,,,
rsi_reversion,DOT-USDT,1d,9.0,20.0,75.0,-99.44,-15.652,-99.44,13.9,0.03,72,3.0,-1.0,,,,,,,,,,,,,,
rsi_reversion,DOT-USDT,1d,9.0,20.0,80.0,-99.19,-16.2,-99.19,12.1,0.03,66,2.7,-1.0,,,,,,,,,,,,,,
rsi_reversion,DOT-USDT,1d,9.0,25.0,60.0,-100.0,-11.694,-100.0,15.1,0.05,126,3.9,-1.0,,,,,,,,,,,,,,
rsi_reversion,DOT-USDT,1d,9.0,25.0,65.0,-100.0,-13.187,-100.0,12.8,0.03,117,3.6,-1.0,,,,,,,,,,,,,,
rsi_reversion,DOT-USDT,1d,9.0,25.0,70.0,-99.98,-13.734,-99.98,12.1,0.03,107,3.4,-1.0,,,,,,,,,,,,,,
rsi_reversion,DOT-USDT,1d,9.0,25.0,75.0,-99.88,-16.655,-99.88,11.6,0.04,95,3.1,-1.0,,,,,,,,,,,,,,
rsi_reversion,DOT-USDT,1d,9.0,25.0,80.0,-99.83,-17.203,-99.83,10.1,0.03,89,2.9,-1.0,,,,,,,,,,,,,,
rsi_reversion,DOT-USDT,1d,9.0,30.0,60.0,-100.0,-11.915,-100.0,16.7,0.05,138,4.3,-1.0,,,,,,,,,,,,,,
rsi_reversion,DOT-USDT,1d,9.0,30.0,65.0,-100.0,-13.323,-100.0,14.7,0.03,129,4.1,-1.0,,,,,,,,,,,,,,
rsi_reversion,DOT-USDT,1d,9.0,30.0,70.0,-99.99,-13.872,-99.99,14.3,0.03,119,3.9,-1.0,,,,,,,,,,,,,,
rsi_reversion,DOT-USDT,1d,9.0,30.0,75.0,-99.95,-16.454,-99.95,14.0,0.03,107,3.7,-1.0,,,,,,,,,,,,,,
rsi_reversion,DOT-USDT,1d,9.0,30.0,80.0,-99.93,-16.902,-99.93,12.9,0.03,101,3.5,-1.0,,,,,,,,,,,,,,
rsi_reversion,DOT-USDT,1d,9.0,35.0,60.0,-100.0,-12.37,-100.0,12.6,0.04,135,5.0,-1.0,,,,,,,,,,,,,,
rsi_reversion,DOT-USDT,1d,9.0,35.0,65.0,-100.0,-13.848,-100.0,10.3,0.03,126,4.8,-1.0,,,,,,,,,,,,,,
rsi_reversion,DOT-USDT,1d,9.0,35.0,70.0,-100.0,-14.433,-100.0,9.5,0.03,116,4.7,-1.0,,,,,,,,,,,,,,
rsi_reversion,DOT-USDT,1d,9.0,35.0,75.0,-99.97,-17.004,-99.97,8.7,0.03,104,4.6,-1.0,,,,,,,,,,,,,,
rsi_reversion,DOT-USDT,1d,9.0,35.0,80.0,-99.96,-17.486,-99.96,7.1,0.02,98,4.5,-1.0,,,,,,,,,,,,,,
rsi_reversion,DOT-USDT,1d,11.0,20.0,60.0,-99.95,-12.019,-99.95,13.2,0.03,91,4.1,-1.0,,,,,,,,,,,,,,
rsi_reversion,DOT-USDT,1d,11.0,20.0,65.0,-99.81,-13.931,-99.81,12.3,0.02,73,4.2,-1.0,,,,,,,,,,,,,,
rsi_reversion,DOT-USDT,1d,11.0,20.0,70.0,-99.71,-14.629,-99.71,8.6,0.02,70,3.4,-1.0,,,,,,,,,,,,,,
rsi_reversion,DOT-USDT,1d,11.0,20.0,75.0,-99.18,-19.576,-99.18,7.9,0.01,63,3.0,-1.0,,,,,,,,,,,,,,
rsi_reversion,DOT-USDT,1d,11.0,20.0,80.0,-97.57,-21.758,-97.57,6.0,0.01,50,3.0,-1.0,,,,,,,,,,,,,,
rsi_reversion,DOT-USDT,1d,11.0,25.0,60.0,-99.98,-12.794,-99.98,14.9,0.03,101,4.3,-1.0,,,,,,,,,,,,,,
rsi_reversion,DOT-USDT,1d,11.0,25.0,65.0,-99.94,-14.738,-99.94,14.5,0.02,83,4.4,-1.0,,,,,,,,,,,,,,
rsi_reversion,DOT-USDT,1d,11.0,25.0,70.0,-99.91,-15.414,-99.91,11.2,0.02,80,3.8,-1.0,,,,,,,,,,,,,,
rsi_reversion,DOT-USDT,1d,11.0,25.0,75.0,-99.76,-19.481,-99.76,11.0,0.01,73,3.4,-1.0,,,,,,,,,,,,,,
rsi_reversion,DOT-USDT,1d,11.0,25.0,80.0,-99.29,-20.839,-99.29,10.0,0.01,60,3.5,-1.0,,,,,,,,,,,,,,
rsi_reversion,DOT-USDT,1d,11.0,30.0,60.0,-99.99,-12.419,-99.99,16.4,0.03,116,4.3,-1.0,,,,,,,,,,,,,,
rsi_reversion,DOT-USDT,1d,11.0,30.0,65.0,-99.98,-13.952,-99.98,16.3,0.02,98,4.4,-1.0,,,,,,,,,,,,,,
rsi_reversion,DOT-USDT,1d,11.0,30.0,70.0,-99.97,-14.449,-99.97,13.7,0.02,95,3.8,-1.0,,,,,,,,,,,,,,
rsi_reversion,DOT-USDT,1d,11.0,30.0,75.0,-99.9,-17.162,-99.9,13.6,0.02,88,3.5,-1.0,,,,,,,,,,,,,,
rsi_reversion,DOT-USDT,1d,11.0,30.0,80.0,-99.71,-17.577,-99.71,13.3,0.02,75,3.6,-1.0,,,,,,,,,,,,,,
rsi_reversion,DOT-USDT,1d,11.0,35.0,60.0,-99.99,-11.941,-99.99,20.6,0.05,126,4.7,-1.0,,,,,,,,,,,,,,
rsi_reversion,DOT-USDT,1d,11.0,35.0,65.0,-99.98,-13.249,-99.98,21.3,0.04,108,4.9,-1.0,,,,,,,,,,,,,,
rsi_reversion,DOT-USDT,1d,11.0,35.0,70.0,-99.97,-13.68,-99.97,19.0,0.04,105,4.4,-1.0,,,,,,,,,,,,,,
rsi_reversion,DOT-USDT,1d,11.0,35.0,75.0,-99.92,-16.005,-99.92,19.4,0.04,98,4.2,-1.0,,,,,,,,,,,,,,
rsi_reversion,DOT-USDT,1d,11.0,35.0,80.0,-99.75,-16.181,-99.75,20.0,0.05,85,4.4,-1.0,,,,,,,,,,,,,,
rsi_reversion,DOT-USDT,1d,13.0,20.0,60.0,-100.14,-9.669,-103.35,6.0,0.01,67,4.9,-0.97,,,,,,,,,,,,,,
rsi_reversion,DOT-USDT,1d,13.0,20.0,65.0,-100.08,-10.689,-101.18,8.5,0.01,71,3.5,-0.99,,,,,,,,,,,,,,
rsi_reversion,DOT-USDT,1d,13.0,20.0,70.0,-99.69,-15.196,-99.69,7.0,0.01,57,3.2,-1.0,,,,,,,,,,,,,,
rsi_reversion,DOT-USDT,1d,13.0,20.0,75.0,-99.3,-19.094,-99.3,5.4,0.01,56,2.6,-1.0,,,,,,,,,,,,,,
rsi_reversion,DOT-USDT,1d,13.0,20.0,80.0,-94.15,-20.771,-94.15,7.9,0.01,38,2.6,-1.0,,,,,,,,,,,,,,
rsi_reversion,DOT-USDT,1d,13.0,25.0,60.0,-100.12,-9.424,-102.98,8.3,0.02,72,5.3,-0.97,,,,,,,,,,,,,,
rsi_reversion,DOT-USDT,1d,13.0,25.0,65.0,-100.06,-10.408,-101.05,10.5,0.02,76,4.0,-0.99,,,,,,,,,,,,,,
rsi_reversion,DOT-USDT,1d,13.0,25.0,70.0,-99.75,-14.386,-99.75,9.7,0.02,62,3.9,-1.0,,,,,,,,,,,,,,
rsi_reversion,DOT-USDT,1d,13.0,25.0,75.0,-99.42,-17.537,-99.42,8.2,0.02,61,3.3,-1.0,,,,,,,,,,,,,,
rsi_reversion,DOT-USDT,1d,13.0,25.0,80.0,-95.17,-17.737,-95.17,11.6,0.03,43,3.7,-1.0,,,,,,,,,,,,,,
rsi_reversion,DOT-USDT,1d,13.0,30.0,60.0,-100.05,-9.841,-102.36,11.4,0.02,79,5.8,-0.98,,,,,,,,,,,,,,
rsi_reversion,DOT-USDT,1d,13.0,30.0,65.0,-100.03,-10.884,-100.83,13.3,0.03,83,4.5,-0.99,,,,,,,,,,,,,,
rsi_reversion,DOT-USDT,1d,13.0,30.0,70.0,-99.89,-14.749,-99.89,13.0,0.03,69,4.6,-1.0,,,,,,,,,,,,,,
rsi_reversion,DOT-USDT,1d,13.0,30.0,75.0,-99.76,-17.393,-99.76,11.8,0.03,68,4.0,-1.0,,,,,,,,,,,,,,
rsi_reversion,DOT-USDT,1d,13.0,30.0,80.0,-97.99,-17.101,-97.99,16.0,0.04,50,4.5,-1.0,,,,,,,,,,,,,,
rsi_reversion,DOT-USDT,1d,13.0,35.0,60.0,-100.03,-9.259,-102.21,14.3,0.05,98,5.6,-0.98,,,,,,,,,,,,,,
rsi_reversion,DOT-USDT,1d,13.0,35.0,65.0,-100.01,-10.262,-100.78,15.7,0.05,102,4.6,-0.99,,,,,,,,,,,,,,
rsi_reversion,DOT-USDT,1d,13.0,35.0,70.0,-99.94,-13.317,-99.94,15.9,0.06,88,4.6,-1.0,,,,,,,,,,,,,,
rsi_reversion,DOT-USDT,1d,13.0,35.0,75.0,-99.87,-15.26,-99.87,14.9,0.06,87,4.2,-1.0,,,,,,,,,,,,,,
rsi_reversion,DOT-USDT,1d,13.0,35.0,80.0,-98.95,-14.509,-98.95,18.8,0.08,69,4.6,-1.0,,,,,,,,,,,,,,
rsi_reversion,DOT-USDT,1d,15.0,20.0,60.0,-100.16,-10.391,-101.07,12.2,0.02,49,5.9,-0.99,,,,,,,,,,,,,,
rsi_reversion,DOT-USDT,1d,15.0,20.0,65.0,-100.37,-9.677,-101.99,11.3,0.03,53,3.9,-0.98,,,,,,,,,,,,,,
rsi_reversion,DOT-USDT,1d,15.0,20.0,70.0,-98.84,-18.275,-98.88,8.3,0.02,48,3.0,-1.0,,,,,,,,,,,,,,
rsi_reversion,DOT-USDT,1d,15.0,20.0,75.0,-95.92,-18.755,-96.05,11.8,0.02,34,3.1,-1.0,,,,,,,,,,,,,,
rsi_reversion,DOT-USDT,1d,15.0,20.0,80.0,-87.14,-20.804,-87.54,9.7,0.03,31,2.5,-1.0,,,,,,,,,,,,,,
rsi_reversion,DOT-USDT,1d,15.0,25.0,60.0,-100.07,-10.215,-100.82,11.5,0.02,61,5.5,-0.99,,,,,,,,,,,,,,
rsi_reversion,DOT-USDT,1d,15.0,25.0,65.0,-100.17,-9.696,-101.54,10.8,0.03,65,3.9,-0.99,,,,,,,,,,,,,,
rsi_reversion,DOT-USDT,1d,15.0,25.0,70.0,-99.47,-16.687,-99.49,8.3,0.02,60,3.3,-1.0,,,,,,,,,,,,,,
rsi_reversion,DOT-USDT,1d,15.0,25.0,75.0,-98.16,-16.54,-98.21,10.9,0.02,46,3.3,-1.0,,,,,,,,,,,,,,
rsi_reversion,DOT-USDT,1d,15.0,25.0,80.0,-94.18,-16.514,-94.36,9.3,0.03,43,3.0,-1.0,,,,,,,,,,,,,,
rsi_reversion,DOT-USDT,1d,15.0,30.0,60.0,-100.05,-9.796,-100.73,12.7,0.03,71,5.7,-0.99,,,,,,,,,,,,,,
rsi_reversion,DOT-USDT,1d,15.0,30.0,65.0,-100.12,-9.393,-101.36,12.0,0.04,75,4.3,-0.99,,,,,,,,,,,,,,
rsi_reversion,DOT-USDT,1d,15.0,30.0,70.0,-99.62,-15.607,-99.62,10.0,0.03,70,3.7,-1.0,,,,,,,,,,,,,,
rsi_reversion,DOT-USDT,1d,15.0,30.0,75.0,-98.67,-15.231,-98.67,12.5,0.04,56,3.9,-1.0,,,,,,,,,,,,,,
rsi_reversion,DOT-USDT,1d,15.0,30.0,80.0,-95.82,-15.183,-95.82,11.3,0.06,53,3.7,-1.0,,,,,,,,,,,,,,
rsi_reversion,DOT-USDT,1d,15.0,35.0,60.0,-100.01,-9.912,-100.49,19.6,0.05,92,5.5,-1.0,,,,,,,,,,,,,,
rsi_reversion,DOT-USDT,1d,15.0,35.0,65.0,-100.03,-9.672,-100.92,18.8,0.05,96,4.4,-0.99,,,,,,,,,,,,,,
rsi_reversion,DOT-USDT,1d,15.0,35.0,70.0,-99.9,-15.003,-99.9,17.6,0.05,91,4.0,-1.0,,,,,,,,,,,,,,
rsi_reversion,DOT-USDT,1d,15.0,35.0,75.0,-99.65,-14.628,-99.66,20.8,0.06,77,4.2,-1.0,,,,,,,,,,,,,,
rsi_reversion,DOT-USDT,1d,15.0,35.0,80.0,-98.91,-14.425,-98.92,20.3,0.07,74,4.1,-1.0,,,,,,,,,,,,,,
rsi_reversion,DOT-USDT,1d,17.0,20.0,60.0,-99.71,-11.144,-99.72,22.2,0.04,45,5.8,-1.0,,,,,,,,,,,,,,
rsi_reversion,DOT-USDT,1d,17.0,20.0,65.0,-100.04,-10.512,-100.17,18.4,0.02,38,5.1,-1.0,,,,,,,,,,,,,,
rsi_reversion,DOT-USDT,1d,17.0,20.0,70.0,-96.58,-15.072,-96.7,19.4,0.03,31,3.6,-1.0,,,,,,,,,,,,,,
rsi_reversion,DOT-USDT,1d,17.0,20.0,75.0,-87.65,-18.229,-88.1,16.7,0.05,24,3.0,-0.99,,,,,,,,,,,,,,
rsi_reversion,DOT-USDT,1d,17.0,20.0,80.0,-65.99,-13.453,-67.22,28.6,0.1,21,2.3,-0.98,,,,,,,,,,,,,,
rsi_reversion,DOT-USDT,1d,17.0,25.0,60.0,-99.84,-10.725,-99.85,21.4,0.05,56,5.3,-1.0,,,,,,,,,,,,,,
rsi_reversion,DOT-USDT,1d,17.0,25.0,65.0,-100.02,-10.047,-100.12,18.4,0.03,49,4.7,-1.0,,,,,,,,,,,,,,
rsi_reversion,DOT-USDT,1d,17.0,25.0,70.0,-98.11,-13.695,-98.21,19.0,0.04,42,3.5,-1.0,,,,,,,,,,,,,,
rsi_reversion,DOT-USDT,1d,17.0,25.0,75.0,-93.16,-15.233,-93.53,17.1,0.06,35,3.2,-1.0,,,,,,,,,,,,,,
rsi_reversion,DOT-USDT,1d,17.0,25.0,80.0,-81.17,-11.866,-82.18,25.0,0.1,32,2.7,-0.99,,,,,,,,,,,,,,
rsi_reversion,DOT-USDT,1d,17.0,30.0,60.0,-99.92,-10.307,-99.93,18.4,0.06,76,5.0,-1.0,,,,,,,,,,,,,,
rsi_reversion,DOT-USDT,1d,17.0,30.0,65.0,-100.01,-9.558,-100.08,15.9,0.05,69,4.6,-1.0,,,,,,,,,,,,,,
rsi_reversion,DOT-USDT,1d,17.0,30.0,70.0,-99.09,-12.968,-99.16,16.1,0.06,62,3.8,-1.0,,,,,,,,,,,,,,
rsi_reversion,DOT-USDT,1d,17.0,30.0,75.0,-96.71,-14.607,-96.95,14.5,0.08,55,3.5,-1.0,,,,,,,,,,,,,,
rsi_reversion,DOT-USDT,1d,17.0,30.0,80.0,-90.94,-12.714,-91.61,19.2,0.11,52,3.3,-0.99,,,,,,,,,,,,,,
rsi_reversion,DOT-USDT,1d,17.0,35.0,60.0,-99.96,-10.323,-99.96,25.9,0.07,85,5.8,-1.0,,,,,,,,,,,,,,
rsi_reversion,DOT-USDT,1d,17.0,35.0,65.0,-100.0,-9.634,-100.09,24.4,0.06,78,5.5,-1.0,,,,,,,,,,,,,,
rsi_reversion,DOT-USDT,1d,17.0,35.0,70.0,-99.57,-12.513,-99.57,25.4,0.08,71,4.8,-1.0,,,,,,,,,,,,,,
rsi_reversion,DOT-USDT,1d,17.0,35.0,75.0,-98.43,-13.337,-98.43,25.0,0.09,64,4.8,-1.0,,,,,,,,,,,,,,
rsi_reversion,DOT-USDT,1d,17.0,35.0,80.0,-95.69,-11.508,-95.69,29.5,0.13,61,4.6,-1.0,,,,,,,,,,,,,,
rsi_reversion,DOT-USDT,1d,19.0,20.0,60.0,-99.88,-11.572,-99.88,15.8,0.02,38,5.7,-1.0,,,,,,,,,,,,,,
rsi_reversion,DOT-USDT,1d,19.0,20.0,65.0,-99.6,-13.003,-99.6,6.9,0.01,29,5.5,-1.0,,,,,,,,,,,,,,
rsi_reversion,DOT-USDT,1d,19.0,20.0,70.0,-98.42,-15.298,-98.42,7.1,0.01,28,3.6,-1.0,,,,,,,,,,,,,,
rsi_reversion,DOT-USDT,1d,19.0,20.0,75.0,-91.19,-27.027,-91.19,5.0,0.0,20,3.0,-1.0,,,,,,,,,,,,,,
rsi_reversion,DOT-USDT,1d,19.0,20.0,80.0,-75.82,-17.846,-75.82,6.2,0.0,16,2.0,-1.0,,,,,,,,,,,,,,
rsi_reversion,DOT-USDT,1d,19.0,25.0,60.0,-99.91,-10.508,-99.91,16.3,0.02,49,5.0,-1.0,,,,,,,,,,,,,,
rsi_reversion,DOT-USDT,1d,19.0,25.0,65.0,-99.67,-11.373,-99.67,10.0,0.01,40,4.6,-1.0,,,,,,,,,,,,,,
rsi_reversion,DOT-USDT,1d,19.0,25.0,70.0,-98.7,-13.248,-98.71,10.3,0.02,39,3.2,-1.0,,,,,,,,,,,,,,
rsi_reversion,DOT-USDT,1d,19.0,25.0,75.0,-92.79,-20.747,-92.83,9.7,0.01,31,2.8,-1.0,,,,,,,,,,,,,,
rsi_reversion,DOT-USDT,1d,19.0,25.0,80.0,-80.21,-15.895,-80.32,11.1,0.02,27,2.1,-1.0,,,,,,,,,,,,,,
rsi_reversion,DOT-USDT,1d,19.0,30.0,60.0,-99.97,-10.038,-99.97,18.3,0.04,71,4.7,-1.0,,,,,,,,,,,,,,
rsi_reversion,DOT-USDT,1d,19.0,30.0,65.0,-99.88,-10.642,-99.88,14.5,0.03,62,4.4,-1.0,,,,,,,,,,,,,,
rsi_reversion,DOT-USDT,1d,19.0,30.0,70.0,-99.54,-12.166,-99.54,14.8,0.03,61,3.5,-1.0,,,,,,,,,,,,,,
rsi_reversion,DOT-USDT,1d,19.0,30.0,75.0,-97.46,-16.24,-97.46,15.1,0.04,53,3.3,-1.0,,,,,,,,,,,,,,
rsi_reversion,DOT-USDT,1d,19.0,30.0,80.0,-93.01,-13.562,-93.01,16.3,0.05,49,3.0,-1.0,,,,,,,,,,,,,,
rsi_reversion,DOT-USDT,1d,19.0,35.0,60.0,-99.99,-11.291,-99.99,16.2,0.03,80,5.7,-1.0,,,,,,,,,,,,,,
rsi_reversion,DOT-USDT,1d,19.0,35.0,65.0,-99.97,-12.111,-99.97,12.7,0.03,71,5.6,-1.0,,,,,,,,,,,,,,
rsi_reversion,DOT-USDT,1d,19.0,35.0,70.0,-99.87,-13.846,-99.87,12.9,0.03,70,4.9,-1.0,,,,,,,,,,,,,,
rsi_reversion,DOT-USDT,1d,19.0,35.0,75.0,-99.29,-18.221,-99.29,12.9,0.03,62,4.9,-1.0,,,,,,,,,,,,,,
rsi_reversion,DOT-USDT,1d,19.0,35.0,80.0,-98.06,-15.876,-98.06,13.8,0.04,58,4.7,-1.0,,,,,,,,,,,,,,
rsi_reversion,DOT-USDT,1d,21.0,20.0,60.0,-99.5,-11.644,-99.5,9.4,0.02,32,6.2,-1.0,,,,,,,,,,,,,,
rsi_reversion,DOT-USDT,1d,21.0,20.0,65.0,-99.24,-15.02,-99.24,3.8,0.01,26,5.1,-1.0,,,,,,,,,,,,,,
rsi_reversion,DOT-USDT,1d,21.0,20.0,70.0,-98.17,-18.016,-98.17,0.0,0.0,19,4.5,-1.0,,,,,,,,,,,,,,
rsi_reversion,DOT-USDT,1d,21.0,20.0,75.0,-79.91,-25.729,-79.91,0.0,0.0,16,2.4,-1.0,,,,,,,,,,,,,,
rsi_reversion,DOT-USDT,1d,21.0,20.0,80.0,-44.49,-16.207,-44.49,10.0,0.02,10,1.6,-1.0,,,,,,,,,,,,,,
rsi_reversion,DOT-USDT,1d,21.0,25.0,60.0,-99.57,-10.847,-99.58,18.4,0.03,38,5.8,-1.0,,,,,,,,,,,,,,
rsi_reversion,DOT-USDT,1d,21.0,25.0,65.0,-99.34,-13.426,-99.36,15.6,0.02,32,4.8,-1.0,,,,,,,,,,,,,,
rsi_reversion,DOT-USDT,1d,21.0,25.0,70.0,-98.42,-15.106,-98.46,16.0,0.02,25,4.3,-1.0,,,,,,,,,,,,,,
rsi_reversion,DOT-USDT,1d,21.0,25.0,75.0,-82.69,-19.583,-83.11,18.2,0.04,22,2.7,-1.0,,,,,,,,,,,,,,
rsi_reversion,DOT-USDT,1d,21.0,25.0,80.0,-52.18,-13.216,-53.33,31.2,0.1,16,2.4,-0.98,,,,,,,,,,,,,,
rsi_reversion,DOT-USDT,1d,21.0,30.0,60.0,-99.9,-11.111,-99.9,12.5,0.03,64,4.8,-1.0,,,,,,,,,,,,,,
rsi_reversion,DOT-USDT,1d,21.0,30.0,65.0,-99.85,-12.854,-99.85,10.3,0.02,58,4.2,-1.0,,,,,,,,,,,,,,
rsi_reversion,DOT-USDT,1d,21.0,30.0,70.0,-99.64,-13.847,-99.64,9.8,0.02,51,3.8,-1.0,,,,,,,,,,,,,,
rsi_reversion,DOT-USDT,1d,21.0,30.0,75.0,-96.09,-19.036,-96.09,10.4,0.03,48,3.1,-1.0,,,,,,,,,,,,,,
rsi_reversion,DOT-USDT,1d,21.0,30.0,80.0,-89.21,-16.65,-89.21,14.3,0.04,42,3.0,-1.0,,,,,,,,,,,,,,
rsi_reversion,DOT-USDT,1d,21.0,35.0,60.0,-99.96,-11.454,-99.96,12.2,0.03,74,5.8,-1.0,,,,,,,,,,,,,,
rsi_reversion,DOT-USDT,1d,21.0,35.0,65.0,-99.94,-13.014,-99.94,10.3,0.02,68,5.3,-1.0,,,,,,,,,,,,,,
rsi_reversion,DOT-USDT,1d,21.0,35.0,70.0,-99.87,-13.891,-99.87,9.8,0.02,61,5.2,-1.0,,,,,,,,,,,,,,
rsi_reversion,DOT-USDT,1d,21.0,35.0,75.0,-98.53,-16.942,-98.53,10.3,0.03,58,4.6,-1.0,,,,,,,,,,,,,,
rsi_reversion,DOT-USDT,1d,21.0,35.0,80.0,-95.94,-14.704,-95.94,13.5,0.05,52,4.7,-1.0,,,,,,,,,,,,,,
macd_crossover,DOT-USDT,1d,,,,29015.61,17.199,-1.47,91.4,74.63,139,1.0,19735.01,6.0,20.0,5.0,,,,,,,,,,,
macd_crossover,DOT-USDT,1d,,,,6178.73,16.862,-3.32,87.4,30.14,111,1.0,1858.6,6.0,20.0,7.0,,,,,,,,,,,
macd_crossover,DOT-USDT,1d,,,,4683.13,17.511,-2.59,88.7,38.57,97,1.0,1805.93,6.0,20.0,9.0,,,,,,,,,,,
macd_crossover,DOT-USDT,1d,,,,2374.83,15.898,-2.86,87.4,28.33,87,1.0,829.81,6.0,20.0,11.0,,,,,,,,,,,
macd_crossover,DOT-USDT,1d,,,,14388.92,18.113,-2.51,90.4,49.79,135,1.0,5743.11,6.0,23.0,5.0,,,,,,,,,,,
macd_crossover,DOT-USDT,1d,,,,5600.24,16.403,-2.27,86.5,31.2,111,1.0,2469.39,6.0,23.0,7.0,,,,,,,,,,,
macd_crossover,DOT-USDT,1d,,,,2775.94,15.557,-5.12,88.2,22.37,93,1.0,542.29,6.0,23.0,9.0,,,,,,,,,,,
macd_crossover,DOT-USDT,1d,,,,3342.66,15.913,-2.38,87.4,34.78,95,1.0,1406.7,6.0,23.0,11.0,,,,,,,,,,,
macd_crossover,DOT-USDT,1d,,,,14188.36,18.628,-2.51,89.1,47.84,129,1.0,5663.07,6.0,26.0,5.0,,,,,,,,,,,
macd_crossover,DOT-USDT,1d,,,,5479.63,17.425,-2.59,89.3,33.43,103,1.0,2113.08,6.0,26.0,7.0,,,,,,,,,,,
macd_crossover,DOT-USDT,1d,,,,3323.22,16.632,-2.38,88.4,45.26,95,1.0,1398.52,6.0,26.0,9.0,,,,,,,,,,,
macd_crossover,DOT-USDT,1d,,,,2404.44,15.738,-2.38,87.4,30.34,87,1.0,1011.87,6.0,26.0,11.0,,,,,,,,,,,
macd_crossover,DOT-USDT,1d,,,,13334.29,17.923,-2.51,88.0,45.32,133,1.0,5322.18,6.0,29.0,5.0,,,,,,,,,,,
macd_crossover,DOT-USDT,1d,,,,5284.89,17.384,-2.59,88.1,35.41,101,1.0,2037.98,6.0,29.0,7.0,,,,,,,,,,,
macd_crossover,DOT-USDT,1d,,,,3924.55,17.157,-2.38,90.1,47.63,91,1.0,1651.58,6.0,29.0,9.0,,,,,,,,,,,
macd_crossover,DOT-USDT,1d,,,,2672.3,16.247,-2.38,89.7,36.11,87,1.0,1124.59,6.0,29.0,11.0,,,,,,,,,,,
macd_crossover,DOT-USDT,1d,,,,10602.21,17.658,-2.5,88.2,45.95,127,1.0,4238.42,6.0,32.0,5.0,,,,,,,,,,,
macd_crossover,DOT-USDT,1d,,,,5679.37,17.507,-2.86,89.5,41.04,105,1.0,1984.48,6.0,32.0,7.0,,,,,,,,,,,
macd_crossover,DOT-USDT,1d,,,,2876.98,16.619,-2.38,89.7,40.3,87,1.0,1210.73,6.0,32.0,9.0,,,,,,,,,,,
macd_crossover,DOT-USDT,1d,,,,2811.43,17.257,-3.08,90.4,46.94,83,1.0,913.33,6.0,32.0,11.0,,,,,,,,,,,
macd_crossover,DOT-USDT,1d,,,,11342.88,18.424,-2.0,90.4,68.15,125,1.0,5674.7,6.0,35.0,5.0,,,,,,,,,,,
macd_crossover,DOT-USDT,1d,,,,6091.35,18.367,-2.03,92.8,69.97,97,1.0,2993.8,6.0,35.0,7.0,,,,,,,,,,,
macd_crossover,DOT-USDT,1d,,,,2735.02,16.097,-2.38,87.4,35.01,87,1.0,1150.99,6.0,35.0,9.0,,,,,,,,,,,
macd_crossover,DOT-USDT,1d,,,,2929.31,17.639,-3.08,90.1,42.92,81,1.0,951.63,6.0,35.0,11.0,,,,,,,,,,,
macd_crossover,DOT-USDT,1d,,,,7227.99,17.348,-3.32,87.6,29.99,113,1.0,2174.23,8.0,20.0,5.0,,,,,,,,,,,
macd_crossover,DOT-USDT,1d,,,,2827.03,15.395,-5.12,84.2,17.78,95,1.0,552.27,8.0,20.0,7.0,,,,,,,,,,,
macd_crossover,DOT-USDT,1d,,,,2947.17,14.714,-2.38,86.5,34.89,89,1.0,1240.27,8.0,20.0,9.0,,,,,,,,,,,
macd_crossover,DOT-USDT,1d,,,,3083.37,15.089,-2.16,89.7,46.97,87,1.0,1426.34,8.0,20.0,11.0,,,,,,,,,,,
macd_crossover,DOT-USDT,1d,,,,6350.49,16.2,-2.5,85.5,26.88,117,1.0,2538.72,8.0,23.0,5.0,,,,,,,,,,,
macd_crossover,DOT-USDT,1d,,,,2166.33,14.553,-5.12,85.7,16.5,91,1.0,423.2,8.0,23.0,7.0,,,,,,,,,,,
macd_crossover,DOT-USDT,1d,,,,3493.5,15.235,-2.38,88.8,39.36,89,1.0,1470.18,8.0,23.0,9.0,,,,,,,,,,,
macd_crossover,DOT-USDT,1d,,,,2878.31,15.184,-2.16,87.1,36.11,85,1.0,1331.48,8.0,23.0,11.0,,,,,,,,,,,
macd_crossover,DOT-USDT,1d,,,,6725.06,17.495,-2.59,88.1,31.51,109,1.0,2593.35,8.0,26.0,5.0,,,,,,,,,,,
macd_crossover,DOT-USDT,1d,,,,2998.97,16.324,-2.38,87.4,37.14,95,1.0,1262.07,8.0,26.0,7.0,,,,,,,,,,,
macd_crossover,DOT-USDT,1d,,,,3320.5,15.324,-2.38,90.8,41.15,87,1.0,1397.38,8.0,26.0,9.0,,,,,,,,,,,
macd_crossover,DOT-USDT,1d,,,,3178.32,16.408,-2.16,88.6,44.05,79,1.0,1470.27,8.0,26.0,11.0,,,,,,,,,,,
macd_crossover,DOT-USDT,1d,,,,6878.87,17.835,-2.59,89.9,37.94,109,1.0,2652.66,8.0,29.0,5.0,,,,,,,,,,,
macd_crossover,DOT-USDT,1d,,,,3847.06,17.097,-2.38,90.1,47.65,91,1.0,1618.97,8.0,29.0,7.0,,,,,,,,,,,
macd_crossover,DOT-USDT,1d,,,,3284.01,15.096,-3.08,87.4,34.94,87,1.0,1066.86,8.0,29.0,9.0,,,,,,,,,,,
macd_crossover,DOT-USDT,1d,,,,2443.39,15.391,-3.95,86.7,26.33,75,1.0,619.3,8.0,29.0,11.0,,,,,,,,,,,
macd_crossover,DOT-USDT,1d,,,,6557.48,17.684,-2.59,89.0,37.21,109,1.0,2528.73,8.0,32.0,5.0,,,,,,,,,,,
macd_crossover,DOT-USDT,1d,,,,2637.38,16.007,-2.38,87.4,34.64,87,1.0,1109.9,8.0,32.0,7.0,,,,,,,,,,,
macd_crossover,DOT-USDT,1d,,,,2806.46,15.637,-4.57,89.9,30.32,79,1.0,613.45,8.0,32.0,9.0,,,,,,,,,,,
macd_crossover,DOT-USDT,1d,,,,2874.19,15.853,-3.95,89.6,29.26,77,1.0,728.5,8.0,32.0,11.0,,,,,,,,,,,
macd_crossover,DOT-USDT,1d,,,,8107.1,18.257,-2.03,91.6,75.1,107,1.0,3984.51,8.0,35.0,5.0,,,,,,,,,,,
macd_crossover,DOT-USDT,1d,,,,2723.58,16.074,-2.38,87.4,34.97,87,1.0,1146.17,8.0,35.0,7.0,,,,,,,,,,,
macd_crossover,DOT-USDT,1d,,,,2755.53,15.972,-2.16,90.9,43.83,77,1.0,1274.69,8.0,35.0,9.0,,,,,,,,,,,
macd_crossover,DOT-USDT,1d,,,,2311.39,14.937,-3.39,86.7,24.97,75,1.0,682.28,8.0,35.0,11.0,,,,,,,,,,,
macd_crossover,DOT-USDT,1d,,,,5387.08,17.882,-2.59,89.9,38.86,99,1.0,2077.39,10.0,20.0,5.0,,,,,,,,,,,
macd_crossover,DOT-USDT,1d,,,,2294.08,15.591,-2.38,86.5,31.62,89,1.0,965.43,10.0,20.0,7.0,,,,,,,,,,,
macd_crossover,DOT-USDT,1d,,,,2674.28,14.971,-2.16,90.6,47.84,85,1.0,1237.1,10.0,20.0,9.0,,,,,,,,,,,
macd_crossover,DOT-USDT,1d,,,,2741.87,15.511,-4.57,87.7,26.51,81,1.0,599.33,10.0,20.0,11.0,,,,,,,,,,,
macd_crossover,DOT-USDT,1d,,,,3822.35,16.301,-5.12,86.9,25.55,99,1.0,746.71,10.0,23.0,5.0,,,,,,,,,,,
macd_crossover,DOT-USDT,1d,,,,2704.08,16.067,-2.38,88.8,36.49,89,1.0,1137.97,10.0,23.0,7.0,,,,,,,,,,,
macd_crossover,DOT-USDT,1d,,,,3003.38,15.57,-2.75,89.2,34.24,83,1.0,1090.98,10.0,23.0,9.0,,,,,,,,,,,
macd_crossover,DOT-USDT,1d,,,,2216.27,15.192,-3.95,88.0,25.07,75,1.0,561.74,10.0,23.0,11.0,,,,,,,,,,,
macd_crossover,DOT-USDT,1d,,,,3464.99,16.593,-5.12,89.5,33.06,95,1.0,676.9,10.0,26.0,5.0,,,,,,,,,,,
macd_crossover,DOT-USDT,1d,,,,2641.02,16.284,-2.38,89.7,35.98,87,1.0,1111.43,10.0,26.0,7.0,,,,,,,,,,,
macd_crossover,DOT-USDT,1d,,,,2609.55,15.926,-2.16,87.0,33.51,77,1.0,1207.16,10.0,26.0,9.0,,,,,,,,,,,
macd_crossover,DOT-USDT,1d,,,,2060.96,15.006,-2.45,89.0,27.94,73,1.0,842.83,10.0,26.0,11.0,,,,,,,,,,,
macd_crossover,DOT-USDT,1d,,,,4032.47,17.408,-2.38,91.2,60.26,91,1.0,1697.0,10.0,29.0,5.0,,,,,,,,,,,
macd_crossover,DOT-USDT,1d,,,,2666.7,16.149,-3.08,87.4,32.29,87,1.0,866.32,10.0,29.0,7.0,,,,,,,,,,,
macd_crossover,DOT-USDT,1d,,,,2691.42,15.673,-3.95,89.6,28.99,77,1.0,682.17,10.0,29.0,9.0,,,,,,,,,,,
macd_crossover,DOT-USDT,1d,,,,2117.56,15.187,-3.39,89.0,27.71,73,1.0,625.06,10.0,29.0,11.0,,,,,,,,,,,
macd_crossover,DOT-USDT,1d,,,,3449.8,17.025,-2.38,89.9,51.79,89,1.0,1451.79,10.0,32.0,5.0,,,,,,,,,,,
macd_crossover,DOT-USDT,1d,,,,2512.04,16.947,-3.08,88.9,32.97,81,1.0,816.07,10.0,32.0,7.0,,,,,,,,,,,
macd_crossover,DOT-USDT,1d,,,,2700.7,15.814,-3.95,89.3,28.78,75,1.0,684.52,10.0,32.0,9.0,,,,,,,,,,,
macd_crossover,DOT-USDT,1d,,,,1999.37,15.076,-2.45,89.0,33.21,73,1.0,817.65,10.0,32.0,11.0,,,,,,,,,,,
macd_crossover,DOT-USDT,1d,,,,3440.26,16.614,-2.38,86.8,32.82,91,1.0,1447.78,10.0,35.0,5.0,,,,,,,,,,,
macd_crossover,DOT-USDT,1d,,,,2851.57,18.005,-3.08,92.4,57.15,79,1.0,926.37,10.0,35.0,7.0,,,,,,,,,,,
macd_crossover,DOT-USDT,1d,,,,2296.01,14.902,-3.39,86.7,24.9,75,1.0,677.74,10.0,35.0,9.0,,,,,,,,,,,
macd_crossover,DOT-USDT,1d,,,,1916.38,14.683,-3.5,85.9,21.86,71,1.0,547.42,10.0,35.0,11.0,,,,,,,,,,,
macd_crossover,DOT-USDT,1d,,,,2810.3,15.346,-5.12,87.4,21.86,95,1.0,549.0,12.0,20.0,5.0,,,,,,,,,,,
macd_crossover,DOT-USDT,1d,,,,3124.79,14.72,-2.38,87.6,35.86,89,1.0,1315.02,12.0,20.0,7.0,,,,,,,,,,,
macd_crossover,DOT-USDT,1d,,,,2640.9,15.293,-4.57,86.4,25.21,81,1.0,577.26,12.0,20.0,9.0,,,,,,,,,,,
macd_crossover,DOT-USDT,1d,,,,2023.37,14.878,-3.95,89.0,21.82,73,1.0,512.85,12.0,20.0,11.0,,,,,,,,,,,
macd_crossover,DOT-USDT,1d,,,,3590.31,17.111,-2.38,90.5,50.53,95,1.0,1510.92,12.0,23.0,5.0,,,,,,,,,,,
macd_crossover,DOT-USDT,1d,,,,3029.02,15.213,-2.2,88.2,42.54,85,1.0,1379.84,12.0,23.0,7.0,,,,,,,,,,,
macd_crossover,DOT-USDT,1d,,,,2196.93,15.129,-3.95,86.7,24.31,75,1.0,556.84,12.0,23.0,9.0,,,,,,,,,,,
macd_crossover,DOT-USDT,1d,,,,2059.1,15.088,-2.45,89.0,31.02,73,1.0,842.08,12.0,23.0,11.0,,,,,,,,,,,
macd_crossover,DOT-USDT,1d,,,,3332.01,17.359,-2.38,90.8,46.21,87,1.0,1402.22,12.0,26.0,5.0,,,,,,,,,,,
macd_crossover,DOT-USDT,1d,,,,2899.27,15.802,-4.57,88.6,29.22,79,1.0,633.74,12.0,26.0,7.0,,,,,,,,,,,
macd_crossover,DOT-USDT,1d,,,,1973.51,14.669,-6.29,87.7,21.05,73,1.0,313.55,12.0,26.0,9.0,,,,,,,,,,,
macd_crossover,DOT-USDT,1d,,,,1621.8,14.09,-4.74,88.7,23.31,71,1.0,342.07,12.0,26.0,11.0,,,,,,,,,,,
macd_crossover,DOT-USDT,1d,,,,2900.24,16.41,-2.38,88.5,34.97,87,1.0,1220.52,12.0,29.0,5.0,,,,,,,,,,,
macd_crossover,DOT-USDT,1d,,,,2804.13,16.009,-2.16,88.3,39.39,77,1.0,1297.17,12.0,29.0,7.0,,,,,,,,,,,
macd_crossover,DOT-USDT,1d,,,,2089.72,15.08,-3.39,89.0,25.15,73,1.0,616.85,12.0,29.0,9.0,,,,,,,,,,,
macd_crossover,DOT-USDT,1d,,,,1469.84,13.343,-3.5,83.1,13.55,71,1.0,419.86,12.0,29.0,11.0,,,,,,,,,,,
macd_crossover,DOT-USDT,1d,,,,2770.21,16.444,-2.38,88.2,36.21,85,1.0,1165.8,12.0,32.0,5.0,,,,,,,,,,,
macd_crossover,DOT-USDT,1d,,,,2465.53,15.401,-3.95,86.7,25.52,75,1.0,624.92,12.0,32.0,7.0,,,,,,,,,,,
macd_crossover,DOT-USDT,1d,,,,1936.47,14.542,-2.73,88.0,26.04,75,1.0,709.13,12.0,32.0,9.0,,,,,,,,,,,
macd_crossover,DOT-USDT,1d,,,,1202.48,12.985,-8.04,82.6,13.12,69,1.0,149.5,12.0,32.0,11.0,,,,,,,,,,,
macd_crossover,DOT-USDT,1d,,,,2574.37,16.633,-3.08,88.0,36.44,83,1.0,836.32,12.0,35.0,5.0,,,,,,,,,,,
macd_crossover,DOT-USDT,1d,,,,3077.14,16.219,-2.65,89.6,51.1,77,1.0,1163.33,12.0,35.0,7.0,,,,,,,,,,,
macd_crossover,DOT-USDT,1d,,,,2125.22,15.365,-3.03,88.7,28.94,71,1.0,702.17,12.0,35.0,9.0,,,,,,,,,,,
macd_crossover,DOT-USDT,1d,,,,1115.96,12.904,-9.19,81.5,12.28,65,1.0,121.38,12.0,35.0,11.0,,,,,,,,,,,
macd_crossover,DOT-USDT,1d,,,,3072.74,16.393,-2.38,87.4,33.25,95,1.0,1293.11,14.0,20.0,5.0,,,,,,,,,,,
macd_crossover,DOT-USDT,1d,,,,2948.0,15.34,-2.16,88.2,38.85,85,1.0,1363.72,14.0,20.0,7.0,,,,,,,,,,,
macd_crossover,DOT-USDT,1d,,,,2356.1,15.588,-3.95,89.3,26.15,75,1.0,597.18,14.0,20.0,9.0,,,,,,,,,,,
macd_crossover,DOT-USDT,1d,,,,2004.9,14.901,-3.39,89.0,29.3,73,1.0,591.81,14.0,20.0,11.0,,,,,,,,,,,
macd_crossover,DOT-USDT,1d,,,,2823.27,16.574,-2.38,89.7,35.51,87,1.0,1188.13,14.0,23.0,5.0,,,,,,,,,,,
macd_crossover,DOT-USDT,1d,,,,2952.01,16.362,-2.16,88.6,43.13,79,1.0,1365.58,14.0,23.0,7.0,,,,,,,,,,,
macd_crossover,DOT-USDT,1d,,,,2085.36,15.079,-2.45,89.0,28.03,73,1.0,852.81,14.0,23.0,9.0,,,,,,,,,,,
macd_crossover,DOT-USDT,1d,,,,1505.19,13.576,-4.74,84.5,17.11,71,1.0,317.48,14.0,23.0,11.0,,,,,,,,,,,
macd_crossover,DOT-USDT,1d,,,,2676.66,16.6,-2.38,90.6,38.89,85,1.0,1126.43,14.0,26.0,5.0,,,,,,,,,,,
macd_crossover,DOT-USDT,1d,,,,2783.68,15.814,-3.95,89.6,29.26,77,1.0,705.56,14.0,26.0,7.0,,,,,,,,,,,
macd_crossover,DOT-USDT,1d,,,,1955.64,14.814,-2.73,89.0,26.4,73,1.0,716.15,14.0,26.0,9.0,,,,,,,,,,,
macd_crossover,DOT-USDT,1d,,,,1225.84,12.475,-8.04,81.7,11.49,71,1.0,152.4,14.0,26.0,11.0,,,,,,,,,,,
macd_crossover,DOT-USDT,1d,,,,2962.24,17.605,-3.08,91.4,46.61,81,1.0,962.33,14.0,29.0,5.0,,,,,,,,,,,
macd_crossover,DOT-USDT,1d,,,,2424.92,15.591,-2.65,89.0,31.55,73,1.0,916.76,14.0,29.0,7.0,,,,,,,,,,,
macd_crossover,DOT-USDT,1d,,,,1779.8,14.61,-3.5,85.9,21.74,71,1.0,508.4,14.0,29.0,9.0,,,,,,,,,,,
macd_crossover,DOT-USDT,1d,,,,996.26,12.329,-8.04,80.6,11.97,67,1.0,123.86,14.0,29.0,11.0,,,,,,,,,,,
macd_crossover,DOT-USDT,1d,,,,3339.25,18.159,-3.08,91.6,48.77,83,1.0,1084.8,14.0,32.0,5.0,,,,,,,,,,,
macd_crossover,DOT-USDT,1d,,,,2040.44,14.657,-3.39,84.9,22.56,73,1.0,602.3,14.0,32.0,7.0,,,,,,,,,,,
macd_crossover,DOT-USDT,1d,,,,1159.85,12.792,-8.04,82.6,11.74,69,1.0,144.2,14.0,32.0,9.0,,,,,,,,,,,
macd_crossover,DOT-USDT,1d,,,,737.4,11.487,-6.79,79.1,9.9,67,1.0,108.57,14.0,32.0,11.0,,,,,,,,,,,
macd_crossover,DOT-USDT,1d,,,,3799.36,18.423,-3.08,91.8,46.29,85,1.0,1234.28,14.0,35.0,5.0,,,,,,,,,,,
macd_crossover,DOT-USDT,1d,,,,2320.16,15.355,-2.65,87.7,33.8,73,1.0,877.15,14.0,35.0,7.0,,,,,,,,,,,
macd_crossover,DOT-USDT,1d,,,,1375.43,12.905,-9.37,80.3,11.59,71,1.0,146.72,14.0,35.0,9.0,,,,,,,,,,,
macd_crossover,DOT-USDT,1d,,,,1374.07,13.029,-8.77,80.8,11.12,73,1.0,156.73,14.0,35.0,11.0,,,,,,,,,,,
bb_reversion,DOT-USDT,1d,15.0,,,-100.0,-24.215,-100.0,0.0,0.0,106,2.7,-1.0,,,,1.5,,,,,,,,,,
bb_reversion,DOT-USDT,1d,15.0,,,-99.9,-24.74,-99.9,0.0,0.0,56,1.7,-1.0,,,,2.0,,,,,,,,,,
bb_reversion,DOT-USDT,1d,15.0,,,-95.9,-32.161,-95.9,0.0,0.0,20,1.1,-1.0,,,,2.5,,,,,,,,,,
bb_reversion,DOT-USDT,1d,15.0,,,-69.54,-45.502,-69.54,0.0,0.0,4,1.0,-1.0,,,,3.0,,,,,,,,,,
bb_reversion,DOT-USDT,1d,17.0,,,-100.0,-23.829,-100.0,0.0,0.0,106,2.7,-1.0,,,,1.5,,,,,,,,,,
bb_reversion,DOT-USDT,1d,17.0,,,-99.9,-24.807,-99.9,0.0,0.0,56,1.8,-1.0,,,,2.0,,,,,,,,,,
bb_reversion,DOT-USDT,1d,17.0,,,-95.79,-28.926,-95.79,0.0,0.0,19,1.4,-1.0,,,,2.5,,,,,,,,,,
bb_reversion,DOT-USDT,1d,17.0,,,-65.22,-28.328,-65.22,0.0,0.0,5,1.0,-1.0,,,,3.0,,,,,,,,,,
bb_reversion,DOT-USDT,1d,19.0,,,-100.0,-25.235,-100.0,0.0,0.0,98,3.0,-1.0,,,,1.5,,,,,,,,,,
bb_reversion,DOT-USDT,1d,19.0,,,-99.9,-25.809,-99.9,0.0,0.0,55,1.9,-1.0,,,,2.0,,,,,,,,,,
bb_reversion,DOT-USDT,1d,19.0,,,-96.48,-25.027,-96.48,0.0,0.0,22,1.5,-1.0,,,,2.5,,,,,,,,,,
bb_reversion,DOT-USDT,1d,19.0,,,-75.61,-30.599,-75.61,0.0,0.0,7,1.1,-1.0,,,,3.0,,,,,,,,,,
bb_reversion,DOT-USDT,1d,21.0,,,-100.0,-23.067,-100.0,1.0,0.0,96,3.2,-1.0,,,,1.5,,,,,,,,,,
bb_reversion,DOT-USDT,1d,21.0,,,-99.91,-24.95,-99.91,0.0,0.0,60,1.8,-1.0,,,,2.0,,,,,,,,,,
bb_reversion,DOT-USDT,1d,21.0,,,-96.31,-27.578,-96.31,0.0,0.0,21,1.6,-1.0,,,,2.5,,,,,,,,,,
bb_reversion,DOT-USDT,1d,21.0,,,-79.84,-32.073,-79.84,0.0,0.0,8,1.2,-1.0,,,,3.0,,,,,,,,,,
bb_reversion,DOT-USDT,1d,23.0,,,-100.0,-22.109,-100.0,0.0,0.0,92,3.4,-1.0,,,,1.5,,,,,,,,,,
bb_reversion,DOT-USDT,1d,23.0,,,-99.9,-26.119,-99.9,0.0,0.0,61,1.9,-1.0,,,,2.0,,,,,,,,,,
bb_reversion,DOT-USDT,1d,23.0,,,-95.7,-32.441,-95.7,0.0,0.0,16,1.9,-1.0,,,,2.5,,,,,,,,,,
bb_reversion,DOT-USDT,1d,23.0,,,-83.19,-36.298,-83.19,0.0,0.0,8,1.1,-1.0,,,,3.0,,,,,,,,,,
bb_reversion,DOT-USDT,1d,25.0,,,-100.0,-18.737,-100.0,0.0,0.0,84,3.7,-1.0,,,,1.5,,,,,,,,,,
bb_reversion,DOT-USDT,1d,25.0,,,-99.9,-23.985,-99.9,0.0,0.0,55,2.2,-1.0,,,,2.0,,,,,,,,,,
bb_reversion,DOT-USDT,1d,25.0,,,-95.68,-32.035,-95.68,0.0,0.0,17,1.8,-1.0,,,,2.5,,,,,,,,,,
bb_reversion,DOT-USDT,1d,25.0,,,-71.84,-39.637,-71.84,0.0,0.0,6,1.2,-1.0,,,,3.0,,,,,,,,,,
ema_crossover,DOT-USDT,1d,,,,4366.82,7.477,-16.59,56.7,6.65,60,18.2,263.26,5.0,25.0,,,,,,,,,,,,
ema_crossover,DOT-USDT,1d,,,,5035.2,9.393,-14.55,63.5,8.83,52,21.0,346.05,5.0,30.0,,,,,,,,,,,,
ema_crossover,DOT-USDT,1d,,,,4694.32,9.686,-14.55,62.5,10.61,48,22.8,322.63,5.0,35.0,,,,,,,,,,,,
ema_crossover,DOT-USDT,1d,,,,2367.75,8.652,-18.58,54.5,6.91,44,24.8,127.42,5.0,40.0,,,,,,,,,,,,
ema_crossover,DOT-USDT,1d,,,,2378.86,9.58,-10.57,57.1,8.57,42,26.0,224.95,5.0,45.0,,,,,,,,,,,,
ema_crossover,DOT-USDT,1d,,,,2265.01,9.804,-15.35,62.5,9.77,40,27.3,147.58,5.0,50.0,,,,,,,,,,,,
ema_crossover,DOT-USDT,1d,,,,1996.67,8.041,-24.52,56.8,5.06,44,24.8,81.44,8.0,25.0,,,,,,,,,,,,
ema_crossover,DOT-USDT,1d,,,,1618.32,8.354,-19.57,54.5,5.15,44,24.8,82.69,8.0,30.0,,,,,,,,,,,,
ema_crossover,DOT-USDT,1d,,,,1155.48,7.502,-21.74,50.0,4.33,42,26.0,53.16,8.0,35.0,,,,,,,,,,,,
ema_crossover,DOT-USDT,1d,,,,1137.2,7.741,-32.69,52.5,4.31,40,27.3,34.79,8.0,40.0,,,,,,,,,,,,
ema_crossover,DOT-USDT,1d,,,,1076.74,8.583,-32.69,52.9,4.65,34,32.1,32.94,8.0,45.0,,,,,,,,,,,,
ema_crossover,DOT-USDT,1d,,,,791.24,7.997,-35.87,50.0,4.59,30,36.4,22.06,8.0,50.0,,,,,,,,,,,,
ema_crossover,DOT-USDT,1d,,,,1150.72,7.708,-27.19,54.8,4.07,42,26.0,42.32,11.0,25.0,,,,,,,,,,,,
ema_crossover,DOT-USDT,1d,,,,1011.86,7.446,-30.48,60.0,3.88,40,27.3,33.2,11.0,30.0,,,,,,,,,,,,
ema_crossover,DOT-USDT,1d,,,,750.91,7.301,-24.31,50.0,3.72,38,28.8,30.88,11.0,35.0,,,,,,,,,,,,
ema_crossover,DOT-USDT,1d,,,,1056.96,8.568,-20.82,58.8,4.94,34,32.1,50.76,11.0,40.0,,,,,,,,,,,,
ema_crossover,DOT-USDT,1d,,,,1011.39,9.528,-19.9,53.8,6.58,26,42.0,50.82,11.0,45.0,,,,,,,,,,,,
ema_crossover,DOT-USDT,1d,,,,870.61,9.179,-21.41,57.7,5.8,26,42.0,40.67,11.0,50.0,,,,,,,,,,,,
ema_crossover,DOT-USDT,1d,,,,920.67,7.429,-27.69,52.6,3.84,38,28.8,33.25,14.0,25.0,,,,,,,,,,,,
ema_crossover,DOT-USDT,1d,,,,558.66,6.977,-26.38,50.0,3.29,34,32.1,21.17,14.0,30.0,,,,,,,,,,,,
ema_crossover,DOT-USDT,1d,,,,886.65,8.071,-24.89,55.9,4.19,34,32.1,35.63,14.0,35.0,,,,,,,,,,,,
ema_crossover,DOT-USDT,1d,,,,1133.06,9.953,-18.0,57.1,6.39,28,39.0,62.96,14.0,40.0,,,,,,,,,,,,
ema_crossover,DOT-USDT,1d,,,,898.56,9.705,-27.44,58.3,6.06,24,45.5,32.75,14.0,45.0,,,,,,,,,,,,
ema_crossover,DOT-USDT,1d,,,,681.57,9.114,-27.44,58.3,4.95,24,45.5,24.84,14.0,50.0,,,,,,,,,,,,
ema_crossover,DOT-USDT,1d,,,,890.83,7.985,-26.37,55.9,4.19,34,32.1,33.78,17.0,25.0,,,,,,,,,,,,
ema_crossover,DOT-USDT,1d,,,,807.2,7.82,-20.75,58.8,4.06,34,32.1,38.91,17.0,30.0,,,,,,,,,,,,
ema_crossover,DOT-USDT,1d,,,,647.09,7.776,-29.53,50.0,3.71,30,36.4,21.91,17.0,35.0,,,,,,,,,,,,
ema_crossover,DOT-USDT,1d,,,,663.12,9.622,-34.3,50.0,4.93,20,54.6,19.34,17.0,40.0,,,,,,,,,,,,
ema_crossover,DOT-USDT,1d,,,,578.88,9.383,-36.61,55.0,4.52,20,54.6,15.81,17.0,45.0,,,,,,,,,,,,
ema_crossover,DOT-USDT,1d,,,,336.57,7.701,-38.5,55.0,3.81,20,54.6,8.74,17.0,50.0,,,,,,,,,,,,
ema_crossover,DOT-USDT,1d,,,,681.64,7.651,-23.03,53.1,3.78,32,34.2,29.6,20.0,25.0,,,,,,,,,,,,
ema_crossover,DOT-USDT,1d,,,,540.18,7.059,-37.13,50.0,3.2,32,34.2,14.55,20.0,30.0,,,,,,,,,,,,
ema_crossover,DOT-USDT,1d,,,,579.28,8.594,-40.16,50.0,4.14,22,49.7,14.42,20.0,35.0,,,,,,,,,,,,
ema_crossover,DOT-USDT,1d,,,,520.57,9.2,-39.89,55.0,4.32,20,54.6,13.05,20.0,40.0,,,,,,,,,,,,
ema_crossover,DOT-USDT,1d,,,,324.53,7.974,-43.1,50.0,3.73,18,60.7,7.53,20.0,45.0,,,,,,,,,,,,
ema_crossover,DOT-USDT,1d,,,,317.73,8.693,-41.74,56.2,4.12,16,68.3,7.61,20.0,50.0,,,,,,,,,,,,
stoch_rsi,DOT-USDT,1d,7.0,15.0,75.0,118.86,4.404,-25.79,57.9,1.87,107,1.0,4.61,,,,,3.0,3.0,,,,,,,,
stoch_rsi,DOT-USDT,1d,7.0,15.0,80.0,65.44,3.284,-25.79,56.6,1.59,99,1.0,2.54,,,,,3.0,3.0,,,,,,,,
stoch_rsi,DOT-USDT,1d,7.0,15.0,85.0,17.29,1.405,-26.77,52.3,1.22,88,1.0,0.65,,,,,3.0,3.0,,,,,,,,
stoch_rsi,DOT-USDT,1d,7.0,20.0,75.0,133.16,4.429,-23.39,57.8,1.86,116,1.0,5.69,,,,,3.0,3.0,,,,,,,,
stoch_rsi,DOT-USDT,1d,7.0,20.0,80.0,76.25,3.399,-23.39,56.5,1.6,108,1.0,3.26,,,,,3.0,3.0,,,,,,,,
stoch_rsi,DOT-USDT,1d,7.0,20.0,85.0,24.95,1.704,-24.4,52.6,1.27,97,1.0,1.02,,,,,3.0,3.0,,,,,,,,
stoch_rsi,DOT-USDT,1d,7.0,25.0,75.0,169.86,4.873,-23.39,58.7,2.0,121,1.0,7.26,,,,,3.0,3.0,,,,,,,,
stoch_rsi,DOT-USDT,1d,7.0,25.0,80.0,103.99,3.95,-23.39,57.5,1.74,113,1.0,4.45,,,,,3.0,3.0,,,,,,,,
stoch_rsi,DOT-USDT,1d,7.0,25.0,85.0,44.62,2.452,-24.4,53.9,1.41,102,1.0,1.83,,,,,3.0,3.0,,,,,,,,
stoch_rsi,DOT-USDT,1d,9.0,15.0,75.0,292.2,6.715,-12.24,68.7,2.45,115,1.0,23.87,,,,,3.0,3.0,,,,,,,,
stoch_rsi,DOT-USDT,1d,9.0,15.0,80.0,156.33,5.491,-12.24,67.0,2.07,103,1.0,12.77,,,,,3.0,3.0,,,,,,,,
stoch_rsi,DOT-USDT,1d,9.0,15.0,85.0,98.19,4.389,-11.51,64.9,1.8,94,1.0,8.53,,,,,3.0,3.0,,,,,,,,
stoch_rsi,DOT-USDT,1d,9.0,20.0,75.0,396.42,7.345,-11.51,69.8,2.66,126,1.0,34.46,,,,,3.0,3.0,,,,,,,,
stoch_rsi,DOT-USDT,1d,9.0,20.0,80.0,224.45,6.308,-11.51,68.4,2.3,114,1.0,19.51,,,,,3.0,3.0,,,,,,,,
stoch_rsi,DOT-USDT,1d,9.0,20.0,85.0,150.85,5.342,-11.51,66.7,2.03,105,1.0,13.11,,,,,3.0,3.0,,,,,,,,
stoch_rsi,DOT-USDT,1d,9.0,25.0,75.0,456.83,7.372,-11.51,69.2,2.71,133,1.0,39.71,,,,,3.0,3.0,,,,,,,,
stoch_rsi,DOT-USDT,1d,9.0,25.0,80.0,263.94,6.406,-11.51,67.8,2.36,121,1.0,22.94,,,,,3.0,3.0,,,,,,,,
stoch_rsi,DOT-USDT,1d,9.0,25.0,85.0,181.38,5.523,-11.51,66.1,2.11,112,1.0,15.77,,,,,3.0,3.0,,,,,,,,
stoch_rsi,DOT-USDT,1d,11.0,15.0,75.0,477.35,8.389,-9.29,70.4,3.36,108,1.0,51.39,,,,,3.0,3.0,,,,,,,,
stoch_rsi,DOT-USDT,1d,11.0,15.0,80.0,425.15,8.329,-9.29,69.3,3.35,101,1.0,45.77,,,,,3.0,3.0,,,,,,,,
stoch_rsi,DOT-USDT,1d,11.0,15.0,85.0,234.13,6.8,-14.58,67.4,2.74,92,1.0,16.06,,,,,3.0,3.0,,,,,,,,
stoch_rsi,DOT-USDT,1d,11.0,20.0,75.0,608.9,8.407,-9.29,67.8,3.37,118,1.0,65.55,,,,,3.0,3.0,,,,,,,,
stoch_rsi,DOT-USDT,1d,11.0,20.0,80.0,544.81,8.358,-9.29,66.7,3.36,111,1.0,58.65,,,,,3.0,3.0,,,,,,,,
stoch_rsi,DOT-USDT,1d,11.0,20.0,85.0,310.27,7.003,-13.72,64.7,2.82,102,1.0,22.61,,,,,3.0,3.0,,,,,,,,
stoch_rsi,DOT-USDT,1d,11.0,25.0,75.0,745.63,8.793,-9.29,68.5,3.54,124,1.0,80.27,,,,,3.0,3.0,,,,,,,,
stoch_rsi,DOT-USDT,1d,11.0,25.0,80.0,669.17,8.761,-9.29,67.5,3.54,117,1.0,72.04,,,,,3.0,3.0,,,,,,,,
stoch_rsi,DOT-USDT,1d,11.0,25.0,85.0,389.4,7.494,-13.72,65.7,3.01,108,1.0,28.37,,,,,3.0,3.0,,,,,,,,
stoch_rsi,DOT-USDT,1d,13.0,15.0,75.0,435.99,7.741,-16.94,68.2,3.36,110,1.0,25.74,,,,,3.0,3.0,,,,,,,,
stoch_rsi,DOT-USDT,1d,13.0,15.0,80.0,380.65,7.601,-16.94,67.0,3.31,103,1.0,22.47,,,,,3.0,3.0,,,,,,,,
stoch_rsi,DOT-USDT,1d,13.0,15.0,85.0,360.7,8.305,-16.94,66.7,3.88,93,1.0,21.3,,,,,3.0,3.0,,,,,,,,
stoch_rsi,DOT-USDT,1d,13.0,20.0,75.0,597.97,8.203,-16.94,68.9,3.59,119,1.0,35.31,,,,,3.0,3.0,,,,,,,,
stoch_rsi,DOT-USDT,1d,13.0,20.0,80.0,525.91,8.097,-16.94,67.9,3.56,112,1.0,31.05,,,,,3.0,3.0,,,,,,,,
stoch_rsi,DOT-USDT,1d,13.0,20.0,85.0,499.93,8.797,-16.94,67.6,4.15,102,1.0,29.52,,,,,3.0,3.0,,,,,,,,
stoch_rsi,DOT-USDT,1d,13.0,25.0,75.0,627.16,8.112,-16.94,69.4,3.51,124,1.0,37.03,,,,,3.0,3.0,,,,,,,,
stoch_rsi,DOT-USDT,1d,13.0,25.0,80.0,552.09,8.004,-16.94,68.4,3.48,117,1.0,32.6,,,,,3.0,3.0,,,,,,,,
stoch_rsi,DOT-USDT,1d,13.0,25.0,85.0,525.02,8.667,-16.94,68.2,4.01,107,1.0,31.0,,,,,3.0,3.0,,,,,,,,
stoch_rsi,DOT-USDT,1d,15.0,15.0,75.0,480.23,9.924,-7.82,67.6,3.93,102,1.0,61.44,,,,,3.0,3.0,,,,,,,,
stoch_rsi,DOT-USDT,1d,15.0,15.0,80.0,285.88,8.771,-10.29,67.0,3.35,91,1.0,27.77,,,,,3.0,3.0,,,,,,,,
stoch_rsi,DOT-USDT,1d,15.0,15.0,85.0,166.1,7.307,-13.07,64.2,2.79,81,1.0,12.7,,,,,3.0,3.0,,,,,,,,
stoch_rsi,DOT-USDT,1d,15.0,20.0,75.0,614.22,10.346,-9.35,69.4,4.07,111,1.0,65.72,,,,,3.0,3.0,,,,,,,,
stoch_rsi,DOT-USDT,1d,15.0,20.0,80.0,375.0,9.33,-10.29,69.0,3.53,100,1.0,36.43,,,,,3.0,3.0,,,,,,,,
stoch_rsi,DOT-USDT,1d,15.0,20.0,85.0,227.55,8.049,-10.29,66.7,3.02,90,1.0,22.11,,,,,3.0,3.0,,,,,,,,
stoch_rsi,DOT-USDT,1d,15.0,25.0,75.0,795.87,10.48,-9.35,70.1,4.3,117,1.0,85.15,,,,,3.0,3.0,,,,,,,,
stoch_rsi,DOT-USDT,1d,15.0,25.0,80.0,495.8,9.556,-10.29,69.8,3.79,106,1.0,48.17,,,,,3.0,3.0,,,,,,,,
stoch_rsi,DOT-USDT,1d,15.0,25.0,85.0,310.86,8.424,-10.29,67.7,3.3,96,1.0,30.2,,,,,3.0,3.0,,,,,,,,
stoch_rsi,DOT-USDT,1d,17.0,15.0,75.0,643.33,10.648,-15.04,72.2,4.32,97,1.0,42.79,,,,,3.0,3.0,,,,,,,,
stoch_rsi,DOT-USDT,1d,17.0,15.0,80.0,603.93,10.529,-15.04,71.6,4.23,95,1.0,40.17,,,,,3.0,3.0,,,,,,,,
stoch_rsi,DOT-USDT,1d,17.0,15.0,85.0,314.14,8.892,-15.04,68.2,3.36,85,1.0,20.89,,,,,3.0,3.0,,,,,,,,
stoch_rsi,DOT-USDT,1d,17.0,20.0,75.0,830.31,10.911,-15.94,72.9,4.55,107,1.0,52.09,,,,,3.0,3.0,,,,,,,,
stoch_rsi,DOT-USDT,1d,17.0,20.0,80.0,781.0,10.804,-15.94,72.4,4.46,105,1.0,48.99,,,,,3.0,3.0,,,,,,,,
stoch_rsi,DOT-USDT,1d,17.0,20.0,85.0,418.32,9.35,-15.94,69.5,3.62,95,1.0,26.24,,,,,3.0,3.0,,,,,,,,
stoch_rsi,DOT-USDT,1d,17.0,25.0,75.0,988.24,11.383,-15.94,73.6,4.79,110,1.0,61.99,,,,,3.0,3.0,,,,,,,,
stoch_rsi,DOT-USDT,1d,17.0,25.0,80.0,930.55,11.285,-15.94,73.1,4.71,108,1.0,58.38,,,,,3.0,3.0,,,,,,,,
stoch_rsi,DOT-USDT,1d,17.0,25.0,85.0,506.3,9.913,-15.94,70.4,3.87,98,1.0,31.76,,,,,3.0,3.0,,,,,,,,
stoch_rsi,DOT-USDT,1d,19.0,15.0,75.0,331.35,9.202,-9.96,67.4,3.61,92,1.0,33.26,,,,,3.0,3.0,,,,,,,,
stoch_rsi,DOT-USDT,1d,19.0,15.0,80.0,285.09,8.945,-9.96,66.3,3.48,86,1.0,28.61,,,,,3.0,3.0,,,,,,,,
stoch_rsi,DOT-USDT,1d,19.0,15.0,85.0,281.9,9.506,-9.96,68.8,3.76,80,1.0,28.29,,,,,3.0,3.0,,,,,,,,
stoch_rsi,DOT-USDT,1d,19.0,20.0,75.0,415.78,9.46,-9.96,68.0,3.68,100,1.0,41.73,,,,,3.0,3.0,,,,,,,,
stoch_rsi,DOT-USDT,1d,19.0,20.0,80.0,360.46,9.238,-9.96,67.0,3.57,94,1.0,36.18,,,,,3.0,3.0,,,,,,,,
stoch_rsi,DOT-USDT,1d,19.0,20.0,85.0,356.65,9.77,-9.96,69.3,3.83,88,1.0,35.8,,,,,3.0,3.0,,,,,,,,
stoch_rsi,DOT-USDT,1d,19.0,25.0,75.0,497.93,9.802,-9.96,68.6,3.8,105,1.0,49.98,,,,,3.0,3.0,,,,,,,,
stoch_rsi,DOT-USDT,1d,19.0,25.0,80.0,433.8,9.606,-9.96,67.7,3.69,99,1.0,43.54,,,,,3.0,3.0,,,,,,,,
stoch_rsi,DOT-USDT,1d,19.0,25.0,85.0,429.39,10.137,-9.96,69.9,3.96,93,1.0,43.1,,,,,3.0,3.0,,,,,,,,
stoch_rsi,DOT-USDT,1d,21.0,15.0,75.0,1096.47,15.105,-6.76,81.6,7.75,98,1.0,162.15,,,,,3.0,3.0,,,,,,,,
stoch_rsi,DOT-USDT,1d,21.0,15.0,80.0,898.57,14.622,-6.76,80.6,7.27,93,1.0,132.89,,,,,3.0,3.0,,,,,,,,
stoch_rsi,DOT-USDT,1d,21.0,15.0,85.0,668.81,13.846,-6.76,80.2,6.62,86,1.0,98.91,,,,,3.0,3.0,,,,,,,,
stoch_rsi,DOT-USDT,1d,21.0,20.0,75.0,1091.41,14.004,-6.76,80.8,6.65,104,1.0,161.41,,,,,3.0,3.0,,,,,,,,
stoch_rsi,DOT-USDT,1d,21.0,20.0,80.0,894.35,13.527,-6.76,79.8,6.24,99,1.0,132.26,,,,,3.0,3.0,,,,,,,,
stoch_rsi,DOT-USDT,1d,21.0,20.0,85.0,665.56,12.765,-6.76,79.3,5.69,92,1.0,98.43,,,,,3.0,3.0,,,,,,,,
stoch_rsi,DOT-USDT,1d,21.0,25.0,75.0,1136.05,13.222,-6.76,78.9,5.82,109,1.0,168.01,,,,,3.0,3.0,,,,,,,,
stoch_rsi,DOT-USDT,1d,21.0,25.0,80.0,931.6,12.758,-6.76,77.9,5.47,104,1.0,137.77,,,,,3.0,3.0,,,,,,,,
stoch_rsi,DOT-USDT,1d,21.0,25.0,85.0,694.25,12.022,-6.76,77.3,5.01,97,1.0,102.67,,,,,3.0,3.0,,,,,,,,
kc_breakout,DOT-USDT,1d,15.0,,,79105.89,23.602,0.0,100.0,999.0,69,2.3,0.0,,,,,,,1.5,,,,,,,
kc_breakout,DOT-USDT,1d,15.0,,,1503.82,23.383,0.0,100.0,999.0,22,1.6,0.0,,,,,,,2.0,,,,,,,
kc_breakout,DOT-USDT,1d,15.0,,,209.35,50.137,0.0,100.0,999.0,7,1.6,0.0,,,,,,,2.5,,,,,,,
kc_breakout,DOT-USDT,1d,15.0,,,75.15,43.265,0.0,100.0,999.0,3,1.3,0.0,,,,,,,3.0,,,,,,,
kc_breakout,DOT-USDT,1d,17.0,,,133403.08,19.807,0.0,100.0,999.0,69,3.0,0.0,,,,,,,1.5,,,,,,,
kc_breakout,DOT-USDT,1d,17.0,,,3562.01,21.816,0.0,100.0,999.0,33,1.7,0.0,,,,,,,2.0,,,,,,,
kc_breakout,DOT-USDT,1d,17.0,,,308.84,35.551,0.0,100.0,999.0,10,1.7,0.0,,,,,,,2.5,,,,,,,
kc_breakout,DOT-USDT,1d,17.0,,,127.68,30.847,0.0,100.0,999.0,6,1.2,0.0,,,,,,,3.0,,,,,,,
kc_breakout,DOT-USDT,1d,19.0,,,202053.9,17.398,0.0,100.0,999.0,80,3.0,0.0,,,,,,,1.5,,,,,,,
kc_breakout,DOT-USDT,1d,19.0,,,7691.84,24.194,0.0,100.0,999.0,41,2.0,0.0,,,,,,,2.0,,,,,,,
kc_breakout,DOT-USDT,1d,19.0,,,495.82,35.488,0.0,100.0,999.0,14,1.7,0.0,,,,,,,2.5,,,,,,,
kc_breakout,DOT-USDT,1d,19.0,,,170.58,40.233,0.0,100.0,999.0,6,1.7,0.0,,,,,,,3.0,,,,,,,
kc_breakout,DOT-USDT,1d,21.0,,,203948.83,17.597,0.0,100.0,999.0,80,3.5,0.0,,,,,,,1.5,,,,,,,
kc_breakout,DOT-USDT,1d,21.0,,,13478.64,22.22,0.0,100.0,999.0,50,2.3,0.0,,,,,,,2.0,,,,,,,
kc_breakout,DOT-USDT,1d,21.0,,,1115.79,25.28,0.0,100.0,999.0,21,1.6,0.0,,,,,,,2.5,,,,,,,
kc_breakout,DOT-USDT,1d,21.0,,,170.58,40.233,0.0,100.0,999.0,6,1.7,0.0,,,,,,,3.0,,,,,,,
kc_breakout,DOT-USDT,1d,23.0,,,218231.81,14.429,0.0,100.0,999.0,79,3.9,0.0,,,,,,,1.5,,,,,,,
kc_breakout,DOT-USDT,1d,23.0,,,16128.89,18.547,0.0,100.0,999.0,48,3.0,0.0,,,,,,,2.0,,,,,,,
kc_breakout,DOT-USDT,1d,23.0,,,1700.83,26.245,0.0,100.0,999.0,29,1.6,0.0,,,,,,,2.5,,,,,,,
kc_breakout,DOT-USDT,1d,23.0,,,194.33,37.148,0.0,100.0,999.0,7,1.6,0.0,,,,,,,3.0,,,,,,,
kc_breakout,DOT-USDT,1d,25.0,,,194076.66,14.111,0.0,100.0,999.0,78,4.3,0.0,,,,,,,1.5,,,,,,,
kc_breakout,DOT-USDT,1d,25.0,,,16922.87,18.907,0.0,100.0,999.0,49,3.4,0.0,,,,,,,2.0,,,,,,,
kc_breakout,DOT-USDT,1d,25.0,,,3095.54,26.675,0.0,100.0,999.0,33,2.0,0.0,,,,,,,2.5,,,,,,,
kc_breakout,DOT-USDT,1d,25.0,,,523.34,23.575,0.0,100.0,999.0,14,1.6,0.0,,,,,,,3.0,,,,,,,
rsi_adx_combo,DOT-USDT,1d,,,,682.4,6.043,-37.6,49.0,2.64,51,19.5,18.15,,,,,,,,14.0,25.0,65.0,14.0,20.0,,
rsi_adx_combo,DOT-USDT,1d,,,,317.41,4.391,-43.29,39.3,2.08,56,15.7,7.33,,,,,,,,14.0,25.0,65.0,14.0,25.0,,
rsi_adx_combo,DOT-USDT,1d,,,,707.16,6.305,-37.6,47.9,2.7,48,20.6,18.81,,,,,,,,14.0,25.0,70.0,14.0,20.0,,
rsi_adx_combo,DOT-USDT,1d,,,,382.08,5.067,-37.98,42.9,2.26,49,17.7,10.06,,,,,,,,14.0,25.0,70.0,14.0,25.0,,
rsi_adx_combo,DOT-USDT,1d,,,,710.35,6.244,-37.6,49.0,2.71,49,20.1,18.89,,,,,,,,14.0,25.0,75.0,14.0,20.0,,
rsi_adx_combo,DOT-USDT,1d,,,,371.48,4.908,-37.98,43.1,2.23,51,16.9,9.78,,,,,,,,14.0,25.0,75.0,14.0,25.0,,
rsi_adx_combo,DOT-USDT,1d,,,,682.4,6.043,-37.6,49.0,2.64,51,19.5,18.15,,,,,,,,14.0,30.0,65.0,14.0,20.0,,
rsi_adx_combo,DOT-USDT,1d,,,,317.41,4.391,-43.29,39.3,2.08,56,15.7,7.33,,,,,,,,14.0,30.0,65.0,14.0,25.0,,
rsi_adx_combo,DOT-USDT,1d,,,,707.16,6.305,-37.6,47.9,2.7,48,20.6,18.81,,,,,,,,14.0,30.0,70.0,14.0,20.0,,
rsi_adx_combo,DOT-USDT,1d,,,,382.08,5.067,-37.98,42.9,2.26,49,17.7,10.06,,,,,,,,14.0,30.0,70.0,14.0,25.0,,
rsi_adx_combo,DOT-USDT,1d,,,,710.35,6.244,-37.6,49.0,2.71,49,20.1,18.89,,,,,,,,14.0,30.0,75.0,14.0,20.0,,
rsi_adx_combo,DOT-USDT,1d,,,,371.48,4.908,-37.98,43.1,2.23,51,16.9,9.78,,,,,,,,14.0,30.0,75.0,14.0,25.0,,
rsi_adx_combo,DOT-USDT,1d,,,,651.78,5.765,-37.6,48.1,2.58,54,18.6,17.34,,,,,,,,14.0,35.0,65.0,14.0,20.0,,
rsi_adx_combo,DOT-USDT,1d,,,,208.05,3.429,-43.29,35.4,1.8,65,13.8,4.81,,,,,,,,14.0,35.0,65.0,14.0,25.0,,
rsi_adx_combo,DOT-USDT,1d,,,,675.57,6.003,-37.6,47.1,2.64,51,19.5,17.97,,,,,,,,14.0,35.0,70.0,14.0,20.0,,
rsi_adx_combo,DOT-USDT,1d,,,,255.77,3.951,-37.98,37.9,1.93,58,15.2,6.73,,,,,,,,14.0,35.0,70.0,14.0,25.0,,
rsi_adx_combo,DOT-USDT,1d,,,,678.65,5.95,-37.6,48.1,2.64,52,19.1,18.05,,,,,,,,14.0,35.0,75.0,14.0,20.0,,
rsi_adx_combo,DOT-USDT,1d,,,,247.95,3.835,-37.98,38.3,1.9,60,14.6,6.53,,,,,,,,14.0,35.0,75.0,14.0,25.0,,
rsi_vol_combo,DOT-USDT,1d,,,,-97.4,-12.466,-97.4,26.1,0.09,46,1.7,-1.0,,,,,,,,14.0,25.0,65.0,,,20.0,1.5
rsi_vol_combo,DOT-USDT,1d,,,,-82.23,-10.898,-82.23,32.0,0.17,25,1.4,-1.0,,,,,,,,14.0,25.0,65.0,,,20.0,2.0
rsi_vol_combo,DOT-USDT,1d,,,,-97.3,-13.453,-97.3,18.6,0.05,43,1.5,-1.0,,,,,,,,14.0,25.0,70.0,,,20.0,1.5
rsi_vol_combo,DOT-USDT,1d,,,,-83.87,-11.911,-83.87,27.3,0.15,22,1.3,-1.0,,,,,,,,14.0,25.0,70.0,,,20.0,2.0
rsi_vol_combo,DOT-USDT,1d,,,,-89.35,-14.523,-89.35,18.8,0.07,32,1.5,-1.0,,,,,,,,14.0,25.0,75.0,,,20.0,1.5
rsi_vol_combo,DOT-USDT,1d,,,,-71.97,-12.621,-71.97,18.8,0.13,16,1.4,-1.0,,,,,,,,14.0,25.0,75.0,,,20.0,2.0
rsi_vol_combo,DOT-USDT,1d,,,,-97.29,-11.875,-97.32,29.2,0.1,48,1.7,-1.0,,,,,,,,14.0,30.0,65.0,,,20.0,1.5
rsi_vol_combo,DOT-USDT,1d,,,,-83.11,-11.041,-83.11,30.8,0.17,26,1.4,-1.0,,,,,,,,14.0,30.0,65.0,,,20.0,2.0
rsi_vol_combo,DOT-USDT,1d,,,,-97.19,-12.757,-97.22,22.2,0.06,45,1.5,-1.0,,,,,,,,14.0,30.0,70.0,,,20.0,1.5
rsi_vol_combo,DOT-USDT,1d,,,,-84.67,-12.013,-84.67,26.1,0.14,23,1.3,-1.0,,,,,,,,14.0,30.0,70.0,,,20.0,2.0
rsi_vol_combo,DOT-USDT,1d,,,,-88.91,-13.42,-89.04,23.5,0.09,34,1.5,-1.0,,,,,,,,14.0,30.0,75.0,,,20.0,1.5
rsi_vol_combo,DOT-USDT,1d,,,,-73.35,-12.791,-73.35,17.6,0.13,17,1.4,-1.0,,,,,,,,14.0,30.0,75.0,,,20.0,2.0
rsi_vol_combo,DOT-USDT,1d,,,,-98.77,-12.673,-98.78,29.1,0.09,55,1.7,-1.0,,,,,,,,14.0,35.0,65.0,,,20.0,1.5
rsi_vol_combo,DOT-USDT,1d,,,,-89.04,-11.847,-89.04,30.0,0.14,30,1.4,-1.0,,,,,,,,14.0,35.0,65.0,,,20.0,2.0
rsi_vol_combo,DOT-USDT,1d,,,,-98.72,-13.509,-98.74,23.1,0.06,52,1.6,-1.0,,,,,,,,14.0,35.0,70.0,,,20.0,1.5
rsi_vol_combo,DOT-USDT,1d,,,,-90.05,-12.758,-90.05,25.9,0.12,27,1.3,-1.0,,,,,,,,14.0,35.0,70.0,,,20.0,2.0
rsi_vol_combo,DOT-USDT,1d,,,,-94.96,-14.244,-95.02,24.4,0.07,41,1.5,-1.0,,,,,,,,14.0,35.0,75.0,,,20.0,1.5
rsi_vol_combo,DOT-USDT,1d,,,,-82.7,-13.66,-82.7,19.0,0.1,21,1.4,-1.0,,,,,,,,14.0,35.0,75.0,,,20.0,2.0
rsi_reversion,DOT-USDT,4h,7.0,20.0,60.0,-93.43,-11.031,-93.43,16.1,0.06,137,3.0,-1.0,,,,,,,,,,,,,,
rsi_reversion,DOT-USDT,4h,7.0,20.0,65.0,-91.03,-10.517,-91.03,18.5,0.07,124,2.7,-1.0,,,,,,,,,,,,,,
rsi_reversion,DOT-USDT,4h,7.0,20.0,70.0,-90.5,-11.338,-90.5,14.4,0.05,111,2.6,-1.0,,,,,,,,,,,,,,
rsi_reversion,DOT-USDT,4h,7.0,20.0,75.0,-88.21,-12.135,-88.21,10.3,0.02,87,2.7,-1.0,,,,,,,,,,,,,,
rsi_reversion,DOT-USDT,4h,7.0,20.0,80.0,-87.89,-13.802,-87.89,6.3,0.01,79,2.6,-1.0,,,,,,,,,,,,,,
rsi_reversion,DOT-USDT,4h,7.0,25.0,60.0,-95.6,-11.428,-95.6,15.2,0.06,158,3.0,-1.0,,,,,,,,,,,,,,
rsi_reversion,DOT-USDT,4h,7.0,25.0,65.0,-93.99,-10.988,-93.99,17.2,0.07,145,2.8,-1.0,,,,,,,,,,,,,,
rsi_reversion,DOT-USDT,4h,7.0,25.0,70.0,-93.64,-11.749,-93.64,13.6,0.05,132,2.7,-1.0,,,,,,,,,,,,,,
rsi_reversion,DOT-USDT,4h,7.0,25.0,75.0,-92.1,-12.44,-92.1,10.2,0.03,108,2.8,-1.0,,,,,,,,,,,,,,
rsi_reversion,DOT-USDT,4h,7.0,25.0,80.0,-91.89,-13.893,-91.89,7.0,0.02,100,2.8,-1.0,,,,,,,,,,,,,,
rsi_reversion,DOT-USDT,4h,7.0,30.0,60.0,-97.39,-12.11,-97.39,15.3,0.05,177,3.1,-1.0,,,,,,,,,,,,,,
rsi_reversion,DOT-USDT,4h,7.0,30.0,65.0,-96.43,-11.75,-96.43,17.1,0.06,164,2.9,-1.0,,,,,,,,,,,,,,
rsi_reversion,DOT-USDT,4h,7.0,30.0,70.0,-96.22,-12.505,-96.22,13.9,0.05,151,2.8,-1.0,,,,,,,,,,,,,,
rsi_reversion,DOT-USDT,4h,7.0,30.0,75.0,-95.31,-13.216,-95.31,11.0,0.02,127,3.0,-1.0,,,,,,,,,,,,,,
rsi_reversion,DOT-USDT,4h,7.0,30.0,80.0,-95.19,-14.587,-95.19,8.4,0.01,119,2.9,-1.0,,,,,,,,,,,,,,
rsi_reversion,DOT-USDT,4h,7.0,35.0,60.0,-98.28,-12.689,-98.28,15.2,0.05,184,3.5,-1.0,,,,,,,,,,,,,,
rsi_reversion,DOT-USDT,4h,7.0,35.0,65.0,-97.66,-12.387,-97.66,17.0,0.06,171,3.3,-1.0,,,,,,,,,,,,,,
rsi_reversion,DOT-USDT,4h,7.0,35.0,70.0,-97.52,-13.167,-97.52,13.9,0.04,158,3.3,-1.0,,,,,,,,,,,,,,
rsi_reversion,DOT-USDT,4h,7.0,35.0,75.0,-96.92,-13.974,-96.92,11.2,0.02,134,3.5,-1.0,,,,,,,,,,,,,,
rsi_reversion,DOT-USDT,4h,7.0,35.0,80.0,-96.84,-15.339,-96.84,8.7,0.01,126,3.5,-1.0,,,,,,,,,,,,,,
rsi_reversion,DOT-USDT,4h,9.0,20.0,60.0,-89.41,-10.659,-89.41,19.2,0.04,99,3.4,-1.0,,,,,,,,,,,,,,
rsi_reversion,DOT-USDT,4h,9.0,20.0,65.0,-86.79,-10.888,-86.79,13.6,0.03,88,3.0,-1.0,,,,,,,,,,,,,,
rsi_reversion,DOT-USDT,4h,9.0,20.0,70.0,-82.33,-11.464,-82.33,14.1,0.04,71,3.0,-1.0,,,,,,,,,,,,,,
rsi_reversion,DOT-USDT,4h,9.0,20.0,75.0,-78.74,-12.78,-78.74,13.6,0.03,59,3.0,-1.0,,,,,,,,,,,,,,
rsi_reversion,DOT-USDT,4h,9.0,20.0,80.0,-75.27,-11.741,-75.27,12.8,0.02,47,3.0,-1.0,,,,,,,,,,,,,,
rsi_reversion,DOT-USDT,4h,9.0,25.0,60.0,-93.72,-11.844,-93.72,16.1,0.04,118,3.4,-1.0,,,,,,,,,,,,,,
rsi_reversion,DOT-USDT,4h,9.0,25.0,65.0,-92.17,-12.198,-92.17,11.2,0.03,107,3.0,-1.0,,,,,,,,,,,,,,
rsi_reversion,DOT-USDT,4h,9.0,25.0,70.0,-89.52,-12.962,-89.52,11.1,0.03,90,3.1,-1.0,,,,,,,,,,,,,,
rsi_reversion,DOT-USDT,4h,9.0,25.0,75.0,-87.4,-14.433,-87.4,10.3,0.03,78,3.1,-1.0,,,,,,,,,,,,,,
rsi_reversion,DOT-USDT,4h,9.0,25.0,80.0,-85.34,-13.36,-85.34,9.1,0.02,66,3.0,-1.0,,,,,,,,,,,,,,
rsi_reversion,DOT-USDT,4h,9.0,30.0,60.0,-95.49,-11.804,-95.49,19.3,0.05,135,3.6,-1.0,,,,,,,,,,,,,,
rsi_reversion,DOT-USDT,4h,9.0,30.0,65.0,-94.38,-12.112,-94.38,15.3,0.04,124,3.3,-1.0,,,,,,,,,,,,,,
rsi_reversion,DOT-USDT,4h,9.0,30.0,70.0,-92.48,-12.747,-92.48,15.9,0.05,107,3.4,-1.0,,,,,,,,,,,,,,
rsi_reversion,DOT-USDT,4h,9.0,30.0,75.0,-90.96,-13.925,-90.96,15.8,0.05,95,3.5,-1.0,,,,,,,,,,,,,,
rsi_reversion,DOT-USDT,4h,9.0,30.0,80.0,-89.48,-12.967,-89.48,15.7,0.04,83,3.5,-1.0,,,,,,,,,,,,,,
rsi_reversion,DOT-USDT,4h,9.0,35.0,60.0,-97.07,-11.872,-97.07,19.7,0.05,142,4.1,-1.0,,,,,,,,,,,,,,
rsi_reversion,DOT-USDT,4h,9.0,35.0,65.0,-96.34,-12.144,-96.34,16.0,0.04,131,3.8,-1.0,,,,,,,,,,,,,,
rsi_reversion,DOT-USDT,4h,9.0,35.0,70.0,-95.1,-12.711,-95.1,16.7,0.05,114,4.0,-1.0,,,,,,,,,,,,,,
rsi_reversion,DOT-USDT,4h,9.0,35.0,75.0,-94.11,-13.68,-94.11,16.7,0.04,102,4.1,-1.0,,,,,,,,,,,,,,
rsi_reversion,DOT-USDT,4h,9.0,35.0,80.0,-93.15,-13.048,-93.15,16.7,0.04,90,4.3,-1.0,,,,,,,,,,,,,,
rsi_reversion,DOT-USDT,4h,11.0,20.0,60.0,-85.11,-11.959,-85.16,14.3,0.04,77,3.7,-1.0,,,,,,,,,,,,,,
rsi_reversion,DOT-USDT,4h,11.0,20.0,65.0,-82.04,-12.048,-82.1,12.3,0.02,65,3.4,-1.0,,,,,,,,,,,,,,
rsi_reversion,DOT-USDT,4h,11.0,20.0,70.0,-77.02,-11.087,-77.1,9.4,0.02,53,3.1,-1.0,,,,,,,,,,,,,,
rsi_reversion,DOT-USDT,4h,11.0,20.0,75.0,-64.46,-13.165,-64.65,14.0,0.02,43,3.0,-1.0,,,,,,,,,,,,,,
rsi_reversion,DOT-USDT,4h,11.0,20.0,80.0,-63.8,-14.998,-63.93,8.3,0.01,36,2.8,-1.0,,,,,,,,,,,,,,
rsi_reversion,DOT-USDT,4h,11.0,25.0,60.0,-92.22,-13.087,-92.22,10.1,0.02,99,3.6,-1.0,,,,,,,,,,,,,,
rsi_reversion,DOT-USDT,4h,11.0,25.0,65.0,-90.62,-13.251,-90.62,8.0,0.01,87,3.4,-1.0,,,,,,,,,,,,,,
rsi_reversion,DOT-USDT,4h,11.0,25.0,70.0,-87.99,-12.503,-87.99,5.3,0.01,75,3.1,-1.0,,,,,,,,,,,,,,
rsi_reversion,DOT-USDT,4h,11.0,25.0,75.0,-81.43,-14.77,-81.46,7.7,0.01,65,3.0,-1.0,,,,,,,,,,,,,,
rsi_reversion,DOT-USDT,4h,11.0,25.0,80.0,-81.09,-16.182,-81.09,3.4,0.0,58,2.9,-1.0,,,,,,,,,,,,,,
rsi_reversion,DOT-USDT,4h,11.0,30.0,60.0,-93.05,-12.248,-93.05,13.2,0.04,106,4.1,-1.0,,,,,,,,,,,,,,
rsi_reversion,DOT-USDT,4h,11.0,30.0,65.0,-91.62,-12.334,-91.62,11.7,0.03,94,3.9,-1.0,,,,,,,,,,,,,,
rsi_reversion,DOT-USDT,4h,11.0,30.0,70.0,-89.28,-11.651,-89.28,9.8,0.03,82,3.8,-1.0,,,,,,,,,,,,,,
rsi_reversion,DOT-USDT,4h,11.0,30.0,75.0,-83.42,-13.086,-83.45,12.5,0.03,72,3.8,-1.0,,,,,,,,,,,,,,
rsi_reversion,DOT-USDT,4h,11.0,30.0,80.0,-83.11,-14.076,-83.11,9.2,0.03,65,3.8,-1.0,,,,,,,,,,,,,,
rsi_reversion,DOT-USDT,4h,11.0,35.0,60.0,-95.37,-12.403,-95.37,12.3,0.04,130,4.0,-1.0,,,,,,,,,,,,,,
rsi_reversion,DOT-USDT,4h,11.0,35.0,65.0,-94.41,-12.447,-94.41,11.0,0.03,118,3.9,-1.0,,,,,,,,,,,,,,
rsi_reversion,DOT-USDT,4h,11.0,35.0,70.0,-92.85,-11.79,-92.85,9.4,0.03,106,3.8,-1.0,,,,,,,,,,,,,,
rsi_reversion,DOT-USDT,4h,11.0,35.0,75.0,-88.95,-13.269,-88.97,11.5,0.03,96,3.8,-1.0,,,,,,,,,,,,,,
rsi_reversion,DOT-USDT,4h,11.0,35.0,80.0,-88.74,-14.017,-88.74,9.0,0.03,89,3.7,-1.0,,,,,,,,,,,,,,
rsi_reversion,DOT-USDT,4h,13.0,20.0,60.0,-82.59,-13.087,-82.66,14.1,0.02,64,4.0,-1.0,,,,,,,,,,,,,,
rsi_reversion,DOT-USDT,4h,13.0,20.0,65.0,-76.78,-12.712,-76.83,16.1,0.03,56,3.5,-1.0,,,,,,,,,,,,,,
rsi_reversion,DOT-USDT,4h,13.0,20.0,70.0,-68.34,-11.075,-68.34,17.9,0.02,39,3.6,-1.0,,,,,,,,,,,,,,
rsi_reversion,DOT-USDT,4h,13.0,20.0,75.0,-56.8,-11.927,-56.8,15.6,0.02,32,2.8,-1.0,,,,,,,,,,,,,,
rsi_reversion,DOT-USDT,4h,13.0,20.0,80.0,-49.13,-12.276,-49.13,11.1,0.01,27,2.5,-1.0,,,,,,,,,,,,,,
rsi_reversion,DOT-USDT,4h,13.0,25.0,60.0,-88.6,-13.876,-88.65,13.0,0.02,77,4.1,-1.0,,,,,,,,,,,,,,
rsi_reversion,DOT-USDT,4h,13.0,25.0,65.0,-84.8,-13.667,-84.83,14.5,0.03,69,3.6,-1.0,,,,,,,,,,,,,,
rsi_reversion,DOT-USDT,4h,13.0,25.0,70.0,-79.27,-12.344,-79.27,15.4,0.02,52,3.8,-1.0,,,,,,,,,,,,,,
rsi_reversion,DOT-USDT,4h,13.0,25.0,75.0,-71.72,-13.524,-71.72,13.3,0.02,45,3.2,-1.0,,,,,,,,,,,,,,
rsi_reversion,DOT-USDT,4h,13.0,25.0,80.0,-66.7,-14.095,-66.7,10.0,0.01,40,3.1,-1.0,,,,,,,,,,,,,,
rsi_reversion,DOT-USDT,4h,13.0,30.0,60.0,-90.58,-13.199,-90.62,13.2,0.02,91,4.4,-1.0,,,,,,,,,,,,,,
rsi_reversion,DOT-USDT,4h,13.0,30.0,65.0,-87.44,-12.967,-87.51,14.5,0.04,83,4.0,-1.0,,,,,,,,,,,,,,
rsi_reversion,DOT-USDT,4h,13.0,30.0,70.0,-82.87,-11.66,-82.87,15.2,0.03,66,4.3,-1.0,,,,,,,,,,,,,,
rsi_reversion,DOT-USDT,4h,13.0,30.0,75.0,-76.63,-12.569,-76.63,13.6,0.03,59,3.9,-1.0,,,,,,,,,,,,,,
rsi_reversion,DOT-USDT,4h,13.0,30.0,80.0,-72.48,-12.924,-72.48,11.1,0.03,54,3.9,-1.0,,,,,,,,,,,,,,
rsi_reversion,DOT-USDT,4h,13.0,35.0,60.0,-93.87,-13.589,-93.89,13.6,0.04,110,4.6,-1.0,,,,,,,,,,,,,,
rsi_reversion,DOT-USDT,4h,13.0,35.0,65.0,-91.83,-13.448,-91.87,14.7,0.05,102,4.3,-1.0,,,,,,,,,,,,,,
rsi_reversion,DOT-USDT,4h,13.0,35.0,70.0,-88.85,-12.255,-88.85,15.3,0.05,85,4.6,-1.0,,,,,,,,,,,,,,
rsi_reversion,DOT-USDT,4h,13.0,35.0,75.0,-84.79,-13.275,-84.79,14.1,0.05,78,4.3,-1.0,,,,,,,,,,,,,,
rsi_reversion,DOT-USDT,4h,13.0,35.0,80.0,-82.09,-13.691,-82.09,12.3,0.05,73,4.3,-1.0,,,,,,,,,,,,,,
rsi_reversion,DOT-USDT,4h,15.0,20.0,60.0,-77.19,-12.388,-77.19,14.5,0.05,55,4.3,-1.0,,,,,,,,,,,,,,
rsi_reversion,DOT-USDT,4h,15.0,20.0,65.0,-65.86,-13.022,-65.86,17.0,0.06,47,3.3,-1.0,,,,,,,,,,,,,,
rsi_reversion,DOT-USDT,4h,15.0,20.0,70.0,-62.9,-16.282,-62.9,11.4,0.02,35,3.1,-1.0,,,,,,,,,,,,,,
rsi_reversion,DOT-USDT,4h,15.0,20.0,75.0,-54.57,-13.306,-54.57,12.0,0.02,25,2.5,-1.0,,,,,,,,,,,,,,
rsi_reversion,DOT-USDT,4h,15.0,20.0,80.0,-45.94,-12.913,-45.94,5.0,0.02,20,1.9,-1.0,,,,,,,,,,,,,,
rsi_reversion,DOT-USDT,4h,15.0,25.0,60.0,-83.27,-12.566,-83.45,16.7,0.05,72,4.2,-1.0,,,,,,,,,,,,,,
rsi_reversion,DOT-USDT,4h,15.0,25.0,65.0,-74.97,-13.399,-75.13,18.8,0.05,64,3.4,-1.0,,,,,,,,,,,,,,
rsi_reversion,DOT-USDT,4h,15.0,25.0,70.0,-72.8,-15.801,-72.96,15.4,0.03,52,3.3,-1.0,,,,,,,,,,,,,,
rsi_reversion,DOT-USDT,4h,15.0,25.0,75.0,-66.7,-13.225,-66.9,16.7,0.02,42,2.9,-1.0,,,,,,,,,,,,,,
rsi_reversion,DOT-USDT,4h,15.0,25.0,80.0,-60.37,-13.039,-60.61,13.5,0.03,37,2.7,-1.0,,,,,,,,,,,,,,
rsi_reversion,DOT-USDT,4h,15.0,30.0,60.0,-88.9,-13.1,-89.01,12.8,0.04,86,4.3,-1.0,,,,,,,,,,,,,,
rsi_reversion,DOT-USDT,4h,15.0,30.0,65.0,-83.4,-13.871,-83.4,14.1,0.05,78,3.7,-1.0,,,,,,,,,,,,,,
rsi_reversion,DOT-USDT,4h,15.0,30.0,70.0,-81.95,-15.839,-81.96,10.6,0.03,66,3.7,-1.0,,,,,,,,,,,,,,
rsi_reversion,DOT-USDT,4h,15.0,30.0,75.0,-77.9,-13.907,-77.9,10.7,0.03,56,3.5,-1.0,,,,,,,,,,,,,,
rsi_reversion,DOT-USDT,4h,15.0,30.0,80.0,-73.71,-13.85,-73.71,7.8,0.03,51,3.4,-1.0,,,,,,,,,,,,,,
rsi_reversion,DOT-USDT,4h,15.0,35.0,60.0,-93.59,-14.637,-93.65,9.1,0.03,110,4.4,-1.0,,,,,,,,,,,,,,
rsi_reversion,DOT-USDT,4h,15.0,35.0,65.0,-90.41,-16.04,-90.41,9.8,0.03,102,4.0,-1.0,,,,,,,,,,,,,,
rsi_reversion,DOT-USDT,4h,15.0,35.0,70.0,-89.58,-18.151,-89.58,6.7,0.01,90,4.0,-1.0,,,,,,,,,,,,,,
rsi_reversion,DOT-USDT,4h,15.0,35.0,75.0,-87.24,-16.11,-87.24,6.2,0.01,80,3.9,-1.0,,,,,,,,,,,,,,
rsi_reversion,DOT-USDT,4h,15.0,35.0,80.0,-84.82,-16.397,-84.82,4.0,0.01,75,3.8,-1.0,,,,,,,,,,,,,,
rsi_reversion,DOT-USDT,4h,17.0,20.0,60.0,-65.33,-12.002,-65.33,25.0,0.11,48,4.3,-1.0,,,,,,,,,,,,,,
rsi_reversion,DOT-USDT,4h,17.0,20.0,65.0,-58.41,-12.102,-58.41,20.5,0.07,39,3.3,-1.0,,,,,,,,,,,,,,
rsi_reversion,DOT-USDT,4h,17.0,20.0,70.0,-54.59,-15.874,-54.59,0.0,0.0,25,3.2,-1.0,,,,,,,,,,,,,,
rsi_reversion,DOT-USDT,4h,17.0,20.0,75.0,-47.45,-19.273,-47.45,0.0,0.0,21,2.1,-1.0,,,,,,,,,,,,,,
rsi_reversion,DOT-USDT,4h,17.0,20.0,80.0,-30.53,-15.851,-30.53,8.3,0.01,12,2.0,-1.0,,,,,,,,,,,,,,
rsi_reversion,DOT-USDT,4h,17.0,25.0,60.0,-72.37,-12.698,-72.4,23.0,0.1,61,4.2,-1.0,,,,,,,,,,,,,,
rsi_reversion,DOT-USDT,4h,17.0,25.0,65.0,-66.86,-12.913,-66.86,19.2,0.06,52,3.4,-1.0,,,,,,,,,,,,,,
rsi_reversion,DOT-USDT,4h,17.0,25.0,70.0,-63.81,-15.825,-63.81,5.3,0.01,38,3.4,-1.0,,,,,,,,,,,,,,
rsi_reversion,DOT-USDT,4h,17.0,25.0,75.0,-58.12,-18.815,-58.12,5.9,0.02,34,2.7,-1.0,,,,,,,,,,,,,,
rsi_reversion,DOT-USDT,4h,17.0,25.0,80.0,-44.64,-16.44,-44.64,12.0,0.03,25,2.9,-1.0,,,,,,,,,,,,,,
rsi_reversion,DOT-USDT,4h,17.0,30.0,60.0,-80.85,-13.699,-80.89,22.4,0.08,76,4.4,-1.0,,,,,,,,,,,,,,
rsi_reversion,DOT-USDT,4h,17.0,30.0,65.0,-77.03,-14.033,-77.03,19.4,0.05,67,3.8,-1.0,,,,,,,,,,,,,,
rsi_reversion,DOT-USDT,4h,17.0,30.0,70.0,-74.91,-16.556,-74.91,9.4,0.01,53,3.9,-1.0,,,,,,,,,,,,,,
rsi_reversion,DOT-USDT,4h,17.0,30.0,75.0,-70.97,-19.01,-70.97,10.2,0.02,49,3.5,-1.0,,,,,,,,,,,,,,
rsi_reversion,DOT-USDT,4h,17.0,30.0,80.0,-61.63,-17.48,-61.63,15.0,0.02,40,3.8,-1.0,,,,,,,,,,,,,,
rsi_reversion,DOT-USDT,4h,17.0,35.0,60.0,-86.79,-12.945,-87.02,22.1,0.08,95,4.6,-1.0,,,,,,,,,,,,,,
rsi_reversion,DOT-USDT,4h,17.0,35.0,65.0,-84.15,-13.104,-84.15,19.8,0.05,86,4.2,-1.0,,,,,,,,,,,,,,
rsi_reversion,DOT-USDT,4h,17.0,35.0,70.0,-82.69,-14.66,-82.69,12.5,0.02,72,4.3,-1.0,,,,,,,,,,,,,,
rsi_reversion,DOT-USDT,4h,17.0,35.0,75.0,-79.97,-15.769,-79.97,13.2,0.03,68,4.1,-1.0,,,,,,,,,,,,,,
rsi_reversion,DOT-USDT,4h,17.0,35.0,80.0,-73.52,-14.559,-73.52,16.9,0.03,59,4.3,-1.0,,,,,,,,,,,,,,
rsi_reversion,DOT-USDT,4h,19.0,20.0,60.0,-51.92,-12.204,-52.24,23.8,0.11,42,4.4,-0.99,,,,,,,,,,,,,,
rsi_reversion,DOT-USDT,4h,19.0,20.0,65.0,-52.82,-14.661,-52.82,18.5,0.04,27,3.9,-1.0,,,,,,,,,,,,,,
rsi_reversion,DOT-USDT,4h,19.0,20.0,70.0,-40.22,-23.117,-40.22,6.2,0.0,16,3.7,-1.0,,,,,,,,,,,,,,
rsi_reversion,DOT-USDT,4h,19.0,20.0,75.0,-37.89,-29.652,-37.89,0.0,0.0,11,2.7,-1.0,,,,,,,,,,,,,,
rsi_reversion,DOT-USDT,4h,19.0,20.0,80.0,-22.98,-36.949,-22.98,0.0,0.0,5,3.0,-1.0,,,,,,,,,,,,,,
rsi_reversion,DOT-USDT,4h,19.0,25.0,60.0,-58.01,-12.211,-58.2,18.5,0.09,54,4.0,-1.0,,,,,,,,,,,,,,
rsi_reversion,DOT-USDT,4h,19.0,25.0,65.0,-58.79,-13.569,-58.79,12.8,0.03,39,3.5,-1.0,,,,,,,,,,,,,,
rsi_reversion,DOT-USDT,4h,19.0,25.0,70.0,-47.78,-18.095,-47.78,3.6,0.0,28,3.2,-1.0,,,,,,,,,,,,,,
rsi_reversion,DOT-USDT,4h,19.0,25.0,75.0,-45.76,-18.686,-45.76,0.0,0.0,23,2.7,-1.0,,,,,,,,,,,,,,
rsi_reversion,DOT-USDT,4h,19.0,25.0,80.0,-32.73,-16.677,-32.73,0.0,0.0,17,2.8,-1.0,,,,,,,,,,,,,,
rsi_reversion,DOT-USDT,4h,19.0,30.0,60.0,-69.5,-12.757,-69.76,21.7,0.09,69,4.1,-1.0,,,,,,,,,,,,,,
rsi_reversion,DOT-USDT,4h,19.0,30.0,65.0,-70.07,-13.857,-70.07,18.5,0.05,54,3.8,-1.0,,,,,,,,,,,,,,
rsi_reversion,DOT-USDT,4h,19.0,30.0,70.0,-62.07,-16.81,-62.07,14.0,0.04,43,3.7,-1.0,,,,,,,,,,,,,,
rsi_reversion,DOT-USDT,4h,19.0,30.0,75.0,-60.6,-17.063,-60.6,13.2,0.04,38,3.4,-1.0,,,,,,,,,,,,,,
rsi_reversion,DOT-USDT,4h,19.0,30.0,80.0,-51.13,-15.767,-51.13,15.6,0.05,32,3.5,-1.0,,,,,,,,,,,,,,
rsi_reversion,DOT-USDT,4h,19.0,35.0,60.0,-80.17,-12.803,-80.6,19.8,0.09,91,4.5,-0.99,,,,,,,,,,,,,,
rsi_reversion,DOT-USDT,4h,19.0,35.0,65.0,-80.54,-13.616,-80.7,17.1,0.06,76,4.3,-1.0,,,,,,,,,,,,,,
rsi_reversion,DOT-USDT,4h,19.0,35.0,70.0,-75.34,-15.387,-75.34,13.8,0.05,65,4.4,-1.0,,,,,,,,,,,,,,
rsi_reversion,DOT-USDT,4h,19.0,35.0,75.0,-74.38,-15.482,-74.38,13.3,0.05,60,4.2,-1.0,,,,,,,,,,,,,,
rsi_reversion,DOT-USDT,4h,19.0,35.0,80.0,-68.23,-14.589,-68.23,14.8,0.06,54,4.4,-1.0,,,,,,,,,,,,,,
rsi_reversion,DOT-USDT,4h,21.0,20.0,60.0,-58.76,-11.435,-58.76,11.1,0.07,36,4.5,-1.0,,,,,,,,,,,,,,
rsi_reversion,DOT-USDT,4h,21.0,20.0,65.0,-47.12,-17.965,-47.12,4.8,0.0,21,4.0,-1.0,,,,,,,,,,,,,,
rsi_reversion,DOT-USDT,4h,21.0,20.0,70.0,-28.13,-20.936,-28.13,0.0,0.0,15,2.9,-1.0,,,,,,,,,,,,,,
rsi_reversion,DOT-USDT,4h,21.0,20.0,75.0,-15.26,-21.314,-15.26,11.1,0.04,9,1.3,-1.0,,,,,,,,,,,,,,
rsi_reversion,DOT-USDT,4h,21.0,20.0,80.0,-9.37,-20.699,-9.37,0.0,0.0,5,1.6,-1.0,,,,,,,,,,,,,,
rsi_reversion,DOT-USDT,4h,21.0,25.0,60.0,-66.34,-11.254,-66.86,16.7,0.08,48,4.1,-0.99,,,,,,,,,,,,,,
rsi_reversion,DOT-USDT,4h,21.0,25.0,65.0,-56.84,-15.306,-57.5,15.2,0.04,33,3.6,-0.99,,,,,,,,,,,,,,
rsi_reversion,DOT-USDT,4h,21.0,25.0,70.0,-41.34,-15.281,-42.24,14.8,0.06,27,2.9,-0.98,,,,,,,,,,,,,,
rsi_reversion,DOT-USDT,4h,21.0,25.0,75.0,-30.84,-13.577,-31.9,23.8,0.1,21,2.2,-0.97,,,,,,,,,,,,,,
rsi_reversion,DOT-USDT,4h,21.0,25.0,80.0,-26.03,-12.692,-27.16,23.5,0.1,17,2.5,-0.96,,,,,,,,,,,,,,
rsi_reversion,DOT-USDT,4h,21.0,30.0,60.0,-74.44,-12.039,-74.78,15.0,0.07,60,4.2,-1.0,,,,,,,,,,,,,,
rsi_reversion,DOT-USDT,4h,21.0,30.0,65.0,-67.23,-15.755,-67.66,13.3,0.03,45,3.9,-0.99,,,,,,,,,,,,,,
rsi_reversion,DOT-USDT,4h,21.0,30.0,70.0,-55.46,-15.974,-56.05,12.8,0.05,39,3.4,-0.99,,,,,,,,,,,,,,
rsi_reversion,DOT-USDT,4h,21.0,30.0,75.0,-47.49,-14.968,-48.18,18.2,0.07,33,3.1,-0.99,,,,,,,,,,,,,,
rsi_reversion,DOT-USDT,4h,21.0,30.0,80.0,-43.84,-14.582,-44.58,17.2,0.06,29,3.3,-0.98,,,,,,,,,,,,,,
rsi_reversion,DOT-USDT,4h,21.0,35.0,60.0,-82.31,-12.432,-82.78,17.5,0.08,80,4.6,-0.99,,,,,,,,,,,,,,
rsi_reversion,DOT-USDT,4h,21.0,35.0,65.0,-77.31,-15.455,-77.92,16.9,0.06,65,4.5,-0.99,,,,,,,,,,,,,,
rsi_reversion,DOT-USDT,4h,21.0,35.0,70.0,-69.17,-15.712,-70.0,16.9,0.07,59,4.2,-0.99,,,,,,,,,,,,,,
rsi_reversion,DOT-USDT,4h,21.0,35.0,75.0,-63.65,-15.054,-64.62,20.8,0.09,53,4.1,-0.98,,,,,,,,,,,,,,
rsi_reversion,DOT-USDT,4h,21.0,35.0,80.0,-61.12,-14.808,-62.17,20.4,0.09,49,4.4,-0.98,,,,,,,,,,,,,,
macd_crossover,DOT-USDT,4h,,,,798.92,22.846,-0.83,90.3,53.73,145,1.0,966.69,6.0,20.0,5.0,,,,,,,,,,,
macd_crossover,DOT-USDT,4h,,,,578.57,22.622,-1.04,91.3,54.67,127,1.0,556.42,6.0,20.0,7.0,,,,,,,,,,,
macd_crossover,DOT-USDT,4h,,,,412.13,19.938,-0.83,86.0,27.89,121,1.0,498.67,6.0,20.0,9.0,,,,,,,,,,,
macd_crossover,DOT-USDT,4h,,,,356.64,18.558,-1.95,83.8,20.37,117,1.0,182.78,6.0,20.0,11.0,,,,,,,,,,,
macd_crossover,DOT-USDT,4h,,,,835.39,24.789,-0.83,92.7,72.63,137,1.0,1010.82,6.0,23.0,5.0,,,,,,,,,,,
macd_crossover,DOT-USDT,4h,,,,530.8,21.331,-1.02,88.8,36.07,125,1.0,519.47,6.0,23.0,7.0,,,,,,,,,,,
macd_crossover,DOT-USDT,4h,,,,458.41,20.755,-0.83,86.4,30.23,125,1.0,554.67,6.0,23.0,9.0,,,,,,,,,,,
macd_crossover,DOT-USDT,4h,,,,370.66,20.444,-0.93,86.3,29.8,117,1.0,400.04,6.0,23.0,11.0,,,,,,,,,,,
macd_crossover,DOT-USDT,4h,,,,726.91,22.948,-2.48,91.2,37.96,137,1.0,292.63,6.0,26.0,5.0,,,,,,,,,,,
macd_crossover,DOT-USDT,4h,,,,560.45,21.297,-0.83,87.8,37.33,131,1.0,672.7,6.0,26.0,7.0,,,,,,,,,,,
macd_crossover,DOT-USDT,4h,,,,466.86,20.19,-1.95,86.2,25.85,123,1.0,239.26,6.0,26.0,9.0,,,,,,,,,,,
macd_crossover,DOT-USDT,4h,,,,376.29,20.767,-0.85,85.2,34.51,115,1.0,443.33,6.0,26.0,11.0,,,,,,,,,,,
macd_crossover,DOT-USDT,4h,,,,717.84,23.9,-0.83,91.1,66.04,135,1.0,865.9,6.0,29.0,5.0,,,,,,,,,,,
macd_crossover,DOT-USDT,4h,,,,617.96,22.606,-0.83,89.3,42.8,131,1.0,741.73,6.0,29.0,7.0,,,,,,,,,,,
macd_crossover,DOT-USDT,4h,,,,450.61,20.22,-1.95,86.0,24.66,121,1.0,230.94,6.0,29.0,9.0,,,,,,,,,,,
macd_crossover,DOT-USDT,4h,,,,368.93,20.037,-2.18,83.8,27.52,117,1.0,169.01,6.0,29.0,11.0,,,,,,,,,,,
macd_crossover,DOT-USDT,4h,,,,738.78,23.205,-1.04,89.2,41.89,139,1.0,710.49,6.0,32.0,5.0,,,,,,,,,,,
macd_crossover,DOT-USDT,4h,,,,642.33,22.741,-0.93,89.3,41.71,131,1.0,693.26,6.0,32.0,7.0,,,,,,,,,,,
macd_crossover,DOT-USDT,4h,,,,474.23,22.613,-0.54,89.1,64.73,119,1.0,876.38,6.0,32.0,9.0,,,,,,,,,,,
macd_crossover,DOT-USDT,4h,,,,398.67,21.12,-0.91,84.6,35.95,117,1.0,438.66,6.0,32.0,11.0,,,,,,,,,,,
macd_crossover,DOT-USDT,4h,,,,729.72,23.088,-1.02,89.2,49.26,139,1.0,714.15,6.0,35.0,5.0,,,,,,,,,,,
macd_crossover,DOT-USDT,4h,,,,601.25,22.396,-0.93,87.6,43.27,129,1.0,648.92,6.0,35.0,7.0,,,,,,,,,,,
macd_crossover,DOT-USDT,4h,,,,537.86,23.518,-0.56,87.8,59.82,123,1.0,958.76,6.0,35.0,9.0,,,,,,,,,,,
macd_crossover,DOT-USDT,4h,,,,379.04,20.233,-1.09,82.9,28.05,117,1.0,349.33,6.0,35.0,11.0,,,,,,,,,,,
macd_crossover,DOT-USDT,4h,,,,620.97,23.911,-0.83,92.9,118.69,127,1.0,751.38,8.0,20.0,5.0,,,,,,,,,,,
macd_crossover,DOT-USDT,4h,,,,394.42,20.218,-0.74,86.0,28.58,121,1.0,532.47,8.0,20.0,7.0,,,,,,,,,,,
macd_crossover,DOT-USDT,4h,,,,302.59,17.482,-1.95,81.2,15.09,117,1.0,155.08,8.0,20.0,9.0,,,,,,,,,,,
macd_crossover,DOT-USDT,4h,,,,332.23,20.422,-0.93,83.8,32.66,111,1.0,358.58,8.0,20.0,11.0,,,,,,,,,,,
macd_crossover,DOT-USDT,4h,,,,545.11,21.345,-1.04,88.2,34.09,127,1.0,524.24,8.0,23.0,5.0,,,,,,,,,,,
macd_crossover,DOT-USDT,4h,,,,397.69,18.971,-1.95,85.4,20.12,123,1.0,203.82,8.0,23.0,7.0,,,,,,,,,,,
macd_crossover,DOT-USDT,4h,,,,320.91,20.006,-0.93,84.7,29.83,111,1.0,346.36,8.0,23.0,9.0,,,,,,,,,,,
macd_crossover,DOT-USDT,4h,,,,277.23,18.222,-2.18,83.5,16.87,109,1.0,127.01,8.0,23.0,11.0,,,,,,,,,,,
macd_crossover,DOT-USDT,4h,,,,547.42,21.333,-1.02,88.4,34.89,129,1.0,535.74,8.0,26.0,5.0,,,,,,,,,,,
macd_crossover,DOT-USDT,4h,,,,416.87,19.187,-1.95,84.3,20.8,121,1.0,213.64,8.0,26.0,7.0,,,,,,,,,,,
macd_crossover,DOT-USDT,4h,,,,353.33,21.531,-0.85,86.7,52.59,113,1.0,416.29,8.0,26.0,9.0,,,,,,,,,,,
macd_crossover,DOT-USDT,4h,,,,292.97,18.585,-1.62,82.0,20.2,111,1.0,181.31,8.0,26.0,11.0,,,,,,,,,,,
macd_crossover,DOT-USDT,4h,,,,645.65,22.52,-0.83,89.5,42.28,133,1.0,774.97,8.0,29.0,5.0,,,,,,,,,,,
macd_crossover,DOT-USDT,4h,,,,427.09,20.964,-0.93,87.2,32.52,117,1.0,460.96,8.0,29.0,7.0,,,,,,,,,,,
macd_crossover,DOT-USDT,4h,,,,332.37,18.749,-2.18,82.6,20.23,115,1.0,152.27,8.0,29.0,9.0,,,,,,,,,,,
macd_crossover,DOT-USDT,4h,,,,272.71,18.486,-1.58,82.2,21.88,107,1.0,172.8,8.0,29.0,11.0,,,,,,,,,,,
macd_crossover,DOT-USDT,4h,,,,663.5,22.82,-0.93,88.7,41.03,133,1.0,716.11,8.0,32.0,5.0,,,,,,,,,,,
macd_crossover,DOT-USDT,4h,,,,433.68,22.198,-0.56,87.2,57.38,117,1.0,773.06,8.0,32.0,7.0,,,,,,,,,,,
macd_crossover,DOT-USDT,4h,,,,330.59,19.822,-1.4,82.3,29.17,113,1.0,235.96,8.0,32.0,9.0,,,,,,,,,,,
macd_crossover,DOT-USDT,4h,,,,235.66,16.895,-2.56,78.8,13.6,99,1.0,92.2,8.0,32.0,11.0,,,,,,,,,,,
macd_crossover,DOT-USDT,4h,,,,644.04,22.446,-0.93,88.7,42.69,133,1.0,695.11,8.0,35.0,5.0,,,,,,,,,,,
macd_crossover,DOT-USDT,4h,,,,507.27,23.12,-0.56,87.8,60.33,123,1.0,904.24,8.0,35.0,7.0,,,,,,,,,,,
macd_crossover,DOT-USDT,4h,,,,341.92,20.728,-1.4,83.8,29.82,111,1.0,244.05,8.0,35.0,9.0,,,,,,,,,,,
macd_crossover,DOT-USDT,4h,,,,286.98,18.913,-1.58,83.5,20.29,103,1.0,181.84,8.0,35.0,11.0,,,,,,,,,,,
macd_crossover,DOT-USDT,4h,,,,432.14,18.879,-2.83,85.8,19.18,127,1.0,152.9,10.0,20.0,5.0,,,,,,,,,,,
macd_crossover,DOT-USDT,4h,,,,336.0,18.455,-1.95,83.8,19.15,117,1.0,172.2,10.0,20.0,7.0,,,,,,,,,,,
macd_crossover,DOT-USDT,4h,,,,322.51,19.864,-0.93,82.9,27.96,111,1.0,348.09,10.0,20.0,9.0,,,,,,,,,,,
macd_crossover,DOT-USDT,4h,,,,221.62,16.846,-1.62,79.6,13.74,103,1.0,137.16,10.0,20.0,11.0,,,,,,,,,,,
macd_crossover,DOT-USDT,4h,,,,510.78,20.209,-2.83,87.6,23.82,129,1.0,180.73,10.0,23.0,5.0,,,,,,,,,,,
macd_crossover,DOT-USDT,4h,,,,336.88,20.092,-0.93,85.8,30.63,113,1.0,363.59,10.0,23.0,7.0,,,,,,,,,,,
macd_crossover,DOT-USDT,4h,,,,297.94,18.556,-2.18,83.8,17.51,111,1.0,136.49,10.0,23.0,9.0,,,,,,,,,,,
macd_crossover,DOT-USDT,4h,,,,209.07,16.315,-2.56,80.6,12.76,103,1.0,81.8,10.0,23.0,11.0,,,,,,,,,,,
macd_crossover,DOT-USDT,4h,,,,477.61,20.103,-2.83,87.2,23.76,125,1.0,168.99,10.0,26.0,5.0,,,,,,,,,,,
macd_crossover,DOT-USDT,4h,,,,367.41,20.909,-0.85,85.0,39.5,113,1.0,432.88,10.0,26.0,7.0,,,,,,,,,,,
macd_crossover,DOT-USDT,4h,,,,284.49,18.964,-1.4,82.6,24.22,109,1.0,203.05,10.0,26.0,9.0,,,,,,,,,,,
macd_crossover,DOT-USDT,4h,,,,290.74,19.359,-1.4,82.9,22.19,105,1.0,207.52,10.0,26.0,11.0,,,,,,,,,,,
macd_crossover,DOT-USDT,4h,,,,477.23,19.515,-2.83,86.4,19.79,125,1.0,168.86,10.0,29.0,5.0,,,,,,,,,,,
macd_crossover,DOT-USDT,4h,,,,347.58,19.398,-2.18,84.3,22.18,115,1.0,159.24,10.0,29.0,7.0,,,,,,,,,,,
macd_crossover,DOT-USDT,4h,,,,255.89,18.139,-1.58,82.2,21.23,107,1.0,162.14,10.0,29.0,9.0,,,,,,,,,,,
macd_crossover,DOT-USDT,4h,,,,301.61,18.454,-1.34,89.5,26.93,95,1.0,224.54,10.0,29.0,11.0,,,,,,,,,,,
macd_crossover,DOT-USDT,4h,,,,586.08,20.807,-2.83,87.0,23.37,131,1.0,207.37,10.0,32.0,5.0,,,,,,,,,,,
macd_crossover,DOT-USDT,4h,,,,352.9,19.906,-1.47,82.6,25.03,115,1.0,239.79,10.0,32.0,7.0,,,,,,,,,,,
macd_crossover,DOT-USDT,4h,,,,235.88,16.869,-2.56,78.8,13.61,99,1.0,92.29,10.0,32.0,9.0,,,,,,,,,,,
macd_crossover,DOT-USDT,4h,,,,272.89,17.328,-0.85,85.3,27.3,95,1.0,321.52,10.0,32.0,11.0,,,,,,,,,,,
macd_crossover,DOT-USDT,4h,,,,583.56,22.384,-2.83,90.7,37.17,129,1.0,206.48,10.0,35.0,5.0,,,,,,,,,,,
macd_crossover,DOT-USDT,4h,,,,350.15,19.997,-1.62,83.2,22.05,113,1.0,216.7,10.0,35.0,7.0,,,,,,,,,,,
macd_crossover,DOT-USDT,4h,,,,298.04,17.132,-1.58,83.2,19.67,101,1.0,188.85,10.0,35.0,9.0,,,,,,,,,,,
macd_crossover,DOT-USDT,4h,,,,283.58,18.097,-0.85,87.1,34.06,93,1.0,334.11,10.0,35.0,11.0,,,,,,,,,,,
macd_crossover,DOT-USDT,4h,,,,439.05,20.322,-0.83,85.4,27.48,123,1.0,531.25,12.0,20.0,5.0,,,,,,,,,,,
macd_crossover,DOT-USDT,4h,,,,333.24,20.451,-0.93,83.8,29.64,111,1.0,359.66,12.0,20.0,7.0,,,,,,,,,,,
macd_crossover,DOT-USDT,4h,,,,233.47,16.986,-2.18,81.6,13.26,103,1.0,106.96,12.0,20.0,9.0,,,,,,,,,,,
macd_crossover,DOT-USDT,4h,,,,193.57,15.972,-2.56,77.8,12.28,99,1.0,75.74,12.0,20.0,11.0,,,,,,,,,,,
macd_crossover,DOT-USDT,4h,,,,437.12,19.839,-1.95,85.1,23.53,121,1.0,224.02,12.0,23.0,5.0,,,,,,,,,,,
macd_crossover,DOT-USDT,4h,,,,312.94,20.015,-2.18,86.5,29.14,111,1.0,143.37,12.0,23.0,7.0,,,,,,,,,,,
macd_crossover,DOT-USDT,4h,,,,219.26,17.372,-1.4,81.6,16.9,103,1.0,156.5,12.0,23.0,9.0,,,,,,,,,,,
macd_crossover,DOT-USDT,4h,,,,283.12,17.227,-1.34,85.6,20.99,97,1.0,210.77,12.0,23.0,11.0,,,,,,,,,,,
macd_crossover,DOT-USDT,4h,,,,456.45,21.377,-0.93,87.6,38.99,121,1.0,492.64,12.0,26.0,5.0,,,,,,,,,,,
macd_crossover,DOT-USDT,4h,,,,313.43,19.383,-1.4,81.1,29.34,111,1.0,223.71,12.0,26.0,7.0,,,,,,,,,,,
macd_crossover,DOT-USDT,4h,,,,271.33,17.793,-2.56,81.0,15.16,105,1.0,106.16,12.0,26.0,9.0,,,,,,,,,,,
macd_crossover,DOT-USDT,4h,,,,247.39,17.326,-0.85,87.6,27.73,89,1.0,291.47,12.0,26.0,11.0,,,,,,,,,,,
macd_crossover,DOT-USDT,4h,,,,507.83,23.058,-0.56,87.8,57.5,123,1.0,905.23,12.0,29.0,5.0,,,,,,,,,,,
macd_crossover,DOT-USDT,4h,,,,304.96,19.377,-1.4,82.9,25.56,111,1.0,217.66,12.0,29.0,7.0,,,,,,,,,,,
macd_crossover,DOT-USDT,4h,,,,299.15,18.312,-1.34,87.4,26.71,95,1.0,222.7,12.0,29.0,9.0,,,,,,,,,,,
macd_crossover,DOT-USDT,4h,,,,232.72,16.201,-1.11,84.6,21.53,91,1.0,209.6,12.0,29.0,11.0,,,,,,,,,,,
macd_crossover,DOT-USDT,4h,,,,470.79,21.085,-2.18,85.8,31.04,127,1.0,215.68,12.0,32.0,5.0,,,,,,,,,,,
macd_crossover,DOT-USDT,4h,,,,258.86,17.412,-2.56,79.6,14.75,103,1.0,101.28,12.0,32.0,7.0,,,,,,,,,,,
macd_crossover,DOT-USDT,4h,,,,271.6,17.198,-1.06,84.2,24.57,95,1.0,256.25,12.0,32.0,9.0,,,,,,,,,,,
macd_crossover,DOT-USDT,4h,,,,201.4,15.823,-1.2,82.4,17.75,85,1.0,167.84,12.0,32.0,11.0,,,,,,,,,,,
macd_crossover,DOT-USDT,4h,,,,405.55,21.37,-0.91,85.5,38.28,117,1.0,446.24,12.0,35.0,5.0,,,,,,,,,,,
macd_crossover,DOT-USDT,4h,,,,277.61,18.125,-1.58,81.0,19.35,105,1.0,175.91,12.0,35.0,7.0,,,,,,,,,,,
macd_crossover,DOT-USDT,4h,,,,281.43,18.0,-0.85,87.1,33.93,93,1.0,331.58,12.0,35.0,9.0,,,,,,,,,,,
macd_crossover,DOT-USDT,4h,,,,181.3,15.672,-1.2,80.5,18.26,77,1.0,151.09,12.0,35.0,11.0,,,,,,,,,,,
macd_crossover,DOT-USDT,4h,,,,415.85,20.167,-1.95,86.6,23.11,119,1.0,213.12,14.0,20.0,5.0,,,,,,,,,,,
macd_crossover,DOT-USDT,4h,,,,322.39,19.862,-2.18,85.6,23.76,111,1.0,147.69,14.0,20.0,7.0,,,,,,,,,,,
macd_crossover,DOT-USDT,4h,,,,195.14,16.038,-2.56,79.8,12.38,99,1.0,76.35,14.0,20.0,9.0,,,,,,,,,,,
macd_crossover,DOT-USDT,4h,,,,243.7,16.165,-1.34,81.3,16.48,91,1.0,181.42,14.0,20.0,11.0,,,,,,,,,,,
macd_crossover,DOT-USDT,4h,,,,425.07,21.583,-0.93,86.3,36.64,117,1.0,458.77,14.0,23.0,5.0,,,,,,,,,,,
macd_crossover,DOT-USDT,4h,,,,285.34,18.532,-1.62,82.6,20.29,109,1.0,176.59,14.0,23.0,7.0,,,,,,,,,,,
macd_crossover,DOT-USDT,4h,,,,324.11,18.198,-1.34,84.2,24.37,101,1.0,241.28,14.0,23.0,9.0,,,,,,,,,,,
macd_crossover,DOT-USDT,4h,,,,207.96,15.404,-1.11,84.3,16.95,89,1.0,187.31,14.0,23.0,11.0,,,,,,,,,,,
macd_crossover,DOT-USDT,4h,,,,432.75,22.48,-0.56,85.5,58.58,117,1.0,771.4,14.0,26.0,5.0,,,,,,,,,,,
macd_crossover,DOT-USDT,4h,,,,260.5,17.283,-2.56,80.7,15.45,109,1.0,101.92,14.0,26.0,7.0,,,,,,,,,,,
macd_crossover,DOT-USDT,4h,,,,259.48,17.554,-1.06,89.0,30.39,91,1.0,244.81,14.0,26.0,9.0,,,,,,,,,,,
macd_crossover,DOT-USDT,4h,,,,208.25,15.084,-1.11,80.9,16.5,89,1.0,187.56,14.0,26.0,11.0,,,,,,,,,,,
macd_crossover,DOT-USDT,4h,,,,419.98,21.429,-0.91,84.0,38.0,119,1.0,462.12,14.0,29.0,5.0,,,,,,,,,,,
macd_crossover,DOT-USDT,4h,,,,245.57,17.942,-1.58,79.8,18.26,99,1.0,155.6,14.0,29.0,7.0,,,,,,,,,,,
macd_crossover,DOT-USDT,4h,,,,241.29,16.371,-1.11,84.9,22.18,93,1.0,217.32,14.0,29.0,9.0,,,,,,,,,,,
macd_crossover,DOT-USDT,4h,,,,169.02,15.29,-1.11,82.3,20.92,79,1.0,152.23,14.0,29.0,11.0,,,,,,,,,,,
macd_crossover,DOT-USDT,4h,,,,367.98,20.36,-0.91,83.8,30.82,117,1.0,404.89,14.0,32.0,5.0,,,,,,,,,,,
macd_crossover,DOT-USDT,4h,,,,285.31,16.899,-1.58,83.8,20.49,99,1.0,180.78,14.0,32.0,7.0,,,,,,,,,,,
macd_crossover,DOT-USDT,4h,,,,243.43,16.778,-1.2,84.3,19.49,89,1.0,203.08,14.0,32.0,9.0,,,,,,,,,,,
macd_crossover,DOT-USDT,4h,,,,167.25,15.353,-1.2,79.5,16.3,73,1.0,139.38,14.0,32.0,11.0,,,,,,,,,,,
macd_crossover,DOT-USDT,4h,,,,393.35,21.456,-0.74,85.2,44.65,115,1.0,534.32,14.0,35.0,5.0,,,,,,,,,,,
macd_crossover,DOT-USDT,4h,,,,301.38,18.447,-1.06,86.3,34.17,95,1.0,284.34,14.0,35.0,7.0,,,,,,,,,,,
macd_crossover,DOT-USDT,4h,,,,207.83,16.616,-1.2,84.0,20.88,81,1.0,173.2,14.0,35.0,9.0,,,,,,,,,,,
macd_crossover,DOT-USDT,4h,,,,143.34,12.215,-3.21,72.6,7.66,73,1.0,44.63,14.0,35.0,11.0,,,,,,,,,,,
bb_reversion,DOT-USDT,4h,15.0,,,-98.57,-19.065,-98.57,0.8,0.0,118,2.5,-1.0,,,,1.5,,,,,,,,,,
bb_reversion,DOT-USDT,4h,15.0,,,-92.16,-16.565,-92.16,0.0,0.0,70,1.4,-1.0,,,,2.0,,,,,,,,,,
bb_reversion,DOT-USDT,4h,15.0,,,-62.54,-16.28,-62.54,0.0,0.0,18,1.2,-1.0,,,,2.5,,,,,,,,,,
bb_reversion,DOT-USDT,4h,15.0,,,-28.67,-24.564,-28.67,0.0,0.0,3,1.3,-1.0,,,,3.0,,,,,,,,,,
bb_reversion,DOT-USDT,4h,17.0,,,-98.16,-19.013,-98.16,0.0,0.0,108,2.7,-1.0,,,,1.5,,,,,,,,,,
bb_reversion,DOT-USDT,4h,17.0,,,-93.7,-18.252,-93.7,0.0,0.0,69,1.8,-1.0,,,,2.0,,,,,,,,,,
bb_reversion,DOT-USDT,4h,17.0,,,-65.61,-16.17,-65.61,0.0,0.0,21,1.2,-1.0,,,,2.5,,,,,,,,,,
bb_reversion,DOT-USDT,4h,17.0,,,-35.77,-18.212,-35.77,0.0,0.0,3,1.7,-1.0,,,,3.0,,,,,,,,,,
bb_reversion,DOT-USDT,4h,19.0,,,-97.74,-18.632,-97.74,0.0,0.0,103,2.8,-1.0,,,,1.5,,,,,,,,,,
bb_reversion,DOT-USDT,4h,19.0,,,-93.49,-17.477,-93.49,0.0,0.0,70,1.8,-1.0,,,,2.0,,,,,,,,,,
bb_reversion,DOT-USDT,4h,19.0,,,-65.37,-13.728,-65.37,0.0,0.0,23,1.1,-1.0,,,,2.5,,,,,,,,,,
bb_reversion,DOT-USDT,4h,19.0,,,-27.15,-19.565,-27.15,0.0,0.0,4,1.2,-1.0,,,,3.0,,,,,,,,,,
bb_reversion,DOT-USDT,4h,21.0,,,-97.26,-19.408,-97.26,0.0,0.0,99,2.9,-1.0,,,,1.5,,,,,,,,,,
bb_reversion,DOT-USDT,4h,21.0,,,-93.63,-18.633,-93.63,0.0,0.0,71,1.9,-1.0,,,,2.0,,,,,,,,,,
bb_reversion,DOT-USDT,4h,21.0,,,-63.09,-20.911,-63.09,0.0,0.0,21,1.3,-1.0,,,,2.5,,,,,,,,,,
bb_reversion,DOT-USDT,4h,21.0,,,-27.18,-16.794,-27.18,0.0,0.0,5,1.2,-1.0,,,,3.0,,,,,,,,,,
bb_reversion,DOT-USDT,4h,23.0,,,-97.1,-20.204,-97.1,0.0,0.0,94,3.1,-1.0,,,,1.5,,,,,,,,,,
bb_reversion,DOT-USDT,4h,23.0,,,-91.64,-23.84,-91.64,0.0,0.0,61,2.2,-1.0,,,,2.0,,,,,,,,,,
bb_reversion,DOT-USDT,4h,23.0,,,-66.04,-19.329,-66.04,0.0,0.0,25,1.4,-1.0,,,,2.5,,,,,,,,,,
bb_reversion,DOT-USDT,4h,23.0,,,-27.18,-16.794,-27.18,0.0,0.0,5,1.2,-1.0,,,,3.0,,,,,,,,,,
bb_reversion,DOT-USDT,4h,25.0,,,-96.99,-18.958,-96.99,0.0,0.0,96,3.0,-1.0,,,,1.5,,,,,,,,,,
bb_reversion,DOT-USDT,4h,25.0,,,-90.49,-24.192,-90.49,0.0,0.0,55,2.5,-1.0,,,,2.0,,,,,,,,,,
bb_reversion,DOT-USDT,4h,25.0,,,-64.13,-18.831,-64.13,0.0,0.0,24,1.5,-1.0,,,,2.5,,,,,,,,,,
bb_reversion,DOT-USDT,4h,25.0,,,-30.52,-17.994,-30.52,0.0,0.0,6,1.2,-1.0,,,,3.0,,,,,,,,,,
ema_crossover,DOT-USDT,4h,,,,370.08,7.481,-10.92,57.7,6.92,71,15.2,33.88,5.0,25.0,,,,,,,,,,,,
ema_crossover,DOT-USDT,4h,,,,336.81,7.808,-9.75,58.7,7.28,63,17.1,34.54,5.0,30.0,,,,,,,,,,,,
ema_crossover,DOT-USDT,4h,,,,362.11,8.817,-7.33,62.5,11.84,56,19.3,49.38,5.0,35.0,,,,,,,,,,,,
ema_crossover,DOT-USDT,4h,,,,208.65,7.303,-4.79,61.1,7.08,54,20.0,43.53,5.0,40.0,,,,,,,,,,,,
ema_crossover,DOT-USDT,4h,,,,206.87,7.777,-4.33,58.3,7.58,48,22.5,47.79,5.0,45.0,,,,,,,,,,,,
ema_crossover,DOT-USDT,4h,,,,140.23,6.102,-8.09,54.0,4.57,50,21.6,17.33,5.0,50.0,,,,,,,,,,,,
ema_crossover,DOT-USDT,4h,,,,169.59,5.942,-12.15,53.7,3.85,54,20.0,13.95,8.0,25.0,,,,,,,,,,,,
ema_crossover,DOT-USDT,4h,,,,134.43,5.596,-9.47,52.0,3.33,50,21.6,14.19,8.0,30.0,,,,,,,,,,,,
ema_crossover,DOT-USDT,4h,,,,118.43,5.297,-10.29,52.1,2.98,48,22.5,11.51,8.0,35.0,,,,,,,,,,,,
ema_crossover,DOT-USDT,4h,,,,59.41,3.484,-17.41,45.5,1.98,44,24.5,3.41,8.0,40.0,,,,,,,,,,,,
ema_crossover,DOT-USDT,4h,,,,50.7,3.307,-13.91,42.9,1.92,42,25.7,3.65,8.0,45.0,,,,,,,,,,,,
ema_crossover,DOT-USDT,4h,,,,54.75,3.734,-13.61,39.5,2.04,38,28.4,4.02,8.0,50.0,,,,,,,,,,,,
ema_crossover,DOT-USDT,4h,,,,66.47,3.565,-16.01,43.5,1.95,46,23.5,4.15,11.0,25.0,,,,,,,,,,,,
ema_crossover,DOT-USDT,4h,,,,56.12,3.313,-13.03,41.3,1.92,46,23.5,4.31,11.0,30.0,,,,,,,,,,,,
ema_crossover,DOT-USDT,4h,,,,61.18,3.877,-14.63,47.5,2.11,40,27.0,4.18,11.0,35.0,,,,,,,,,,,,
ema_crossover,DOT-USDT,4h,,,,32.48,2.694,-16.09,30.6,1.61,36,30.0,2.02,11.0,40.0,,,,,,,,,,,,
ema_crossover,DOT-USDT,4h,,,,31.23,2.951,-19.66,33.3,1.64,30,36.0,1.59,11.0,45.0,,,,,,,,,,,,
ema_crossover,DOT-USDT,4h,,,,8.35,1.32,-26.74,26.7,1.22,30,36.0,0.31,11.0,50.0,,,,,,,,,,,,
ema_crossover,DOT-USDT,4h,,,,34.52,2.422,-18.12,40.9,1.57,44,24.5,1.91,14.0,25.0,,,,,,,,,,,,
ema_crossover,DOT-USDT,4h,,,,31.43,2.443,-18.16,42.5,1.53,40,27.0,1.73,14.0,30.0,,,,,,,,,,,,
ema_crossover,DOT-USDT,4h,,,,8.87,1.18,-34.73,32.5,1.22,40,27.0,0.26,14.0,35.0,,,,,,,,,,,,
ema_crossover,DOT-USDT,4h,,,,4.4,0.993,-31.34,25.0,1.17,32,33.8,0.14,14.0,40.0,,,,,,,,,,,,
ema_crossover,DOT-USDT,4h,,,,2.09,0.804,-30.75,25.0,1.13,32,33.8,0.07,14.0,45.0,,,,,,,,,,,,
ema_crossover,DOT-USDT,4h,,,,-17.89,-0.833,-44.42,36.1,0.87,36,30.0,-0.4,14.0,50.0,,,,,,,,,,,,
ema_crossover,DOT-USDT,4h,,,,17.46,1.725,-20.51,36.8,1.34,38,28.4,0.85,17.0,25.0,,,,,,,,,,,,
ema_crossover,DOT-USDT,4h,,,,-6.33,0.197,-37.16,30.0,1.03,40,27.0,-0.17,17.0,30.0,,,,,,,,,,,,
ema_crossover,DOT-USDT,4h,,,,-11.13,-0.2,-35.55,23.5,0.97,34,31.8,-0.31,17.0,35.0,,,,,,,,,,,,
ema_crossover,DOT-USDT,4h,,,,-32.41,-2.195,-50.63,29.4,0.72,34,31.8,-0.64,17.0,40.0,,,,,,,,,,,,
ema_crossover,DOT-USDT,4h,,,,-30.48,-2.181,-47.78,26.7,0.73,30,36.0,-0.64,17.0,45.0,,,,,,,,,,,,
ema_crossover,DOT-USDT,4h,,,,-28.54,-2.09,-42.77,26.7,0.73,30,36.0,-0.67,17.0,50.0,,,,,,,,,,,,
ema_crossover,DOT-USDT,4h,,,,5.75,1.02,-23.49,31.6,1.18,38,28.4,0.24,20.0,25.0,,,,,,,,,,,,
ema_crossover,DOT-USDT,4h,,,,-23.63,-1.127,-48.49,20.6,0.84,34,31.8,-0.49,20.0,30.0,,,,,,,,,,,,
ema_crossover,DOT-USDT,4h,,,,-24.78,-1.429,-48.55,37.5,0.81,32,33.8,-0.51,20.0,35.0,,,,,,,,,,,,
ema_crossover,DOT-USDT,4h,,,,-28.29,-1.96,-48.93,28.6,0.76,28,38.6,-0.58,20.0,40.0,,,,,,,,,,,,
ema_crossover,DOT-USDT,4h,,,,-34.42,-2.804,-47.81,26.9,0.68,26,41.5,-0.72,20.0,45.0,,,,,,,,,,,,
ema_crossover,DOT-USDT,4h,,,,-31.35,-2.44,-46.79,25.0,0.7,28,38.6,-0.67,20.0,50.0,,,,,,,,,,,,
stoch_rsi,DOT-USDT,4h,7.0,15.0,75.0,47.13,5.546,-5.18,62.9,2.16,97,1.0,9.1,,,,,3.0,3.0,,,,,,,,
stoch_rsi,DOT-USDT,4h,7.0,15.0,80.0,28.72,4.309,-5.64,59.5,1.81,84,1.0,5.1,,,,,3.0,3.0,,,,,,,,
stoch_rsi,DOT-USDT,4h,7.0,15.0,85.0,20.01,3.495,-5.7,59.5,1.62,74,1.0,3.51,,,,,3.0,3.0,,,,,,,,
stoch_rsi,DOT-USDT,4h,7.0,20.0,75.0,66.47,6.628,-5.18,64.8,2.49,108,1.0,12.84,,,,,3.0,3.0,,,,,,,,
stoch_rsi,DOT-USDT,4h,7.0,20.0,80.0,45.64,5.675,-5.17,62.1,2.16,95,1.0,8.82,,,,,3.0,3.0,,,,,,,,
stoch_rsi,DOT-USDT,4h,7.0,20.0,85.0,35.79,5.083,-5.76,62.4,2.0,85,1.0,6.22,,,,,3.0,3.0,,,,,,,,
stoch_rsi,DOT-USDT,4h,7.0,25.0,75.0,77.89,6.659,-6.01,64.7,2.46,119,1.0,12.96,,,,,3.0,3.0,,,,,,,,
stoch_rsi,DOT-USDT,4h,7.0,25.0,80.0,55.63,5.825,-6.48,62.3,2.18,106,1.0,8.59,,,,,3.0,3.0,,,,,,,,
stoch_rsi,DOT-USDT,4h,7.0,25.0,85.0,45.1,5.328,-7.26,62.5,2.04,96,1.0,6.21,,,,,3.0,3.0,,,,,,,,
stoch_rsi,DOT-USDT,4h,9.0,15.0,75.0,61.5,7.701,-7.4,66.0,3.1,97,1.0,8.31,,,,,3.0,3.0,,,,,,,,
stoch_rsi,DOT-USDT,4h,9.0,15.0,80.0,48.92,7.004,-7.4,65.2,2.76,89,1.0,6.61,,,,,3.0,3.0,,,,,,,,
stoch_rsi,DOT-USDT,4h,9.0,15.0,85.0,38.91,7.479,-3.57,65.4,2.8,78,1.0,10.89,,,,,3.0,3.0,,,,,,,,
stoch_rsi,DOT-USDT,4h,9.0,20.0,75.0,85.92,8.156,-7.4,67.6,3.45,111,1.0,11.61,,,,,3.0,3.0,,,,,,,,
stoch_rsi,DOT-USDT,4h,9.0,20.0,80.0,71.45,7.616,-7.4,67.0,3.14,103,1.0,9.66,,,,,3.0,3.0,,,,,,,,
stoch_rsi,DOT-USDT,4h,9.0,20.0,85.0,59.92,8.027,-3.4,67.4,3.26,92,1.0,17.65,,,,,3.0,3.0,,,,,,,,
stoch_rsi,DOT-USDT,4h,9.0,25.0,75.0,90.7,8.387,-7.4,68.1,3.55,113,1.0,12.26,,,,,3.0,3.0,,,,,,,,
stoch_rsi,DOT-USDT,4h,9.0,25.0,80.0,75.85,7.869,-7.4,67.6,3.24,105,1.0,10.25,,,,,3.0,3.0,,,,,,,,
stoch_rsi,DOT-USDT,4h,9.0,25.0,85.0,64.02,8.33,-3.4,68.1,3.38,94,1.0,18.86,,,,,3.0,3.0,,,,,,,,
stoch_rsi,DOT-USDT,4h,11.0,15.0,75.0,79.05,9.489,-4.27,69.9,3.94,93,1.0,18.53,,,,,3.0,3.0,,,,,,,,
stoch_rsi,DOT-USDT,4h,11.0,15.0,80.0,53.39,8.606,-4.27,68.4,3.41,79,1.0,12.52,,,,,3.0,3.0,,,,,,,,
stoch_rsi,DOT-USDT,4h,11.0,15.0,85.0,38.1,7.351,-4.27,64.7,2.84,68,1.0,8.93,,,,,3.0,3.0,,,,,,,,
stoch_rsi,DOT-USDT,4h,11.0,20.0,75.0,98.85,9.525,-4.27,68.6,4.09,102,1.0,23.18,,,,,3.0,3.0,,,,,,,,
stoch_rsi,DOT-USDT,4h,11.0,20.0,80.0,70.35,8.757,-4.27,67.0,3.65,88,1.0,16.5,,,,,3.0,3.0,,,,,,,,
stoch_rsi,DOT-USDT,4h,11.0,20.0,85.0,53.38,7.776,-4.27,63.6,3.15,77,1.0,12.51,,,,,3.0,3.0,,,,,,,,
stoch_rsi,DOT-USDT,4h,11.0,25.0,75.0,126.19,9.159,-4.36,69.5,4.07,118,1.0,28.94,,,,,3.0,3.0,,,,,,,,
stoch_rsi,DOT-USDT,4h,11.0,25.0,80.0,93.78,8.491,-4.36,68.3,3.7,104,1.0,21.51,,,,,3.0,3.0,,,,,,,,
stoch_rsi,DOT-USDT,4h,11.0,25.0,85.0,74.46,7.736,-5.13,65.6,3.29,93,1.0,14.52,,,,,3.0,3.0,,,,,,,,
stoch_rsi,DOT-USDT,4h,13.0,15.0,75.0,69.67,9.167,-3.83,73.4,3.56,94,1.0,18.21,,,,,3.0,3.0,,,,,,,,
stoch_rsi,DOT-USDT,4h,13.0,15.0,80.0,58.62,8.573,-3.83,72.4,3.3,87,1.0,15.32,,,,,3.0,3.0,,,,,,,,
stoch_rsi,DOT-USDT,4h,13.0,15.0,85.0,37.28,7.412,-3.83,71.1,2.84,76,1.0,9.74,,,,,3.0,3.0,,,,,,,,
stoch_rsi,DOT-USDT,4h,13.0,20.0,75.0,95.84,10.4,-3.83,75.0,4.12,104,1.0,25.05,,,,,3.0,3.0,,,,,,,,
stoch_rsi,DOT-USDT,4h,13.0,20.0,80.0,83.09,9.936,-3.83,74.2,3.88,97,1.0,21.72,,,,,3.0,3.0,,,,,,,,
stoch_rsi,DOT-USDT,4h,13.0,20.0,85.0,58.45,9.143,-3.83,73.3,3.54,86,1.0,15.28,,,,,3.0,3.0,,,,,,,,
stoch_rsi,DOT-USDT,4h,13.0,25.0,75.0,99.01,10.304,-3.83,75.0,4.03,108,1.0,25.88,,,,,3.0,3.0,,,,,,,,
stoch_rsi,DOT-USDT,4h,13.0,25.0,80.0,86.05,9.852,-3.83,74.3,3.8,101,1.0,22.49,,,,,3.0,3.0,,,,,,,,
stoch_rsi,DOT-USDT,4h,13.0,25.0,85.0,61.02,9.083,-3.83,73.3,3.47,90,1.0,15.95,,,,,3.0,3.0,,,,,,,,
stoch_rsi,DOT-USDT,4h,15.0,15.0,75.0,87.55,12.708,-2.16,78.0,5.21,100,1.0,40.5,,,,,3.0,3.0,,,,,,,,
stoch_rsi,DOT-USDT,4h,15.0,15.0,80.0,63.71,11.503,-2.92,77.3,4.5,88,1.0,21.79,,,,,3.0,3.0,,,,,,,,
stoch_rsi,DOT-USDT,4h,15.0,15.0,85.0,53.7,10.848,-2.92,76.5,4.22,81,1.0,18.36,,,,,3.0,3.0,,,,,,,,
stoch_rsi,DOT-USDT,4h,15.0,20.0,75.0,96.81,12.002,-2.16,76.3,4.66,114,1.0,44.78,,,,,3.0,3.0,,,,,,,,
stoch_rsi,DOT-USDT,4h,15.0,20.0,80.0,71.79,10.897,-3.87,75.5,4.06,102,1.0,18.57,,,,,3.0,3.0,,,,,,,,
stoch_rsi,DOT-USDT,4h,15.0,20.0,85.0,61.29,10.305,-3.87,74.7,3.83,95,1.0,15.86,,,,,3.0,3.0,,,,,,,,
stoch_rsi,DOT-USDT,4h,15.0,25.0,75.0,96.45,11.148,-2.33,74.4,4.12,121,1.0,41.35,,,,,3.0,3.0,,,,,,,,
stoch_rsi,DOT-USDT,4h,15.0,25.0,80.0,71.48,10.046,-4.24,73.4,3.59,109,1.0,16.85,,,,,3.0,3.0,,,,,,,,
stoch_rsi,DOT-USDT,4h,15.0,25.0,85.0,60.99,9.457,-4.24,72.5,3.37,102,1.0,14.38,,,,,3.0,3.0,,,,,,,,
stoch_rsi,DOT-USDT,4h,17.0,15.0,75.0,77.28,9.644,-3.14,68.4,3.65,95,1.0,24.62,,,,,3.0,3.0,,,,,,,,
stoch_rsi,DOT-USDT,4h,17.0,15.0,80.0,70.34,9.409,-3.26,68.9,3.47,90,1.0,21.6,,,,,3.0,3.0,,,,,,,,
stoch_rsi,DOT-USDT,4h,17.0,15.0,85.0,60.99,9.55,-3.94,68.3,3.6,82,1.0,15.47,,,,,3.0,3.0,,,,,,,,
stoch_rsi,DOT-USDT,4h,17.0,20.0,75.0,96.23,9.628,-3.52,68.6,3.71,105,1.0,27.35,,,,,3.0,3.0,,,,,,,,
stoch_rsi,DOT-USDT,4h,17.0,20.0,80.0,88.55,9.432,-3.63,69.0,3.55,100,1.0,24.36,,,,,3.0,3.0,,,,,,,,
stoch_rsi,DOT-USDT,4h,17.0,20.0,85.0,78.19,9.528,-4.32,68.5,3.68,92,1.0,18.11,,,,,3.0,3.0,,,,,,,,
stoch_rsi,DOT-USDT,4h,17.0,25.0,75.0,98.01,9.181,-3.52,68.1,3.48,113,1.0,27.86,,,,,3.0,3.0,,,,,,,,
stoch_rsi,DOT-USDT,4h,17.0,25.0,80.0,90.26,8.982,-3.52,68.5,3.34,108,1.0,25.66,,,,,3.0,3.0,,,,,,,,
stoch_rsi,DOT-USDT,4h,17.0,25.0,85.0,79.81,9.03,-3.68,68.0,3.42,100,1.0,21.71,,,,,3.0,3.0,,,,,,,,
stoch_rsi,DOT-USDT,4h,19.0,15.0,75.0,102.53,11.081,-4.12,74.4,4.49,90,1.0,24.86,,,,,3.0,3.0,,,,,,,,
stoch_rsi,DOT-USDT,4h,19.0,15.0,80.0,90.83,11.183,-4.12,74.4,4.39,82,1.0,22.02,,,,,3.0,3.0,,,,,,,,
stoch_rsi,DOT-USDT,4h,19.0,15.0,85.0,78.02,10.526,-4.12,74.0,4.09,77,1.0,18.91,,,,,3.0,3.0,,,,,,,,
stoch_rsi,DOT-USDT,4h,19.0,20.0,75.0,116.82,10.776,-4.91,74.0,4.3,100,1.0,23.79,,,,,3.0,3.0,,,,,,,,
stoch_rsi,DOT-USDT,4h,19.0,20.0,80.0,104.3,10.837,-4.91,73.9,4.21,92,1.0,21.24,,,,,3.0,3.0,,,,,,,,
stoch_rsi,DOT-USDT,4h,19.0,20.0,85.0,90.57,10.253,-4.91,73.6,3.95,87,1.0,18.45,,,,,3.0,3.0,,,,,,,,
stoch_rsi,DOT-USDT,4h,19.0,25.0,75.0,127.19,10.969,-4.91,75.0,4.5,104,1.0,25.91,,,,,3.0,3.0,,,,,,,,
stoch_rsi,DOT-USDT,4h,19.0,25.0,80.0,114.07,11.043,-4.91,75.0,4.42,96,1.0,23.23,,,,,3.0,3.0,,,,,,,,
stoch_rsi,DOT-USDT,4h,19.0,25.0,85.0,99.69,10.492,-4.91,74.7,4.16,91,1.0,20.31,,,,,3.0,3.0,,,,,,,,
stoch_rsi,DOT-USDT,4h,21.0,15.0,75.0,78.07,9.465,-3.6,71.6,3.59,88,1.0,21.71,,,,,3.0,3.0,,,,,,,,
stoch_rsi,DOT-USDT,4h,21.0,15.0,80.0,72.68,9.439,-3.6,71.1,3.51,83,1.0,20.21,,,,,3.0,3.0,,,,,,,,
stoch_rsi,DOT-USDT,4h,21.0,15.0,85.0,57.43,8.603,-6.41,69.2,3.09,78,1.0,8.96,,,,,3.0,3.0,,,,,,,,
stoch_rsi,DOT-USDT,4h,21.0,20.0,75.0,92.27,9.751,-3.6,72.3,3.78,94,1.0,25.66,,,,,3.0,3.0,,,,,,,,
stoch_rsi,DOT-USDT,4h,21.0,20.0,80.0,86.45,9.744,-3.6,71.9,3.71,89,1.0,24.04,,,,,3.0,3.0,,,,,,,,
stoch_rsi,DOT-USDT,4h,21.0,20.0,85.0,69.98,8.996,-6.41,70.2,3.31,84,1.0,10.91,,,,,3.0,3.0,,,,,,,,
stoch_rsi,DOT-USDT,4h,21.0,25.0,75.0,93.72,9.61,-3.6,72.4,3.76,98,1.0,26.06,,,,,3.0,3.0,,,,,,,,
stoch_rsi,DOT-USDT,4h,21.0,25.0,80.0,87.85,9.595,-3.6,72.0,3.69,93,1.0,24.43,,,,,3.0,3.0,,,,,,,,
stoch_rsi,DOT-USDT,4h,21.0,25.0,85.0,71.26,8.868,-6.41,70.5,3.3,88,1.0,11.11,,,,,3.0,3.0,,,,,,,,
kc_breakout,DOT-USDT,4h,15.0,,,926.54,19.003,0.0,100.0,999.0,64,2.3,0.0,,,,,,,1.5,,,,,,,
kc_breakout,DOT-USDT,4h,15.0,,,213.19,17.408,0.0,100.0,999.0,24,1.8,0.0,,,,,,,2.0,,,,,,,
kc_breakout,DOT-USDT,4h,15.0,,,70.5,24.186,0.0,100.0,999.0,9,1.8,0.0,,,,,,,2.5,,,,,,,
kc_breakout,DOT-USDT,4h,17.0,,,1131.22,18.092,0.0,100.0,999.0,73,2.5,0.0,,,,,,,1.5,,,,,,,
kc_breakout,DOT-USDT,4h,17.0,,,304.65,18.626,0.0,100.0,999.0,30,2.1,0.0,,,,,,,2.0,,,,,,,
kc_breakout,DOT-USDT,4h,17.0,,,76.95,21.949,0.0,100.0,999.0,11,1.7,0.0,,,,,,,2.5,,,,,,,
kc_breakout,DOT-USDT,4h,17.0,,,22.74,16.591,0.0,100.0,999.0,2,2.0,0.0,,,,,,,3.0,,,,,,,
kc_breakout,DOT-USDT,4h,19.0,,,1477.3,18.642,0.0,100.0,999.0,80,2.8,0.0,,,,,,,1.5,,,,,,,
kc_breakout,DOT-USDT,4h,19.0,,,398.29,18.932,0.0,100.0,999.0,38,2.2,0.0,,,,,,,2.0,,,,,,,
kc_breakout,DOT-USDT,4h,19.0,,,107.33,21.284,0.0,100.0,999.0,15,1.8,0.0,,,,,,,2.5,,,,,,,
kc_breakout,DOT-USDT,4h,19.0,,,54.6,26.895,0.0,100.0,999.0,6,1.8,0.0,,,,,,,3.0,,,,,,,
kc_breakout,DOT-USDT,4h,21.0,,,1540.38,17.925,0.0,100.0,999.0,78,3.3,0.0,,,,,,,1.5,,,,,,,
kc_breakout,DOT-USDT,4h,21.0,,,526.84,18.982,0.0,100.0,999.0,44,2.5,0.0,,,,,,,2.0,,,,,,,
kc_breakout,DOT-USDT,4h,21.0,,,158.84,20.729,0.0,100.0,999.0,23,1.7,0.0,,,,,,,2.5,,,,,,,
kc_breakout,DOT-USDT,4h,21.0,,,62.58,23.533,0.0,100.0,999.0,8,1.6,0.0,,,,,,,3.0,,,,,,,
kc_breakout,DOT-USDT,4h,23.0,,,1584.37,18.228,0.0,100.0,999.0,81,3.5,0.0,,,,,,,1.5,,,,,,,
kc_breakout,DOT-USDT,4h,23.0,,,591.86,18.277,0.0,100.0,999.0,49,2.6,0.0,,,,,,,2.0,,,,,,,
kc_breakout,DOT-USDT,4h,23.0,,,185.81,25.912,0.0,100.0,999.0,26,2.0,0.0,,,,,,,2.5,,,,,,,
kc_breakout,DOT-USDT,4h,23.0,,,62.58,23.533,0.0,100.0,999.0,8,1.6,0.0,,,,,,,3.0,,,,,,,
kc_breakout,DOT-USDT,4h,25.0,,,1708.66,18.764,0.0,100.0,999.0,79,3.9,0.0,,,,,,,1.5,,,,,,,
kc_breakout,DOT-USDT,4h,25.0,,,636.52,17.212,0.0,100.0,999.0,55,2.7,0.0,,,,,,,2.0,,,,,,,
kc_breakout,DOT-USDT,4h,25.0,,,200.4,22.401,0.0,100.0,999.0,28,2.3,0.0,,,,,,,2.5,,,,,,,
kc_breakout,DOT-USDT,4h,25.0,,,81.73,21.336,0.0,100.0,999.0,12,1.7,0.0,,,,,,,3.0,,,,,,,
rsi_adx_combo,DOT-USDT,4h,,,,37.18,2.05,-21.74,36.4,1.46,66,14.6,1.71,,,,,,,,14.0,25.0,65.0,14.0,20.0,,
rsi_adx_combo,DOT-USDT,4h,,,,1.45,0.505,-28.25,36.8,1.1,76,10.3,0.05,,,,,,,,14.0,25.0,65.0,14.0,25.0,,
rsi_adx_combo,DOT-USDT,4h,,,,40.49,2.184,-21.74,36.9,1.5,65,14.8,1.86,,,,,,,,14.0,25.0,70.0,14.0,20.0,,
rsi_adx_combo,DOT-USDT,4h,,,,8.73,0.883,-25.19,39.4,1.18,71,10.8,0.35,,,,,,,,14.0,25.0,70.0,14.0,25.0,,
rsi_adx_combo,DOT-USDT,4h,,,,41.28,2.23,-21.74,37.5,1.51,64,15.0,1.9,,,,,,,,14.0,25.0,75.0,14.0,20.0,,
rsi_adx_combo,DOT-USDT,4h,,,,20.23,1.458,-21.5,42.4,1.32,66,11.5,0.94,,,,,,,,14.0,25.0,75.0,14.0,25.0,,
rsi_adx_combo,DOT-USDT,4h,,,,39.21,2.106,-20.59,37.3,1.48,67,14.4,1.9,,,,,,,,14.0,30.0,65.0,14.0,20.0,,
rsi_adx_combo,DOT-USDT,4h,,,,-2.97,0.275,-30.23,35.8,1.05,81,9.8,-0.1,,,,,,,,14.0,30.0,65.0,14.0,25.0,,
rsi_adx_combo,DOT-USDT,4h,,,,42.57,2.24,-20.59,37.9,1.52,66,14.6,2.07,,,,,,,,14.0,30.0,70.0,14.0,20.0,,
rsi_adx_combo,DOT-USDT,4h,,,,3.99,0.628,-27.25,38.2,1.13,76,10.2,0.15,,,,,,,,14.0,30.0,70.0,14.0,25.0,,
rsi_adx_combo,DOT-USDT,4h,,,,43.37,2.285,-20.59,38.5,1.53,65,14.8,2.11,,,,,,,,14.0,30.0,75.0,14.0,20.0,,
rsi_adx_combo,DOT-USDT,4h,,,,14.99,1.172,-23.18,40.8,1.25,71,10.9,0.65,,,,,,,,14.0,30.0,75.0,14.0,25.0,,
rsi_adx_combo,DOT-USDT,4h,,,,29.7,1.71,-25.28,35.2,1.37,71,13.7,1.17,,,,,,,,14.0,35.0,65.0,14.0,20.0,,
rsi_adx_combo,DOT-USDT,4h,,,,-16.01,-0.386,-38.19,33.7,0.93,92,8.8,-0.42,,,,,,,,14.0,35.0,65.0,14.0,25.0,,
rsi_adx_combo,DOT-USDT,4h,,,,32.83,1.835,-24.26,35.7,1.41,70,13.8,1.35,,,,,,,,14.0,35.0,70.0,14.0,20.0,,
rsi_adx_combo,DOT-USDT,4h,,,,-9.99,-0.088,-35.55,35.6,0.98,87,9.1,-0.28,,,,,,,,14.0,35.0,70.0,14.0,25.0,,
rsi_adx_combo,DOT-USDT,4h,,,,33.58,1.875,-23.83,36.2,1.42,69,14.0,1.41,,,,,,,,14.0,35.0,75.0,14.0,20.0,,
rsi_adx_combo,DOT-USDT,4h,,,,-0.47,0.397,-31.79,37.8,1.08,82,9.6,-0.01,,,,,,,,14.0,35.0,75.0,14.0,25.0,,
rsi_vol_combo,DOT-USDT,4h,,,,-68.89,-12.107,-69.04,21.9,0.03,32,1.7,-1.0,,,,,,,,14.0,25.0,65.0,,,20.0,1.5
rsi_vol_combo,DOT-USDT,4h,,,,-64.97,-12.14,-64.97,19.2,0.06,26,1.4,-1.0,,,,,,,,14.0,25.0,65.0,,,20.0,2.0
rsi_vol_combo,DOT-USDT,4h,,,,-63.29,-11.769,-63.47,15.4,0.03,26,1.7,-1.0,,,,,,,,14.0,25.0,70.0,,,20.0,1.5
rsi_vol_combo,DOT-USDT,4h,,,,-59.47,-12.604,-59.47,10.5,0.05,19,1.5,-1.0,,,,,,,,14.0,25.0,70.0,,,20.0,2.0
rsi_vol_combo,DOT-USDT,4h,,,,-44.3,-12.383,-44.57,23.5,0.06,17,1.8,-0.99,,,,,,,,14.0,25.0,75.0,,,20.0,1.5
rsi_vol_combo,DOT-USDT,4h,,,,-40.3,-13.184,-40.69,16.7,0.08,12,1.7,-0.99,,,,,,,,14.0,25.0,75.0,,,20.0,2.0
rsi_vol_combo,DOT-USDT,4h,,,,-73.73,-12.337,-73.86,20.0,0.03,40,1.6,-1.0,,,,,,,,14.0,30.0,65.0,,,20.0,1.5
rsi_vol_combo,DOT-USDT,4h,,,,-69.38,-12.585,-69.38,16.1,0.05,31,1.4,-1.0,,,,,,,,14.0,30.0,65.0,,,20.0,2.0
rsi_vol_combo,DOT-USDT,4h,,,,-69.0,-11.982,-69.15,14.7,0.03,34,1.6,-1.0,,,,,,,,14.0,30.0,70.0,,,20.0,1.5
rsi_vol_combo,DOT-USDT,4h,,,,-64.57,-12.923,-64.57,8.3,0.04,24,1.5,-1.0,,,,,,,,14.0,30.0,70.0,,,20.0,2.0
rsi_vol_combo,DOT-USDT,4h,,,,-52.96,-13.054,-53.19,20.0,0.05,25,1.6,-1.0,,,,,,,,14.0,30.0,75.0,,,20.0,1.5
rsi_vol_combo,DOT-USDT,4h,,,,-47.82,-14.054,-47.82,11.8,0.06,17,1.5,-1.0,,,,,,,,14.0,30.0,75.0,,,20.0,2.0
rsi_vol_combo,DOT-USDT,4h,,,,-81.09,-12.243,-81.18,15.0,0.04,60,1.5,-1.0,,,,,,,,14.0,35.0,65.0,,,20.0,1.5
rsi_vol_combo,DOT-USDT,4h,,,,-72.5,-11.942,-72.5,15.4,0.07,39,1.3,-1.0,,,,,,,,14.0,35.0,65.0,,,20.0,2.0
rsi_vol_combo,DOT-USDT,4h,,,,-77.68,-11.883,-77.79,11.1,0.04,54,1.4,-1.0,,,,,,,,14.0,35.0,70.0,,,20.0,1.5
rsi_vol_combo,DOT-USDT,4h,,,,-68.18,-11.977,-68.18,9.4,0.06,32,1.3,-1.0,,,,,,,,14.0,35.0,70.0,,,20.0,2.0
rsi_vol_combo,DOT-USDT,4h,,,,-66.14,-13.339,-66.3,13.3,0.06,45,1.4,-1.0,,,,,,,,14.0,35.0,75.0,,,20.0,1.5
rsi_vol_combo,DOT-USDT,4h,,,,-53.13,-12.829,-53.13,12.0,0.09,25,1.4,-1.0,,,,,,,,14.0,35.0,75.0,,,20.0,2.0
rsi_reversion,LINK-USDT,1d,7.0,20.0,60.0,-100.0,-12.424,-100.0,13.5,0.05,133,3.7,-1.0,,,,,,,,,,,,,,
rsi_reversion,LINK-USDT,1d,7.0,20.0,65.0,-100.0,-13.717,-100.0,15.0,0.05,133,3.1,-1.0,,,,,,,,,,,,,,
rsi_reversion,LINK-USDT,1d,7.0,20.0,70.0,-99.98,-13.783,-99.98,16.8,0.05,113,2.8,-1.0,,,,,,,,,,,,,,
rsi_reversion,LINK-USDT,1d,7.0,20.0,75.0,-99.95,-14.097,-99.95,14.1,0.04,99,2.7,-1.0,,,,,,,,,,,,,,
rsi_reversion,LINK-USDT,1d,7.0,20.0,80.0,-99.87,-15.474,-99.87,13.6,0.04,88,2.5,-1.0,,,,,,,,,,,,,,
rsi_reversion,LINK-USDT,1d,7.0,25.0,60.0,-100.0,-12.715,-100.0,13.6,0.05,147,3.7,-1.0,,,,,,,,,,,,,,
rsi_reversion,LINK-USDT,1d,7.0,25.0,65.0,-100.0,-13.946,-100.0,15.0,0.05,147,3.1,-1.0,,,,,,,,,,,,,,
rsi_reversion,LINK-USDT,1d,7.0,25.0,70.0,-99.99,-14.06,-99.99,16.5,0.05,127,2.9,-1.0,,,,,,,,,,,,,,
rsi_reversion,LINK-USDT,1d,7.0,25.0,75.0,-99.98,-14.371,-99.98,14.2,0.04,113,2.9,-1.0,,,,,,,,,,,,,,
rsi_reversion,LINK-USDT,1d,7.0,25.0,80.0,-99.96,-15.597,-99.96,13.7,0.05,102,2.8,-1.0,,,,,,,,,,,,,,
rsi_reversion,LINK-USDT,1d,7.0,30.0,60.0,-100.0,-13.228,-100.0,11.4,0.05,158,3.9,-1.0,,,,,,,,,,,,,,
rsi_reversion,LINK-USDT,1d,7.0,30.0,65.0,-100.0,-14.544,-100.0,12.7,0.05,158,3.4,-1.0,,,,,,,,,,,,,,
rsi_reversion,LINK-USDT,1d,7.0,30.0,70.0,-100.0,-14.862,-100.0,13.8,0.05,138,3.2,-1.0,,,,,,,,,,,,,,
rsi_reversion,LINK-USDT,1d,7.0,30.0,75.0,-99.99,-15.239,-99.99,11.3,0.04,124,3.2,-1.0,,,,,,,,,,,,,,
rsi_reversion,LINK-USDT,1d,7.0,30.0,80.0,-99.98,-16.665,-99.98,10.6,0.04,113,3.1,-1.0,,,,,,,,,,,,,,
rsi_reversion,LINK-USDT,1d,7.0,35.0,60.0,-100.0,-12.365,-100.0,16.8,0.06,167,4.1,-1.0,,,,,,,,,,,,,,
rsi_reversion,LINK-USDT,1d,7.0,35.0,65.0,-100.0,-13.512,-100.0,18.0,0.06,167,3.6,-1.0,,,,,,,,,,,,,,
rsi_reversion,LINK-USDT,1d,7.0,35.0,70.0,-100.0,-13.601,-100.0,19.7,0.07,147,3.5,-1.0,,,,,,,,,,,,,,
rsi_reversion,LINK-USDT,1d,7.0,35.0,75.0,-99.99,-13.809,-99.99,18.0,0.06,133,3.5,-1.0,,,,,,,,,,,,,,
rsi_reversion,LINK-USDT,1d,7.0,35.0,80.0,-99.98,-14.829,-99.98,18.0,0.07,122,3.4,-1.0,,,,,,,,,,,,,,
rsi_reversion,LINK-USDT,1d,9.0,20.0,60.0,-100.0,-13.142,-100.0,11.6,0.03,112,3.7,-1.0,,,,,,,,,,,,,,
rsi_reversion,LINK-USDT,1d,9.0,20.0,65.0,-99.98,-12.486,-99.98,14.4,0.03,104,3.3,-1.0,,,,,,,,,,,,,,
rsi_reversion,LINK-USDT,1d,9.0,20.0,70.0,-99.94,-15.084,-99.94,12.8,0.03,86,3.0,-1.0,,,,,,,,,,,,,,
rsi_reversion,LINK-USDT,1d,9.0,20.0,75.0,-99.81,-17.546,-99.81,8.8,0.01,68,2.9,-1.0,,,,,,,,,,,,,,
rsi_reversion,LINK-USDT,1d,9.0,20.0,80.0,-99.52,-17.39,-99.52,5.4,0.0,56,2.6,-1.0,,,,,,,,,,,,,,
rsi_reversion,LINK-USDT,1d,9.0,25.0,60.0,-100.0,-12.927,-100.0,13.3,0.04,128,3.7,-1.0,,,,,,,,,,,,,,
rsi_reversion,LINK-USDT,1d,9.0,25.0,65.0,-99.99,-12.346,-99.99,15.8,0.04,120,3.3,-1.0,,,,,,,,,,,,,,
rsi_reversion,LINK-USDT,1d,9.0,25.0,70.0,-99.97,-14.544,-99.97,14.7,0.04,102,3.1,-1.0,,,,,,,,,,,,,,
rsi_reversion,LINK-USDT,1d,9.0,25.0,75.0,-99.92,-16.355,-99.92,11.9,0.02,84,3.1,-1.0,,,,,,,,,,,,,,
rsi_reversion,LINK-USDT,1d,9.0,25.0,80.0,-99.8,-16.049,-99.8,9.7,0.02,72,2.8,-1.0,,,,,,,,,,,,,,
rsi_reversion,LINK-USDT,1d,9.0,30.0,60.0,-100.0,-12.872,-100.0,17.1,0.05,140,3.9,-1.0,,,,,,,,,,,,,,
rsi_reversion,LINK-USDT,1d,9.0,30.0,65.0,-100.0,-12.341,-100.0,19.7,0.05,132,3.5,-1.0,,,,,,,,,,,,,,
rsi_reversion,LINK-USDT,1d,9.0,30.0,70.0,-99.99,-14.31,-99.99,19.3,0.05,114,3.4,-1.0,,,,,,,,,,,,,,
rsi_reversion,LINK-USDT,1d,9.0,30.0,75.0,-99.97,-15.813,-99.97,17.7,0.03,96,3.4,-1.0,,,,,,,,,,,,,,
rsi_reversion,LINK-USDT,1d,9.0,30.0,80.0,-99.91,-15.49,-99.91,16.7,0.03,84,3.2,-1.0,,,,,,,,,,,,,,
rsi_reversion,LINK-USDT,1d,9.0,35.0,60.0,-100.0,-12.609,-100.0,14.7,0.05,156,4.1,-1.0,,,,,,,,,,,,,,
rsi_reversion,LINK-USDT,1d,9.0,35.0,65.0,-100.0,-12.124,-100.0,16.9,0.05,148,3.8,-1.0,,,,,,,,,,,,,,
rsi_reversion,LINK-USDT,1d,9.0,35.0,70.0,-99.99,-13.878,-99.99,16.2,0.05,130,3.7,-1.0,,,,,,,,,,,,,,
rsi_reversion,LINK-USDT,1d,9.0,35.0,75.0,-99.98,-15.103,-99.98,14.3,0.04,112,3.7,-1.0,,,,,,,,,,,,,,
rsi_reversion,LINK-USDT,1d,9.0,35.0,80.0,-99.95,-14.742,-99.95,13.0,0.04,100,3.6,-1.0,,,,,,,,,,,,,,
rsi_reversion,LINK-USDT,1d,11.0,20.0,60.0,-100.0,-10.272,-104.58,13.5,0.03,89,4.4,-0.96,,,,,,,,,,,,,,
rsi_reversion,LINK-USDT,1d,11.0,20.0,65.0,-99.91,-12.955,-99.91,15.9,0.03,82,3.5,-1.0,,,,,,,,,,,,,,
rsi_reversion,LINK-USDT,1d,11.0,20.0,70.0,-99.67,-15.385,-99.67,11.6,0.01,69,3.0,-1.0,,,,,,,,,,,,,,
rsi_reversion,LINK-USDT,1d,11.0,20.0,75.0,-99.25,-16.052,-99.25,13.5,0.01,52,2.8,-1.0,,,,,,,,,,,,,,
rsi_reversion,LINK-USDT,1d,11.0,20.0,80.0,-97.51,-14.907,-97.51,9.5,0.01,42,2.5,-1.0,,,,,,,,,,,,,,
rsi_reversion,LINK-USDT,1d,11.0,25.0,60.0,-100.0,-10.636,-104.59,12.1,0.03,91,4.7,-0.96,,,,,,,,,,,,,,
rsi_reversion,LINK-USDT,1d,11.0,25.0,65.0,-99.95,-13.209,-99.95,14.3,0.03,84,3.8,-1.0,,,,,,,,,,,,,,
rsi_reversion,LINK-USDT,1d,11.0,25.0,70.0,-99.82,-15.384,-99.82,9.9,0.01,71,3.5,-1.0,,,,,,,,,,,,,,
rsi_reversion,LINK-USDT,1d,11.0,25.0,75.0,-99.6,-16.169,-99.6,11.1,0.01,54,3.4,-1.0,,,,,,,,,,,,,,
rsi_reversion,LINK-USDT,1d,11.0,25.0,80.0,-98.68,-15.142,-98.68,6.8,0.01,44,3.3,-1.0,,,,,,,,,,,,,,
rsi_reversion,LINK-USDT,1d,11.0,30.0,60.0,-100.0,-10.538,-104.2,17.1,0.05,105,4.7,-0.96,,,,,,,,,,,,,,
rsi_reversion,LINK-USDT,1d,11.0,30.0,65.0,-99.98,-12.946,-99.98,19.4,0.05,98,4.0,-1.0,,,,,,,,,,,,,,
rsi_reversion,LINK-USDT,1d,11.0,30.0,70.0,-99.92,-14.758,-99.92,16.5,0.05,85,3.8,-1.0,,,,,,,,,,,,,,
rsi_reversion,LINK-USDT,1d,11.0,30.0,75.0,-99.82,-15.189,-99.82,19.1,0.05,68,3.8,-1.0,,,,,,,,,,,,,,
rsi_reversion,LINK-USDT,1d,11.0,30.0,80.0,-99.4,-14.261,-99.4,17.2,0.06,58,3.7,-1.0,,,,,,,,,,,,,,
rsi_reversion,LINK-USDT,1d,11.0,35.0,60.0,-100.0,-10.737,-104.16,16.5,0.05,115,5.1,-0.96,,,,,,,,,,,,,,
rsi_reversion,LINK-USDT,1d,11.0,35.0,65.0,-99.99,-13.175,-99.99,18.5,0.05,108,4.4,-1.0,,,,,,,,,,,,,,
rsi_reversion,LINK-USDT,1d,11.0,35.0,70.0,-99.96,-14.938,-99.96,15.8,0.04,95,4.3,-1.0,,,,,,,,,,,,,,
rsi_reversion,LINK-USDT,1d,11.0,35.0,75.0,-99.91,-15.319,-99.92,17.9,0.05,78,4.4,-1.0,,,,,,,,,,,,,,
rsi_reversion,LINK-USDT,1d,11.0,35.0,80.0,-99.71,-14.526,-99.72,16.2,0.05,68,4.4,-1.0,,,,,,,,,,,,,,
rsi_reversion,LINK-USDT,1d,13.0,20.0,60.0,-99.95,-12.222,-99.95,23.0,0.05,74,4.7,-1.0,,,,,,,,,,,,,,
rsi_reversion,LINK-USDT,1d,13.0,20.0,65.0,-99.95,-13.597,-99.95,9.1,0.01,55,4.3,-1.0,,,,,,,,,,,,,,
rsi_reversion,LINK-USDT,1d,13.0,20.0,70.0,-99.69,-17.4,-99.69,5.9,0.01,51,3.4,-1.0,,,,,,,,,,,,,,
rsi_reversion,LINK-USDT,1d,13.0,20.0,75.0,-97.68,-19.453,-97.68,7.5,0.01,40,2.7,-1.0,,,,,,,,,,,,,,
rsi_reversion,LINK-USDT,1d,13.0,20.0,80.0,-95.35,-21.81,-95.35,3.6,0.01,28,2.6,-1.0,,,,,,,,,,,,,,
rsi_reversion,LINK-USDT,1d,13.0,25.0,60.0,-99.97,-12.39,-99.97,21.0,0.04,81,4.7,-1.0,,,,,,,,,,,,,,
rsi_reversion,LINK-USDT,1d,13.0,25.0,65.0,-99.97,-13.612,-99.97,8.1,0.01,62,4.3,-1.0,,,,,,,,,,,,,,
rsi_reversion,LINK-USDT,1d,13.0,25.0,70.0,-99.81,-17.279,-99.81,5.2,0.01,58,3.6,-1.0,,,,,,,,,,,,,,
rsi_reversion,LINK-USDT,1d,13.0,25.0,75.0,-98.57,-19.293,-98.57,6.4,0.01,47,3.0,-1.0,,,,,,,,,,,,,,
rsi_reversion,LINK-USDT,1d,13.0,25.0,80.0,-97.13,-21.02,-97.13,2.9,0.0,35,3.0,-1.0,,,,,,,,,,,,,,
rsi_reversion,LINK-USDT,1d,13.0,30.0,60.0,-99.98,-11.685,-99.98,21.9,0.05,96,4.7,-1.0,,,,,,,,,,,,,,
rsi_reversion,LINK-USDT,1d,13.0,30.0,65.0,-99.98,-12.461,-99.98,11.7,0.03,77,4.4,-1.0,,,,,,,,,,,,,,
rsi_reversion,LINK-USDT,1d,13.0,30.0,70.0,-99.89,-15.229,-99.89,9.6,0.02,73,3.7,-1.0,,,,,,,,,,,,,,
rsi_reversion,LINK-USDT,1d,13.0,30.0,75.0,-99.16,-16.14,-99.16,11.3,0.03,62,3.3,-1.0,,,,,,,,,,,,,,
rsi_reversion,LINK-USDT,1d,13.0,30.0,80.0,-98.32,-16.457,-98.32,10.0,0.03,50,3.4,-1.0,,,,,,,,,,,,,,
rsi_reversion,LINK-USDT,1d,13.0,35.0,60.0,-99.99,-11.549,-99.99,25.2,0.06,107,5.0,-1.0,,,,,,,,,,,,,,
rsi_reversion,LINK-USDT,1d,13.0,35.0,65.0,-99.99,-12.172,-99.99,17.0,0.04,88,4.8,-1.0,,,,,,,,,,,,,,
rsi_reversion,LINK-USDT,1d,13.0,35.0,70.0,-99.93,-14.673,-99.93,15.5,0.04,84,4.3,-1.0,,,,,,,,,,,,,,
rsi_reversion,LINK-USDT,1d,13.0,35.0,75.0,-99.5,-15.398,-99.5,17.8,0.05,73,4.0,-1.0,,,,,,,,,,,,,,
rsi_reversion,LINK-USDT,1d,13.0,35.0,80.0,-99.0,-15.503,-99.0,18.0,0.05,61,4.2,-1.0,,,,,,,,,,,,,,
rsi_reversion,LINK-USDT,1d,15.0,20.0,60.0,-100.0,-10.073,-100.03,7.3,0.02,55,5.5,-1.0,,,,,,,,,,,,,,
rsi_reversion,LINK-USDT,1d,15.0,20.0,65.0,-99.92,-13.033,-99.92,6.2,0.01,48,4.4,-1.0,,,,,,,,,,,,,,
rsi_reversion,LINK-USDT,1d,15.0,20.0,70.0,-99.41,-13.278,-99.41,5.0,0.01,40,3.2,-1.0,,,,,,,,,,,,,,
rsi_reversion,LINK-USDT,1d,15.0,20.0,75.0,-98.12,-14.0,-98.12,4.2,0.0,24,3.3,-1.0,,,,,,,,,,,,,,
rsi_reversion,LINK-USDT,1d,15.0,20.0,80.0,-92.47,-23.032,-92.47,10.5,0.0,19,2.6,-1.0,,,,,,,,,,,,,,
rsi_reversion,LINK-USDT,1d,15.0,25.0,60.0,-100.0,-9.221,-100.03,11.9,0.03,67,5.0,-1.0,,,,,,,,,,,,,,
rsi_reversion,LINK-USDT,1d,15.0,25.0,65.0,-99.94,-11.545,-99.94,11.7,0.02,60,4.1,-1.0,,,,,,,,,,,,,,
rsi_reversion,LINK-USDT,1d,15.0,25.0,70.0,-99.56,-11.505,-99.56,11.5,0.01,52,3.2,-1.0,,,,,,,,,,,,,,
rsi_reversion,LINK-USDT,1d,15.0,25.0,75.0,-98.6,-11.198,-98.6,13.9,0.01,36,3.1,-1.0,,,,,,,,,,,,,,
rsi_reversion,LINK-USDT,1d,15.0,25.0,80.0,-94.41,-15.025,-94.41,19.4,0.01,31,2.7,-1.0,,,,,,,,,,,,,,
rsi_reversion,LINK-USDT,1d,15.0,30.0,60.0,-100.0,-9.43,-100.02,11.8,0.05,76,5.2,-1.0,,,,,,,,,,,,,,
rsi_reversion,LINK-USDT,1d,15.0,30.0,65.0,-99.97,-11.836,-99.97,11.6,0.04,69,4.4,-1.0,,,,,,,,,,,,,,
rsi_reversion,LINK-USDT,1d,15.0,30.0,70.0,-99.77,-11.959,-99.77,11.5,0.04,61,3.7,-1.0,,,,,,,,,,,,,,
rsi_reversion,LINK-USDT,1d,15.0,30.0,75.0,-99.26,-11.706,-99.26,13.3,0.05,45,3.8,-1.0,,,,,,,,,,,,,,
rsi_reversion,LINK-USDT,1d,15.0,30.0,80.0,-97.04,-15.684,-97.08,17.5,0.06,40,3.5,-1.0,,,,,,,,,,,,,,
rsi_reversion,LINK-USDT,1d,15.0,35.0,60.0,-100.0,-9.272,-100.02,13.5,0.04,96,5.0,-1.0,,,,,,,,,,,,,,
rsi_reversion,LINK-USDT,1d,15.0,35.0,65.0,-99.99,-11.606,-99.99,13.5,0.03,89,4.4,-1.0,,,,,,,,,,,,,,
rsi_reversion,LINK-USDT,1d,15.0,35.0,70.0,-99.9,-11.858,-99.9,13.6,0.03,81,3.8,-1.0,,,,,,,,,,,,,,
rsi_reversion,LINK-USDT,1d,15.0,35.0,75.0,-99.68,-11.515,-99.68,15.4,0.03,65,4.0,-1.0,,,,,,,,,,,,,,
rsi_reversion,LINK-USDT,1d,15.0,35.0,80.0,-98.73,-15.251,-98.74,18.3,0.03,60,3.8,-1.0,,,,,,,,,,,,,,
rsi_reversion,LINK-USDT,1d,17.0,20.0,60.0,-99.97,-11.304,-99.97,10.6,0.02,47,6.1,-1.0,,,,,,,,,,,,,,
rsi_reversion,LINK-USDT,1d,17.0,20.0,65.0,-99.99,-12.389,-99.99,5.8,0.01,52,3.9,-1.0,,,,,,,,,,,,,,
rsi_reversion,LINK-USDT,1d,17.0,20.0,70.0,-99.23,-12.927,-99.23,8.6,0.01,35,3.4,-1.0,,,,,,,,,,,,,,
rsi_reversion,LINK-USDT,1d,17.0,20.0,75.0,-96.15,-12.347,-96.17,10.5,0.01,19,3.7,-1.0,,,,,,,,,,,,,,
rsi_reversion,LINK-USDT,1d,17.0,20.0,80.0,-87.18,-21.855,-87.23,8.3,0.0,12,3.4,-1.0,,,,,,,,,,,,,,
rsi_reversion,LINK-USDT,1d,17.0,25.0,60.0,-99.98,-10.996,-99.98,11.1,0.02,54,5.7,-1.0,,,,,,,,,,,,,,
rsi_reversion,LINK-USDT,1d,17.0,25.0,65.0,-99.99,-12.099,-99.99,6.8,0.01,59,3.7,-1.0,,,,,,,,,,,,,,
rsi_reversion,LINK-USDT,1d,17.0,25.0,70.0,-99.44,-12.444,-99.44,9.5,0.01,42,3.3,-1.0,,,,,,,,,,,,,,
rsi_reversion,LINK-USDT,1d,17.0,25.0,75.0,-97.19,-11.528,-97.19,11.5,0.01,26,3.5,-1.0,,,,,,,,,,,,,,
rsi_reversion,LINK-USDT,1d,17.0,25.0,80.0,-90.65,-17.506,-90.65,10.5,0.01,19,3.2,-1.0,,,,,,,,,,,,,,
rsi_reversion,LINK-USDT,1d,17.0,30.0,60.0,-99.99,-11.384,-99.99,9.5,0.02,63,5.7,-1.0,,,,,,,,,,,,,,
rsi_reversion,LINK-USDT,1d,17.0,30.0,65.0,-99.99,-12.641,-99.99,5.9,0.01,68,4.0,-1.0,,,,,,,,,,,,,,
rsi_reversion,LINK-USDT,1d,17.0,30.0,70.0,-99.69,-13.207,-99.69,7.8,0.01,51,3.8,-1.0,,,,,,,,,,,,,,
rsi_reversion,LINK-USDT,1d,17.0,30.0,75.0,-98.44,-12.514,-98.44,8.6,0.01,35,4.1,-1.0,,,,,,,,,,,,,,
rsi_reversion,LINK-USDT,1d,17.0,30.0,80.0,-94.8,-19.63,-94.8,7.1,0.0,28,4.0,-1.0,,,,,,,,,,,,,,
rsi_reversion,LINK-USDT,1d,17.0,35.0,60.0,-100.0,-10.995,-100.0,14.1,0.03,85,5.4,-1.0,,,,,,,,,,,,,,
rsi_reversion,LINK-USDT,1d,17.0,35.0,65.0,-100.0,-12.169,-100.0,11.1,0.02,90,4.1,-1.0,,,,,,,,,,,,,,
rsi_reversion,LINK-USDT,1d,17.0,35.0,70.0,-99.9,-12.526,-99.9,13.7,0.03,73,4.0,-1.0,,,,,,,,,,,,,,
rsi_reversion,LINK-USDT,1d,17.0,35.0,75.0,-99.52,-11.832,-99.52,15.8,0.03,57,4.2,-1.0,,,,,,,,,,,,,,
rsi_reversion,LINK-USDT,1d,17.0,35.0,80.0,-98.41,-15.948,-98.41,16.0,0.03,50,4.2,-1.0,,,,,,,,,,,,,,
rsi_reversion,LINK-USDT,1d,19.0,20.0,60.0,-99.89,-11.471,-99.89,11.4,0.02,35,7.6,-1.0,,,,,,,,,,,,,,
rsi_reversion,LINK-USDT,1d,19.0,20.0,65.0,-99.5,-12.478,-99.5,8.6,0.01,35,4.7,-1.0,,,,,,,,,,,,,,
rsi_reversion,LINK-USDT,1d,19.0,20.0,70.0,-98.33,-13.503,-98.33,3.8,0.01,26,3.9,-1.0,,,,,,,,,,,,,,
rsi_reversion,LINK-USDT,1d,19.0,20.0,75.0,-93.64,-13.921,-93.64,9.1,0.01,11,5.0,-1.0,,,,,,,,,,,,,,
rsi_reversion,LINK-USDT,1d,19.0,20.0,80.0,-76.02,-22.603,-76.02,0.0,0.0,7,3.6,-1.0,,,,,,,,,,,,,,
rsi_reversion,LINK-USDT,1d,19.0,25.0,60.0,-99.93,-11.249,-99.93,11.6,0.02,43,6.7,-1.0,,,,,,,,,,,,,,
rsi_reversion,LINK-USDT,1d,19.0,25.0,65.0,-99.68,-12.39,-99.68,9.3,0.01,43,4.3,-1.0,,,,,,,,,,,,,,
rsi_reversion,LINK-USDT,1d,19.0,25.0,70.0,-98.92,-13.168,-98.92,5.9,0.01,34,3.7,-1.0,,,,,,,,,,,,,,
rsi_reversion,LINK-USDT,1d,19.0,25.0,75.0,-95.91,-12.478,-95.91,10.5,0.01,19,4.1,-1.0,,,,,,,,,,,,,,
rsi_reversion,LINK-USDT,1d,19.0,25.0,80.0,-84.58,-17.719,-84.58,6.7,0.0,15,3.2,-1.0,,,,,,,,,,,,,,
rsi_reversion,LINK-USDT,1d,19.0,30.0,60.0,-99.96,-10.356,-99.96,16.9,0.03,59,5.7,-1.0,,,,,,,,,,,,,,
rsi_reversion,LINK-USDT,1d,19.0,30.0,65.0,-99.82,-11.444,-99.82,15.3,0.02,59,4.0,-1.0,,,,,,,,,,,,,,
rsi_reversion,LINK-USDT,1d,19.0,30.0,70.0,-99.41,-11.826,-99.41,14.0,0.02,50,3.5,-1.0,,,,,,,,,,,,,,
rsi_reversion,LINK-USDT,1d,19.0,30.0,75.0,-97.74,-10.594,-97.74,20.0,0.03,35,3.6,-1.0,,,,,,,,,,,,,,
rsi_reversion,LINK-USDT,1d,19.0,30.0,80.0,-91.49,-13.695,-91.49,19.4,0.03,31,3.1,-1.0,,,,,,,,,,,,,,
rsi_reversion,LINK-USDT,1d,19.0,35.0,60.0,-99.99,-11.071,-99.99,12.7,0.03,71,6.0,-1.0,,,,,,,,,,,,,,
rsi_reversion,LINK-USDT,1d,19.0,35.0,65.0,-99.94,-12.32,-99.94,11.3,0.03,71,4.6,-1.0,,,,,,,,,,,,,,
rsi_reversion,LINK-USDT,1d,19.0,35.0,70.0,-99.81,-12.808,-99.81,9.7,0.03,62,4.3,-1.0,,,,,,,,,,,,,,
rsi_reversion,LINK-USDT,1d,19.0,35.0,75.0,-99.28,-11.94,-99.28,12.8,0.04,47,4.6,-1.0,,,,,,,,,,,,,,
rsi_reversion,LINK-USDT,1d,19.0,35.0,80.0,-97.28,-15.273,-97.28,11.6,0.04,43,4.3,-1.0,,,,,,,,,,,,,,
rsi_reversion,LINK-USDT,1d,21.0,20.0,60.0,-99.9,-11.734,-99.9,12.5,0.02,40,6.2,-1.0,,,,,,,,,,,,,,
rsi_reversion,LINK-USDT,1d,21.0,20.0,65.0,-99.15,-11.227,-99.15,11.4,0.02,35,4.7,-1.0,,,,,,,,,,,,,,
rsi_reversion,LINK-USDT,1d,21.0,20.0,70.0,-92.89,-13.198,-92.89,15.0,0.03,20,4.5,-1.0,,,,,,,,,,,,,,
rsi_reversion,LINK-USDT,1d,21.0,20.0,75.0,-89.15,-14.512,-89.15,6.7,0.0,15,3.2,-1.0,,,,,,,,,,,,,,
rsi_reversion,LINK-USDT,1d,21.0,20.0,80.0,-68.96,-17.547,-68.96,0.0,0.0,8,2.8,-1.0,,,,,,,,,,,,,,
rsi_reversion,LINK-USDT,1d,21.0,25.0,60.0,-99.94,-11.689,-99.94,12.5,0.02,48,5.5,-1.0,,,,,,,,,,,,,,
rsi_reversion,LINK-USDT,1d,21.0,25.0,65.0,-99.44,-11.289,-99.44,11.6,0.02,43,4.3,-1.0,,,,,,,,,,,,,,
rsi_reversion,LINK-USDT,1d,21.0,25.0,70.0,-95.36,-13.179,-95.37,14.3,0.03,28,3.8,-1.0,,,,,,,,,,,,,,
rsi_reversion,LINK-USDT,1d,21.0,25.0,75.0,-92.92,-14.141,-92.93,8.7,0.0,23,2.8,-1.0,,,,,,,,,,,,,,
rsi_reversion,LINK-USDT,1d,21.0,25.0,80.0,-79.74,-16.898,-79.76,6.2,0.0,16,2.4,-1.0,,,,,,,,,,,,,,
rsi_reversion,LINK-USDT,1d,21.0,30.0,60.0,-99.96,-11.675,-99.96,10.7,0.02,56,5.5,-1.0,,,,,,,,,,,,,,
rsi_reversion,LINK-USDT,1d,21.0,30.0,65.0,-99.67,-11.359,-99.67,9.8,0.02,51,4.4,-1.0,,,,,,,,,,,,,,
rsi_reversion,LINK-USDT,1d,21.0,30.0,70.0,-97.25,-13.14,-97.25,11.1,0.03,36,4.1,-1.0,,,,,,,,,,,,,,
rsi_reversion,LINK-USDT,1d,21.0,30.0,75.0,-95.8,-13.915,-95.82,6.5,0.0,31,3.5,-1.0,,,,,,,,,,,,,,
rsi_reversion,LINK-USDT,1d,21.0,30.0,80.0,-87.97,-16.128,-88.05,4.2,0.0,24,3.4,-1.0,,,,,,,,,,,,,,
rsi_reversion,LINK-USDT,1d,21.0,35.0,60.0,-99.98,-12.025,-99.98,14.1,0.03,64,6.1,-1.0,,,,,,,,,,,,,,
rsi_reversion,LINK-USDT,1d,21.0,35.0,65.0,-99.85,-11.807,-99.85,13.6,0.03,59,5.3,-1.0,,,,,,,,,,,,,,
rsi_reversion,LINK-USDT,1d,21.0,35.0,70.0,-98.73,-13.646,-98.73,15.9,0.04,44,5.3,-1.0,,,,,,,,,,,,,,
rsi_reversion,LINK-USDT,1d,21.0,35.0,75.0,-98.06,-14.376,-98.06,12.8,0.02,39,5.0,-1.0,,,,,,,,,,,,,,
rsi_reversion,LINK-USDT,1d,21.0,35.0,80.0,-94.44,-16.248,-94.44,12.5,0.02,32,5.2,-1.0,,,,,,,,,,,,,,
macd_crossover,LINK-USDT,1d,,,,30589.19,17.582,-4.6,88.9,23.22,144,1.0,6652.36,6.0,20.0,5.0,,,,,,,,,,,
macd_crossover,LINK-USDT,1d,,,,13428.47,19.425,-4.6,93.0,43.46,114,1.0,2920.35,6.0,20.0,7.0,,,,,,,,,,,
macd_crossover,LINK-USDT,1d,,,,13854.16,20.467,-3.36,95.3,50.21,106,1.0,4124.03,6.0,20.0,9.0,,,,,,,,,,,
macd_crossover,LINK-USDT,1d,,,,8235.12,18.811,-5.63,92.0,34.25,100,1.0,1461.79,6.0,20.0,11.0,,,,,,,,,,,
macd_crossover,LINK-USDT,1d,,,,24694.46,17.521,-4.6,89.1,24.09,138,1.0,5370.41,6.0,23.0,5.0,,,,,,,,,,,
macd_crossover,LINK-USDT,1d,,,,18902.79,21.93,-1.92,97.4,220.65,116,1.0,9849.4,6.0,23.0,7.0,,,,,,,,,,,
macd_crossover,LINK-USDT,1d,,,,10751.02,20.455,-3.69,93.0,64.99,100,1.0,2910.48,6.0,23.0,9.0,,,,,,,,,,,
macd_crossover,LINK-USDT,1d,,,,6161.51,17.484,-5.63,91.0,26.26,100,1.0,1093.71,6.0,23.0,11.0,,,,,,,,,,,
macd_crossover,LINK-USDT,1d,,,,16962.53,18.952,-4.6,91.3,39.54,126,1.0,3688.91,6.0,26.0,5.0,,,,,,,,,,,
macd_crossover,LINK-USDT,1d,,,,16593.73,20.609,-3.36,96.4,76.79,112,1.0,4939.53,6.0,26.0,7.0,,,,,,,,,,,
macd_crossover,LINK-USDT,1d,,,,8633.03,18.949,-5.63,92.0,39.4,100,1.0,1532.42,6.0,26.0,9.0,,,,,,,,,,,
macd_crossover,LINK-USDT,1d,,,,6668.59,18.948,-2.05,91.7,58.83,96,1.0,3254.89,6.0,26.0,11.0,,,,,,,,,,,
macd_crossover,LINK-USDT,1d,,,,18820.71,20.486,-4.6,95.9,60.31,122,1.0,4093.02,6.0,29.0,5.0,,,,,,,,,,,
macd_crossover,LINK-USDT,1d,,,,15374.03,20.151,-3.01,93.8,63.98,112,1.0,5103.68,6.0,29.0,7.0,,,,,,,,,,,
macd_crossover,LINK-USDT,1d,,,,7279.84,18.456,-5.63,92.0,30.21,100,1.0,1292.22,6.0,29.0,9.0,,,,,,,,,,,
macd_crossover,LINK-USDT,1d,,,,7176.68,18.998,-3.56,92.7,45.69,96,1.0,2013.28,6.0,29.0,11.0,,,,,,,,,,,
macd_crossover,LINK-USDT,1d,,,,18725.29,19.777,-4.6,95.2,51.98,124,1.0,4072.27,6.0,32.0,5.0,,,,,,,,,,,
macd_crossover,LINK-USDT,1d,,,,13887.06,21.186,-1.58,94.2,120.79,104,1.0,8782.56,6.0,32.0,7.0,,,,,,,,,,,
macd_crossover,LINK-USDT,1d,,,,8758.28,19.991,-4.2,93.9,51.12,98,1.0,2085.31,6.0,32.0,9.0,,,,,,,,,,,
macd_crossover,LINK-USDT,1d,,,,7975.6,18.188,-7.75,89.7,27.95,97,1.0,1029.45,6.0,32.0,11.0,,,,,,,,,,,
macd_crossover,LINK-USDT,1d,,,,21776.34,19.987,-4.6,94.5,59.09,128,1.0,4735.79,6.0,35.0,5.0,,,,,,,,,,,
macd_crossover,LINK-USDT,1d,,,,14583.52,21.276,-1.94,93.1,84.09,102,1.0,7526.69,6.0,35.0,7.0,,,,,,,,,,,
macd_crossover,LINK-USDT,1d,,,,8608.91,19.345,-2.65,92.9,56.71,98,1.0,3248.88,6.0,35.0,9.0,,,,,,,,,,,
macd_crossover,LINK-USDT,1d,,,,8496.19,18.74,-9.42,91.9,35.5,99,1.0,901.91,6.0,35.0,11.0,,,,,,,,,,,
macd_crossover,LINK-USDT,1d,,,,14858.11,20.095,-4.6,93.9,57.32,114,1.0,3231.26,8.0,20.0,5.0,,,,,,,,,,,
macd_crossover,LINK-USDT,1d,,,,10123.81,19.706,-3.36,94.1,50.28,102,1.0,3013.6,8.0,20.0,7.0,,,,,,,,,,,
macd_crossover,LINK-USDT,1d,,,,5241.33,16.647,-5.63,88.5,20.82,96,1.0,930.37,8.0,20.0,9.0,,,,,,,,,,,
macd_crossover,LINK-USDT,1d,,,,5047.6,17.617,-2.46,90.4,40.7,94,1.0,2051.68,8.0,20.0,11.0,,,,,,,,,,,
macd_crossover,LINK-USDT,1d,,,,19620.12,21.676,-2.07,97.5,133.56,118,1.0,9462.38,8.0,23.0,5.0,,,,,,,,,,,
macd_crossover,LINK-USDT,1d,,,,10014.94,19.853,-3.69,92.0,47.24,100,1.0,2711.21,8.0,23.0,7.0,,,,,,,,,,,
macd_crossover,LINK-USDT,1d,,,,6283.07,17.723,-4.2,91.0,32.58,100,1.0,1495.97,8.0,23.0,9.0,,,,,,,,,,,
macd_crossover,LINK-USDT,1d,,,,4005.35,16.271,-9.42,87.2,19.06,94,1.0,425.18,8.0,23.0,11.0,,,,,,,,,,,
macd_crossover,LINK-USDT,1d,,,,17848.55,22.166,-0.41,99.1,1308.81,114,1.0,43260.85,8.0,26.0,5.0,,,,,,,,,,,
macd_crossover,LINK-USDT,1d,,,,8219.34,18.61,-5.63,91.0,37.42,100,1.0,1458.99,8.0,26.0,7.0,,,,,,,,,,,
macd_crossover,LINK-USDT,1d,,,,6204.91,18.488,-2.46,91.7,51.28,96,1.0,2522.08,8.0,26.0,9.0,,,,,,,,,,,
macd_crossover,LINK-USDT,1d,,,,6479.8,17.827,-9.42,90.5,29.86,95,1.0,687.86,8.0,26.0,11.0,,,,,,,,,,,
macd_crossover,LINK-USDT,1d,,,,15025.61,20.354,-3.36,95.5,65.27,110,1.0,4472.74,8.0,29.0,5.0,,,,,,,,,,,
macd_crossover,LINK-USDT,1d,,,,6665.48,18.246,-5.63,91.8,29.63,98,1.0,1183.17,8.0,29.0,7.0,,,,,,,,,,,
macd_crossover,LINK-USDT,1d,,,,6059.79,16.987,-9.42,89.5,21.35,95,1.0,643.27,8.0,29.0,9.0,,,,,,,,,,,
macd_crossover,LINK-USDT,1d,,,,6227.52,18.404,-6.22,92.3,37.47,91,1.0,1001.88,8.0,29.0,11.0,,,,,,,,,,,
macd_crossover,LINK-USDT,1d,,,,15849.19,20.482,-3.01,93.6,67.49,110,1.0,5261.41,8.0,32.0,5.0,,,,,,,,,,,
macd_crossover,LINK-USDT,1d,,,,7950.51,19.972,-2.05,93.8,84.87,96,1.0,3880.59,8.0,32.0,7.0,,,,,,,,,,,
macd_crossover,LINK-USDT,1d,,,,8289.7,17.468,-9.42,88.3,26.31,103,1.0,879.99,8.0,32.0,9.0,,,,,,,,,,,
macd_crossover,LINK-USDT,1d,,,,5847.96,18.572,-2.63,93.4,45.96,91,1.0,2224.78,8.0,32.0,11.0,,,,,,,,,,,
macd_crossover,LINK-USDT,1d,,,,15500.31,21.276,-1.94,93.3,82.23,104,1.0,7999.85,8.0,35.0,5.0,,,,,,,,,,,
macd_crossover,LINK-USDT,1d,,,,8857.26,19.153,-2.46,92.9,56.0,98,1.0,3600.17,8.0,35.0,7.0,,,,,,,,,,,
macd_crossover,LINK-USDT,1d,,,,8863.59,19.639,-2.03,92.8,66.16,97,1.0,4370.53,8.0,35.0,9.0,,,,,,,,,,,
macd_crossover,LINK-USDT,1d,,,,3480.47,17.288,-8.83,92.0,21.84,87,1.0,394.24,8.0,35.0,11.0,,,,,,,,,,,
macd_crossover,LINK-USDT,1d,,,,15884.78,20.238,-3.36,96.4,52.78,112,1.0,4728.49,10.0,20.0,5.0,,,,,,,,,,,
macd_crossover,LINK-USDT,1d,,,,6027.54,17.456,-5.63,89.8,26.57,98,1.0,1069.93,10.0,20.0,7.0,,,,,,,,,,,
macd_crossover,LINK-USDT,1d,,,,4115.53,17.023,-2.78,89.1,30.73,92,1.0,1478.2,10.0,20.0,9.0,,,,,,,,,,,
macd_crossover,LINK-USDT,1d,,,,4137.17,15.245,-9.42,83.3,15.37,96,1.0,439.18,10.0,20.0,11.0,,,,,,,,,,,
macd_crossover,LINK-USDT,1d,,,,13674.65,21.036,-2.95,95.2,83.31,104,1.0,4629.99,10.0,23.0,5.0,,,,,,,,,,,
macd_crossover,LINK-USDT,1d,,,,6570.54,17.71,-5.63,91.0,26.65,100,1.0,1166.32,10.0,23.0,7.0,,,,,,,,,,,
macd_crossover,LINK-USDT,1d,,,,3487.04,15.909,-9.42,87.0,17.37,92,1.0,370.16,10.0,23.0,9.0,,,,,,,,,,,
macd_crossover,LINK-USDT,1d,,,,5274.27,18.036,-5.93,93.3,47.25,89,1.0,888.78,10.0,23.0,11.0,,,,,,,,,,,
macd_crossover,LINK-USDT,1d,,,,11689.4,20.723,-1.94,94.1,88.2,102,1.0,6033.01,10.0,26.0,5.0,,,,,,,,,,,
macd_crossover,LINK-USDT,1d,,,,6274.49,18.498,-2.46,91.7,44.79,96,1.0,2550.37,10.0,26.0,7.0,,,,,,,,,,,
macd_crossover,LINK-USDT,1d,,,,6339.81,18.069,-9.42,91.4,31.19,93,1.0,673.0,10.0,26.0,9.0,,,,,,,,,,,
macd_crossover,LINK-USDT,1d,,,,4296.86,15.758,-8.83,85.7,15.63,91,1.0,486.71,10.0,26.0,11.0,,,,,,,,,,,
macd_crossover,LINK-USDT,1d,,,,10507.95,19.597,-5.63,92.2,41.79,102,1.0,1865.24,10.0,29.0,5.0,,,,,,,,,,,
macd_crossover,LINK-USDT,1d,,,,7164.73,17.926,-3.56,89.8,34.72,98,1.0,2009.92,10.0,29.0,7.0,,,,,,,,,,,
macd_crossover,LINK-USDT,1d,,,,6616.28,18.925,-2.03,92.3,59.96,91,1.0,3262.41,10.0,29.0,9.0,,,,,,,,,,,
macd_crossover,LINK-USDT,1d,,,,2912.93,16.862,-8.83,88.0,17.71,83,1.0,329.95,10.0,29.0,11.0,,,,,,,,,,,
macd_crossover,LINK-USDT,1d,,,,9712.36,18.919,-5.63,91.2,30.66,102,1.0,1724.01,10.0,32.0,5.0,,,,,,,,,,,
macd_crossover,LINK-USDT,1d,,,,7347.4,17.039,-9.42,88.1,23.37,101,1.0,779.96,10.0,32.0,7.0,,,,,,,,,,,
macd_crossover,LINK-USDT,1d,,,,4930.86,17.257,-5.93,91.2,23.95,91,1.0,830.91,10.0,32.0,9.0,,,,,,,,,,,
macd_crossover,LINK-USDT,1d,,,,2416.38,18.711,-3.63,89.9,31.7,79,1.0,665.22,10.0,32.0,11.0,,,,,,,,,,,
macd_crossover,LINK-USDT,1d,,,,8450.04,20.147,-2.82,92.9,67.72,98,1.0,3000.91,10.0,35.0,5.0,,,,,,,,,,,
macd_crossover,LINK-USDT,1d,,,,7839.08,18.568,-9.42,91.8,31.82,97,1.0,832.15,10.0,35.0,7.0,,,,,,,,,,,
macd_crossover,LINK-USDT,1d,,,,3683.01,17.653,-8.83,93.1,22.8,87,1.0,417.18,10.0,35.0,9.0,,,,,,,,,,,
macd_crossover,LINK-USDT,1d,,,,1655.86,15.868,-5.18,84.8,14.63,79,1.0,319.54,10.0,35.0,11.0,,,,,,,,,,,
macd_crossover,LINK-USDT,1d,,,,10858.84,20.546,-3.69,94.0,71.14,100,1.0,2939.67,12.0,20.0,5.0,,,,,,,,,,,
macd_crossover,LINK-USDT,1d,,,,6253.3,18.447,-2.27,91.7,54.29,96,1.0,2759.13,12.0,20.0,7.0,,,,,,,,,,,
macd_crossover,LINK-USDT,1d,,,,4545.6,15.896,-9.42,85.4,20.26,96,1.0,482.54,12.0,20.0,9.0,,,,,,,,,,,
macd_crossover,LINK-USDT,1d,,,,4368.99,16.218,-7.7,86.8,20.33,91,1.0,567.29,12.0,20.0,11.0,,,,,,,,,,,
macd_crossover,LINK-USDT,1d,,,,8506.83,18.848,-5.63,92.0,39.28,100,1.0,1510.02,12.0,23.0,5.0,,,,,,,,,,,
macd_crossover,LINK-USDT,1d,,,,5288.49,17.726,-3.56,88.3,33.0,94,1.0,1483.58,12.0,23.0,7.0,,,,,,,,,,,
macd_crossover,LINK-USDT,1d,,,,5852.96,18.785,-2.03,93.3,84.29,89,1.0,2886.03,12.0,23.0,9.0,,,,,,,,,,,
macd_crossover,LINK-USDT,1d,,,,3758.4,16.182,-8.83,85.9,18.36,85,1.0,425.72,12.0,23.0,11.0,,,,,,,,,,,
macd_crossover,LINK-USDT,1d,,,,8019.43,18.745,-5.63,92.0,30.87,100,1.0,1423.51,12.0,26.0,5.0,,,,,,,,,,,
macd_crossover,LINK-USDT,1d,,,,8387.58,18.237,-9.42,90.9,31.6,99,1.0,890.38,12.0,26.0,7.0,,,,,,,,,,,
macd_crossover,LINK-USDT,1d,,,,4833.69,16.783,-5.93,87.9,23.53,91,1.0,814.54,12.0,26.0,9.0,,,,,,,,,,,
macd_crossover,LINK-USDT,1d,,,,1680.0,15.467,-5.18,82.7,13.46,81,1.0,324.2,12.0,26.0,11.0,,,,,,,,,,,
macd_crossover,LINK-USDT,1d,,,,7993.32,19.541,-2.46,92.9,57.09,98,1.0,3249.01,12.0,29.0,5.0,,,,,,,,,,,
macd_crossover,LINK-USDT,1d,,,,7762.8,18.764,-2.03,91.8,48.49,97,1.0,3827.74,12.0,29.0,7.0,,,,,,,,,,,
macd_crossover,LINK-USDT,1d,,,,3019.51,16.775,-8.83,88.2,17.88,85,1.0,342.03,12.0,29.0,9.0,,,,,,,,,,,
macd_crossover,LINK-USDT,1d,,,,1568.72,15.97,-7.07,85.3,15.2,75,1.0,221.88,12.0,29.0,11.0,,,,,,,,,,,
macd_crossover,LINK-USDT,1d,,,,8172.55,19.594,-3.56,93.7,48.15,95,1.0,2292.65,12.0,32.0,5.0,,,,,,,,,,,
macd_crossover,LINK-USDT,1d,,,,6019.55,18.795,-2.03,93.4,53.05,91,1.0,2968.17,12.0,32.0,7.0,,,,,,,,,,,
macd_crossover,LINK-USDT,1d,,,,2322.32,18.283,-3.63,88.6,26.1,79,1.0,639.33,12.0,32.0,9.0,,,,,,,,,,,
macd_crossover,LINK-USDT,1d,,,,1352.61,14.949,-7.07,82.2,11.98,73,1.0,191.31,12.0,32.0,11.0,,,,,,,,,,,
macd_crossover,LINK-USDT,1d,,,,10813.36,20.557,-3.56,93.9,72.57,99,1.0,3033.47,12.0,35.0,5.0,,,,,,,,,,,
macd_crossover,LINK-USDT,1d,,,,7021.75,19.503,-2.63,94.5,58.43,91,1.0,2671.33,12.0,35.0,7.0,,,,,,,,,,,
macd_crossover,LINK-USDT,1d,,,,1875.39,16.577,-5.18,86.4,18.9,81,1.0,361.91,12.0,35.0,9.0,,,,,,,,,,,
macd_crossover,LINK-USDT,1d,,,,1374.7,14.887,-4.6,82.7,11.07,75,1.0,298.68,12.0,35.0,11.0,,,,,,,,,,,
macd_crossover,LINK-USDT,1d,,,,7413.45,17.931,-5.63,91.0,28.99,100,1.0,1315.94,14.0,20.0,5.0,,,,,,,,,,,
macd_crossover,LINK-USDT,1d,,,,4605.92,16.586,-9.42,87.2,20.43,94,1.0,488.94,14.0,20.0,7.0,,,,,,,,,,,
macd_crossover,LINK-USDT,1d,,,,5330.91,17.674,-7.7,91.2,37.99,91,1.0,692.19,14.0,20.0,9.0,,,,,,,,,,,
macd_crossover,LINK-USDT,1d,,,,3368.84,15.518,-8.83,86.2,14.35,87,1.0,381.59,14.0,20.0,11.0,,,,,,,,,,,
macd_crossover,LINK-USDT,1d,,,,8246.16,19.99,-2.05,92.7,79.65,96,1.0,4024.89,14.0,23.0,5.0,,,,,,,,,,,
macd_crossover,LINK-USDT,1d,,,,6679.71,18.007,-9.42,90.5,30.97,95,1.0,709.08,14.0,23.0,7.0,,,,,,,,,,,
macd_crossover,LINK-USDT,1d,,,,4506.94,16.863,-8.83,87.6,24.79,89,1.0,510.51,14.0,23.0,9.0,,,,,,,,,,,
macd_crossover,LINK-USDT,1d,,,,1561.29,15.804,-7.07,84.8,13.73,79,1.0,220.83,14.0,23.0,11.0,,,,,,,,,,,
macd_crossover,LINK-USDT,1d,,,,8244.39,19.259,-2.65,92.0,56.99,100,1.0,3111.32,14.0,26.0,5.0,,,,,,,,,,,
macd_crossover,LINK-USDT,1d,,,,6773.22,19.164,-2.03,93.4,77.54,91,1.0,3339.79,14.0,26.0,7.0,,,,,,,,,,,
macd_crossover,LINK-USDT,1d,,,,2238.81,17.751,-3.63,87.3,25.06,79,1.0,616.34,14.0,26.0,9.0,,,,,,,,,,,
macd_crossover,LINK-USDT,1d,,,,1362.19,15.202,-7.07,82.7,12.23,75,1.0,192.67,14.0,26.0,11.0,,,,,,,,,,,
macd_crossover,LINK-USDT,1d,,,,9510.69,19.645,-3.56,91.9,52.17,99,1.0,2668.04,14.0,29.0,5.0,,,,,,,,,,,
macd_crossover,LINK-USDT,1d,,,,5411.21,18.447,-4.35,93.3,42.87,89,1.0,1243.06,14.0,29.0,7.0,,,,,,,,,,,
macd_crossover,LINK-USDT,1d,,,,2013.69,16.873,-5.18,86.4,20.98,81,1.0,388.59,14.0,29.0,9.0,,,,,,,,,,,
macd_crossover,LINK-USDT,1d,,,,1184.41,14.142,-4.58,80.8,10.49,73,1.0,258.35,14.0,29.0,11.0,,,,,,,,,,,
macd_crossover,LINK-USDT,1d,,,,8075.18,19.236,-9.42,93.7,38.17,95,1.0,857.21,14.0,32.0,5.0,,,,,,,,,,,
macd_crossover,LINK-USDT,1d,,,,3606.25,17.834,-8.83,93.1,24.87,87,1.0,408.49,14.0,32.0,7.0,,,,,,,,,,,
macd_crossover,LINK-USDT,1d,,,,1544.89,15.795,-7.07,84.0,13.91,75,1.0,218.51,14.0,32.0,9.0,,,,,,,,,,,
macd_crossover,LINK-USDT,1d,,,,1241.81,14.199,-4.89,82.7,9.81,75,1.0,253.9,14.0,32.0,11.0,,,,,,,,,,,
macd_crossover,LINK-USDT,1d,,,,11582.85,20.369,-1.81,94.1,91.0,101,1.0,6387.74,14.0,35.0,5.0,,,,,,,,,,,
macd_crossover,LINK-USDT,1d,,,,3035.82,19.762,-3.63,94.0,45.8,83,1.0,835.75,14.0,35.0,7.0,,,,,,,,,,,
macd_crossover,LINK-USDT,1d,,,,1181.56,13.899,-4.6,80.0,9.29,75,1.0,256.72,14.0,35.0,9.0,,,,,,,,,,,
macd_crossover,LINK-USDT,1d,,,,1608.77,17.348,-4.58,91.8,25.99,73,1.0,350.92,14.0,35.0,11.0,,,,,,,,,,,
bb_reversion,LINK-USDT,1d,15.0,,,-100.0,-22.052,-100.0,0.0,0.0,119,2.4,-1.0,,,,1.5,,,,,,,,,,
bb_reversion,LINK-USDT,1d,15.0,,,-99.95,-26.725,-99.95,0.0,0.0,62,1.8,-1.0,,,,2.0,,,,,,,,,,
bb_reversion,LINK-USDT,1d,15.0,,,-95.64,-28.644,-95.64,0.0,0.0,22,1.2,-1.0,,,,2.5,,,,,,,,,,
bb_reversion,LINK-USDT,1d,15.0,,,-48.69,-58.741,-48.69,0.0,0.0,2,1.5,-1.0,,,,3.0,,,,,,,,,,
bb_reversion,LINK-USDT,1d,17.0,,,-100.0,-23.47,-100.0,0.0,0.0,111,2.5,-1.0,,,,1.5,,,,,,,,,,
bb_reversion,LINK-USDT,1d,17.0,,,-99.97,-27.295,-99.97,0.0,0.0,66,1.9,-1.0,,,,2.0,,,,,,,,,,
bb_reversion,LINK-USDT,1d,17.0,,,-97.34,-25.519,-97.34,0.0,0.0,28,1.2,-1.0,,,,2.5,,,,,,,,,,
bb_reversion,LINK-USDT,1d,17.0,,,-58.64,-30.658,-58.64,0.0,0.0,4,1.2,-1.0,,,,3.0,,,,,,,,,,
bb_reversion,LINK-USDT,1d,19.0,,,-100.0,-23.525,-100.0,0.0,0.0,105,2.7,-1.0,,,,1.5,,,,,,,,,,
bb_reversion,LINK-USDT,1d,19.0,,,-99.97,-27.06,-99.97,0.0,0.0,67,1.9,-1.0,,,,2.0,,,,,,,,,,
bb_reversion,LINK-USDT,1d,19.0,,,-97.84,-25.904,-97.84,0.0,0.0,29,1.3,-1.0,,,,2.5,,,,,,,,,,
bb_reversion,LINK-USDT,1d,19.0,,,-59.37,-32.828,-59.37,0.0,0.0,4,1.2,-1.0,,,,3.0,,,,,,,,,,
bb_reversion,LINK-USDT,1d,21.0,,,-100.0,-23.681,-100.0,0.0,0.0,99,2.9,-1.0,,,,1.5,,,,,,,,,,
bb_reversion,LINK-USDT,1d,21.0,,,-99.95,-26.963,-99.95,0.0,0.0,62,2.1,-1.0,,,,2.0,,,,,,,,,,
bb_reversion,LINK-USDT,1d,21.0,,,-97.3,-25.123,-97.3,0.0,0.0,27,1.3,-1.0,,,,2.5,,,,,,,,,,
bb_reversion,LINK-USDT,1d,21.0,,,-76.26,-35.301,-76.26,0.0,0.0,6,1.2,-1.0,,,,3.0,,,,,,,,,,
bb_reversion,LINK-USDT,1d,23.0,,,-100.0,-21.993,-100.0,0.0,0.0,94,3.1,-1.0,,,,1.5,,,,,,,,,,
bb_reversion,LINK-USDT,1d,23.0,,,-99.94,-25.546,-99.94,1.6,0.0,62,2.1,-1.0,,,,2.0,,,,,,,,,,
bb_reversion,LINK-USDT,1d,23.0,,,-96.87,-25.155,-96.87,0.0,0.0,25,1.4,-1.0,,,,2.5,,,,,,,,,,
bb_reversion,LINK-USDT,1d,23.0,,,-79.25,-48.318,-79.25,0.0,0.0,5,1.6,-1.0,,,,3.0,,,,,,,,,,
bb_reversion,LINK-USDT,1d,25.0,,,-100.0,-21.551,-100.0,0.0,0.0,88,3.2,-1.0,,,,1.5,,,,,,,,,,
bb_reversion,LINK-USDT,1d,25.0,,,-99.95,-25.752,-99.95,1.6,0.0,61,2.2,-1.0,,,,2.0,,,,,,,,,,
bb_reversion,LINK-USDT,1d,25.0,,,-97.48,-25.891,-97.48,0.0,0.0,27,1.6,-1.0,,,,2.5,,,,,,,,,,
bb_reversion,LINK-USDT,1d,25.0,,,-81.88,-30.524,-81.88,0.0,0.0,7,1.4,-1.0,,,,3.0,,,,,,,,,,
ema_crossover,LINK-USDT,1d,,,,11895.51,7.345,-6.91,70.1,13.64,67,16.3,1721.32,5.0,25.0,,,,,,,,,,,,
ema_crossover,LINK-USDT,1d,,,,6981.21,7.265,-23.67,65.1,8.96,63,17.3,294.89,5.0,30.0,,,,,,,,,,,,
ema_crossover,LINK-USDT,1d,,,,5063.71,7.428,-21.9,60.4,8.19,53,20.6,231.26,5.0,35.0,,,,,,,,,,,,
ema_crossover,LINK-USDT,1d,,,,5113.93,8.2,-15.6,61.2,9.53,49,22.3,327.88,5.0,40.0,,,,,,,,,,,,
ema_crossover,LINK-USDT,1d,,,,2828.89,7.804,-18.37,62.2,7.78,45,24.3,154.01,5.0,45.0,,,,,,,,,,,,
ema_crossover,LINK-USDT,1d,,,,1495.37,7.148,-16.55,53.5,5.42,43,25.4,90.37,5.0,50.0,,,,,,,,,,,,
ema_crossover,LINK-USDT,1d,,,,3732.97,7.269,-31.41,56.6,6.54,53,20.6,118.86,8.0,25.0,,,,,,,,,,,,
ema_crossover,LINK-USDT,1d,,,,2892.45,7.733,-28.16,58.1,6.98,43,25.4,102.72,8.0,30.0,,,,,,,,,,,,
ema_crossover,LINK-USDT,1d,,,,1523.11,7.605,-34.38,54.3,4.78,35,31.2,44.31,8.0,35.0,,,,,,,,,,,,
ema_crossover,LINK-USDT,1d,,,,1008.65,6.888,-33.36,51.4,4.1,37,29.5,30.24,8.0,40.0,,,,,,,,,,,,
ema_crossover,LINK-USDT,1d,,,,1342.48,7.31,-22.99,53.8,5.07,39,28.0,58.38,8.0,45.0,,,,,,,,,,,,
ema_crossover,LINK-USDT,1d,,,,770.8,6.31,-24.89,43.6,3.86,39,28.0,30.97,8.0,50.0,,,,,,,,,,,,
ema_crossover,LINK-USDT,1d,,,,1625.65,6.678,-30.08,55.8,4.53,43,25.4,54.04,11.0,25.0,,,,,,,,,,,,
ema_crossover,LINK-USDT,1d,,,,876.82,6.636,-46.71,48.6,3.65,35,31.2,18.77,11.0,30.0,,,,,,,,,,,,
ema_crossover,LINK-USDT,1d,,,,855.16,6.839,-31.84,48.6,4.0,35,31.2,26.86,11.0,35.0,,,,,,,,,,,,
ema_crossover,LINK-USDT,1d,,,,858.52,7.27,-29.07,48.4,4.3,31,35.3,29.54,11.0,40.0,,,,,,,,,,,,
ema_crossover,LINK-USDT,1d,,,,957.75,7.425,-22.2,51.5,4.6,33,33.1,43.14,11.0,45.0,,,,,,,,,,,,
ema_crossover,LINK-USDT,1d,,,,866.76,6.953,-24.27,51.4,4.29,37,29.5,35.72,11.0,50.0,,,,,,,,,,,,
ema_crossover,LINK-USDT,1d,,,,825.05,6.524,-31.76,51.4,3.67,35,31.2,25.97,14.0,25.0,,,,,,,,,,,,
ema_crossover,LINK-USDT,1d,,,,522.51,6.175,-38.16,45.2,3.11,31,35.3,13.69,14.0,30.0,,,,,,,,,,,,
ema_crossover,LINK-USDT,1d,,,,783.93,7.45,-33.46,51.9,4.29,27,40.5,23.43,14.0,35.0,,,,,,,,,,,,
ema_crossover,LINK-USDT,1d,,,,719.06,7.462,-22.8,48.3,3.79,29,37.7,31.54,14.0,40.0,,,,,,,,,,,,
ema_crossover,LINK-USDT,1d,,,,418.78,5.71,-25.22,45.7,2.93,35,31.2,16.6,14.0,45.0,,,,,,,,,,,,
ema_crossover,LINK-USDT,1d,,,,738.44,6.082,-20.66,54.8,5.17,31,35.3,35.75,14.0,50.0,,,,,,,,,,,,
ema_crossover,LINK-USDT,1d,,,,578.93,6.269,-41.16,48.4,3.1,31,35.3,14.07,17.0,25.0,,,,,,,,,,,,
ema_crossover,LINK-USDT,1d,,,,541.48,6.588,-33.46,48.1,3.35,27,40.5,16.18,17.0,30.0,,,,,,,,,,,,
ema_crossover,LINK-USDT,1d,,,,439.76,6.33,-28.13,44.8,2.91,29,37.7,15.63,17.0,35.0,,,,,,,,,,,,
ema_crossover,LINK-USDT,1d,,,,391.74,6.153,-26.59,44.8,2.88,29,37.7,14.73,17.0,40.0,,,,,,,,,,,,
ema_crossover,LINK-USDT,1d,,,,843.53,7.409,-29.23,58.1,4.81,31,35.3,28.86,17.0,45.0,,,,,,,,,,,,
ema_crossover,LINK-USDT,1d,,,,656.65,6.826,-33.94,52.2,5.19,23,47.5,19.35,17.0,50.0,,,,,,,,,,,,
ema_crossover,LINK-USDT,1d,,,,636.15,6.966,-28.36,51.9,3.66,27,40.5,22.43,20.0,25.0,,,,,,,,,,,,
ema_crossover,LINK-USDT,1d,,,,444.46,6.578,-37.76,48.1,2.96,27,40.5,11.77,20.0,30.0,,,,,,,,,,,,
ema_crossover,LINK-USDT,1d,,,,387.64,6.069,-26.5,44.8,2.87,29,37.7,14.63,20.0,35.0,,,,,,,,,,,,
ema_crossover,LINK-USDT,1d,,,,548.22,6.741,-31.06,55.2,3.8,29,37.7,17.65,20.0,40.0,,,,,,,,,,,,
ema_crossover,LINK-USDT,1d,,,,873.54,7.771,-28.99,52.4,6.72,21,52.0,30.13,20.0,45.0,,,,,,,,,,,,
ema_crossover,LINK-USDT,1d,,,,400.82,6.047,-39.85,43.5,3.77,23,47.5,10.06,20.0,50.0,,,,,,,,,,,,
stoch_rsi,LINK-USDT,1d,7.0,15.0,75.0,159.85,5.792,-16.25,62.2,2.17,98,1.0,9.84,,,,,3.0,3.0,,,,,,,,
stoch_rsi,LINK-USDT,1d,7.0,15.0,80.0,175.81,6.554,-12.79,63.4,2.41,93,1.0,13.74,,,,,3.0,3.0,,,,,,,,
stoch_rsi,LINK-USDT,1d,7.0,15.0,85.0,99.39,5.232,-14.98,60.5,2.02,81,1.0,6.63,,,,,3.0,3.0,,,,,,,,
stoch_rsi,LINK-USDT,1d,7.0,20.0,75.0,249.25,6.661,-16.25,62.4,2.45,109,1.0,15.34,,,,,3.0,3.0,,,,,,,,
stoch_rsi,LINK-USDT,1d,7.0,20.0,80.0,270.7,7.394,-12.79,63.5,2.71,104,1.0,21.16,,,,,3.0,3.0,,,,,,,,
stoch_rsi,LINK-USDT,1d,7.0,20.0,85.0,167.99,6.347,-12.79,60.9,2.36,92,1.0,13.13,,,,,3.0,3.0,,,,,,,,
stoch_rsi,LINK-USDT,1d,7.0,25.0,75.0,321.16,7.08,-16.53,63.5,2.66,115,1.0,19.43,,,,,3.0,3.0,,,,,,,,
stoch_rsi,LINK-USDT,1d,7.0,25.0,80.0,347.02,7.785,-12.79,64.5,2.95,110,1.0,27.13,,,,,3.0,3.0,,,,,,,,
stoch_rsi,LINK-USDT,1d,7.0,25.0,85.0,223.16,6.866,-12.79,62.2,2.61,98,1.0,17.45,,,,,3.0,3.0,,,,,,,,
stoch_rsi,LINK-USDT,1d,9.0,15.0,75.0,758.58,10.944,-9.01,76.1,4.03,113,1.0,84.17,,,,,3.0,3.0,,,,,,,,
stoch_rsi,LINK-USDT,1d,9.0,15.0,80.0,625.5,10.98,-9.01,76.2,4.06,105,1.0,69.4,,,,,3.0,3.0,,,,,,,,
stoch_rsi,LINK-USDT,1d,9.0,15.0,85.0,471.07,10.499,-8.18,76.0,3.9,96,1.0,57.6,,,,,3.0,3.0,,,,,,,,
stoch_rsi,LINK-USDT,1d,9.0,20.0,75.0,1426.62,11.26,-8.18,77.4,4.82,124,1.0,174.45,,,,,3.0,3.0,,,,,,,,
stoch_rsi,LINK-USDT,1d,9.0,20.0,80.0,1189.99,11.302,-8.18,77.6,4.94,116,1.0,145.51,,,,,3.0,3.0,,,,,,,,
stoch_rsi,LINK-USDT,1d,9.0,20.0,85.0,915.41,10.948,-8.18,77.6,4.84,107,1.0,111.94,,,,,3.0,3.0,,,,,,,,
stoch_rsi,LINK-USDT,1d,9.0,25.0,75.0,1854.04,11.861,-8.18,78.3,5.16,129,1.0,226.71,,,,,3.0,3.0,,,,,,,,
stoch_rsi,LINK-USDT,1d,9.0,25.0,80.0,1551.16,11.942,-8.18,78.5,5.32,121,1.0,189.68,,,,,3.0,3.0,,,,,,,,
stoch_rsi,LINK-USDT,1d,9.0,25.0,85.0,1199.71,11.64,-8.18,78.6,5.24,112,1.0,146.7,,,,,3.0,3.0,,,,,,,,
stoch_rsi,LINK-USDT,1d,11.0,15.0,75.0,391.51,6.686,-12.04,67.8,2.61,118,1.0,32.51,,,,,3.0,3.0,,,,,,,,
stoch_rsi,LINK-USDT,1d,11.0,15.0,80.0,306.42,6.157,-12.04,66.1,2.43,112,1.0,25.44,,,,,3.0,3.0,,,,,,,,
stoch_rsi,LINK-USDT,1d,11.0,15.0,85.0,238.09,5.764,-12.04,65.3,2.29,101,1.0,19.77,,,,,3.0,3.0,,,,,,,,
stoch_rsi,LINK-USDT,1d,11.0,20.0,75.0,640.86,7.54,-12.04,69.5,3.02,128,1.0,53.22,,,,,3.0,3.0,,,,,,,,
stoch_rsi,LINK-USDT,1d,11.0,20.0,80.0,512.59,7.09,-12.04,68.0,2.83,122,1.0,42.57,,,,,3.0,3.0,,,,,,,,
stoch_rsi,LINK-USDT,1d,11.0,20.0,85.0,409.61,6.801,-12.04,67.6,2.71,111,1.0,34.01,,,,,3.0,3.0,,,,,,,,
stoch_rsi,LINK-USDT,1d,11.0,25.0,75.0,758.4,7.911,-12.04,70.5,3.16,132,1.0,62.98,,,,,3.0,3.0,,,,,,,,
stoch_rsi,LINK-USDT,1d,11.0,25.0,80.0,609.78,7.48,-12.04,69.0,2.98,126,1.0,50.64,,,,,3.0,3.0,,,,,,,,
stoch_rsi,LINK-USDT,1d,11.0,25.0,85.0,490.45,7.219,-12.04,68.7,2.85,115,1.0,40.73,,,,,3.0,3.0,,,,,,,,
stoch_rsi,LINK-USDT,1d,13.0,15.0,75.0,379.14,6.864,-19.85,74.1,2.58,108,1.0,19.1,,,,,3.0,3.0,,,,,,,,
stoch_rsi,LINK-USDT,1d,13.0,15.0,80.0,330.08,6.574,-19.85,74.3,2.49,105,1.0,16.63,,,,,3.0,3.0,,,,,,,,
stoch_rsi,LINK-USDT,1d,13.0,15.0,85.0,182.74,5.27,-21.79,71.0,2.08,93,1.0,8.39,,,,,3.0,3.0,,,,,,,,
stoch_rsi,LINK-USDT,1d,13.0,20.0,75.0,566.73,7.552,-19.85,75.0,2.88,116,1.0,28.56,,,,,3.0,3.0,,,,,,,,
stoch_rsi,LINK-USDT,1d,13.0,20.0,80.0,498.45,7.301,-19.85,75.2,2.79,113,1.0,25.12,,,,,3.0,3.0,,,,,,,,
stoch_rsi,LINK-USDT,1d,13.0,20.0,85.0,293.43,6.181,-20.31,72.3,2.38,101,1.0,14.45,,,,,3.0,3.0,,,,,,,,
stoch_rsi,LINK-USDT,1d,13.0,25.0,75.0,786.28,7.855,-19.85,75.2,3.15,121,1.0,39.62,,,,,3.0,3.0,,,,,,,,
stoch_rsi,LINK-USDT,1d,13.0,25.0,80.0,695.52,7.633,-19.85,75.4,3.06,118,1.0,35.04,,,,,3.0,3.0,,,,,,,,
stoch_rsi,LINK-USDT,1d,13.0,25.0,85.0,422.99,6.657,-20.31,72.6,2.66,106,1.0,20.82,,,,,3.0,3.0,,,,,,,,
stoch_rsi,LINK-USDT,1d,15.0,15.0,75.0,1148.82,11.523,-7.46,78.8,5.59,104,1.0,154.03,,,,,3.0,3.0,,,,,,,,
stoch_rsi,LINK-USDT,1d,15.0,15.0,80.0,481.86,10.917,-7.88,78.7,4.32,89,1.0,61.16,,,,,3.0,3.0,,,,,,,,
stoch_rsi,LINK-USDT,1d,15.0,15.0,85.0,358.88,10.232,-12.05,78.0,4.05,82,1.0,29.79,,,,,3.0,3.0,,,,,,,,
stoch_rsi,LINK-USDT,1d,15.0,20.0,75.0,1569.18,11.453,-7.46,77.9,5.64,113,1.0,210.39,,,,,3.0,3.0,,,,,,,,
stoch_rsi,LINK-USDT,1d,15.0,20.0,80.0,677.72,10.801,-7.46,77.6,4.49,98,1.0,90.87,,,,,3.0,3.0,,,,,,,,
stoch_rsi,LINK-USDT,1d,15.0,20.0,85.0,513.35,10.213,-12.05,76.9,4.26,91,1.0,42.62,,,,,3.0,3.0,,,,,,,,
stoch_rsi,LINK-USDT,1d,15.0,25.0,75.0,2298.76,11.459,-7.46,78.8,6.25,118,1.0,308.21,,,,,3.0,3.0,,,,,,,,
stoch_rsi,LINK-USDT,1d,15.0,25.0,80.0,1017.65,10.734,-7.46,78.6,5.13,103,1.0,136.44,,,,,3.0,3.0,,,,,,,,
stoch_rsi,LINK-USDT,1d,15.0,25.0,85.0,781.44,10.242,-12.05,78.1,4.93,96,1.0,64.87,,,,,3.0,3.0,,,,,,,,
stoch_rsi,LINK-USDT,1d,17.0,15.0,75.0,539.13,8.947,-15.37,70.0,3.52,100,1.0,35.08,,,,,3.0,3.0,,,,,,,,
stoch_rsi,LINK-USDT,1d,17.0,15.0,80.0,475.2,8.805,-15.37,70.8,3.42,96,1.0,30.92,,,,,3.0,3.0,,,,,,,,
stoch_rsi,LINK-USDT,1d,17.0,15.0,85.0,307.56,7.651,-15.37,68.2,2.96,88,1.0,20.01,,,,,3.0,3.0,,,,,,,,
stoch_rsi,LINK-USDT,1d,17.0,20.0,75.0,659.11,9.491,-15.37,71.2,3.74,104,1.0,42.88,,,,,3.0,3.0,,,,,,,,
stoch_rsi,LINK-USDT,1d,17.0,20.0,80.0,583.18,9.375,-15.37,72.0,3.65,100,1.0,37.94,,,,,3.0,3.0,,,,,,,,
stoch_rsi,LINK-USDT,1d,17.0,20.0,85.0,384.07,8.283,-15.37,69.6,3.19,92,1.0,24.99,,,,,3.0,3.0,,,,,,,,
stoch_rsi,LINK-USDT,1d,17.0,25.0,75.0,906.9,9.402,-15.37,71.3,3.97,108,1.0,59.01,,,,,3.0,3.0,,,,,,,,
stoch_rsi,LINK-USDT,1d,17.0,25.0,80.0,806.18,9.297,-15.37,72.1,3.89,104,1.0,52.45,,,,,3.0,3.0,,,,,,,,
stoch_rsi,LINK-USDT,1d,17.0,25.0,85.0,542.08,8.361,-15.37,69.8,3.45,96,1.0,35.27,,,,,3.0,3.0,,,,,,,,
stoch_rsi,LINK-USDT,1d,19.0,15.0,75.0,605.92,12.299,-10.95,76.5,5.46,98,1.0,55.31,,,,,3.0,3.0,,,,,,,,
stoch_rsi,LINK-USDT,1d,19.0,15.0,80.0,490.67,11.945,-10.95,75.0,5.06,92,1.0,44.79,,,,,3.0,3.0,,,,,,,,
stoch_rsi,LINK-USDT,1d,19.0,15.0,85.0,449.6,11.782,-10.95,75.3,4.94,89,1.0,41.04,,,,,3.0,3.0,,,,,,,,
stoch_rsi,LINK-USDT,1d,19.0,20.0,75.0,716.92,11.569,-12.42,76.0,5.39,104,1.0,57.71,,,,,3.0,3.0,,,,,,,,
stoch_rsi,LINK-USDT,1d,19.0,20.0,80.0,583.55,11.217,-12.42,74.5,5.02,98,1.0,46.97,,,,,3.0,3.0,,,,,,,,
stoch_rsi,LINK-USDT,1d,19.0,20.0,85.0,536.02,11.064,-12.42,74.7,4.9,95,1.0,43.15,,,,,3.0,3.0,,,,,,,,
stoch_rsi,LINK-USDT,1d,19.0,25.0,75.0,713.48,10.689,-14.29,73.9,4.56,111,1.0,49.93,,,,,3.0,3.0,,,,,,,,
stoch_rsi,LINK-USDT,1d,19.0,25.0,80.0,580.67,10.325,-14.29,72.4,4.26,105,1.0,40.64,,,,,3.0,3.0,,,,,,,,
stoch_rsi,LINK-USDT,1d,19.0,25.0,85.0,533.34,10.167,-14.29,72.5,4.17,102,1.0,37.33,,,,,3.0,3.0,,,,,,,,
stoch_rsi,LINK-USDT,1d,21.0,15.0,75.0,493.55,8.763,-13.29,70.8,3.51,106,1.0,37.15,,,,,3.0,3.0,,,,,,,,
stoch_rsi,LINK-USDT,1d,21.0,15.0,80.0,433.61,8.874,-13.29,71.6,3.52,95,1.0,32.64,,,,,3.0,3.0,,,,,,,,
stoch_rsi,LINK-USDT,1d,21.0,15.0,85.0,310.23,8.101,-13.29,70.5,3.18,88,1.0,23.35,,,,,3.0,3.0,,,,,,,,
stoch_rsi,LINK-USDT,1d,21.0,20.0,75.0,568.01,9.013,-13.29,71.4,3.64,112,1.0,42.75,,,,,3.0,3.0,,,,,,,,
stoch_rsi,LINK-USDT,1d,21.0,20.0,80.0,500.55,9.132,-13.29,72.3,3.65,101,1.0,37.67,,,,,3.0,3.0,,,,,,,,
stoch_rsi,LINK-USDT,1d,21.0,20.0,85.0,361.69,8.408,-13.29,71.3,3.33,94,1.0,27.22,,,,,3.0,3.0,,,,,,,,
stoch_rsi,LINK-USDT,1d,21.0,25.0,75.0,650.73,8.883,-13.29,70.6,3.62,119,1.0,48.98,,,,,3.0,3.0,,,,,,,,
stoch_rsi,LINK-USDT,1d,21.0,25.0,80.0,574.92,8.989,-13.29,71.3,3.64,108,1.0,43.27,,,,,3.0,3.0,,,,,,,,
stoch_rsi,LINK-USDT,1d,21.0,25.0,85.0,418.87,8.315,-13.29,70.3,3.33,101,1.0,31.53,,,,,3.0,3.0,,,,,,,,
kc_breakout,LINK-USDT,1d,15.0,,,64267.77,24.288,0.0,100.0,999.0,58,2.7,0.0,,,,,,,1.5,,,,,,,
kc_breakout,LINK-USDT,1d,15.0,,,2079.0,24.861,0.0,100.0,999.0,29,1.8,0.0,,,,,,,2.0,,,,,,,
kc_breakout,LINK-USDT,1d,15.0,,,338.59,22.881,0.0,100.0,999.0,12,1.2,0.0,,,,,,,2.5,,,,,,,
kc_breakout,LINK-USDT,1d,15.0,,,58.2,47.641,0.0,100.0,999.0,2,1.5,0.0,,,,,,,3.0,,,,,,,
kc_breakout,LINK-USDT,1d,17.0,,,136474.31,21.818,0.0,100.0,999.0,65,3.0,0.0,,,,,,,1.5,,,,,,,
kc_breakout,LINK-USDT,1d,17.0,,,4504.98,23.793,0.0,100.0,999.0,34,2.4,0.0,,,,,,,2.0,,,,,,,
kc_breakout,LINK-USDT,1d,17.0,,,589.65,24.299,0.0,100.0,999.0,15,1.7,0.0,,,,,,,2.5,,,,,,,
kc_breakout,LINK-USDT,1d,17.0,,,107.16,42.963,0.0,100.0,999.0,4,1.2,0.0,,,,,,,3.0,,,,,,,
kc_breakout,LINK-USDT,1d,19.0,,,190085.62,21.187,0.0,100.0,999.0,70,3.2,0.0,,,,,,,1.5,,,,,,,
kc_breakout,LINK-USDT,1d,19.0,,,10299.04,24.536,0.0,100.0,999.0,41,2.5,0.0,,,,,,,2.0,,,,,,,
kc_breakout,LINK-USDT,1d,19.0,,,1115.65,25.071,0.0,100.0,999.0,22,1.7,0.0,,,,,,,2.5,,,,,,,
kc_breakout,LINK-USDT,1d,19.0,,,219.67,28.448,0.0,100.0,999.0,10,1.1,0.0,,,,,,,3.0,,,,,,,
kc_breakout,LINK-USDT,1d,21.0,,,327101.27,18.807,0.0,100.0,999.0,75,3.3,0.0,,,,,,,1.5,,,,,,,
kc_breakout,LINK-USDT,1d,21.0,,,15328.61,25.169,0.0,100.0,999.0,41,3.0,0.0,,,,,,,2.0,,,,,,,
kc_breakout,LINK-USDT,1d,21.0,,,1740.61,26.627,0.0,100.0,999.0,24,2.2,0.0,,,,,,,2.5,,,,,,,
kc_breakout,LINK-USDT,1d,21.0,,,450.0,23.229,0.0,100.0,999.0,13,1.5,0.0,,,,,,,3.0,,,,,,,
kc_breakout,LINK-USDT,1d,23.0,,,353538.52,17.72,0.0,100.0,999.0,83,3.2,0.0,,,,,,,1.5,,,,,,,
kc_breakout,LINK-USDT,1d,23.0,,,21675.08,21.906,0.0,100.0,999.0,44,3.4,0.0,,,,,,,2.0,,,,,,,
kc_breakout,LINK-USDT,1d,23.0,,,2076.59,24.495,0.0,100.0,999.0,25,2.6,0.0,,,,,,,2.5,,,,,,,
kc_breakout,LINK-USDT,1d,23.0,,,519.8,24.595,0.0,100.0,999.0,14,2.0,0.0,,,,,,,3.0,,,,,,,
kc_breakout,LINK-USDT,1d,25.0,,,253068.46,15.414,0.0,100.0,999.0,81,3.6,0.0,,,,,,,1.5,,,,,,,
kc_breakout,LINK-USDT,1d,25.0,,,34523.25,22.876,0.0,100.0,999.0,48,3.4,0.0,,,,,,,2.0,,,,,,,
kc_breakout,LINK-USDT,1d,25.0,,,4004.51,25.384,0.0,100.0,999.0,27,3.0,0.0,,,,,,,2.5,,,,,,,
kc_breakout,LINK-USDT,1d,25.0,,,689.16,25.034,0.0,100.0,999.0,16,2.2,0.0,,,,,,,3.0,,,,,,,
rsi_adx_combo,LINK-USDT,1d,,,,766.18,4.696,-36.55,52.4,2.63,63,15.1,20.96,,,,,,,,14.0,25.0,65.0,14.0,20.0,,
rsi_adx_combo,LINK-USDT,1d,,,,597.6,4.164,-31.11,40.9,2.51,66,11.7,19.21,,,,,,,,14.0,25.0,65.0,14.0,25.0,,
rsi_adx_combo,LINK-USDT,1d,,,,947.44,5.177,-34.55,55.9,2.9,59,15.9,27.42,,,,,,,,14.0,25.0,70.0,14.0,20.0,,
rsi_adx_combo,LINK-USDT,1d,,,,902.72,4.952,-32.22,45.0,3.09,60,12.6,28.01,,,,,,,,14.0,25.0,70.0,14.0,25.0,,
rsi_adx_combo,LINK-USDT,1d,,,,945.05,5.22,-34.7,55.2,2.9,58,16.2,27.23,,,,,,,,14.0,25.0,75.0,14.0,20.0,,
rsi_adx_combo,LINK-USDT,1d,,,,1394.54,6.06,-26.57,50.0,4.1,52,14.3,52.48,,,,,,,,14.0,25.0,75.0,14.0,25.0,,
rsi_adx_combo,LINK-USDT,1d,,,,766.18,4.696,-36.55,52.4,2.63,63,15.1,20.96,,,,,,,,14.0,30.0,65.0,14.0,20.0,,
rsi_adx_combo,LINK-USDT,1d,,,,462.13,3.734,-36.45,40.0,2.26,70,11.2,12.68,,,,,,,,14.0,30.0,65.0,14.0,25.0,,
rsi_adx_combo,LINK-USDT,1d,,,,947.44,5.177,-34.55,55.9,2.9,59,15.9,27.42,,,,,,,,14.0,30.0,70.0,14.0,20.0,,
rsi_adx_combo,LINK-USDT,1d,,,,708.0,4.454,-41.34,43.8,2.72,64,11.9,17.12,,,,,,,,14.0,30.0,70.0,14.0,25.0,,
rsi_adx_combo,LINK-USDT,1d,,,,945.05,5.22,-34.7,55.2,2.9,58,16.2,27.23,,,,,,,,14.0,30.0,75.0,14.0,20.0,,
rsi_adx_combo,LINK-USDT,1d,,,,1104.3,5.447,-36.45,48.2,3.47,56,13.5,30.3,,,,,,,,14.0,30.0,75.0,14.0,25.0,,
rsi_adx_combo,LINK-USDT,1d,,,,645.94,4.352,-41.18,50.0,2.43,66,14.6,15.68,,,,,,,,14.0,35.0,65.0,14.0,20.0,,
rsi_adx_combo,LINK-USDT,1d,,,,231.94,2.828,-46.86,39.2,1.83,79,10.2,4.95,,,,,,,,14.0,35.0,65.0,14.0,25.0,,
rsi_adx_combo,LINK-USDT,1d,,,,802.04,4.799,-43.86,53.2,2.67,62,15.4,18.29,,,,,,,,14.0,35.0,70.0,14.0,20.0,,
rsi_adx_combo,LINK-USDT,1d,,,,377.13,3.43,-49.68,42.5,2.11,73,10.8,7.59,,,,,,,,14.0,35.0,70.0,14.0,25.0,,
rsi_adx_combo,LINK-USDT,1d,,,,799.98,4.837,-43.99,52.5,2.66,61,15.6,18.19,,,,,,,,14.0,35.0,75.0,14.0,20.0,,
rsi_adx_combo,LINK-USDT,1d,,,,611.16,4.228,-45.48,46.2,2.53,65,12.0,13.44,,,,,,,,14.0,35.0,75.0,14.0,25.0,,
rsi_vol_combo,LINK-USDT,1d,,,,-97.86,-17.074,-97.86,10.3,0.02,39,1.8,-1.0,,,,,,,,14.0,25.0,65.0,,,20.0,1.5
rsi_vol_combo,LINK-USDT,1d,,,,-89.1,-17.164,-89.1,16.7,0.02,18,1.6,-1.0,,,,,,,,14.0,25.0,65.0,,,20.0,2.0
rsi_vol_combo,LINK-USDT,1d,,,,-96.35,-16.717,-96.35,12.9,0.02,31,1.8,-1.0,,,,,,,,14.0,25.0,70.0,,,20.0,1.5
rsi_vol_combo,LINK-USDT,1d,,,,-84.52,-15.792,-84.52,20.0,0.02,15,1.7,-1.0,,,,,,,,14.0,25.0,70.0,,,20.0,2.0
rsi_vol_combo,LINK-USDT,1d,,,,-86.64,-16.297,-86.64,19.0,0.03,21,2.0,-1.0,,,,,,,,14.0,25.0,75.0,,,20.0,1.5
rsi_vol_combo,LINK-USDT,1d,,,,-76.56,-18.507,-76.56,21.4,0.02,14,1.6,-1.0,,,,,,,,14.0,25.0,75.0,,,20.0,2.0
rsi_vol_combo,LINK-USDT,1d,,,,-98.49,-17.994,-98.54,9.1,0.02,44,1.8,-1.0,,,,,,,,14.0,30.0,65.0,,,20.0,1.5
rsi_vol_combo,LINK-USDT,1d,,,,-89.83,-15.999,-89.83,14.3,0.02,21,1.6,-1.0,,,,,,,,14.0,30.0,65.0,,,20.0,2.0
rsi_vol_combo,LINK-USDT,1d,,,,-97.42,-17.644,-97.51,11.1,0.02,36,1.8,-1.0,,,,,,,,14.0,30.0,70.0,,,20.0,1.5
rsi_vol_combo,LINK-USDT,1d,,,,-85.55,-14.646,-85.55,16.7,0.02,18,1.6,-1.0,,,,,,,,14.0,30.0,70.0,,,20.0,2.0
rsi_vol_combo,LINK-USDT,1d,,,,-90.57,-18.053,-90.89,15.4,0.04,26,1.9,-1.0,,,,,,,,14.0,30.0,75.0,,,20.0,1.5
rsi_vol_combo,LINK-USDT,1d,,,,-78.13,-17.079,-78.13,17.6,0.02,17,1.6,-1.0,,,,,,,,14.0,30.0,75.0,,,20.0,2.0
rsi_vol_combo,LINK-USDT,1d,,,,-98.94,-16.601,-98.94,12.2,0.06,49,1.7,-1.0,,,,,,,,14.0,35.0,65.0,,,20.0,1.5
rsi_vol_combo,LINK-USDT,1d,,,,-91.86,-14.217,-91.86,16.7,0.08,24,1.5,-1.0,,,,,,,,14.0,35.0,65.0,,,20.0,2.0
rsi_vol_combo,LINK-USDT,1d,,,,-98.19,-16.182,-98.19,14.6,0.06,41,1.7,-1.0,,,,,,,,14.0,35.0,70.0,,,20.0,1.5
rsi_vol_combo,LINK-USDT,1d,,,,-88.44,-13.052,-88.44,19.0,0.09,21,1.6,-1.0,,,,,,,,14.0,35.0,70.0,,,20.0,2.0
rsi_vol_combo,LINK-USDT,1d,,,,-93.37,-15.814,-93.37,19.4,0.09,31,1.8,-1.0,,,,,,,,14.0,35.0,75.0,,,20.0,1.5
rsi_vol_combo,LINK-USDT,1d,,,,-82.5,-14.063,-82.5,20.0,0.11,20,1.6,-1.0,,,,,,,,14.0,35.0,75.0,,,20.0,2.0
rsi_reversion,LINK-USDT,4h,7.0,20.0,60.0,-92.91,-13.791,-92.91,16.4,0.07,128,3.9,-1.0,,,,,,,,,,,,,,
rsi_reversion,LINK-USDT,4h,7.0,20.0,65.0,-91.41,-14.111,-91.41,16.4,0.05,122,3.5,-1.0,,,,,,,,,,,,,,
rsi_reversion,LINK-USDT,4h,7.0,20.0,70.0,-90.11,-14.373,-90.11,15.7,0.04,115,3.2,-1.0,,,,,,,,,,,,,,
rsi_reversion,LINK-USDT,4h,7.0,20.0,75.0,-86.77,-14.282,-86.77,17.9,0.05,106,2.8,-1.0,,,,,,,,,,,,,,
rsi_reversion,LINK-USDT,4h,7.0,20.0,80.0,-84.28,-13.785,-84.29,19.6,0.04,97,2.4,-1.0,,,,,,,,,,,,,,
rsi_reversion,LINK-USDT,4h,7.0,25.0,60.0,-94.48,-13.653,-94.48,18.1,0.08,144,3.9,-1.0,,,,,,,,,,,,,,
rsi_reversion,LINK-USDT,4h,7.0,25.0,65.0,-93.32,-13.941,-93.32,18.1,0.07,138,3.6,-1.0,,,,,,,,,,,,,,
rsi_reversion,LINK-USDT,4h,7.0,25.0,70.0,-92.31,-14.165,-92.31,17.6,0.05,131,3.3,-1.0,,,,,,,,,,,,,,
rsi_reversion,LINK-USDT,4h,7.0,25.0,75.0,-89.71,-14.076,-89.71,19.7,0.07,122,3.0,-1.0,,,,,,,,,,,,,,
rsi_reversion,LINK-USDT,4h,7.0,25.0,80.0,-87.77,-13.63,-87.77,21.2,0.06,113,2.6,-1.0,,,,,,,,,,,,,,
rsi_reversion,LINK-USDT,4h,7.0,30.0,60.0,-95.79,-13.623,-95.79,16.1,0.06,161,3.9,-1.0,,,,,,,,,,,,,,
rsi_reversion,LINK-USDT,4h,7.0,30.0,65.0,-94.9,-13.896,-94.9,16.1,0.05,155,3.6,-1.0,,,,,,,,,,,,,,
rsi_reversion,LINK-USDT,4h,7.0,30.0,70.0,-94.13,-14.098,-94.13,15.5,0.04,148,3.3,-1.0,,,,,,,,,,,,,,
rsi_reversion,LINK-USDT,4h,7.0,30.0,75.0,-92.15,-14.027,-92.15,17.3,0.05,139,3.1,-1.0,,,,,,,,,,,,,,
rsi_reversion,LINK-USDT,4h,7.0,30.0,80.0,-90.67,-13.625,-90.67,18.5,0.04,130,2.7,-1.0,,,,,,,,,,,,,,
rsi_reversion,LINK-USDT,4h,7.0,35.0,60.0,-96.67,-13.829,-96.67,16.9,0.07,172,4.0,-1.0,,,,,,,,,,,,,,
rsi_reversion,LINK-USDT,4h,7.0,35.0,65.0,-95.97,-14.105,-95.97,16.9,0.06,166,3.7,-1.0,,,,,,,,,,,,,,
rsi_reversion,LINK-USDT,4h,7.0,35.0,70.0,-95.36,-14.309,-95.36,16.4,0.05,159,3.5,-1.0,,,,,,,,,,,,,,
rsi_reversion,LINK-USDT,4h,7.0,35.0,75.0,-93.79,-14.263,-93.79,18.0,0.06,150,3.3,-1.0,,,,,,,,,,,,,,
rsi_reversion,LINK-USDT,4h,7.0,35.0,80.0,-92.63,-13.898,-92.63,19.1,0.05,141,3.0,-1.0,,,,,,,,,,,,,,
rsi_reversion,LINK-USDT,4h,9.0,20.0,60.0,-90.77,-15.514,-90.77,17.2,0.04,116,4.0,-1.0,,,,,,,,,,,,,,
rsi_reversion,LINK-USDT,4h,9.0,20.0,65.0,-89.15,-16.967,-89.15,16.0,0.03,100,3.6,-1.0,,,,,,,,,,,,,,
rsi_reversion,LINK-USDT,4h,9.0,20.0,70.0,-86.83,-18.609,-86.83,12.6,0.02,87,3.3,-1.0,,,,,,,,,,,,,,
rsi_reversion,LINK-USDT,4h,9.0,20.0,75.0,-83.72,-17.932,-83.74,14.1,0.02,78,2.9,-1.0,,,,,,,,,,,,,,
rsi_reversion,LINK-USDT,4h,9.0,20.0,80.0,-78.71,-18.744,-78.71,12.5,0.01,64,2.7,-1.0,,,,,,,,,,,,,,
rsi_reversion,LINK-USDT,4h,9.0,25.0,60.0,-92.81,-15.218,-92.81,16.8,0.05,125,4.1,-1.0,,,,,,,,,,,,,,
rsi_reversion,LINK-USDT,4h,9.0,25.0,65.0,-91.54,-16.454,-91.54,15.6,0.03,109,3.7,-1.0,,,,,,,,,,,,,,
rsi_reversion,LINK-USDT,4h,9.0,25.0,70.0,-89.73,-17.74,-89.73,12.5,0.02,96,3.5,-1.0,,,,,,,,,,,,,,
rsi_reversion,LINK-USDT,4h,9.0,25.0,75.0,-87.31,-17.149,-87.31,13.8,0.03,87,3.2,-1.0,,,,,,,,,,,,,,
rsi_reversion,LINK-USDT,4h,9.0,25.0,80.0,-83.4,-17.672,-83.4,12.3,0.02,73,3.1,-1.0,,,,,,,,,,,,,,
rsi_reversion,LINK-USDT,4h,9.0,30.0,60.0,-93.58,-14.005,-93.58,19.4,0.05,139,4.1,-1.0,,,,,,,,,,,,,,
rsi_reversion,LINK-USDT,4h,9.0,30.0,65.0,-92.45,-14.872,-92.45,18.7,0.04,123,3.8,-1.0,,,,,,,,,,,,,,
rsi_reversion,LINK-USDT,4h,9.0,30.0,70.0,-90.84,-15.685,-90.84,16.4,0.03,110,3.6,-1.0,,,,,,,,,,,,,,
rsi_reversion,LINK-USDT,4h,9.0,30.0,75.0,-88.68,-15.097,-88.68,17.8,0.04,101,3.3,-1.0,,,,,,,,,,,,,,
rsi_reversion,LINK-USDT,4h,9.0,30.0,80.0,-85.19,-15.187,-85.22,17.2,0.03,87,3.2,-1.0,,,,,,,,,,,,,,
rsi_reversion,LINK-USDT,4h,9.0,35.0,60.0,-95.59,-12.607,-95.59,19.1,0.07,162,4.0,-1.0,,,,,,,,,,,,,,
rsi_reversion,LINK-USDT,4h,9.0,35.0,65.0,-94.81,-13.133,-94.81,18.5,0.06,146,3.8,-1.0,,,,,,,,,,,,,,
rsi_reversion,LINK-USDT,4h,9.0,35.0,70.0,-93.71,-13.539,-93.71,16.5,0.05,133,3.7,-1.0,,,,,,,,,,,,,,
rsi_reversion,LINK-USDT,4h,9.0,35.0,75.0,-92.22,-13.048,-92.22,17.7,0.05,124,3.4,-1.0,,,,,,,,,,,,,,
rsi_reversion,LINK-USDT,4h,9.0,35.0,80.0,-89.83,-12.909,-89.85,17.3,0.05,110,3.4,-1.0,,,,,,,,,,,,,,
rsi_reversion,LINK-USDT,4h,11.0,20.0,60.0,-87.52,-16.152,-87.52,17.7,0.03,96,4.3,-1.0,,,,,,,,,,,,,,
rsi_reversion,LINK-USDT,4h,11.0,20.0,65.0,-85.66,-18.495,-85.66,14.1,0.02,85,3.8,-1.0,,,,,,,,,,,,,,
rsi_reversion,LINK-USDT,4h,11.0,20.0,70.0,-78.28,-18.617,-78.28,12.7,0.03,71,3.3,-1.0,,,,,,,,,,,,,,
rsi_reversion,LINK-USDT,4h,11.0,20.0,75.0,-70.04,-19.206,-70.04,14.3,0.01,56,2.9,-1.0,,,,,,,,,,,,,,
rsi_reversion,LINK-USDT,4h,11.0,20.0,80.0,-66.0,-18.88,-66.0,14.3,0.02,49,2.6,-1.0,,,,,,,,,,,,,,
rsi_reversion,LINK-USDT,4h,11.0,25.0,60.0,-91.03,-16.31,-91.03,16.0,0.03,106,4.3,-1.0,,,,,,,,,,,,,,
rsi_reversion,LINK-USDT,4h,11.0,25.0,65.0,-89.69,-18.303,-89.69,12.6,0.02,95,3.9,-1.0,,,,,,,,,,,,,,
rsi_reversion,LINK-USDT,4h,11.0,25.0,70.0,-84.38,-18.247,-84.38,11.1,0.03,81,3.4,-1.0,,,,,,,,,,,,,,
rsi_reversion,LINK-USDT,4h,11.0,25.0,75.0,-78.45,-18.589,-78.45,12.1,0.02,66,3.2,-1.0,,,,,,,,,,,,,,
rsi_reversion,LINK-USDT,4h,11.0,25.0,80.0,-75.54,-18.393,-75.54,11.9,0.03,59,3.0,-1.0,,,,,,,,,,,,,,
rsi_reversion,LINK-USDT,4h,11.0,30.0,60.0,-93.1,-14.253,-93.1,16.2,0.03,117,4.4,-1.0,,,,,,,,,,,,,,
rsi_reversion,LINK-USDT,4h,11.0,30.0,65.0,-92.07,-15.376,-92.07,13.2,0.02,106,4.0,-1.0,,,,,,,,,,,,,,
rsi_reversion,LINK-USDT,4h,11.0,30.0,70.0,-87.98,-14.829,-87.98,12.0,0.03,92,3.7,-1.0,,,,,,,,,,,,,,
rsi_reversion,LINK-USDT,4h,11.0,30.0,75.0,-83.43,-14.566,-83.43,13.0,0.02,77,3.5,-1.0,,,,,,,,,,,,,,
rsi_reversion,LINK-USDT,4h,11.0,30.0,80.0,-81.19,-14.329,-81.19,12.9,0.02,70,3.4,-1.0,,,,,,,,,,,,,,
rsi_reversion,LINK-USDT,4h,11.0,35.0,60.0,-93.83,-14.072,-93.83,16.7,0.03,132,4.5,-1.0,,,,,,,,,,,,,,
rsi_reversion,LINK-USDT,4h,11.0,35.0,65.0,-92.91,-15.104,-92.91,14.0,0.02,121,4.2,-1.0,,,,,,,,,,,,,,
rsi_reversion,LINK-USDT,4h,11.0,35.0,70.0,-89.26,-14.603,-89.26,13.1,0.03,107,3.9,-1.0,,,,,,,,,,,,,,
rsi_reversion,LINK-USDT,4h,11.0,35.0,75.0,-85.19,-14.297,-85.28,14.1,0.02,92,3.8,-1.0,,,,,,,,,,,,,,
rsi_reversion,LINK-USDT,4h,11.0,35.0,80.0,-83.19,-14.008,-83.29,14.1,0.03,85,3.7,-1.0,,,,,,,,,,,,,,
rsi_reversion,LINK-USDT,4h,13.0,20.0,60.0,-82.39,-15.848,-82.39,17.3,0.03,81,4.6,-1.0,,,,,,,,,,,,,,
rsi_reversion,LINK-USDT,4h,13.0,20.0,65.0,-82.13,-16.275,-82.13,18.4,0.05,76,3.7,-1.0,,,,,,,,,,,,,,
rsi_reversion,LINK-USDT,4h,13.0,20.0,70.0,-76.2,-19.267,-76.2,14.3,0.03,56,3.6,-1.0,,,,,,,,,,,,,,
rsi_reversion,LINK-USDT,4h,13.0,20.0,75.0,-56.03,-12.8,-56.03,24.5,0.08,53,2.6,-1.0,,,,,,,,,,,,,,
rsi_reversion,LINK-USDT,4h,13.0,20.0,80.0,-51.79,-14.598,-51.79,22.2,0.04,36,2.4,-1.0,,,,,,,,,,,,,,
rsi_reversion,LINK-USDT,4h,13.0,25.0,60.0,-84.77,-15.838,-84.77,14.6,0.02,82,5.0,-1.0,,,,,,,,,,,,,,
rsi_reversion,LINK-USDT,4h,13.0,25.0,65.0,-84.55,-16.299,-84.55,15.6,0.03,77,4.2,-1.0,,,,,,,,,,,,,,
rsi_reversion,LINK-USDT,4h,13.0,25.0,70.0,-79.42,-19.105,-79.42,10.5,0.01,57,4.3,-1.0,,,,,,,,,,,,,,
rsi_reversion,LINK-USDT,4h,13.0,25.0,75.0,-61.98,-12.8,-61.98,20.4,0.05,54,3.3,-1.0,,,,,,,,,,,,,,
rsi_reversion,LINK-USDT,4h,13.0,25.0,80.0,-58.31,-14.836,-58.31,16.2,0.02,37,3.5,-1.0,,,,,,,,,,,,,,
rsi_reversion,LINK-USDT,4h,13.0,30.0,60.0,-87.42,-15.387,-87.42,14.3,0.03,91,5.1,-1.0,,,,,,,,,,,,,,
rsi_reversion,LINK-USDT,4h,13.0,30.0,65.0,-87.23,-15.779,-87.23,15.1,0.04,86,4.4,-1.0,,,,,,,,,,,,,,
rsi_reversion,LINK-USDT,4h,13.0,30.0,70.0,-83.0,-17.912,-83.0,10.6,0.02,66,4.5,-1.0,,,,,,,,,,,,,,
rsi_reversion,LINK-USDT,4h,13.0,30.0,75.0,-68.58,-12.64,-68.58,19.0,0.06,63,3.7,-1.0,,,,,,,,,,,,,,
rsi_reversion,LINK-USDT,4h,13.0,30.0,80.0,-65.55,-14.263,-65.55,15.2,0.03,46,4.0,-1.0,,,,,,,,,,,,,,
rsi_reversion,LINK-USDT,4h,13.0,35.0,60.0,-91.4,-15.105,-91.4,11.7,0.03,103,5.3,-1.0,,,,,,,,,,,,,,
rsi_reversion,LINK-USDT,4h,13.0,35.0,65.0,-91.28,-15.457,-91.28,12.2,0.04,98,4.6,-1.0,,,,,,,,,,,,,,
rsi_reversion,LINK-USDT,4h,13.0,35.0,70.0,-88.39,-17.09,-88.39,7.7,0.02,78,4.8,-1.0,,,,,,,,,,,,,,
rsi_reversion,LINK-USDT,4h,13.0,35.0,75.0,-78.54,-12.794,-78.54,14.7,0.05,75,4.2,-1.0,,,,,,,,,,,,,,
rsi_reversion,LINK-USDT,4h,13.0,35.0,80.0,-76.47,-14.231,-76.47,10.3,0.03,58,4.6,-1.0,,,,,,,,,,,,,,
rsi_reversion,LINK-USDT,4h,15.0,20.0,60.0,-66.02,-14.157,-66.02,19.0,0.07,63,5.1,-1.0,,,,,,,,,,,,,,
rsi_reversion,LINK-USDT,4h,15.0,20.0,65.0,-62.37,-13.577,-62.64,16.4,0.07,61,3.9,-1.0,,,,,,,,,,,,,,
rsi_reversion,LINK-USDT,4h,15.0,20.0,70.0,-58.63,-14.638,-58.63,13.0,0.02,46,3.3,-1.0,,,,,,,,,,,,,,
rsi_reversion,LINK-USDT,4h,15.0,20.0,75.0,-48.34,-14.125,-48.34,7.7,0.01,39,2.4,-1.0,,,,,,,,,,,,,,
rsi_reversion,LINK-USDT,4h,15.0,20.0,80.0,-29.77,-12.466,-29.77,13.0,0.03,23,2.3,-1.0,,,,,,,,,,,,,,
rsi_reversion,LINK-USDT,4h,15.0,25.0,60.0,-75.5,-15.689,-75.5,20.0,0.06,70,5.4,-1.0,,,,,,,,,,,,,,
rsi_reversion,LINK-USDT,4h,15.0,25.0,65.0,-72.86,-15.18,-73.06,17.6,0.06,68,4.3,-1.0,,,,,,,,,,,,,,
rsi_reversion,LINK-USDT,4h,15.0,25.0,70.0,-70.17,-16.695,-70.17,15.1,0.03,53,4.0,-1.0,,,,,,,,,,,,,,
rsi_reversion,LINK-USDT,4h,15.0,25.0,75.0,-62.75,-16.488,-62.75,10.9,0.01,46,3.3,-1.0,,,,,,,,,,,,,,
rsi_reversion,LINK-USDT,4h,15.0,25.0,80.0,-49.36,-16.449,-49.36,16.7,0.03,30,3.6,-1.0,,,,,,,,,,,,,,
rsi_reversion,LINK-USDT,4h,15.0,30.0,60.0,-81.79,-14.525,-81.79,17.3,0.06,75,5.8,-1.0,,,,,,,,,,,,,,
rsi_reversion,LINK-USDT,4h,15.0,30.0,65.0,-79.83,-14.043,-79.87,15.1,0.05,73,4.8,-1.0,,,,,,,,,,,,,,
rsi_reversion,LINK-USDT,4h,15.0,30.0,70.0,-77.83,-15.394,-77.83,12.1,0.03,58,4.6,-1.0,,,,,,,,,,,,,,
rsi_reversion,LINK-USDT,4h,15.0,30.0,75.0,-72.32,-14.927,-72.32,7.8,0.02,51,4.1,-1.0,,,,,,,,,,,,,,
rsi_reversion,LINK-USDT,4h,15.0,30.0,80.0,-62.36,-14.88,-62.36,11.4,0.03,35,4.7,-1.0,,,,,,,,,,,,,,
rsi_reversion,LINK-USDT,4h,15.0,35.0,60.0,-85.79,-15.057,-85.79,16.7,0.05,96,5.2,-1.0,,,,,,,,,,,,,,
rsi_reversion,LINK-USDT,4h,15.0,35.0,65.0,-84.26,-14.678,-84.26,14.9,0.05,94,4.5,-1.0,,,,,,,,,,,,,,
rsi_reversion,LINK-USDT,4h,15.0,35.0,70.0,-82.69,-15.637,-82.69,12.7,0.02,79,4.3,-1.0,,,,,,,,,,,,,,
rsi_reversion,LINK-USDT,4h,15.0,35.0,75.0,-78.39,-15.364,-78.39,9.7,0.01,72,3.9,-1.0,,,,,,,,,,,,,,
rsi_reversion,LINK-USDT,4h,15.0,35.0,80.0,-70.62,-15.114,-70.62,12.5,0.02,56,4.2,-1.0,,,,,,,,,,,,,,
rsi_reversion,LINK-USDT,4h,17.0,20.0,60.0,-58.25,-11.204,-58.46,29.2,0.1,65,4.5,-1.0,,,,,,,,,,,,,,
rsi_reversion,LINK-USDT,4h,17.0,20.0,65.0,-50.06,-12.794,-50.06,19.2,0.06,52,3.6,-1.0,,,,,,,,,,,,,,
rsi_reversion,LINK-USDT,4h,17.0,20.0,70.0,-36.87,-11.313,-36.87,25.8,0.12,31,3.8,-1.0,,,,,,,,,,,,,,
rsi_reversion,LINK-USDT,4h,17.0,20.0,75.0,-35.07,-14.879,-35.07,17.4,0.06,23,2.9,-1.0,,,,,,,,,,,,,,
rsi_reversion,LINK-USDT,4h,17.0,20.0,80.0,-21.71,-10.965,-21.71,31.2,0.1,16,1.9,-1.0,,,,,,,,,,,,,,
rsi_reversion,LINK-USDT,4h,17.0,25.0,60.0,-68.81,-12.172,-68.97,22.7,0.07,75,4.6,-1.0,,,,,,,,,,,,,,
rsi_reversion,LINK-USDT,4h,17.0,25.0,65.0,-62.7,-13.57,-62.7,12.9,0.04,62,3.8,-1.0,,,,,,,,,,,,,,
rsi_reversion,LINK-USDT,4h,17.0,25.0,70.0,-52.84,-13.088,-52.84,14.6,0.07,41,4.0,-1.0,,,,,,,,,,,,,,
rsi_reversion,LINK-USDT,4h,17.0,25.0,75.0,-51.5,-16.055,-51.5,6.1,0.03,33,3.5,-1.0,,,,,,,,,,,,,,
rsi_reversion,LINK-USDT,4h,17.0,25.0,80.0,-41.52,-13.903,-41.52,11.5,0.04,26,3.0,-1.0,,,,,,,,,,,,,,
rsi_reversion,LINK-USDT,4h,17.0,30.0,60.0,-74.66,-11.786,-74.85,24.1,0.07,79,5.1,-1.0,,,,,,,,,,,,,,
rsi_reversion,LINK-USDT,4h,17.0,30.0,65.0,-69.69,-12.689,-69.77,15.2,0.04,66,4.5,-1.0,,,,,,,,,,,,,,
rsi_reversion,LINK-USDT,4h,17.0,30.0,70.0,-61.68,-12.632,-61.78,17.8,0.06,45,5.0,-1.0,,,,,,,,,,,,,,
rsi_reversion,LINK-USDT,4h,17.0,30.0,75.0,-60.59,-14.82,-60.69,10.8,0.03,37,4.7,-1.0,,,,,,,,,,,,,,
rsi_reversion,LINK-USDT,4h,17.0,30.0,80.0,-52.48,-13.348,-52.6,16.7,0.04,30,4.6,-1.0,,,,,,,,,,,,,,
rsi_reversion,LINK-USDT,4h,17.0,35.0,60.0,-79.41,-11.928,-79.41,25.3,0.08,91,5.0,-1.0,,,,,,,,,,,,,,
rsi_reversion,LINK-USDT,4h,17.0,35.0,65.0,-75.38,-12.731,-75.38,17.9,0.06,78,4.5,-1.0,,,,,,,,,,,,,,
rsi_reversion,LINK-USDT,4h,17.0,35.0,70.0,-68.87,-12.641,-68.87,21.1,0.08,57,4.9,-1.0,,,,,,,,,,,,,,
rsi_reversion,LINK-USDT,4h,17.0,35.0,75.0,-67.98,-14.313,-67.98,16.3,0.06,49,4.7,-1.0,,,,,,,,,,,,,,
rsi_reversion,LINK-USDT,4h,17.0,35.0,80.0,-61.39,-13.108,-61.39,21.4,0.07,42,4.6,-1.0,,,,,,,,,,,,,,
rsi_reversion,LINK-USDT,4h,19.0,20.0,60.0,-54.8,-9.898,-54.8,28.1,0.19,57,4.6,-1.0,,,,,,,,,,,,,,
rsi_reversion,LINK-USDT,4h,19.0,20.0,65.0,-43.94,-13.059,-43.94,18.4,0.09,38,4.1,-1.0,,,,,,,,,,,,,,
rsi_reversion,LINK-USDT,4h,19.0,20.0,70.0,-34.87,-14.732,-34.87,12.5,0.06,24,3.6,-1.0,,,,,,,,,,,,,,
rsi_reversion,LINK-USDT,4h,19.0,20.0,75.0,-25.04,-15.318,-25.04,16.7,0.01,18,2.4,-1.0,,,,,,,,,,,,,,
rsi_reversion,LINK-USDT,4h,19.0,20.0,80.0,-16.91,-19.394,-16.91,0.0,0.0,7,1.7,-1.0,,,,,,,,,,,,,,
rsi_reversion,LINK-USDT,4h,19.0,25.0,60.0,-66.21,-10.121,-66.21,26.9,0.15,67,4.6,-1.0,,,,,,,,,,,,,,
rsi_reversion,LINK-USDT,4h,19.0,25.0,65.0,-58.09,-12.037,-58.09,18.8,0.08,48,4.2,-1.0,,,,,,,,,,,,,,
rsi_reversion,LINK-USDT,4h,19.0,25.0,70.0,-51.31,-12.936,-51.31,14.7,0.05,34,3.9,-1.0,,,,,,,,,,,,,,
rsi_reversion,LINK-USDT,4h,19.0,25.0,75.0,-43.96,-12.53,-43.96,17.9,0.03,28,3.1,-1.0,,,,,,,,,,,,,,
rsi_reversion,LINK-USDT,4h,19.0,25.0,80.0,-37.88,-14.027,-37.88,11.8,0.02,17,3.4,-1.0,,,,,,,,,,,,,,
rsi_reversion,LINK-USDT,4h,19.0,30.0,60.0,-68.55,-10.614,-68.55,26.4,0.15,72,4.8,-1.0,,,,,,,,,,,,,,
rsi_reversion,LINK-USDT,4h,19.0,30.0,65.0,-60.99,-12.768,-60.99,18.9,0.08,53,4.5,-1.0,,,,,,,,,,,,,,
rsi_reversion,LINK-USDT,4h,19.0,30.0,70.0,-54.68,-13.746,-54.68,15.4,0.05,39,4.4,-1.0,,,,,,,,,,,,,,
rsi_reversion,LINK-USDT,4h,19.0,30.0,75.0,-47.85,-13.537,-47.85,18.2,0.03,33,3.9,-1.0,,,,,,,,,,,,,,
rsi_reversion,LINK-USDT,4h,19.0,30.0,80.0,-42.19,-14.809,-42.19,13.6,0.03,22,4.5,-1.0,,,,,,,,,,,,,,
rsi_reversion,LINK-USDT,4h,19.0,35.0,60.0,-72.07,-9.621,-72.07,29.3,0.16,82,5.1,-1.0,,,,,,,,,,,,,,
rsi_reversion,LINK-USDT,4h,19.0,35.0,65.0,-65.35,-10.835,-65.35,23.8,0.11,63,4.9,-1.0,,,,,,,,,,,,,,
rsi_reversion,LINK-USDT,4h,19.0,35.0,70.0,-59.75,-11.174,-59.75,22.4,0.09,49,4.9,-1.0,,,,,,,,,,,,,,
rsi_reversion,LINK-USDT,4h,19.0,35.0,75.0,-53.68,-10.698,-53.68,25.6,0.08,43,4.6,-1.0,,,,,,,,,,,,,,
rsi_reversion,LINK-USDT,4h,19.0,35.0,80.0,-48.65,-10.991,-48.65,25.0,0.09,32,5.2,-1.0,,,,,,,,,,,,,,
rsi_reversion,LINK-USDT,4h,21.0,20.0,60.0,-54.84,-9.741,-54.84,28.0,0.17,50,5.0,-1.0,,,,,,,,,,,,,,
rsi_reversion,LINK-USDT,4h,21.0,20.0,65.0,-51.75,-16.267,-51.75,10.8,0.04,37,3.7,-1.0,,,,,,,,,,,,,,
rsi_reversion,LINK-USDT,4h,21.0,20.0,70.0,-32.97,-18.456,-32.97,10.0,0.01,20,3.4,-1.0,,,,,,,,,,,,,,
rsi_reversion,LINK-USDT,4h,21.0,20.0,75.0,-25.8,-18.305,-25.8,7.7,0.02,13,2.5,-1.0,,,,,,,,,,,,,,
rsi_reversion,LINK-USDT,4h,21.0,20.0,80.0,-17.28,-16.841,-17.39,14.3,0.01,7,2.0,-0.99,,,,,,,,,,,,,,
rsi_reversion,LINK-USDT,4h,21.0,25.0,60.0,-59.52,-9.564,-59.52,26.8,0.17,56,5.0,-1.0,,,,,,,,,,,,,,
rsi_reversion,LINK-USDT,4h,21.0,25.0,65.0,-56.75,-14.273,-56.75,11.6,0.06,43,3.9,-1.0,,,,,,,,,,,,,,
rsi_reversion,LINK-USDT,4h,21.0,25.0,70.0,-39.92,-14.17,-39.92,11.5,0.05,26,3.8,-1.0,,,,,,,,,,,,,,
rsi_reversion,LINK-USDT,4h,21.0,25.0,75.0,-33.49,-13.607,-33.49,10.5,0.07,19,3.4,-1.0,,,,,,,,,,,,,,
rsi_reversion,LINK-USDT,4h,21.0,25.0,80.0,-25.85,-12.266,-25.95,15.4,0.07,13,3.5,-1.0,,,,,,,,,,,,,,
rsi_reversion,LINK-USDT,4h,21.0,30.0,60.0,-64.76,-9.919,-64.76,26.2,0.15,65,5.0,-1.0,,,,,,,,,,,,,,
rsi_reversion,LINK-USDT,4h,21.0,30.0,65.0,-62.35,-14.164,-62.35,13.5,0.05,52,4.0,-1.0,,,,,,,,,,,,,,
rsi_reversion,LINK-USDT,4h,21.0,30.0,70.0,-47.69,-14.037,-47.69,14.3,0.03,35,3.9,-1.0,,,,,,,,,,,,,,
rsi_reversion,LINK-USDT,4h,21.0,30.0,75.0,-42.1,-13.505,-42.1,14.3,0.04,28,3.7,-1.0,,,,,,,,,,,,,,
rsi_reversion,LINK-USDT,4h,21.0,30.0,80.0,-35.45,-12.42,-35.54,18.2,0.04,22,3.9,-1.0,,,,,,,,,,,,,,
rsi_reversion,LINK-USDT,4h,21.0,35.0,60.0,-70.54,-9.771,-70.61,27.4,0.14,73,5.4,-1.0,,,,,,,,,,,,,,
rsi_reversion,LINK-USDT,4h,21.0,35.0,65.0,-68.52,-12.872,-68.6,16.7,0.05,60,4.7,-1.0,,,,,,,,,,,,,,
rsi_reversion,LINK-USDT,4h,21.0,35.0,70.0,-56.27,-12.361,-56.38,18.6,0.04,43,5.0,-1.0,,,,,,,,,,,,,,
rsi_reversion,LINK-USDT,4h,21.0,35.0,75.0,-51.59,-11.978,-51.71,19.4,0.05,36,5.0,-1.0,,,,,,,,,,,,,,
rsi_reversion,LINK-USDT,4h,21.0,35.0,80.0,-46.03,-11.25,-46.16,23.3,0.05,30,5.3,-1.0,,,,,,,,,,,,,,
macd_crossover,LINK-USDT,4h,,,,452.62,19.784,-1.06,92.1,32.54,139,1.0,425.26,6.0,20.0,5.0,,,,,,,,,,,
macd_crossover,LINK-USDT,4h,,,,367.04,20.574,-1.03,92.3,64.44,117,1.0,357.28,6.0,20.0,7.0,,,,,,,,,,,
macd_crossover,LINK-USDT,4h,,,,346.65,19.535,-1.52,88.5,28.01,113,1.0,227.72,6.0,20.0,9.0,,,,,,,,,,,
macd_crossover,LINK-USDT,4h,,,,347.48,19.914,-1.61,89.2,30.04,111,1.0,215.68,6.0,20.0,11.0,,,,,,,,,,,
macd_crossover,LINK-USDT,4h,,,,414.09,20.158,-1.06,88.4,33.95,129,1.0,389.06,6.0,23.0,5.0,,,,,,,,,,,
macd_crossover,LINK-USDT,4h,,,,444.71,21.709,-1.03,91.9,56.77,123,1.0,432.89,6.0,23.0,7.0,,,,,,,,,,,
macd_crossover,LINK-USDT,4h,,,,383.39,21.763,-0.57,92.9,79.75,113,1.0,678.16,6.0,23.0,9.0,,,,,,,,,,,
macd_crossover,LINK-USDT,4h,,,,332.75,20.106,-1.61,89.7,41.81,107,1.0,206.54,6.0,23.0,11.0,,,,,,,,,,,
macd_crossover,LINK-USDT,4h,,,,431.13,21.167,-0.7,92.2,62.69,129,1.0,613.22,6.0,26.0,5.0,,,,,,,,,,,
macd_crossover,LINK-USDT,4h,,,,421.21,20.052,-1.03,88.8,34.52,125,1.0,410.01,6.0,26.0,7.0,,,,,,,,,,,
macd_crossover,LINK-USDT,4h,,,,355.29,20.224,-1.23,91.0,34.89,111,1.0,287.75,6.0,26.0,9.0,,,,,,,,,,,
macd_crossover,LINK-USDT,4h,,,,295.66,19.553,-0.42,85.9,46.37,99,1.0,706.84,6.0,26.0,11.0,,,,,,,,,,,
macd_crossover,LINK-USDT,4h,,,,431.51,21.061,-1.03,93.0,56.14,129,1.0,420.04,6.0,29.0,5.0,,,,,,,,,,,
macd_crossover,LINK-USDT,4h,,,,407.62,20.694,-0.96,89.9,35.69,119,1.0,426.31,6.0,29.0,7.0,,,,,,,,,,,
macd_crossover,LINK-USDT,4h,,,,356.16,20.462,-1.23,91.7,47.8,109,1.0,288.45,6.0,29.0,9.0,,,,,,,,,,,
macd_crossover,LINK-USDT,4h,,,,301.88,20.194,-0.79,87.6,49.44,97,1.0,381.13,6.0,29.0,11.0,,,,,,,,,,,
macd_crossover,LINK-USDT,4h,,,,445.17,20.709,-1.03,92.5,52.21,133,1.0,433.34,6.0,32.0,5.0,,,,,,,,,,,
macd_crossover,LINK-USDT,4h,,,,396.56,21.003,-0.44,91.6,68.1,119,1.0,901.66,6.0,32.0,7.0,,,,,,,,,,,
macd_crossover,LINK-USDT,4h,,,,327.0,20.562,-0.42,90.3,66.78,103,1.0,781.77,6.0,32.0,9.0,,,,,,,,,,,
macd_crossover,LINK-USDT,4h,,,,288.31,20.189,-1.4,89.5,41.81,95,1.0,205.87,6.0,32.0,11.0,,,,,,,,,,,
macd_crossover,LINK-USDT,4h,,,,531.65,21.38,-1.03,92.1,50.71,139,1.0,517.52,6.0,35.0,5.0,,,,,,,,,,,
macd_crossover,LINK-USDT,4h,,,,390.5,21.192,-0.44,91.5,58.98,117,1.0,887.88,6.0,35.0,7.0,,,,,,,,,,,
macd_crossover,LINK-USDT,4h,,,,300.75,19.598,-0.66,86.1,46.74,101,1.0,454.55,6.0,35.0,9.0,,,,,,,,,,,
macd_crossover,LINK-USDT,4h,,,,268.71,18.812,-1.78,84.2,29.08,95,1.0,151.0,6.0,35.0,11.0,,,,,,,,,,,
macd_crossover,LINK-USDT,4h,,,,402.19,20.942,-1.03,91.7,57.94,121,1.0,391.5,8.0,20.0,5.0,,,,,,,,,,,
macd_crossover,LINK-USDT,4h,,,,340.02,19.119,-1.52,87.6,23.12,113,1.0,223.37,8.0,20.0,7.0,,,,,,,,,,,
macd_crossover,LINK-USDT,4h,,,,362.69,20.432,-1.61,89.0,35.54,109,1.0,225.12,8.0,20.0,9.0,,,,,,,,,,,
macd_crossover,LINK-USDT,4h,,,,295.46,20.72,-0.42,88.2,59.68,93,1.0,706.36,8.0,20.0,11.0,,,,,,,,,,,
macd_crossover,LINK-USDT,4h,,,,405.99,20.638,-1.03,90.9,48.43,121,1.0,395.2,8.0,23.0,5.0,,,,,,,,,,,
macd_crossover,LINK-USDT,4h,,,,360.21,20.115,-1.23,89.4,33.33,113,1.0,291.73,8.0,23.0,7.0,,,,,,,,,,,
macd_crossover,LINK-USDT,4h,,,,313.47,20.288,-0.42,86.9,49.97,99,1.0,749.44,8.0,23.0,9.0,,,,,,,,,,,
macd_crossover,LINK-USDT,4h,,,,288.41,21.19,-1.03,91.0,52.44,89,1.0,279.95,8.0,23.0,11.0,,,,,,,,,,,
macd_crossover,LINK-USDT,4h,,,,428.47,20.612,-1.03,91.2,47.62,125,1.0,417.08,8.0,26.0,5.0,,,,,,,,,,,
macd_crossover,LINK-USDT,4h,,,,350.84,19.98,-1.61,90.1,33.76,111,1.0,217.76,8.0,26.0,7.0,,,,,,,,,,,
macd_crossover,LINK-USDT,4h,,,,335.61,21.725,-0.42,89.7,76.55,97,1.0,802.36,8.0,26.0,9.0,,,,,,,,,,,
macd_crossover,LINK-USDT,4h,,,,268.09,19.895,-1.4,86.8,35.79,91,1.0,191.43,8.0,26.0,11.0,,,,,,,,,,,
macd_crossover,LINK-USDT,4h,,,,435.42,19.96,-1.03,88.0,32.51,125,1.0,423.85,8.0,29.0,5.0,,,,,,,,,,,
macd_crossover,LINK-USDT,4h,,,,350.16,20.06,-1.61,89.9,42.36,109,1.0,217.34,8.0,29.0,7.0,,,,,,,,,,,
macd_crossover,LINK-USDT,4h,,,,297.64,21.003,-1.03,90.3,49.88,93,1.0,288.91,8.0,29.0,9.0,,,,,,,,,,,
macd_crossover,LINK-USDT,4h,,,,249.21,20.138,-1.02,87.6,45.2,89,1.0,244.53,8.0,29.0,11.0,,,,,,,,,,,
macd_crossover,LINK-USDT,4h,,,,402.93,20.646,-0.85,89.9,47.28,119,1.0,473.53,8.0,32.0,5.0,,,,,,,,,,,
macd_crossover,LINK-USDT,4h,,,,320.96,19.979,-0.42,87.4,48.78,103,1.0,767.34,8.0,32.0,7.0,,,,,,,,,,,
macd_crossover,LINK-USDT,4h,,,,294.76,20.294,-1.4,88.4,40.95,95,1.0,210.47,8.0,32.0,9.0,,,,,,,,,,,
macd_crossover,LINK-USDT,4h,,,,236.56,19.912,-0.86,88.5,42.08,87,1.0,274.66,8.0,32.0,11.0,,,,,,,,,,,
macd_crossover,LINK-USDT,4h,,,,398.99,21.117,-0.44,91.6,59.61,119,1.0,907.19,8.0,35.0,5.0,,,,,,,,,,,
macd_crossover,LINK-USDT,4h,,,,291.03,19.267,-0.66,85.9,41.71,99,1.0,439.87,8.0,35.0,7.0,,,,,,,,,,,
macd_crossover,LINK-USDT,4h,,,,263.19,19.289,-1.02,86.3,36.61,95,1.0,258.25,8.0,35.0,9.0,,,,,,,,,,,
macd_crossover,LINK-USDT,4h,,,,218.19,17.929,-0.91,84.6,21.85,91,1.0,238.83,8.0,35.0,11.0,,,,,,,,,,,
macd_crossover,LINK-USDT,4h,,,,368.11,19.76,-1.03,89.1,34.95,119,1.0,358.32,10.0,20.0,5.0,,,,,,,,,,,
macd_crossover,LINK-USDT,4h,,,,358.74,19.86,-1.61,88.3,30.85,111,1.0,222.67,10.0,20.0,7.0,,,,,,,,,,,
macd_crossover,LINK-USDT,4h,,,,280.44,21.052,-0.79,88.8,62.14,89,1.0,354.06,10.0,20.0,9.0,,,,,,,,,,,
macd_crossover,LINK-USDT,4h,,,,238.94,18.771,-1.39,85.1,23.41,87,1.0,171.93,10.0,20.0,11.0,,,,,,,,,,,
macd_crossover,LINK-USDT,4h,,,,394.98,21.083,-1.03,92.3,48.01,117,1.0,384.48,10.0,23.0,5.0,,,,,,,,,,,
macd_crossover,LINK-USDT,4h,,,,307.96,20.6,-0.42,87.9,49.8,99,1.0,736.25,10.0,23.0,7.0,,,,,,,,,,,
macd_crossover,LINK-USDT,4h,,,,284.1,21.418,-1.03,90.8,52.02,87,1.0,275.76,10.0,23.0,9.0,,,,,,,,,,,
macd_crossover,LINK-USDT,4h,,,,235.22,20.011,-1.02,88.2,38.95,85,1.0,230.8,10.0,23.0,11.0,,,,,,,,,,,
macd_crossover,LINK-USDT,4h,,,,386.05,20.932,-0.68,90.6,51.86,117,1.0,569.7,10.0,26.0,5.0,,,,,,,,,,,
macd_crossover,LINK-USDT,4h,,,,305.16,20.341,-0.42,87.6,53.49,97,1.0,729.55,10.0,26.0,7.0,,,,,,,,,,,
macd_crossover,LINK-USDT,4h,,,,248.45,18.6,-1.4,84.6,24.59,91,1.0,177.41,10.0,26.0,9.0,,,,,,,,,,,
macd_crossover,LINK-USDT,4h,,,,201.19,18.011,-0.91,85.5,22.55,83,1.0,220.21,10.0,26.0,11.0,,,,,,,,,,,
macd_crossover,LINK-USDT,4h,,,,358.55,20.498,-1.23,91.9,42.82,111,1.0,290.39,10.0,29.0,5.0,,,,,,,,,,,
macd_crossover,LINK-USDT,4h,,,,295.11,20.966,-1.03,90.3,47.98,93,1.0,286.45,10.0,29.0,7.0,,,,,,,,,,,
macd_crossover,LINK-USDT,4h,,,,237.27,20.025,-1.02,88.5,46.25,87,1.0,232.82,10.0,29.0,9.0,,,,,,,,,,,
macd_crossover,LINK-USDT,4h,,,,176.13,16.432,-1.73,81.2,15.62,85,1.0,102.07,10.0,29.0,11.0,,,,,,,,,,,
macd_crossover,LINK-USDT,4h,,,,340.26,20.017,-1.23,89.7,40.91,107,1.0,275.58,10.0,32.0,5.0,,,,,,,,,,,
macd_crossover,LINK-USDT,4h,,,,287.12,20.154,-1.4,88.4,41.95,95,1.0,205.02,10.0,32.0,7.0,,,,,,,,,,,
macd_crossover,LINK-USDT,4h,,,,205.74,17.949,-0.86,83.5,22.87,85,1.0,238.87,10.0,32.0,9.0,,,,,,,,,,,
macd_crossover,LINK-USDT,4h,,,,168.56,15.661,-2.16,81.6,13.82,87,1.0,77.89,10.0,32.0,11.0,,,,,,,,,,,
macd_crossover,LINK-USDT,4h,,,,331.06,20.135,-0.66,90.7,71.35,107,1.0,500.37,10.0,35.0,5.0,,,,,,,,,,,
macd_crossover,LINK-USDT,4h,,,,262.49,18.43,-1.03,84.8,29.95,99,1.0,254.79,10.0,35.0,7.0,,,,,,,,,,,
macd_crossover,LINK-USDT,4h,,,,221.92,17.902,-0.91,84.9,22.32,93,1.0,242.91,10.0,35.0,9.0,,,,,,,,,,,
macd_crossover,LINK-USDT,4h,,,,165.65,16.67,-1.73,85.2,19.94,81,1.0,96.0,10.0,35.0,11.0,,,,,,,,,,,
macd_crossover,LINK-USDT,4h,,,,387.92,21.472,-0.68,92.2,60.36,115,1.0,572.47,12.0,20.0,5.0,,,,,,,,,,,
macd_crossover,LINK-USDT,4h,,,,301.95,20.493,-0.42,87.4,60.21,95,1.0,721.88,12.0,20.0,7.0,,,,,,,,,,,
macd_crossover,LINK-USDT,4h,,,,254.84,19.984,-1.03,88.5,32.17,87,1.0,247.36,12.0,20.0,9.0,,,,,,,,,,,
macd_crossover,LINK-USDT,4h,,,,208.72,18.263,-1.41,85.5,20.45,83,1.0,148.24,12.0,20.0,11.0,,,,,,,,,,,
macd_crossover,LINK-USDT,4h,,,,377.1,20.499,-1.61,90.4,41.78,115,1.0,234.07,12.0,23.0,5.0,,,,,,,,,,,
macd_crossover,LINK-USDT,4h,,,,302.63,21.303,-0.79,90.3,63.72,93,1.0,382.07,12.0,23.0,7.0,,,,,,,,,,,
macd_crossover,LINK-USDT,4h,,,,217.92,18.59,-1.03,84.7,24.67,85,1.0,211.53,12.0,23.0,9.0,,,,,,,,,,,
macd_crossover,LINK-USDT,4h,,,,159.51,15.468,-1.73,79.0,12.92,81,1.0,92.44,12.0,23.0,11.0,,,,,,,,,,,
macd_crossover,LINK-USDT,4h,,,,318.82,20.548,-0.42,89.1,61.89,101,1.0,762.22,12.0,26.0,5.0,,,,,,,,,,,
macd_crossover,LINK-USDT,4h,,,,261.46,19.745,-1.4,86.8,39.06,91,1.0,186.69,12.0,26.0,7.0,,,,,,,,,,,
macd_crossover,LINK-USDT,4h,,,,208.41,18.379,-0.91,85.5,22.85,83,1.0,228.11,12.0,26.0,9.0,,,,,,,,,,,
macd_crossover,LINK-USDT,4h,,,,177.48,16.457,-1.73,81.2,14.78,85,1.0,102.85,12.0,26.0,11.0,,,,,,,,,,,
macd_crossover,LINK-USDT,4h,,,,286.79,19.329,-0.42,85.9,45.62,99,1.0,685.65,12.0,29.0,5.0,,,,,,,,,,,
macd_crossover,LINK-USDT,4h,,,,251.92,19.069,-1.03,85.7,30.53,91,1.0,244.53,12.0,29.0,7.0,,,,,,,,,,,
macd_crossover,LINK-USDT,4h,,,,191.17,16.923,-1.14,82.0,18.39,89,1.0,168.15,12.0,29.0,9.0,,,,,,,,,,,
macd_crossover,LINK-USDT,4h,,,,167.37,17.035,-1.73,82.3,17.99,79,1.0,97.0,12.0,29.0,11.0,,,,,,,,,,,
macd_crossover,LINK-USDT,4h,,,,270.13,18.552,-1.03,84.5,29.4,97,1.0,262.2,12.0,32.0,5.0,,,,,,,,,,,
macd_crossover,LINK-USDT,4h,,,,260.83,20.364,-1.02,86.8,47.53,91,1.0,255.93,12.0,32.0,7.0,,,,,,,,,,,
macd_crossover,LINK-USDT,4h,,,,168.02,15.027,-2.16,78.7,11.7,89,1.0,77.64,12.0,32.0,9.0,,,,,,,,,,,
macd_crossover,LINK-USDT,4h,,,,177.64,18.052,-1.45,86.4,25.31,81,1.0,122.52,12.0,32.0,11.0,,,,,,,,,,,
macd_crossover,LINK-USDT,4h,,,,304.09,19.92,-1.78,86.9,36.47,99,1.0,170.88,12.0,35.0,5.0,,,,,,,,,,,
macd_crossover,LINK-USDT,4h,,,,251.1,20.145,-0.79,86.8,34.74,91,1.0,318.04,12.0,35.0,7.0,,,,,,,,,,,
macd_crossover,LINK-USDT,4h,,,,168.01,16.874,-1.73,85.2,20.11,81,1.0,97.37,12.0,35.0,9.0,,,,,,,,,,,
macd_crossover,LINK-USDT,4h,,,,170.34,17.828,-1.82,90.1,20.43,81,1.0,93.42,12.0,35.0,11.0,,,,,,,,,,,
macd_crossover,LINK-USDT,4h,,,,356.14,20.369,-1.61,89.2,41.83,111,1.0,221.06,14.0,20.0,5.0,,,,,,,,,,,
macd_crossover,LINK-USDT,4h,,,,278.98,20.597,-1.03,89.9,44.68,89,1.0,270.79,14.0,20.0,7.0,,,,,,,,,,,
macd_crossover,LINK-USDT,4h,,,,217.16,18.038,-2.09,84.7,20.56,85,1.0,104.03,14.0,20.0,9.0,,,,,,,,,,,
macd_crossover,LINK-USDT,4h,,,,163.47,15.801,-1.73,79.0,13.29,81,1.0,94.74,14.0,20.0,11.0,,,,,,,,,,,
macd_crossover,LINK-USDT,4h,,,,285.94,19.571,-0.42,86.6,45.83,97,1.0,683.62,14.0,23.0,5.0,,,,,,,,,,,
macd_crossover,LINK-USDT,4h,,,,249.05,19.358,-1.4,86.5,34.37,89,1.0,177.83,14.0,23.0,7.0,,,,,,,,,,,
macd_crossover,LINK-USDT,4h,,,,196.55,17.717,-1.14,84.3,20.8,83,1.0,172.87,14.0,23.0,9.0,,,,,,,,,,,
macd_crossover,LINK-USDT,4h,,,,178.82,16.29,-1.73,80.0,12.7,85,1.0,103.63,14.0,23.0,11.0,,,,,,,,,,,
macd_crossover,LINK-USDT,4h,,,,292.64,19.943,-0.79,88.7,49.02,97,1.0,369.46,14.0,26.0,5.0,,,,,,,,,,,
macd_crossover,LINK-USDT,4h,,,,243.85,20.268,-1.02,88.5,44.22,87,1.0,239.27,14.0,26.0,7.0,,,,,,,,,,,
macd_crossover,LINK-USDT,4h,,,,177.8,16.184,-1.73,80.5,14.29,87,1.0,103.04,14.0,26.0,9.0,,,,,,,,,,,
macd_crossover,LINK-USDT,4h,,,,160.92,17.35,-1.45,84.4,17.67,77,1.0,110.99,14.0,26.0,11.0,,,,,,,,,,,
macd_crossover,LINK-USDT,4h,,,,289.42,19.932,-1.78,87.6,37.59,97,1.0,162.63,14.0,29.0,5.0,,,,,,,,,,,
macd_crossover,LINK-USDT,4h,,,,220.69,18.091,-0.91,85.4,23.95,89,1.0,241.56,14.0,29.0,7.0,,,,,,,,,,,
macd_crossover,LINK-USDT,4h,,,,166.29,16.333,-2.16,83.1,15.83,83,1.0,76.84,14.0,29.0,9.0,,,,,,,,,,,
macd_crossover,LINK-USDT,4h,,,,170.35,17.88,-1.45,88.9,22.11,81,1.0,117.5,14.0,29.0,11.0,,,,,,,,,,,
macd_crossover,LINK-USDT,4h,,,,289.84,19.352,-1.03,85.9,35.8,99,1.0,281.34,14.0,32.0,5.0,,,,,,,,,,,
macd_crossover,LINK-USDT,4h,,,,210.88,17.472,-0.91,83.5,20.35,91,1.0,230.82,14.0,32.0,7.0,,,,,,,,,,,
macd_crossover,LINK-USDT,4h,,,,156.57,16.34,-1.73,82.3,15.15,79,1.0,90.74,14.0,32.0,9.0,,,,,,,,,,,
macd_crossover,LINK-USDT,4h,,,,147.16,16.631,-1.81,87.0,16.93,77,1.0,81.16,14.0,32.0,11.0,,,,,,,,,,,
macd_crossover,LINK-USDT,4h,,,,307.96,19.993,-1.02,85.9,34.87,99,1.0,302.18,14.0,35.0,5.0,,,,,,,,,,,
macd_crossover,LINK-USDT,4h,,,,165.0,15.51,-2.16,81.6,13.49,87,1.0,76.24,14.0,35.0,7.0,,,,,,,,,,,
macd_crossover,LINK-USDT,4h,,,,174.07,17.65,-1.45,88.9,22.49,81,1.0,120.06,14.0,35.0,9.0,,,,,,,,,,,
macd_crossover,LINK-USDT,4h,,,,159.54,17.524,-1.45,87.2,19.59,78,1.0,110.04,14.0,35.0,11.0,,,,,,,,,,,
bb_reversion,LINK-USDT,4h,15.0,,,-97.14,-25.713,-97.14,0.0,0.0,111,2.5,-1.0,,,,1.5,,,,,,,,,,
bb_reversion,LINK-USDT,4h,15.0,,,-90.11,-29.299,-90.11,0.0,0.0,69,1.6,-1.0,,,,2.0,,,,,,,,,,
bb_reversion,LINK-USDT,4h,15.0,,,-52.41,-37.313,-52.41,0.0,0.0,21,1.1,-1.0,,,,2.5,,,,,,,,,,
bb_reversion,LINK-USDT,4h,15.0,,,-17.08,-42.588,-17.08,0.0,0.0,4,1.0,-1.0,,,,3.0,,,,,,,,,,
bb_reversion,LINK-USDT,4h,17.0,,,-96.67,-25.277,-96.67,0.0,0.0,105,2.6,-1.0,,,,1.5,,,,,,,,,,
bb_reversion,LINK-USDT,4h,17.0,,,-88.76,-28.712,-88.76,0.0,0.0,71,1.6,-1.0,,,,2.0,,,,,,,,,,
bb_reversion,LINK-USDT,4h,17.0,,,-55.28,-36.146,-55.28,0.0,0.0,23,1.1,-1.0,,,,2.5,,,,,,,,,,
bb_reversion,LINK-USDT,4h,17.0,,,-19.48,-41.541,-19.48,0.0,0.0,5,1.0,-1.0,,,,3.0,,,,,,,,,,
bb_reversion,LINK-USDT,4h,19.0,,,-95.76,-24.209,-95.76,0.0,0.0,103,2.8,-1.0,,,,1.5,,,,,,,,,,
bb_reversion,LINK-USDT,4h,19.0,,,-88.37,-26.756,-88.37,0.0,0.0,68,1.7,-1.0,,,,2.0,,,,,,,,,,
bb_reversion,LINK-USDT,4h,19.0,,,-56.75,-33.906,-56.75,0.0,0.0,23,1.3,-1.0,,,,2.5,,,,,,,,,,
bb_reversion,LINK-USDT,4h,19.0,,,-22.72,-45.802,-22.72,0.0,0.0,6,1.0,-1.0,,,,3.0,,,,,,,,,,
bb_reversion,LINK-USDT,4h,21.0,,,-95.09,-24.958,-95.09,0.0,0.0,96,2.9,-1.0,,,,1.5,,,,,,,,,,
bb_reversion,LINK-USDT,4h,21.0,,,-88.17,-28.157,-88.17,0.0,0.0,66,1.8,-1.0,,,,2.0,,,,,,,,,,
bb_reversion,LINK-USDT,4h,21.0,,,-61.3,-33.334,-61.3,0.0,0.0,22,1.5,-1.0,,,,2.5,,,,,,,,,,
bb_reversion,LINK-USDT,4h,21.0,,,-20.27,-59.303,-20.27,0.0,0.0,7,1.1,-1.0,,,,3.0,,,,,,,,,,
bb_reversion,LINK-USDT,4h,23.0,,,-93.9,-24.825,-93.9,0.0,0.0,88,3.1,-1.0,,,,1.5,,,,,,,,,,
bb_reversion,LINK-USDT,4h,23.0,,,-87.62,-26.748,-87.62,0.0,0.0,59,2.2,-1.0,,,,2.0,,,,,,,,,,
bb_reversion,LINK-USDT,4h,23.0,,,-65.68,-31.336,-65.68,0.0,0.0,26,1.7,-1.0,,,,2.5,,,,,,,,,,
bb_reversion,LINK-USDT,4h,23.0,,,-24.9,-66.787,-24.9,0.0,0.0,9,1.1,-1.0,,,,3.0,,,,,,,,,,
bb_reversion,LINK-USDT,4h,25.0,,,-92.24,-25.496,-92.24,0.0,0.0,77,3.5,-1.0,,,,1.5,,,,,,,,,,
bb_reversion,LINK-USDT,4h,25.0,,,-86.48,-27.785,-86.48,0.0,0.0,55,2.3,-1.0,,,,2.0,,,,,,,,,,
bb_reversion,LINK-USDT,4h,25.0,,,-62.88,-34.317,-62.88,0.0,0.0,25,1.9,-1.0,,,,2.5,,,,,,,,,,
bb_reversion,LINK-USDT,4h,25.0,,,-30.99,-47.208,-30.99,0.0,0.0,12,1.1,-1.0,,,,3.0,,,,,,,,,,
ema_crossover,LINK-USDT,4h,,,,180.39,6.672,-8.23,69.7,5.81,76,14.2,21.92,5.0,25.0,,,,,,,,,,,,
ema_crossover,LINK-USDT,4h,,,,167.73,6.858,-9.43,69.7,6.03,66,16.4,17.78,5.0,30.0,,,,,,,,,,,,
ema_crossover,LINK-USDT,4h,,,,126.72,6.053,-9.63,58.9,4.5,56,19.3,13.16,5.0,35.0,,,,,,,,,,,,
ema_crossover,LINK-USDT,4h,,,,121.51,6.054,-9.96,61.5,4.68,52,20.8,12.2,5.0,40.0,,,,,,,,,,,,
ema_crossover,LINK-USDT,4h,,,,127.96,5.957,-9.94,59.6,4.93,57,18.9,12.87,5.0,45.0,,,,,,,,,,,,
ema_crossover,LINK-USDT,4h,,,,94.47,5.421,-9.94,52.9,3.82,51,21.2,9.5,5.0,50.0,,,,,,,,,,,,
ema_crossover,LINK-USDT,4h,,,,78.02,4.549,-15.59,50.0,2.47,54,20.0,5.0,8.0,25.0,,,,,,,,,,,,
ema_crossover,LINK-USDT,4h,,,,82.24,5.267,-12.32,54.5,2.92,44,24.5,6.67,8.0,30.0,,,,,,,,,,,,
ema_crossover,LINK-USDT,4h,,,,84.64,5.525,-13.91,47.5,3.17,40,27.0,6.09,8.0,35.0,,,,,,,,,,,,
ema_crossover,LINK-USDT,4h,,,,54.18,4.084,-17.03,47.6,2.37,42,25.7,3.18,8.0,40.0,,,,,,,,,,,,
ema_crossover,LINK-USDT,4h,,,,49.7,4.114,-16.82,50.0,2.28,38,28.4,2.95,8.0,45.0,,,,,,,,,,,,
ema_crossover,LINK-USDT,4h,,,,19.68,1.976,-32.75,37.5,1.43,40,27.0,0.6,8.0,50.0,,,,,,,,,,,,
ema_crossover,LINK-USDT,4h,,,,43.5,3.324,-18.6,45.5,1.82,44,24.5,2.34,11.0,25.0,,,,,,,,,,,,
ema_crossover,LINK-USDT,4h,,,,50.42,3.602,-27.14,47.6,1.99,42,25.7,1.86,11.0,30.0,,,,,,,,,,,,
ema_crossover,LINK-USDT,4h,,,,32.98,2.823,-24.98,45.0,1.7,40,27.0,1.32,11.0,35.0,,,,,,,,,,,,
ema_crossover,LINK-USDT,4h,,,,8.5,1.292,-38.73,40.6,1.25,32,33.8,0.22,11.0,40.0,,,,,,,,,,,,
ema_crossover,LINK-USDT,4h,,,,-1.76,0.444,-44.52,34.4,1.08,32,33.8,-0.04,11.0,45.0,,,,,,,,,,,,
ema_crossover,LINK-USDT,4h,,,,-5.43,0.107,-44.59,33.3,1.02,36,30.0,-0.12,11.0,50.0,,,,,,,,,,,,
ema_crossover,LINK-USDT,4h,,,,25.34,2.248,-29.08,45.2,1.47,42,25.7,0.87,14.0,25.0,,,,,,,,,,,,
ema_crossover,LINK-USDT,4h,,,,5.8,0.965,-39.29,42.5,1.19,40,27.0,0.15,14.0,30.0,,,,,,,,,,,,
ema_crossover,LINK-USDT,4h,,,,-6.85,0.024,-48.44,31.2,1.0,32,33.8,-0.14,14.0,35.0,,,,,,,,,,,,
ema_crossover,LINK-USDT,4h,,,,-7.19,-0.078,-43.66,30.0,0.99,30,36.0,-0.16,14.0,40.0,,,,,,,,,,,,
ema_crossover,LINK-USDT,4h,,,,-2.96,0.304,-42.59,31.2,1.05,32,33.8,-0.07,14.0,45.0,,,,,,,,,,,,
ema_crossover,LINK-USDT,4h,,,,-3.63,0.249,-45.14,28.6,1.05,35,30.9,-0.08,14.0,50.0,,,,,,,,,,,,
ema_crossover,LINK-USDT,4h,,,,11.35,1.389,-41.29,39.5,1.28,38,28.4,0.27,17.0,25.0,,,,,,,,,,,,
ema_crossover,LINK-USDT,4h,,,,-7.09,-0.026,-46.05,29.4,1.0,34,31.8,-0.15,17.0,30.0,,,,,,,,,,,,
ema_crossover,LINK-USDT,4h,,,,-8.78,-0.205,-46.72,30.0,0.97,30,36.0,-0.19,17.0,35.0,,,,,,,,,,,,
ema_crossover,LINK-USDT,4h,,,,-7.16,-0.078,-46.25,25.0,0.99,28,38.6,-0.15,17.0,40.0,,,,,,,,,,,,
ema_crossover,LINK-USDT,4h,,,,3.99,0.992,-41.87,25.0,1.18,28,38.6,0.1,17.0,45.0,,,,,,,,,,,,
ema_crossover,LINK-USDT,4h,,,,-4.63,0.154,-44.53,27.3,1.03,33,32.7,-0.1,17.0,50.0,,,,,,,,,,,,
ema_crossover,LINK-USDT,4h,,,,-9.0,-0.192,-47.45,29.4,0.97,34,31.8,-0.19,20.0,25.0,,,,,,,,,,,,
ema_crossover,LINK-USDT,4h,,,,-8.59,-0.187,-46.61,30.0,0.97,30,36.0,-0.18,20.0,30.0,,,,,,,,,,,,
ema_crossover,LINK-USDT,4h,,,,-13.19,-0.614,-50.09,28.6,0.91,28,38.6,-0.26,20.0,35.0,,,,,,,,,,,,
ema_crossover,LINK-USDT,4h,,,,-4.97,0.166,-46.3,26.7,1.03,30,36.0,-0.11,20.0,40.0,,,,,,,,,,,,
ema_crossover,LINK-USDT,4h,,,,-7.92,-0.197,-42.58,32.3,0.97,31,34.8,-0.19,20.0,45.0,,,,,,,,,,,,
ema_crossover,LINK-USDT,4h,,,,-8.37,-0.274,-42.63,32.0,0.96,25,43.2,-0.2,20.0,50.0,,,,,,,,,,,,
stoch_rsi,LINK-USDT,4h,7.0,15.0,75.0,42.35,5.692,-7.28,72.4,2.31,98,1.0,5.82,,,,,3.0,3.0,,,,,,,,
stoch_rsi,LINK-USDT,4h,7.0,15.0,80.0,39.04,5.696,-6.99,72.7,2.3,88,1.0,5.58,,,,,3.0,3.0,,,,,,,,
stoch_rsi,LINK-USDT,4h,7.0,15.0,85.0,25.97,4.462,-6.99,71.1,1.92,83,1.0,3.71,,,,,3.0,3.0,,,,,,,,
stoch_rsi,LINK-USDT,4h,7.0,20.0,75.0,55.03,6.634,-7.28,74.5,2.62,106,1.0,7.56,,,,,3.0,3.0,,,,,,,,
stoch_rsi,LINK-USDT,4h,7.0,20.0,80.0,51.44,6.7,-6.99,75.0,2.64,96,1.0,7.35,,,,,3.0,3.0,,,,,,,,
stoch_rsi,LINK-USDT,4h,7.0,20.0,85.0,37.2,5.641,-6.99,73.6,2.25,91,1.0,5.32,,,,,3.0,3.0,,,,,,,,
stoch_rsi,LINK-USDT,4h,7.0,25.0,75.0,67.71,6.937,-6.6,75.0,2.84,116,1.0,10.26,,,,,3.0,3.0,,,,,,,,
stoch_rsi,LINK-USDT,4h,7.0,25.0,80.0,63.82,7.021,-6.31,75.5,2.87,106,1.0,10.11,,,,,3.0,3.0,,,,,,,,
stoch_rsi,LINK-USDT,4h,7.0,25.0,85.0,48.42,6.109,-6.31,74.3,2.5,101,1.0,7.67,,,,,3.0,3.0,,,,,,,,
stoch_rsi,LINK-USDT,4h,9.0,15.0,75.0,71.83,9.745,-4.93,75.0,4.37,104,1.0,14.57,,,,,3.0,3.0,,,,,,,,
stoch_rsi,LINK-USDT,4h,9.0,15.0,80.0,52.87,8.512,-4.93,72.3,3.64,94,1.0,10.73,,,,,3.0,3.0,,,,,,,,
stoch_rsi,LINK-USDT,4h,9.0,15.0,85.0,46.16,8.142,-4.93,72.4,3.47,87,1.0,9.37,,,,,3.0,3.0,,,,,,,,
stoch_rsi,LINK-USDT,4h,9.0,20.0,75.0,72.14,9.465,-4.93,74.1,4.12,108,1.0,14.64,,,,,3.0,3.0,,,,,,,,
stoch_rsi,LINK-USDT,4h,9.0,20.0,80.0,53.15,8.256,-4.93,71.4,3.45,98,1.0,10.79,,,,,3.0,3.0,,,,,,,,
stoch_rsi,LINK-USDT,4h,9.0,20.0,85.0,46.43,7.884,-4.93,71.4,3.28,91,1.0,9.42,,,,,3.0,3.0,,,,,,,,
stoch_rsi,LINK-USDT,4h,9.0,25.0,75.0,95.76,9.72,-4.93,75.4,4.75,118,1.0,19.43,,,,,3.0,3.0,,,,,,,,
stoch_rsi,LINK-USDT,4h,9.0,25.0,80.0,74.17,8.725,-4.93,73.1,4.1,108,1.0,15.05,,,,,3.0,3.0,,,,,,,,
stoch_rsi,LINK-USDT,4h,9.0,25.0,85.0,66.52,8.456,-4.93,73.3,3.96,101,1.0,13.5,,,,,3.0,3.0,,,,,,,,
stoch_rsi,LINK-USDT,4h,11.0,15.0,75.0,52.77,6.279,-4.93,73.8,2.54,107,1.0,10.71,,,,,3.0,3.0,,,,,,,,
stoch_rsi,LINK-USDT,4h,11.0,15.0,80.0,48.64,6.03,-4.93,73.8,2.45,103,1.0,9.87,,,,,3.0,3.0,,,,,,,,
stoch_rsi,LINK-USDT,4h,11.0,15.0,85.0,36.18,5.134,-4.93,72.3,2.15,94,1.0,7.34,,,,,3.0,3.0,,,,,,,,
stoch_rsi,LINK-USDT,4h,11.0,20.0,75.0,58.04,6.382,-4.93,73.7,2.55,114,1.0,11.78,,,,,3.0,3.0,,,,,,,,
stoch_rsi,LINK-USDT,4h,11.0,20.0,80.0,53.76,6.149,-4.93,73.6,2.47,110,1.0,10.91,,,,,3.0,3.0,,,,,,,,
stoch_rsi,LINK-USDT,4h,11.0,20.0,85.0,40.87,5.321,-4.93,72.3,2.19,101,1.0,8.29,,,,,3.0,3.0,,,,,,,,
stoch_rsi,LINK-USDT,4h,11.0,25.0,75.0,71.94,6.873,-4.93,75.0,2.74,124,1.0,14.59,,,,,3.0,3.0,,,,,,,,
stoch_rsi,LINK-USDT,4h,11.0,25.0,80.0,67.28,6.672,-4.93,75.0,2.67,120,1.0,13.65,,,,,3.0,3.0,,,,,,,,
stoch_rsi,LINK-USDT,4h,11.0,25.0,85.0,53.26,5.957,-4.93,73.9,2.4,111,1.0,10.81,,,,,3.0,3.0,,,,,,,,
stoch_rsi,LINK-USDT,4h,13.0,15.0,75.0,62.72,8.939,-7.93,74.3,3.56,101,1.0,7.91,,,,,3.0,3.0,,,,,,,,
stoch_rsi,LINK-USDT,4h,13.0,15.0,80.0,54.21,8.548,-7.93,74.0,3.4,96,1.0,6.84,,,,,3.0,3.0,,,,,,,,
stoch_rsi,LINK-USDT,4h,13.0,15.0,85.0,47.86,8.084,-7.93,73.3,3.19,90,1.0,6.03,,,,,3.0,3.0,,,,,,,,
stoch_rsi,LINK-USDT,4h,13.0,20.0,75.0,93.27,10.088,-6.91,76.5,4.34,115,1.0,13.51,,,,,3.0,3.0,,,,,,,,
stoch_rsi,LINK-USDT,4h,13.0,20.0,80.0,83.17,9.806,-6.91,76.4,4.22,110,1.0,12.04,,,,,3.0,3.0,,,,,,,,
stoch_rsi,LINK-USDT,4h,13.0,20.0,85.0,75.63,9.476,-6.91,76.0,4.03,104,1.0,10.95,,,,,3.0,3.0,,,,,,,,
stoch_rsi,LINK-USDT,4h,13.0,25.0,75.0,93.98,10.019,-6.91,76.1,4.29,117,1.0,13.61,,,,,3.0,3.0,,,,,,,,
stoch_rsi,LINK-USDT,4h,13.0,25.0,80.0,83.85,9.739,-6.91,75.9,4.17,112,1.0,12.14,,,,,3.0,3.0,,,,,,,,
stoch_rsi,LINK-USDT,4h,13.0,25.0,85.0,76.27,9.41,-6.91,75.5,3.98,106,1.0,11.04,,,,,3.0,3.0,,,,,,,,
stoch_rsi,LINK-USDT,4h,15.0,15.0,75.0,95.13,13.309,-1.64,74.0,8.71,104,1.0,58.16,,,,,3.0,3.0,,,,,,,,
stoch_rsi,LINK-USDT,4h,15.0,15.0,80.0,88.09,13.19,-1.64,74.7,8.7,99,1.0,53.85,,,,,3.0,3.0,,,,,,,,
stoch_rsi,LINK-USDT,4h,15.0,15.0,85.0,77.73,13.187,-1.64,73.7,8.0,95,1.0,47.52,,,,,3.0,3.0,,,,,,,,
stoch_rsi,LINK-USDT,4h,15.0,20.0,75.0,109.73,13.512,-1.06,75.2,8.73,113,1.0,103.55,,,,,3.0,3.0,,,,,,,,
stoch_rsi,LINK-USDT,4h,15.0,20.0,80.0,102.16,13.412,-1.06,75.9,8.72,108,1.0,96.41,,,,,3.0,3.0,,,,,,,,
stoch_rsi,LINK-USDT,4h,15.0,20.0,85.0,91.03,13.415,-1.07,75.0,8.09,104,1.0,85.1,,,,,3.0,3.0,,,,,,,,
stoch_rsi,LINK-USDT,4h,15.0,25.0,75.0,109.31,13.279,-1.06,74.8,8.5,115,1.0,103.16,,,,,3.0,3.0,,,,,,,,
stoch_rsi,LINK-USDT,4h,15.0,25.0,80.0,101.76,13.171,-1.06,75.5,8.47,110,1.0,96.03,,,,,3.0,3.0,,,,,,,,
stoch_rsi,LINK-USDT,4h,15.0,25.0,85.0,90.65,13.162,-1.07,74.5,7.87,106,1.0,84.75,,,,,3.0,3.0,,,,,,,,
stoch_rsi,LINK-USDT,4h,17.0,15.0,75.0,100.51,12.243,-2.11,78.4,5.72,102,1.0,47.55,,,,,3.0,3.0,,,,,,,,
stoch_rsi,LINK-USDT,4h,17.0,15.0,80.0,88.21,11.824,-2.11,77.3,5.29,97,1.0,41.73,,,,,3.0,3.0,,,,,,,,
stoch_rsi,LINK-USDT,4h,17.0,15.0,85.0,87.55,12.33,-2.11,79.3,5.77,92,1.0,41.42,,,,,3.0,3.0,,,,,,,,
stoch_rsi,LINK-USDT,4h,17.0,20.0,75.0,108.43,12.286,-2.11,79.8,5.98,109,1.0,51.29,,,,,3.0,3.0,,,,,,,,
stoch_rsi,LINK-USDT,4h,17.0,20.0,80.0,95.64,11.897,-2.11,78.8,5.55,104,1.0,45.24,,,,,3.0,3.0,,,,,,,,
stoch_rsi,LINK-USDT,4h,17.0,20.0,85.0,94.95,12.376,-2.11,80.8,6.07,99,1.0,44.92,,,,,3.0,3.0,,,,,,,,
stoch_rsi,LINK-USDT,4h,17.0,25.0,75.0,109.56,11.978,-2.11,78.1,5.79,114,1.0,51.83,,,,,3.0,3.0,,,,,,,,
stoch_rsi,LINK-USDT,4h,17.0,25.0,80.0,96.7,11.593,-2.11,77.1,5.38,109,1.0,45.75,,,,,3.0,3.0,,,,,,,,
stoch_rsi,LINK-USDT,4h,17.0,25.0,85.0,96.01,12.033,-2.11,78.8,5.85,104,1.0,45.42,,,,,3.0,3.0,,,,,,,,
stoch_rsi,LINK-USDT,4h,19.0,15.0,75.0,95.04,13.07,-2.54,80.0,8.68,100,1.0,37.42,,,,,3.0,3.0,,,,,,,,
stoch_rsi,LINK-USDT,4h,19.0,15.0,80.0,88.33,12.889,-2.54,80.4,8.64,97,1.0,34.78,,,,,3.0,3.0,,,,,,,,
stoch_rsi,LINK-USDT,4h,19.0,15.0,85.0,85.19,12.965,-2.54,80.6,9.0,93,1.0,33.54,,,,,3.0,3.0,,,,,,,,
stoch_rsi,LINK-USDT,4h,19.0,20.0,75.0,94.75,11.979,-2.54,76.9,6.79,108,1.0,37.31,,,,,3.0,3.0,,,,,,,,
stoch_rsi,LINK-USDT,4h,19.0,20.0,80.0,88.05,11.782,-2.54,77.1,6.69,105,1.0,34.67,,,,,3.0,3.0,,,,,,,,
stoch_rsi,LINK-USDT,4h,19.0,20.0,85.0,84.92,11.813,-2.54,77.2,6.84,101,1.0,33.44,,,,,3.0,3.0,,,,,,,,
stoch_rsi,LINK-USDT,4h,19.0,25.0,75.0,94.64,11.383,-2.8,76.1,5.99,113,1.0,33.79,,,,,3.0,3.0,,,,,,,,
stoch_rsi,LINK-USDT,4h,19.0,25.0,80.0,87.94,11.178,-2.8,76.4,5.88,110,1.0,31.39,,,,,3.0,3.0,,,,,,,,
stoch_rsi,LINK-USDT,4h,19.0,25.0,85.0,84.81,11.189,-2.54,76.4,5.98,106,1.0,33.39,,,,,3.0,3.0,,,,,,,,
stoch_rsi,LINK-USDT,4h,21.0,15.0,75.0,65.36,9.443,-2.35,72.1,4.0,104,1.0,27.76,,,,,3.0,3.0,,,,,,,,
stoch_rsi,LINK-USDT,4h,21.0,15.0,80.0,62.96,9.428,-2.35,72.3,4.06,101,1.0,26.75,,,,,3.0,3.0,,,,,,,,
stoch_rsi,LINK-USDT,4h,21.0,15.0,85.0,59.82,9.524,-1.94,73.7,4.16,95,1.0,30.88,,,,,3.0,3.0,,,,,,,,
stoch_rsi,LINK-USDT,4h,21.0,20.0,75.0,80.18,9.669,-2.35,71.6,4.3,116,1.0,34.06,,,,,3.0,3.0,,,,,,,,
stoch_rsi,LINK-USDT,4h,21.0,20.0,80.0,77.58,9.662,-2.35,71.7,4.37,113,1.0,32.95,,,,,3.0,3.0,,,,,,,,
stoch_rsi,LINK-USDT,4h,21.0,20.0,85.0,74.15,9.761,-1.94,72.9,4.48,107,1.0,38.28,,,,,3.0,3.0,,,,,,,,
stoch_rsi,LINK-USDT,4h,21.0,25.0,75.0,81.36,9.647,-2.35,71.2,4.26,118,1.0,34.56,,,,,3.0,3.0,,,,,,,,
stoch_rsi,LINK-USDT,4h,21.0,25.0,80.0,78.73,9.64,-2.35,71.3,4.34,115,1.0,33.44,,,,,3.0,3.0,,,,,,,,
stoch_rsi,LINK-USDT,4h,21.0,25.0,85.0,75.28,9.735,-1.94,72.5,4.44,109,1.0,38.87,,,,,3.0,3.0,,,,,,,,
kc_breakout,LINK-USDT,4h,15.0,,,616.86,26.574,0.0,100.0,999.0,62,2.5,0.0,,,,,,,1.5,,,,,,,
kc_breakout,LINK-USDT,4h,15.0,,,173.65,29.683,0.0,100.0,999.0,32,1.3,0.0,,,,,,,2.0,,,,,,,
kc_breakout,LINK-USDT,4h,15.0,,,42.28,38.582,0.0,100.0,999.0,8,1.2,0.0,,,,,,,2.5,,,,,,,
kc_breakout,LINK-USDT,4h,15.0,,,5.29,67.842,0.0,100.0,999.0,2,1.0,0.0,,,,,,,3.0,,,,,,,
kc_breakout,LINK-USDT,4h,17.0,,,704.99,25.614,0.0,100.0,999.0,63,3.1,0.0,,,,,,,1.5,,,,,,,
kc_breakout,LINK-USDT,4h,17.0,,,264.33,25.901,0.0,100.0,999.0,43,1.6,0.0,,,,,,,2.0,,,,,,,
kc_breakout,LINK-USDT,4h,17.0,,,61.18,31.82,0.0,100.0,999.0,12,1.2,0.0,,,,,,,2.5,,,,,,,
kc_breakout,LINK-USDT,4h,17.0,,,17.9,32.539,0.0,100.0,999.0,3,1.3,0.0,,,,,,,3.0,,,,,,,
kc_breakout,LINK-USDT,4h,19.0,,,839.9,25.996,0.0,100.0,999.0,64,3.5,0.0,,,,,,,1.5,,,,,,,
kc_breakout,LINK-USDT,4h,19.0,,,334.53,27.839,0.0,100.0,999.0,43,2.2,0.0,,,,,,,2.0,,,,,,,
kc_breakout,LINK-USDT,4h,19.0,,,98.88,28.696,0.0,100.0,999.0,21,1.2,0.0,,,,,,,2.5,,,,,,,
kc_breakout,LINK-USDT,4h,19.0,,,31.98,38.383,0.0,100.0,999.0,5,1.6,0.0,,,,,,,3.0,,,,,,,
kc_breakout,LINK-USDT,4h,21.0,,,924.62,22.185,0.0,100.0,999.0,69,3.5,0.0,,,,,,,1.5,,,,,,,
kc_breakout,LINK-USDT,4h,21.0,,,369.81,27.918,0.0,100.0,999.0,46,2.7,0.0,,,,,,,2.0,,,,,,,
kc_breakout,LINK-USDT,4h,21.0,,,109.93,30.146,0.0,100.0,999.0,22,1.5,0.0,,,,,,,2.5,,,,,,,
kc_breakout,LINK-USDT,4h,21.0,,,40.26,34.876,0.0,100.0,999.0,7,1.4,0.0,,,,,,,3.0,,,,,,,
kc_breakout,LINK-USDT,4h,23.0,,,848.03,21.207,0.0,100.0,999.0,69,3.8,0.0,,,,,,,1.5,,,,,,,
kc_breakout,LINK-USDT,4h,23.0,,,392.02,24.529,0.0,100.0,999.0,47,3.1,0.0,,,,,,,2.0,,,,,,,
kc_breakout,LINK-USDT,4h,23.0,,,144.6,24.268,0.0,100.0,999.0,25,2.0,0.0,,,,,,,2.5,,,,,,,
kc_breakout,LINK-USDT,4h,23.0,,,62.56,30.727,0.0,100.0,999.0,13,1.2,0.0,,,,,,,3.0,,,,,,,
kc_breakout,LINK-USDT,4h,25.0,,,789.72,19.885,0.0,100.0,999.0,70,4.0,0.0,,,,,,,1.5,,,,,,,
kc_breakout,LINK-USDT,4h,25.0,,,411.38,22.684,0.0,100.0,999.0,52,3.0,0.0,,,,,,,2.0,,,,,,,
kc_breakout,LINK-USDT,4h,25.0,,,189.78,30.153,0.0,100.0,999.0,28,2.6,0.0,,,,,,,2.5,,,,,,,
kc_breakout,LINK-USDT,4h,25.0,,,73.38,28.755,0.0,100.0,999.0,15,1.5,0.0,,,,,,,3.0,,,,,,,
rsi_adx_combo,LINK-USDT,4h,,,,18.85,1.476,-33.01,42.6,1.31,68,14.1,0.57,,,,,,,,14.0,25.0,65.0,14.0,20.0,,
rsi_adx_combo,LINK-USDT,4h,,,,12.37,1.074,-36.92,42.1,1.21,76,10.4,0.34,,,,,,,,14.0,25.0,65.0,14.0,25.0,,
rsi_adx_combo,LINK-USDT,4h,,,,31.81,2.204,-27.46,42.2,1.52,64,14.8,1.16,,,,,,,,14.0,25.0,70.0,14.0,20.0,,
rsi_adx_combo,LINK-USDT,4h,,,,29.82,2.104,-30.11,43.3,1.48,67,11.4,0.99,,,,,,,,14.0,25.0,70.0,14.0,25.0,,
rsi_adx_combo,LINK-USDT,4h,,,,31.37,2.199,-27.74,42.9,1.52,63,15.0,1.13,,,,,,,,14.0,25.0,75.0,14.0,20.0,,
rsi_adx_combo,LINK-USDT,4h,,,,39.43,2.728,-24.93,47.6,1.66,63,12.0,1.58,,,,,,,,14.0,25.0,75.0,14.0,25.0,,
rsi_adx_combo,LINK-USDT,4h,,,,19.24,1.475,-33.64,42.9,1.32,70,13.8,0.57,,,,,,,,14.0,30.0,65.0,14.0,20.0,,
rsi_adx_combo,LINK-USDT,4h,,,,12.45,1.057,-37.51,41.8,1.21,79,10.1,0.33,,,,,,,,14.0,30.0,65.0,14.0,25.0,,
rsi_adx_combo,LINK-USDT,4h,,,,32.24,2.19,-28.14,42.4,1.52,66,14.5,1.15,,,,,,,,14.0,30.0,70.0,14.0,20.0,,
rsi_adx_combo,LINK-USDT,4h,,,,29.91,2.062,-30.77,42.9,1.47,70,11.0,0.97,,,,,,,,14.0,30.0,70.0,14.0,25.0,,
rsi_adx_combo,LINK-USDT,4h,,,,31.79,2.185,-28.41,43.1,1.52,65,14.6,1.12,,,,,,,,14.0,30.0,75.0,14.0,20.0,,
rsi_adx_combo,LINK-USDT,4h,,,,39.53,2.668,-25.64,47.0,1.65,66,11.5,1.54,,,,,,,,14.0,30.0,75.0,14.0,25.0,,
rsi_adx_combo,LINK-USDT,4h,,,,18.94,1.438,-34.13,43.1,1.31,72,13.5,0.55,,,,,,,,14.0,35.0,65.0,14.0,20.0,,
rsi_adx_combo,LINK-USDT,4h,,,,4.65,0.589,-39.69,41.6,1.12,89,9.2,0.12,,,,,,,,14.0,35.0,65.0,14.0,25.0,,
rsi_adx_combo,LINK-USDT,4h,,,,31.91,2.14,-28.68,42.6,1.51,68,14.1,1.11,,,,,,,,14.0,35.0,70.0,14.0,20.0,,
rsi_adx_combo,LINK-USDT,4h,,,,20.9,1.485,-32.9,42.5,1.33,80,9.9,0.64,,,,,,,,14.0,35.0,70.0,14.0,25.0,,
rsi_adx_combo,LINK-USDT,4h,,,,31.46,2.134,-28.95,43.3,1.5,67,14.3,1.09,,,,,,,,14.0,35.0,75.0,14.0,20.0,,
rsi_adx_combo,LINK-USDT,4h,,,,29.85,2.007,-27.43,46.1,1.46,76,10.3,1.09,,,,,,,,14.0,35.0,75.0,14.0,25.0,,
rsi_vol_combo,LINK-USDT,4h,,,,-65.33,-21.448,-65.33,12.2,0.03,41,1.5,-1.0,,,,,,,,14.0,25.0,65.0,,,20.0,1.5
rsi_vol_combo,LINK-USDT,4h,,,,-52.98,-22.8,-52.98,8.0,0.01,25,1.4,-1.0,,,,,,,,14.0,25.0,65.0,,,20.0,2.0
rsi_vol_combo,LINK-USDT,4h,,,,-62.16,-22.009,-62.16,8.3,0.02,36,1.5,-1.0,,,,,,,,14.0,25.0,70.0,,,20.0,1.5
rsi_vol_combo,LINK-USDT,4h,,,,-49.54,-22.622,-49.54,4.5,0.01,22,1.4,-1.0,,,,,,,,14.0,25.0,70.0,,,20.0,2.0
rsi_vol_combo,LINK-USDT,4h,,,,-50.71,-19.966,-50.71,10.3,0.02,29,1.3,-1.0,,,,,,,,14.0,25.0,75.0,,,20.0,1.5
rsi_vol_combo,LINK-USDT,4h,,,,-40.5,-19.14,-40.5,10.5,0.02,19,1.2,-1.0,,,,,,,,14.0,25.0,75.0,,,20.0,2.0
rsi_vol_combo,LINK-USDT,4h,,,,-70.15,-18.342,-70.15,13.7,0.04,51,1.4,-1.0,,,,,,,,14.0,30.0,65.0,,,20.0,1.5
rsi_vol_combo,LINK-USDT,4h,,,,-58.9,-20.701,-58.9,6.7,0.01,30,1.4,-1.0,,,,,,,,14.0,30.0,65.0,,,20.0,2.0
rsi_vol_combo,LINK-USDT,4h,,,,-67.42,-18.442,-67.42,10.9,0.04,46,1.4,-1.0,,,,,,,,14.0,30.0,70.0,,,20.0,1.5
rsi_vol_combo,LINK-USDT,4h,,,,-55.9,-20.449,-55.9,3.7,0.01,27,1.4,-1.0,,,,,,,,14.0,30.0,70.0,,,20.0,2.0
rsi_vol_combo,LINK-USDT,4h,,,,-57.57,-16.614,-57.57,12.8,0.03,39,1.3,-1.0,,,,,,,,14.0,30.0,75.0,,,20.0,1.5
rsi_vol_combo,LINK-USDT,4h,,,,-48.0,-17.778,-48.0,8.3,0.02,24,1.2,-1.0,,,,,,,,14.0,30.0,75.0,,,20.0,2.0
rsi_vol_combo,LINK-USDT,4h,,,,-75.65,-18.613,-75.65,12.7,0.03,63,1.4,-1.0,,,,,,,,14.0,35.0,65.0,,,20.0,1.5
rsi_vol_combo,LINK-USDT,4h,,,,-63.61,-20.449,-63.61,5.4,0.01,37,1.3,-1.0,,,,,,,,14.0,35.0,65.0,,,20.0,2.0
rsi_vol_combo,LINK-USDT,4h,,,,-73.42,-18.675,-73.42,10.3,0.03,58,1.3,-1.0,,,,,,,,14.0,35.0,70.0,,,20.0,1.5
rsi_vol_combo,LINK-USDT,4h,,,,-60.95,-20.152,-60.95,2.9,0.01,34,1.3,-1.0,,,,,,,,14.0,35.0,70.0,,,20.0,2.0
rsi_vol_combo,LINK-USDT,4h,,,,-65.38,-17.289,-65.38,11.8,0.03,51,1.3,-1.0,,,,,,,,14.0,35.0,75.0,,,20.0,1.5
rsi_vol_combo,LINK-USDT,4h,,,,-53.96,-18.011,-53.96,6.5,0.01,31,1.2,-1.0,,,,,,,,14.0,35.0,75.0,,,20.0,2.0
